sample_id,snapshot_status,question,reference_answer,response,scored_response,retrieved_contexts,ragas_scoring,answer_correctness,answer_relevancy,completeness,conflict_disclosure,context_precision,context_recall,evidence_consistency,faithfulness,missing_information_honesty
hw-v1-circuit-u1700-pins,success,U1700 的每个关键引脚分别连接到哪个网络？,U1700 的 VIN_B0_1、VIN_B1_1、VANA、VIN_B0_2、VIN_B1_2 接 VCC3V3，FB_B0 接 VCC1V1，FB_B1 接 VCC1V8，VOUT_BST 接 VCC50，EN1 接 MCU_5V_EN。,"U1700 的每个引脚与网络连接如下（基于引脚映射）：

- nINT → MCU_nINT_PMIC_P12.1
- EN1 → MCU_5V_EN
- VIN_B0_1 → VCC3V3
- VIN_B1_1 → VCC3V3
- VANA → VCC3V3
- SW_BST → N19935658
- NRST → N19935946
- SDA(EN3) → MCU_SDA_P15.5
- SCL(EN2) → MCU_SCL_P15.4
- FB_B1 → VCC1V8
- CLKIN(GPO2) → MCU_WD_INH
- WDI → MCU_WDI_P13.3
- VOUT_BST → VCC50
- PG1(GPO1) → N19936014
- WD_RESET → TC367_RESET_N
- SW_B1_1 → N19935668
- FB_B0 → VCC1V1
- SW_B0_1 → N19935443
- SW_B0_2 → N19935443
- VIN_B0_2 → VCC3V3
- VIN_B1_2 → VCC3V3
- SW_B1_2 → N19935668
- PAD → GND
- AGND → GND
- PGND_BST → GND
- PGND_B1_2 → GND
- PGND_B1_1 → GND
- PGND_B0_2 → GND
- PGND_B0_1 → GND

**证据来源**：上述映射来自电路设计文件（825504380_ADAS_SCH_TCN2.EDF）中的 U1700 引脚映射记录（证据 [1]），该记录完整列出了所有引脚对应的网络名称。","U1700 的每个引脚与网络连接如下（基于引脚映射）：

- nINT → MCU_nINT_PMIC_P12.1
- EN1 → MCU_5V_EN
- VIN_B0_1 → VCC3V3
- VIN_B1_1 → VCC3V3
- VANA → VCC3V3
- SW_BST → N19935658
- NRST → N19935946
- SDA(EN3) → MCU_SDA_P15.5
- SCL(EN2) → MCU_SCL_P15.4
- FB_B1 → VCC1V8
- CLKIN(GPO2) → MCU_WD_INH
- WDI → MCU_WDI_P13.3
- VOUT_BST → VCC50
- PG1(GPO1) → N19936014
- WD_RESET → TC367_RESET_N
- SW_B1_1 → N19935668
- FB_B0 → VCC1V1
- SW_B0_1 → N19935443
- SW_B0_2 → N19935443
- VIN_B0_2 → VCC3V3
- VIN_B1_2 → VCC3V3
- SW_B1_2 → N19935668
- PAD → GND
- AGND → GND
- PGND_BST → GND
- PGND_B1_2 → GND
- PGND_B1_1 → GND
- PGND_B0_2 → GND
- PGND_B0_1 → GND

**证据来源**：上述映射来自电路设计文件（825504380_ADAS_SCH_TCN2.EDF）中的 U1700 引脚映射记录（证据 [1]），该记录完整列出了所有引脚对应的网络名称。","[""Pin mapping for U1700: nINT -> MCU_nINT_PMIC_P12.1, EN1 -> MCU_5V_EN, VIN_B0_1 -> VCC3V3, VIN_B1_1 -> VCC3V3, VANA -> VCC3V3, SW_BST -> N19935658, NRST -> N19935946, SDA(EN3) -> MCU_SDA_P15.5, SCL(EN2) -> MCU_SCL_P15.4, FB_B1 -> VCC1V8, CLKIN(GPO2) -> MCU_WD_INH, WDI -> MCU_WDI_P13.3, VOUT_BST -> VCC50, PG1(GPO1) -> N19936014, WD_RESET -> TC367_RESET_N, SW_B1_1 -> N19935668, FB_B0 -> VCC1V1, SW_B0_1 -> N19935443, SW_B0_2 -> N19935443, VIN_B0_2 -> VCC3V3, VIN_B1_2 -> VCC3V3, SW_B1_2 -> N19935668, PAD -> GND, AGND -> GND, PGND_BST -> GND, PGND_B1_2 -> GND, PGND_B1_1 -> GND, PGND_B0_2 -> GND, PGND_B0_1 -> GND."", ""Instance U1700: LP87702-Q1, 20200424007, LP87702RRHBRQ1, pqfn50p5x5x90-32.""]","{""original_context_count"": 2, ""original_context_characters"": 688, ""scored_context_count"": 2, ""scored_context_characters"": 688, ""contexts_truncated"": false, ""context_selection"": ""claim_coverage"", ""selected_evidence_ids"": [""circuit:21:pin_mapping:U1700""], ""selected_claim_ids"": [""sq_1:claim_1""], ""excluded_evidence_ids"": []}",0.4974263272293423,0.38990264939214975,1.0,not_applicable,0.9999999999,1.0,1.0,0.9666666666666667,not_applicable
hw-v1-circuit-vcc3v3-loads,success,网络 VCC3V3 上连接了哪些主要芯片？,VCC3V3 有 52 个连接；主要 IC 至少包括 U1700、U1800、U1500、U1802、U1804 和 U1600。,"网络 VCC3V3 上连接的主要芯片包括：LN10046、U1500、U1600、U1700、U1800、U1802、U1804、TPS22918（用于 VCC3V3_EQ 和 VCC3V3_ETH 两路）、SA23002、LP87702、TPS62872。

**支撑证据：**
- 原理图网络 VCC3V3 直接连接了 U1500.VIN、U1600.VCCIN、U1700.VIN_B0_1 等引脚、U1800.VIN、U1802.VIN、U1804.VIN（来源：证据 circuit:21:net:VCC3V3）。
- 设计文档指出 KL30 转 VCC3V3 使用 LN10046 芯片，其输出为 VCC3V3（来源：文档证据 [8]）。
- 设计文档说明 VCC3V3 经 TPS22918 负载开关转换为 VCC3V3_EQ 和 VCC3V3_ETH，即 TPS22918 的输入接 VCC3V3（来源：文档证据 [14]、[15]）。
- 设计文档说明 VCC3V3 经 SA23002 转换为 VCC0V75_MIPI_DDR，即 SA23002 的输入接 VCC3V3（来源：文档证据 [9]）。
- 设计文档说明 VCC3V3 经 LP87702 转换为 VCC1V8、VCC1V1、VCC50，即 LP87702 的输入接 VCC3V3（来源：文档证据 [12]）。
- 设计文档说明 VCC3V3 经 TPS62872 转换为 VCC0V75，即 TPS62872 的输入接 VCC3V3（来源：文档证据 [13]）。

**缺失信息：** 无。","网络 VCC3V3 上连接的主要芯片包括：LN10046、U1500、U1600、U1700、U1800、U1802、U1804、TPS22918（用于 VCC3V3_EQ 和 VCC3V3_ETH 两路）、SA23002、LP87702、TPS62872。

**支撑证据：**
- 原理图网络 VCC3V3 直接连接了 U1500.VIN、U1600.VCCIN、U1700.VIN_B0_1 等引脚、U1800.VIN、U1802.VIN、U1804.VIN（来源：证据 circuit:21:net:VCC3V3）。
- 设计文档指出 KL30 转 VCC3V3 使用 LN10046 芯片，其输出为 VCC3V3（来源：文档证据 [8]）。
- 设计文档说明 VCC3V3 经 TPS22918 负载开关转换为 VCC3V3_EQ 和 VCC3V3_ETH，即 TPS22918 的输入接 VCC3V3（来源：文档证据 [14]、[15]）。
- 设计文档说明 VCC3V3 经 SA23002 转换为 VCC0V75_MIPI_DDR，即 SA23002 的输入接 VCC3V3（来源：文档证据 [9]）。
- 设计文档说明 VCC3V3 经 LP87702 转换为 VCC1V8、VCC1V1、VCC50，即 LP87702 的输入接 VCC3V3（来源：文档证据 [12]）。
- 设计文档说明 VCC3V3 经 TPS62872 转换为 VCC0V75，即 TPS62872 的输入接 VCC3V3（来源：文档证据 [13]）。

**缺失信息：** 无。","[""Net VCC3V3 connects C1500.&1, C1617.&1, C1618.&1, C1621.&1, C1633.&2, C1700.&1, C1701.&1, C1702.&1, C1704.&1, C1709.&1, C1710.&1, C1711.&1, C1716.&1, C1800.&1, C1801.&1, C1802.&1, C1803.&1, C1804.&1, C1805.&1, C1811.&1, C1812.&1, C1821.&1, C1823.&1, C1828.&1, L1601.&2, L1701.&1, Q1700.S, R1622.&2, R1701.&1, R1706.&1, R1709.&1, R1710.&1, R1711.&2, R1712.&2, R1800.&2, TP1605.&1, TP1803.&1, U1500.VIN, U1600.VCCIN, U1700.VIN_B0_1, U1700.VIN_B1_1, U1700.VANA, U1700.VIN_B0_2, U1700.VIN_B1_2, U1800.VIN, U1800.VIN, U1800.MODE/SYNC, U1802.VIN, U1804.VIN, U1804.VIN, X2000.&1, X2000.&3."", ""Net VCC3V3_CAM_ACQ connects C1114.&2, R1143.&2, R1147.&2, TP1146.&1, U900A.AN12/EVADC_G1CH4/EDSADC_EDS0PB."", ""Net VCC3V3_CAM_FB connects R1143.&1, TP1913.&1, X1903.&4."", ""Net VCC3V3_EQ connects C1832.&1, C502.&1, C619.&1, C621.&1, C624.&1, C627.&1, C630.&1, R1108.&1, R1122.&1, R506.&2, R507.&2, R549.&2, R554.&2, R555.&2, R556.&2, R558.&2, R580.&2, R581.&2, TP1816.&1, U1802.QOD, U1802.VOUT, U400-2.VDD_RING_8_0-1, U400-2.VDD_RING_8_0-2, U400-2.VDD_RING_8_0-3, U400-2.VDD_RING_9_0, X1903.&10, Y500.VDD."", ""Net VCC3V3_ETH connects C1404.&1, C1410.&1, C1502.&1, C1503.&1, C1504.&1, L1400.&2, L1401.&2, R1110.&1, R1400.&2, R1401.&2, R1402.&2, R1403.&2, R1404.&2, R1405.&2, R1406.&2, R1407.&2, R1408.&2, R1409.&2, R1410.&2, TP1502.&1, U1500.QOD, U1500.VOUT, U1501.EN, U1501.IN."", ""Net VCC3V3_MCU connects C1109.&1, C1204.&1, C1221.&1, C1303.&1, C1308.&1, C509.&2, C835.&2, C906.&1, C909.&1, C910.&1, C911.&1, C913.&1, C914.&1, C915.&1, C929.&1, DP907.&1, L1703.&2, L901.&1, L902.&1, L903.&2, R1007.&2, R1009.&2, R1115.&2, R1205.&2, R1218.&2, R1229.&2, R1235.&2, R1240.&2, R1241.&2, R1300.&2, R1301.&2, R1309.&2, R1310.&2, R1322.&2, R1328.&2, R1703.&1, R805.&2, R900.&1, R903.&2, R904.&2, R906.&2, R909.&2, R913.&2, R915.&2, R919.&2, R920.&1, R921.&1, U1200.VI/O, U1203.VI/O, U1204.VI/O, U1205.VI/O, U1302.VI/O, U1303.VI/O, U1304.VI/O, U1305.VI/O, U503.VCCB, U900C.VEVRSB, U900C.VEXT, U900C.VEXT, U900C.VEXT, U900C.VEXT, U900C.VEXT, U900C.VFLEX, Y1100.std-by, Y1100.VCC."", ""Net VCC3V3_SW connects C1721.&2, C905.&1, L1703.&1, Q1700.D, R1709.&2, TP1714.&1, U901.S2."", ""<table><tr><td>HM ID</td><td>F12</td></tr><tr><td>模块功能 \nModule Function</td><td>KL30转VCC3V3是系统一级DC-DC，基于LN10046设计，给系统提供电源。\nThe KL30 to VCC3V3 is a first-level DC-DC based on the LN10046 design and provides power to the system.</td></tr><tr><td>模块框图\nModule diagram</td><td></td></tr><tr><td>模块方案\nModule solution</td><td>采用LN10046电源DCDC芯片，将12V系统电源转换为3.3V，提供给系统供电使用。\nThe LN10046 power supply DCDC chip is used to convert the 12V system power supply to 3.3V and provide power supply to the system for use.\n</td></tr></table>"", ""<table><tr><td>HM ID</td><td>F15</td></tr><tr><td>模块功能 \nModule Function</td><td>VCC3V3转0V75_MIPI_DDR应用于EQ6的IO口供电，现使用矽力杰的SA23002进行设计。\nVCC3V3 to 0V75_MIPI_DDR for EQ6 IO port power supply, Silergy’s SA23002 is designed.</td></tr><tr><td>模块框图\nModule diagram</td><td></td></tr><tr><td>模块方案\nModule solution</td><td>采用SA23002电源芯片，将VCC3V3转换为0V75_MIPI_DDR，提供给EQ6的IO口供电。用MCU的P22.1引脚使能该芯片。\nSA23002 power chip is used to convert VCC3V3 to 0V75_MIPI_DDR to supply power to the I/O port of EQ6. The P22.1 pin of the MCU is used to enable the chip. \n</td></tr></table>"", ""<table><tr><td>HM ID</td><td>F11/F12/F13/F14/F15/F16/F17/F18/F19/F25/F27</td></tr><tr><td>模块功能 \nModule Function</td><td>系统使用车载电池12V电压供电，经过EMI电路后输入至电源转换芯片，转换输出系统各模块所需电源。\nThe system uses 12V voltage power supply from the vehicle battery, which is input to the power conversion chip through the EMI circuit. Then the power conversion chip convert and output the power required by each module of the system.</td></tr><tr><td>模块框图\nModule diagram</td><td></td></tr><tr><td>模块方案\nModule solution</td><td>KL30 EMI (ASIL-B)\nKL30供电口处增加EMI电路，用于供电保护和滤波。硬件电路设计在UBD网络增加两个串联ESD电容，PCB布局靠近主连接器引脚处，用于吸收外部ESD信号，后端增加双向TVS管用于瞬态过压保护\nThe EMI circuit is added at the KL30 power supply port for power supply protection and filtering. The hardware circuit design adds two series ESD capacitors in the UBD network, the PCB layout is close to the main connector pin for absorbing external ESD signals, and the two-way TVS tube is added at the back end for transient overvoltage protection.\nKL30 to VCC3V3 (ASILB)\nKL30转VCC3V3是系统一级DC-DC，给MCU提供VCC3V3_MCU电源，所以系统要求其满足ASILB，确保MCU功能安全。\nKL30 to VCC3V3 is a system primary DC-DC chip, because the MCU needs VCC3V3_MCU power supply, so the system requires it to meet the ASILB to ensure the functional safety of the MCU.\nVCC3V3_MCU to VCC1V25_MCU(ASILB)\n3V3转1V25_MCU是使用MCU内置控制器进行控制的BUCK电源，用于MCU的核供电，功能安全需求达到ASILB，确保MCU功能安全。\n3V3 to 1V25_MCU is a BUCK power supply controlled by MCU built-in controller, which is used for MCU nuclear power supply. Functional safety requirements meet ASILB to ensure the functional safety of MCU.\nVCC3V3 to VCC0V75(QM(B))\nVCC3V3转VCC0V75应用于EQ6的内核供电，要求输出电流能力大，现选型TI的电源方案TPS62872。用MCU的P22.0引脚使能芯片，用MCU_SDA_P15.5，MCU_SCL_P15.4引脚I2C通信来设置输出电压和通信。\nVCC3V3 to VCC0V75 is applied to the core power supply of EQ6, which requires large output current capacity. The power supply scheme TPS62872 of TI is selected. P22.0 pin of MCU is used to enable the chip, and MCU_SDA_P15.5, MCU_SCL_P15.4 pin I2C communication is used to set the output voltage and communication. \nVCC3V3 to 0V75_MIPI_DDR(QM(B))\nVCC3V3转0V75_MIPI_DDR用于EQ6的IO口供电，现使用矽力杰的SA23002进行设计。用MCU的P22.1引脚使能该芯片。\nVCC3V3 to 0V75_MIPI_DDR for EQ6 IO port power supply, Silergy’s SA23002 is designed. The P22.1 pin of the MCU is used to enable the chip.\nVCC3V3转VCC1V8、VCC1V1、VCC50(QM(B))\nVCC1V8用于EQ6、CAM、DDR、FLASH供电，VCC1V1用于EQ6、DDR供电，VCC50用于CAN收发器供电，现选择LP87702 PMIC方案。用MCU的P15.3引脚使能该芯片的5V输出，用MCU_SCL_P15.4，MCU_SDA_P15.5 I2C通信来设置1.8V和1.1V输出电压和使能。\nVCC1V8 is used for EQ6, CAM, DDR, FLASH power supply, VCC1V1 is used for EQ6, DDR power supply, VCC50 is used for CAN transceiver  power supply, LP87702 PMIC scheme is selected. P15.3 pin of MCU is used to enable 5V output of the chip, and MCU_SCL_P15.4, MCU_SDA_P15.5 I2C communication is used to set 1.8V and 1.1V output voltage and enable it. \nVCC3V3 to VCC3V3_EQ(QM(B))\nVCC3V3转VCC3V3_EQ用于EQ6的IO和摄像头供电，现使用负载开关进行设计。用MCU的P20.3引脚使能该芯片。\nVCC3V3 to VCC3V3_EQ for EQ6’s IO and camera power supply, now using the load switch is designed. .The P20.3 pin of the MCU is used to enable the chip.\n\tVCC3V3 to VCC3V3_ETH(QM)\n3V3转3V3_ETH用于ETH供电，现选择负载开关方案。用MCU的P21.0引脚使能该芯片。\n3V3 to 3V3_ETH for ETH power supply, the load switch scheme is selected. . The P21.0 pin of the MCU is used to enable the chip.\n\tVCC1V8 to VCC1V8_EQ(QM(B))\nVCC1V8转VCC1V8_EQ用于EQ供电，现选择负载开关方案。用MCU的P20.0引脚使能该芯片。\nVCC1V8 to VCC1V8_EQ for EQ power supply, the load switch scheme is selected. . The P20.0 pin of the MCU is used to enable the chip.</td></tr><tr><td colspan='2'></td></tr></table>"", ""\nHW Interface Component ：QM; None：F15/POWER; None：1、电源转换芯片SA23002，VCC3V3转VCC0V75_MIPI_DDR。\n2、SA23002由MCU进行使能和关断控制。; MCU Component ：F01/MCU; None：QM; None：P19; None：P22.1; None：P22.1/GTM_TIM1_IN0_8/GTM_TIM0_IN0_8/QSPI4_MRSTB/GTM_TOUT48/QSPI4_MRST/QSPI4_SCLKP; None：GPIO; None：MCU_VCC0V75_MIPI_DDR_EN; None：/; None：O; None：VCC0V75_MIPI_DDR电源使能控制信号\n高：使能VCC0V75_MIPI_DDR电源\n低：关断VCC0V75_MIPI_DDR电源; None：HI-Z, 硬件外部下拉; None：—; SW Variable Name or SW Function Name：— ——Port1\nECU Connector：X2000-54; None：SPI Communction; HW Interface Component ：B; None：F02/EYEQ6L; None：MCU_SPI0（slave）\nEQ6L_SPI0（master）\n速率：10Mbps; MCU Component ：F01/MCU; None：B; None：E20; None：P20.11; None：P20.11/GTM_TIM3_IN7_6/GTM_TIM2_IN7_6/QSPI0_SCLKA/GTM_TOUT67/QSPI0_SCLK; None：QSPI0_SCLKA; None：MCU_SPI0_CLK_P20.11; None：/; None：I; None：EQ发送SPI时钟信号到MCU\nMCU配置为内置下拉（SPI模式配置为：极性CPOL=0，相位CPHA=1）; None：HI-Z; None：—; SW Variable Name or SW Function Name：— ——Port1\nECU Connector：X2000-57; MCU Component ：F01/MCU; None：B; None：D20; None：P20.13; None：P20.13/GTM_TIM3_IN1_4/GTM_TIM2_IN1_4/QSPI0_SLSIA/GTM_TOUT69/QSPI0_SLSO2/QSPI1_SLSO2/QSPI0_SCLK; None：QSPI0_SLSIA; None：MCU_SPI0_CS_P20.13; None：/; None：I; None：EQ发送SPI片选信号到MCU\nMCU配置为内置上拉（SPI模式配置为：极性CPOL=0，相位CPHA=1）; None：HI-Z; None：—; SW Variable Name or SW Function Name：— ——Port1"", ""<table><tr><td>HM ID</td><td>F13</td></tr><tr><td>模块功能 \nModule Function</td><td>VCC1V8用于EQ6、CAM、DDR、FLASH供电。VCC1V1用于EQ6、DDR供电。VCC50用于CAN收发器供电，现选择LP87702 PMIC方案。\nVCCIV8 is used to power EQ6, CAM, DDR, FLASH.VCC1V1 is used to power EQ6,DDR. VCC50 is used for CAN transceiver power supply, now choose LP87702 PMIC scheme. \n</td></tr><tr><td>模块框图\nModule diagram</td><td></td></tr><tr><td>模块方案\nModule solution</td><td>\n采用LP87702芯片，将VCC3V3转换为VCC1V8、VCC1V1、VCC50，其中VCC1V8用于EQ6、CAM、DDR、FLASH供电，VCC1V1用于EQ6、DDR供电，VCC50用于CAN收发器供电。用MCU的P15.3引脚使能该芯片的5V输出，用MCU_SCL_P15.4，MCU_SDA_P15.5 I2C通信来设置1.8V和1.1输出电压和使能。用MCU的P12.1引脚复位该芯片。\nLP87702 chip is used to convert VCC3V3 into VCC1V8, VCC1V1 and VCC50, in which VCC1V8 is used for EQ6, CAM, DDR and FLASH power supply, VCC1V1 is used for EQ6 and DDR power supply, and VCC50 is used for CAN transceiver power supplyP15.3 pin of MCU is used to enable 5V output of the chip, and MCU_SCL_P15.4, MCU_SDA_P15.5 I2C communication is used to set 1.8V and 1.1 output voltage and enable it. Reset the chip with P12.1 pin of the MCU. </td></tr></table>"", ""\nHW Interface Component ：QM（B）; None：F16/POWER; None：1、负载开关TPS22918，VCC3V3转VCC3V3_EQ。\n2、TPS22918由MCU进行使能和关断控制。; MCU Component ：F01/MCU; None：B; None：G20; None：P20.3; None：P20.3/GTM_TIM4_IN5_11/GTM_TIM3_IN4_5/GTM_TIM2_IN4_5/GTM_TOUT61/QSPI0_SLSO9/QSPI2_SLSO9/CAN03_TXD; None：GPIO; None：MCU_3V3_EQ_EN; None：/; None：O; None：VCC3V3_EQ电源使能控制信号\n高：使能VCC3V3_EQ电源\n低：关断VCC3V3_EQ电源; None：HI-Z,硬件外部下拉; None：—; SW Variable Name or SW Function Name：— ——Port1\nHW Interface Component ：QM; None：F17/POWER; None：1、负载开关TPS22918，VCC3V3转VCC3V3_ETH。\n2、TPS22918由MCU进行使能和关断控制。; MCU Component ：F01/MCU; None：QM; None：K17; None：P21.0; None：P21.0/GTM_TIM4_IN0_11/GTM_TIM3_IN4_6/GTM_TIM2_IN4_6/QSPI4_MRSTDN/DMU_FDEST/GTM_TOUT51/HSM_HSM1; None：GPIO; None：MCU_3V3_ETH_EN; None：/; None：O; None：VCC3V3_ETH电源使能控制信号\n高：使能VCC3V3_EQ电源\n低：关断VCC3V3_EQ电源; None：HI-Z, 硬件外部下拉; None：—; SW Variable Name or SW Function Name：— ——Port1\nHW Interface Component ：QM; None：F14/POWER; None：1、电源转换芯片TPS62872，VCC3V3转VCC0V75。\n2、TPS62872由MCU进行使能和关断控制。; MCU Component ：F01/MCU; None：QM; None：P20; None：P22.0; None：P22.0/GTM_TIM1_IN1_7/GTM_TIM0_IN1_7/QSPI4_MTSRB/GTM_TOUT47/QSPI4_MTSR/QSPI4_SCLKN; None：GPIO; None：MCU_VCC0V75_EN; None：/; None：O; None：VCC0V75电源使能控制信号\n高：使能VCC0V75电源\n低：关断VCC0V75电源; None：HI-Z, 硬件外部下拉; None：—; SW Variable Name or SW Function Name：— ——Port1"", ""<table><tr><td>HM ID</td><td>F16</td></tr><tr><td>模块功能 \nModule Function</td><td>VCC3V3转VCC3V3_EQ用于EQ6的IO和摄像头供电，现使用负载开关TPS22918进行设计。\nVCC3V3 to VCC3V3-EQ is used for the IO and camera power supply of EQ6, and the load switch TPS22918 is used for the design.</td></tr><tr><td>模块框图\nModule diagram</td><td></td></tr><tr><td>模块方案\nModule solution</td><td>采用TPS22918负载开关，将VCC3V3系统电源转换为VCC3V3_EQ，提供给EQ6和摄像头供电。用MCU的P20.3引脚使能该芯片。\nThe TPS22918 load switch is used to convert the VCC3V3 system power to VCC3V3-EQ to supply power to EQ6 and the camera. The P20.3 pin of the MCU is used to enable the chip.\n</td></tr></table>"", ""<table><tr><td>HM ID</td><td>F17</td></tr><tr><td>模块功能 \nModule Function</td><td>3V3转3V3_ETH用于ETH供电，现选择负载开关方案。\n3V3 to 3V3_ETH is used for ETH power supply, and the load switching scheme is now selected.</td></tr><tr><td>模块框图\nModule diagram</td><td></td></tr><tr><td>模块方案\nModule solution</td><td>采用TPS22918负载开关，将VCC3V3系统电源转换为VCC3V3_ETH，提供给MCU的ETH供电。P21.0引脚使能该芯片。\nThe TPS22918 load switch is used to convert the VCC3V3 system power to VCC3V3-ETH to supply power to ETH of the MCU. The P21.0 pin of the MCU is used to enable the chip.\n</td></tr></table>""]","{""original_context_count"": 15, ""original_context_characters"": 11507, ""scored_context_count"": 4, ""scored_context_characters"": 1298, ""contexts_truncated"": true, ""context_selection"": ""claim_coverage"", ""selected_evidence_ids"": [""circuit:21:net:VCC3V3_SW"", ""document:5fe56e0953406ff6""], ""selected_claim_ids"": [""sq_1:claim_1""], ""excluded_evidence_ids"": [""circuit:21:net:VCC3V3"", ""circuit:21:net:VCC3V3_CAM_ACQ"", ""circuit:21:net:VCC3V3_CAM_FB"", ""circuit:21:net:VCC3V3_EQ"", ""circuit:21:net:VCC3V3_ETH"", ""circuit:21:net:VCC3V3_MCU"", ""document:35108004bab10732"", ""document:5e69a562758e3536"", ""document:7a6ae2179c8765b3"", ""document:ac72bb1a220bade2"", ""document:b6943ae371d76077"", ""document:bf52768a2f9667cf"", ""document:d59fddc6838a7925""]}",0.3592171593799947,0.8067152050628825,0.8571428571428571,not_applicable,0.3333333333,1.0,1.0,0.5454545454545454,not_applicable
hw-v1-joint-main-pmic,success,给板子供电的主 PMIC 是哪颗？它输出哪些电压，软件如何配置？,主 PMIC 是 U1700，即 LP87702-Q1，输入 VCC3V3，输出包括 VCC1V1、VCC1V8 和 VCC50；软件配置依据 HSI 7.2 节 LP87702 配置说明，通过 I²C 相关信号配置。,"**直接结论：**

1.  **主 PMIC 型号**：LP87702-Q1。
2.  **输出电压**：VCC1V8 (1.8V)、VCC1V1 (1.1V)、VCC50 (5.0V)。
3.  **软件配置**：缺乏具体配置方法（如寄存器地址、初始化序列、I2C 通信协议）的直接证据，无法给出。

**支撑结论的最少证据：**

**1. 主 PMIC 型号**

*   **结论**：LP87702-Q1。
*   **证据**：
    *   电路设计文件中，实例 U1700 的器件型号明确标注为“LP87702-Q1” [证据 3]。
    *   该芯片的引脚连接图显示其型号为 LP87702-Q1 [证据 1]。
    *   文档中也明确提及“LP87702 配置” [证据 15] 和“LP87702-Q1 器件” [证据 19]。

**2. 输出电压**

*   **结论**：该 PMIC 输出以下电压：
    *   VCC1V8 (1.8V)
    *   VCC1V1 (1.1V)
    *   VCC50 (5.0V)
*   **证据**：
    *   根据 U1700 的引脚映射，其反馈引脚（FB_B1）连接到网络 VCC1V8，反馈引脚（FB_B0）连接到网络 VCC1V1，升压输出引脚（VOUT_BST）连接到网络 VCC50 [证据 1]。

**3. 软件配置**

*   **结论**：**无法确定**。证据仅提及需要通过 I2C 进行配置，但未提供具体的配置方法、寄存器设置或初始化序列。
*   **缺失项**：
    *   文档中虽提到“LP87702 运行期间需要 MCU 通过 I2C 配置的寄存器如下所示” [证据 15]，但后续的具体寄存器列表和配置值在提供的证据中缺失。
    *   电路设计显示了 I2C 通信引脚（SDA(EN3) 和 SCL(EN2)）连接到 MCU 的 I2C 总线 [证据 1, 8, 9]，但未提供任何关于寄存器地址、写入值、初始化时序或配置流程的详细信息。","**直接结论：**

1.  **主 PMIC 型号**：LP87702-Q1。
2.  **输出电压**：VCC1V8 (1.8V)、VCC1V1 (1.1V)、VCC50 (5.0V)。
3.  **软件配置**：缺乏具体配置方法（如寄存器地址、初始化序列、I2C 通信协议）的直接证据，无法给出。

**支撑结论的最少证据：**

**1. 主 PMIC 型号**

*   **结论**：LP87702-Q1。
*   **证据**：
    *   电路设计文件中，实例 U1700 的器件型号明确标注为“LP87702-Q1” [证据 3]。
    *   该芯片的引脚连接图显示其型号为 LP87702-Q1 [证据 1]。
    *   文档中也明确提及“LP87702 配置” [证据 15] 和“LP87702-Q1 器件” [证据 19]。

**2. 输出电压**

*   **结论**：该 PMIC 输出以下电压：
    *   VCC1V8 (1.8V)
    *   VCC1V1 (1.1V)
    *   VCC50 (5.0V)
*   **证据**：
    *   根据 U1700 的引脚映射，其反馈引脚（FB_B1）连接到网络 VCC1V8，反馈引脚（FB_B0）连接到网络 VCC1V1，升压输出引脚（VOUT_BST）连接到网络 VCC50 [证据 1]。

**3. 软件配置**

*   **结论**：**无法确定**。证据仅提及需要通过 I2C 进行配置，但未提供具体的配置方法、寄存器设置或初始化序列。
*   **缺失项**：
    *   文档中虽提到“LP87702 运行期间需要 MCU 通过 I2C 配置的寄存器如下所示” [证据 15]，但后续的具体寄存器列表和配置值在提供的证据中缺失。
    *   电路设计显示了 I2C 通信引脚（SDA(EN3) 和 SCL(EN2)）连接到 MCU 的 I2C 总线 [证据 1, 8, 9]，但未提供任何关于寄存器地址、写入值、初始化时序或配置流程的详细信息。","[""Pin mapping for U1700: nINT -> MCU_nINT_PMIC_P12.1, EN1 -> MCU_5V_EN, VIN_B0_1 -> VCC3V3, VIN_B1_1 -> VCC3V3, VANA -> VCC3V3, SW_BST -> N19935658, NRST -> N19935946, SDA(EN3) -> MCU_SDA_P15.5, SCL(EN2) -> MCU_SCL_P15.4, FB_B1 -> VCC1V8, CLKIN(GPO2) -> MCU_WD_INH, WDI -> MCU_WDI_P13.3, VOUT_BST -> VCC50, PG1(GPO1) -> N19936014, WD_RESET -> TC367_RESET_N, SW_B1_1 -> N19935668, FB_B0 -> VCC1V1, SW_B0_1 -> N19935443, SW_B0_2 -> N19935443, VIN_B0_2 -> VCC3V3, VIN_B1_2 -> VCC3V3, SW_B1_2 -> N19935668, PAD -> GND, AGND -> GND, PGND_BST -> GND, PGND_B1_2 -> GND, PGND_B1_1 -> GND, PGND_B0_2 -> GND, PGND_B0_1 -> GND."", ""Net MCU_nINT_PMIC_P12.1 connects R1703.&2, TP1133.&1, U1700.nINT, U900D.P12.1/GETH_MDIOC/ASCLIN3_ASLSO/CAN00_TXD/GETH_MDIO."", ""Instance U1700: LP87702-Q1, 20200424007, LP87702RRHBRQ1, pqfn50p5x5x90-32."", ""Module Group 15 · Power/PMIC connects to Group 17 · Power/PMIC through net GND."", ""Module Group 15 · Power/PMIC connects to Group 18 · Power/PMIC through net GND."", ""Module Group 15 · Power/PMIC connects to Group 6 · Power/PMIC through net GND."", ""Module Group 17 · Power/PMIC connects to Group 18 · Power/PMIC through net GND."", ""Module Group 17 · Power/PMIC connects to Group 18 · Power/PMIC through net MCU_SCL_P15.4."", ""Module Group 17 · Power/PMIC connects to Group 18 · Power/PMIC through net MCU_SDA_P15.5."", ""Module Group 17 · Power/PMIC connects to Group 6 · Power/PMIC through net GND."", ""Module Group 14 · Ethernet/PHY connects to Group 15 · Power/PMIC through net GND."", ""Module Group 14 · Ethernet/PHY connects to Group 17 · Power/PMIC through net GND."", ""Module Group 14 · Ethernet/PHY connects to Group 18 · Power/PMIC through net GND."", ""Module Group 14 · Ethernet/PHY connects to Group 6 · Power/PMIC through net GND."", ""ADC电压采集阈值 The ADC voltage acquisition thresholdWCCA计算结果如下，软件应按照如下过欠压阈值设置：The WCCA calculation results are as follows. The software should be set according to the following overvoltage and undervoltage thresholds:EQ6L上下电时序要求 EQ6L Power-on and power-off sequence requirements共享和独占的硬件资源 Shared and Exclusive Hardware ResourceECU-MCU信号对应关系 ECU-MCU Signal MappingMCU时钟配置 MCU Clock Configuration存储器配置 Memeory ConfigurationTable 4-5Memory Configuration其他芯片配置 Other IC Configuration其他芯片的通讯机制 Communication Mechanism with Other ICLP87702配置 LP87702 ConfigurationLP87702运行期间需要MCU通过I2C配置的寄存器如下所示：Table 5-2 LP87702 ConfigurationTPS62872配置 TPS62872 ConfigurationTPS62872运行期间需要MCU通过I2C配置的寄存器如下所示：Table 5-3 TPS62872 Configuration安全机制 Safety MechanismsSystem levelHW level硬件安全分析无新增安全机制IC level模板变更历史Template Change History填写说明Filling instructions：变更单号YYYYMM00X为记录顺序号，如：202203002，表示的是2022年03月的第二份此类文档。首次发布不分配变更单号，变更单号处填NA。The change order number YYYYMM00X is the record sequence number, such as 202203002, which represents the second such document in March 2022. No change order number will be allocated for the first release, and Na will be filled in the change order number.变更原因填写以客户审核需要变更为例：由于XX客户在客户审核时发现XX问题，需要调整模板。Fill in the revision note. Take the need for change in customer audit as an example: because XX customer found XX problem during customer audit, the template needs to be adjusted.变更内容填写以客户审核发现问题需要更改为例：由于XX客户在客户审核时发现XX问题，特增加XXX的变更内容。"", ""<table><tr><td>HM ID</td><td>F20/F21/F22/F23</td></tr><tr><td>运行模式\nOperation Mode</td><td>运行模式、待机模式、Sleep模式、OFF模式、Overtemp模式\nRun mode, standby mode, Sleep mode, OFF mode, Overtemp mode.</td></tr><tr><td>模式定义\nDefinition of Operation mode</td><td>TCAN1044A：\n1、\t运行模式\nSTB设置为低电平使能Normal模式，收发器可以通过总线CANH和CANL发送接收数据。\n2、\t待机模式\nSTB设置为高电平使能Standby模式，收发器将不再发送接收数据。\n1.Run mode\nThe STB is set to low to enable Normal mode, and the transceiver can send and receive data through the bus CANH and CANL. \n2.Standby mode\nThe STB is set to high level enable Standby mode, and the transceiver will no longer send the received data.\nTCAN1145：\n1、Normal模式\n通过SPI3配置寄存器MC=111进入Normal模式，收发器可以通过总线CANH和CANL发送接收数据。\n2、Standby模式\n通过SPI3配置寄存器MC=100，使能Standby模式，收发器将不再发送接收数据，但INH引脚依然有效。\n3、Sleep模式\n   通过SPI3配置寄存器MC=001或者发生欠压事件，CAN收发器进入sleep模式。该模式下INH为高阻态。\n与TJA1145寄存器地址有差别，软件开发需要注意。\n4、Off模式\n当电源电压过低无法为IC供电，收发器进入Off模式，该模式下CAN引脚和INH引脚为高阻态。\n5、Overtemp模式\n当芯片整体温度高于阈值，会进入过温模式，该模式下收发器的发送端和接收端被禁用，INH引脚为高阻态。\nNormal mode\nThe Normal mode is entered through SPI3 configuration register MC=111, and the transceiver can send and receive data through buses CANH and CANL. \nStandby mode\nBy configuring the SPI3 register MC=100 to enable the Standby mode, the transceiver will no longer send the received data, but the INH pin will remain active. \nSleep mode\nThrough SPI3 configuration register MC=001 or an undervoltage event occurs, the CAN transceiver goes into sleep mode. In this mode, INH is in the high impedance state. \nOff mode\nWhen the supply voltage is too low to power the IC, the transceiver enters the Of mode, in which the CAN pin and INH pin are in the high resistance state. \nOvertemp mode\nWhen the overall chip temperature is higher than the threshold, it will enter the over-temperature mode, in which the transmitter and receiver of the transceiver are disabled, and the INH pin is in the high impedance state. </td></tr><tr><td>模式切换接口\nMode switching interface</td><td></td></tr><tr><td>模式状态机\nMode state machine</td><td>TCAN1044A：\n\nTCAN1145：\n\n</td></tr><tr><td>模式切换条件\nMode switching condition</td><td>参考：\n产品系统需求规格说明\n产品系统方案设计说明书\nReference: \nProduct system requirement specification \nProduct system scheme design specification.</td></tr><tr><td>备注\nNote</td><td></td></tr></table>"", ""<table><tr><td>HM ID</td><td>F14</td></tr><tr><td>模块功能 \nModule Function</td><td>VCC3V3转VCC0V75应用于EQ6的内核供电，要求输出电流能力大，现选型TI的方案TPS62872。\nVCC3V3 to VCCOV75 is applied to the kernel power supply of EQ6, which requires large output current capacity. TI's scheme TPS62872 is selected.</td></tr><tr><td>模块框图\nModule diagram</td><td></td></tr><tr><td>模块方案\nModule solution</td><td>\t采用TPS62872电源芯片，将VCC3V3转换为VCC0V75，提供给EQ6核电供电。用MCU的P22.0引脚使能芯片，用MCU_SDA_P15.5，MCU_SCL_P15.4引脚I2C通信来设置输出电压和通信。\nTPS62872 power chip is used to convert VCC3V3 to VCCOV75, which is supplied to EQ nuclear power supply. P22.0 pin of MCU is used to enable chip, MCU_SDA_P15.5, MCU_SCL_P15.4 pin I2C communication is used to set output voltage and communication. +</td></tr></table>"", ""<table><tr><td>HM ID</td><td>F15</td></tr><tr><td>模块功能 \nModule Function</td><td>VCC3V3转0V75_MIPI_DDR应用于EQ6的IO口供电，现使用矽力杰的SA23002进行设计。\nVCC3V3 to 0V75_MIPI_DDR for EQ6 IO port power supply, Silergy’s SA23002 is designed.</td></tr><tr><td>模块框图\nModule diagram</td><td></td></tr><tr><td>模块方案\nModule solution</td><td>采用SA23002电源芯片，将VCC3V3转换为0V75_MIPI_DDR，提供给EQ6的IO口供电。用MCU的P22.1引脚使能该芯片。\nSA23002 power chip is used to convert VCC3V3 to 0V75_MIPI_DDR to supply power to the I/O port of EQ6. The P22.1 pin of the MCU is used to enable the chip. \n</td></tr></table>"", ""<table><tr><td>HM ID</td><td>F13</td></tr><tr><td>运行模式\nOperation Mode</td><td>SHUTDOWN、READ OTP、STANDBY、ACTIVE</td></tr><tr><td>模式定义\nDefinition of Operation mode</td><td>SHUTDOWN\nNRST电压低于阈值。LP87702-Q1器件停止工作。\nREAD OTP\n电源电压VANA高于VANAUVLO电平，并且NRST电压高于阈值电平。电压转换器被禁用，LP87702-Q1的参考电平和偏置电路被启用。OTP配置被加载到寄存器。\nSTANDBY\n电源电压VANA高于VANAUVLO水平，NRST电压高于阈值水平。电压转换器被禁用，LP87702-Q1的参考电平、控制和偏压电路被启用。所有的寄存器都可以被主机处理器通过系统串口读写。电压转换器可以根据需要进行使能输出。\nACTIVE\n电源电压VANA高于VANAUVLO水平，NRST电压高于阈值水平。稳压DC/DC变换器处于使能状态。所有的寄存器都可以被MCU通过系统串口读写。\nSHUTDOWN\nAfter the enable signal MCU_OV75_MIPI_DDR_EN=L, the secondary power stops the 0V75_MIPI_DDR power supply. \nREADY OTP\nThe supply voltage VANA is above the VANAUVLO level, and the NRST voltage is above the threshold level. The voltage converter is disabled and the reference level and bias circuits of the LP87702-Q1 are enabled. The OTP configuration is loaded into the register.\nSTANDBY\nThe supply voltage VANA is above the VANAUVLO level and the NRST voltage is above the threshold level. The voltage converter is disabled and the reference level, control, and bias circuits of the LP87702-Q1 are enabled. All registers can be read and written by the host processor through the system serial port. The voltage converter can perform enabling output as needed.\nACTIVE\nThe supply voltage VANA is above the VANAUVLO level and the NRST voltage is above the threshold level. The regulated DC/DC converter is in the enabled state. All the registers can be read and written by the MCU through the system serial port. </td></tr><tr><td>模式切换接口\nMode switching interface</td><td></td></tr><tr><td>模式状态机\nMode state machine</td><td></td></tr><tr><td>模式切换条件\nMode switching condition</td><td>参考：\n产品系统需求规格说明\n产品系统方案设计说明书\nReference: \nProduct system requirement specification \nProduct system scheme design specification.</td></tr><tr><td>备注\nNote</td><td>1、VANAUVLO阈值电压\n\n2、NRST阈值电压\n</td></tr><tr><td>备注\nNote</td><td></td></tr></table>"", ""\nRegister：nan; Symbol：nan; Description：nan; Unnamed: 3：nan; Register.1：nan; Symbol.1：nan; Description.1：111 Closed Window : 50 % / Open Window : 50 % ——13_Registers Bit Description\nRegister：Register; Symbol：Symbol; Description：Description; Unnamed: 3：nan; Register.1：nan; Symbol.1：nan; Description.1：Reset on Power On Reset (POR) ——13_Registers Bit Description\nRegister：FS_I_OVUV_SAFE_\nREACTION1; Symbol：VMON_LDO1_OV_\nFS_REACTION; Description：00 No effect on RSTB and FS0B; Unnamed: 3：nan; Register.1：nan; Symbol.1：nan; Description.1：nan ——13_Registers Bit Description\nRegister：nan; Symbol：nan; Description：01 VMON_LDO1 OV asserts FS0B only; Unnamed: 3：nan; Register.1：nan; Symbol.1：nan; Description.1：nan ——13_Registers Bit Description\nRegister：nan; Symbol：nan; Description：10 VMON_LDO1 OV asserts RSTB and FS0B; Unnamed: 3：nan; Register.1：nan; Symbol.1：nan; Description.1：nan ——13_Registers Bit Description\nRegister：nan; Symbol：nan; Description：11 VMON_LDO1 OV asserts RSTB and FS0B; Unnamed: 3：nan; Register.1：Note:本页均为配置寄存器，以支持需求开发人员快速确定具体项目需要配置的bits; Symbol.1：nan; Description.1：nan ——13_Registers Bit Description\nRegister：nan; Symbol：nan; Description：Reset on Power On Reset (POR); Unnamed: 3：nan; Register.1：nan; Symbol.1：nan; Description.1：nan ——13_Registers Bit Description\nRegister：nan; Symbol：VMON_LDO1_UV_\nFS_REACTION; Description：00 No effect on RSTB and FS0B; Unnamed: 3：nan; Register.1：nan; Symbol.1：nan; Description.1：nan ——13_Registers Bit Description\nRegister：nan; Symbol：nan; Description：01 VMON_LDO1 OV asserts FS0B only; Unnamed: 3：nan; Register.1：nan; Symbol.1：nan; Description.1：nan ——13_Registers Bit Description"", ""<table><tr><td>No.</td><td>Master</td><td>Slave</td><td>Communication Mechanism</td><td>Hardware\nCharacteristic</td></tr><tr><td>1　</td><td>MCU</td><td>EQ6</td><td>SPI2</td><td>速率：15.625 MHz</td></tr><tr><td>2</td><td>EQ6</td><td>MCU</td><td>SPI0</td><td>速率：15.625MHz</td></tr><tr><td>3</td><td>EQ6</td><td>FLASH</td><td>OSPI</td><td>速率：125MHz</td></tr><tr><td>4</td><td>MCU</td><td>TCAN1145</td><td>SPI3</td><td>速率：1MHz</td></tr><tr><td>5</td><td>MCU</td><td>LP87702</td><td>MCU_I2C</td><td>速率：230KHz\n地址：0X08</td></tr><tr><td>6</td><td>MCU</td><td>TPS62872</td><td>MCU_I2C</td><td>速率：230KHz\n地址：0X41</td></tr><tr><td>7</td><td>MCU</td><td>CAN0/1/2/3收发器</td><td>CAN/CAN FD</td><td>速率：2Mbps</td></tr><tr><td>8</td><td>MCU</td><td>ETH收发器（100base-T1）</td><td>MII</td><td>速率：100Mbps</td></tr></table>"", ""\nNone：U20; None：P23.2; None：P23.2/GTM_TIM1_IN6_5/GTM_TIM0_IN6_5/GTM_TOUT43/CAN12_TXD; None：GPIO; None：MCU_RST_FLASH_P23.2; None：/; None：O; None：FLASH复位信号\n低：FLASH复位\n高：FLASH进入工作状态; None：HI-Z，硬件外部下拉; None：—; SW Variable Name or SW Function Name：— ——Port1\nNone：未使用; MCU Component ：F01/ MCU; None：NA; None：/; None：D7; None：P11.14; None：P11.14/GTM_TIM4_IN7_4/GTM_TIM2_IN7_8/GETH_CRSDVB/GETH_RXDVB/GETH_CRSA/GTM_TOUT126; None：GPIO; None：MCU_ETH_CFG1_P11.14; None：/; None：I; None：CFG1：BOM配置，判断是否有以太网\n高：TBD\n低：TBD; None：HI-Z; None：—; SW Variable Name or SW Function Name：— ——Port1\nNone：未使用; MCU Component ：F01/ MCU; None：NA; None：/; None：D6; None：P11.15; None：P11.15/GTM_TIM4_IN7_5/GTM_TIM0_IN7_8/GETH_COLA/GTM_TOUT127; None：GPIO; None：MCU_ETH_CFG2_P11.15; None：/; None：I; None：CFG2：BOM配置，判断以太网接口类型\n高：TBD\n低：TBD; None：HI-Z; None：—; SW Variable Name or SW Function Name：— ——Port1\nHW Interface Component ：QM(B); None：F13/POWER; None：1、LP87702实现VCC3V3转VCC1V8、VCC1V1、VCC50三路电源输出\n2、LP87702的VCC50由MCU的GPIO控制使能和关断，VCC1V8、VCC1V1由MCU的I2C控制使能和关断。\n3、预留中断信号用于MCU辅助监控LP87702的工作状态。\n4、MCU可以通过I2C监控和管理LP87702的状态。; MCU Component ：F01/ MCU; None：QM; None：B17; None：P15.3; None：P15.3/GTM_TIM3_IN6_4/GTM_TIM2_IN6_4/CAN01_RXDA/QSPI2_SCLKA/GTM_TOUT74/QSPI2_SCLK/MSC0_EN1; None：GPIO; None：MCU_5V_EN; None：/; None：O; None：VCC50（LP87702）电源使能控制信号\n高：使能VCC50电压输出\n低：关断VCC50电压输出; None：HI-Z，硬件外部下拉; None：—; SW Variable Name or SW Function Name：— ——Port1"", ""<table><tr><td>HM ID</td><td>F02/F03/F04/F28</td></tr><tr><td>模块功能 \nModule Function</td><td>EYEQ6-L最小系统组成：外部30MHz晶体给EYEQ6-L提供基本时钟输入，外部20MHz有源晶振提供监控时钟，外扩OSPI接口的2Gb NAND FLASH存储程序，外扩1GB的LPDDR4运存。NXB0104是用于MCU的3V3_SPI和NAND FLASH的1V8_SPI进行电平转换，用于MCU读写NAND FLASH。\nEYEQ6-L minimum system components: an external 30MHz crystal provides the basic clock input for EYEQ6-L, an external 20MHz active crystal provides the monitoring clock, an external 2GbNAND FLASH memory program for OSPI interface, and an external 1GB LPDDR4 operation memory. NXB0104 is used for level conversion of 3V3_SPI of MCU and 1V8-SPI of NAND FLASH for MCU to read and write NAND FLASH.</td></tr><tr><td>模块框图\nModule diagram</td><td></td></tr><tr><td>模块方案\nModule solution</td><td>\n1、处理器\n根据ADAS产品需求图像处理SOC功能安全需要达到ASIL-B，经综合评估选择Mobileye产品EYEQ6-L，最高功能安全可达到ASIL-B，接口资源丰富。\n1.Processor\nAccording to the requirements of ADAS products, the functional safety of image processing SOC needs to reach ASIL-B. After comprehensive evaluation, Mobileye product EYEQ6-L is selected, and the highest functional safety can reach ASIL-B with abundant interface resources. +\n2、时钟\n硬件选型30MHz晶振给EYEQ6-L提供时钟输入，由其内部PLL等电路完成倍频、分频，供其内核和各模块使用。外部20MHz有源晶振作为内部监控时钟。\n2.Clock\nThe 30MHz crystal provides clock input to the EYEQ6-L, and its internal PLL circuit completes frequency multiplication and frequency division for the EyeQ6-L core and each module. The external 20MHz active crystal is energized as an internal monitoring clock.\n3、DDR\nEYEQ6在外扩的DDR中运行程序和存储临时数据，其DDR控制器可支持32bits位宽的LPDDR4 SDRAM，最大读写速率4266 Mb/s/pin 。本设计中选用1片32bit的LPDDR4 SDRAM，型号为车规级器件K4F8E3S4HD-GHCL02V，以充分利用数据带宽，保证EYEQ6的处理速度，LPDDR4工作环境温度为-40℃~105℃，单片总容量1GB。\n3.DDR\nEYEQ6 runs programs and stores temporary data in the extended DDR. Its DDR controller supports LPDDR4 SDRAM with 32bits wide and a maximum read/write rate of 4266Mb/s/pin. In this design, a 32bit LPDDR4 SDRAM is selected, the model is car grade device K4F8E3S4HD-GHCLO2V, in order to make full use of the data bandwidth and ensure the processing speed of EYEQ6. The working environment temperature of LPDDR4 is -40℃-105℃, and the total capacity of a single chip is 1GB.\n\n\n4、NAND FLASH\n选择ME推荐的WinBond公司产品W35N02JWTBKF，容量2Gb，FLASH支持CRC安全机制。\nNXB0104是用于MCU的3V3_ SPI和NAND FLASH的1V8_ SPI进行电平转换，通过MCU_SPI1_CS片选电平转换芯片，实现MCU对NAND FLASH的读写操作，转换芯片在本应用场景下支持最大传输速率80Mbps。\nNAND FLASH\nChoose the WinBond company product W35N02JWTBKF recommended by ME, with a capacity of 2Gb and FLASH supporting CRC security mechanism. \nNXB0104 is used for the level conversion of 3V3_SPI of MCU and 1V8_SPI of NAND FLASH. The level conversion chip is selected by MCU_SPI1_CS chip to realize the reading and writing operation of MCU to NAND FLASH. The converter chip supports a maximum transmission rate of 80Mbps in this application scenario. \n5、电源和复位\nEYEQ6-L需要6路电源：VCC3V3_EQ、VCC0V75、0V75_MIPI_DDR、VCC1V8、VCC1V1、VCC1V8_EQ，其中VCC0V75用于给内核供电。复位信号由MCU通过P02.4口进行控制。\nPower and reset\nEYEQ6-L requires six power sources: VCC3V3-EQ, VCCOV75, OV75_MIPI_DDR, VCC1V8, VCC1V1, VCC1V8_EQ, where VCCOV75 is used to power the core. The reset signal is controlled by the MCU through the P02.4 pin.</td></tr></table>"", ""\nSheet名称：0_Instruction Manual; 内容摘要：使用说明; 项目适配说明：nan ——0_Instruction Manual\nSheet名称：1_Face; 内容摘要：文档封面页; 项目适配说明：需要根据实际项目更新编号，\n明确并修改xxx的型号 ——0_Instruction Manual\nSheet名称：2_Sign; 内容摘要：本文档的当前状态、编制、审核和批准人员的信息; 项目适配说明：需要根据具体项目，更新文档\n的当前状态，编制、审核和批准人员的信息等 ——0_Instruction Manual\nSheet名称：3_Overview; 内容摘要：说明本文档的目的，适用对象和应用范围; 项目适配说明：无须确认和更新，仅用于了解 ——0_Instruction Manual\nSheet名称：4_Change History1; 内容摘要：本文档模板的变更履历; 项目适配说明：填写本文档模板的变更内容 ——0_Instruction Manual\nSheet名称：5_Change History2; 内容摘要：结合实际项目，安全机制的变更履历; 项目适配说明：填写本文档安全机制的变更内容 ——0_Instruction Manual\nSheet名称：6_Reference Document; 内容摘要：导出安全机制的参考文档; 项目适配说明：根据实际项目，需参考最新的\n数据手册和安全手册 ——0_Instruction Manual\nSheet名称：7_Definition&Arch; 内容摘要：xxx系列产品的定义及架构; 项目适配说明：需要需求开发人员在开发需求之前了解xxx系列产品的定义及架构 ——0_Instruction Manual\nSheet名称：8_SG&FSR; 内容摘要：xxx系列产品的假设\n安全目标和FSR; 项目适配说明：需要需求开发人员在开发需求\n前了解xxx系列产品的安全目标和FSR ——0_Instruction Manual"", ""<table><tr><td>HM ID</td><td>F12</td></tr><tr><td>模块功能 \nModule Function</td><td>KL30转VCC3V3是系统一级DC-DC，基于LN10046设计，给系统提供电源。\nThe KL30 to VCC3V3 is a first-level DC-DC based on the LN10046 design and provides power to the system.</td></tr><tr><td>模块框图\nModule diagram</td><td></td></tr><tr><td>模块方案\nModule solution</td><td>采用LN10046电源DCDC芯片，将12V系统电源转换为3.3V，提供给系统供电使用。\nThe LN10046 power supply DCDC chip is used to convert the 12V system power supply to 3.3V and provide power supply to the system for use.\n</td></tr></table>"", ""<table><tr><td>HM ID</td><td>F16</td></tr><tr><td>模块功能 \nModule Function</td><td>VCC3V3转VCC3V3_EQ用于EQ6的IO和摄像头供电，现使用负载开关TPS22918进行设计。\nVCC3V3 to VCC3V3-EQ is used for the IO and camera power supply of EQ6, and the load switch TPS22918 is used for the design.</td></tr><tr><td>模块框图\nModule diagram</td><td></td></tr><tr><td>模块方案\nModule solution</td><td>采用TPS22918负载开关，将VCC3V3系统电源转换为VCC3V3_EQ，提供给EQ6和摄像头供电。用MCU的P20.3引脚使能该芯片。\nThe TPS22918 load switch is used to convert the VCC3V3 system power to VCC3V3-EQ to supply power to EQ6 and the camera. The P20.3 pin of the MCU is used to enable the chip.\n</td></tr></table>"", ""<table><tr><td>HM ID</td><td>F11/F12/F13/F14/F15/F16/F17/F18/F19/F25/F27</td></tr><tr><td>模块功能 \nModule Function</td><td>系统使用车载电池12V电压供电，经过EMI电路后输入至电源转换芯片，转换输出系统各模块所需电源。\nThe system uses 12V voltage power supply from the vehicle battery, which is input to the power conversion chip through the EMI circuit. Then the power conversion chip convert and output the power required by each module of the system.</td></tr><tr><td>模块框图\nModule diagram</td><td></td></tr><tr><td>模块方案\nModule solution</td><td>KL30 EMI (ASIL-B)\nKL30供电口处增加EMI电路，用于供电保护和滤波。硬件电路设计在UBD网络增加两个串联ESD电容，PCB布局靠近主连接器引脚处，用于吸收外部ESD信号，后端增加双向TVS管用于瞬态过压保护\nThe EMI circuit is added at the KL30 power supply port for power supply protection and filtering. The hardware circuit design adds two series ESD capacitors in the UBD network, the PCB layout is close to the main connector pin for absorbing external ESD signals, and the two-way TVS tube is added at the back end for transient overvoltage protection.\nKL30 to VCC3V3 (ASILB)\nKL30转VCC3V3是系统一级DC-DC，给MCU提供VCC3V3_MCU电源，所以系统要求其满足ASILB，确保MCU功能安全。\nKL30 to VCC3V3 is a system primary DC-DC chip, because the MCU needs VCC3V3_MCU power supply, so the system requires it to meet the ASILB to ensure the functional safety of the MCU.\nVCC3V3_MCU to VCC1V25_MCU(ASILB)\n3V3转1V25_MCU是使用MCU内置控制器进行控制的BUCK电源，用于MCU的核供电，功能安全需求达到ASILB，确保MCU功能安全。\n3V3 to 1V25_MCU is a BUCK power supply controlled by MCU built-in controller, which is used for MCU nuclear power supply. Functional safety requirements meet ASILB to ensure the functional safety of MCU.\nVCC3V3 to VCC0V75(QM(B))\nVCC3V3转VCC0V75应用于EQ6的内核供电，要求输出电流能力大，现选型TI的电源方案TPS62872。用MCU的P22.0引脚使能芯片，用MCU_SDA_P15.5，MCU_SCL_P15.4引脚I2C通信来设置输出电压和通信。\nVCC3V3 to VCC0V75 is applied to the core power supply of EQ6, which requires large output current capacity. The power supply scheme TPS62872 of TI is selected. P22.0 pin of MCU is used to enable the chip, and MCU_SDA_P15.5, MCU_SCL_P15.4 pin I2C communication is used to set the output voltage and communication. \nVCC3V3 to 0V75_MIPI_DDR(QM(B))\nVCC3V3转0V75_MIPI_DDR用于EQ6的IO口供电，现使用矽力杰的SA23002进行设计。用MCU的P22.1引脚使能该芯片。\nVCC3V3 to 0V75_MIPI_DDR for EQ6 IO port power supply, Silergy’s SA23002 is designed. The P22.1 pin of the MCU is used to enable the chip.\nVCC3V3转VCC1V8、VCC1V1、VCC50(QM(B))\nVCC1V8用于EQ6、CAM、DDR、FLASH供电，VCC1V1用于EQ6、DDR供电，VCC50用于CAN收发器供电，现选择LP87702 PMIC方案。用MCU的P15.3引脚使能该芯片的5V输出，用MCU_SCL_P15.4，MCU_SDA_P15.5 I2C通信来设置1.8V和1.1V输出电压和使能。\nVCC1V8 is used for EQ6, CAM, DDR, FLASH power supply, VCC1V1 is used for EQ6, DDR power supply, VCC50 is used for CAN transceiver  power supply, LP87702 PMIC scheme is selected. P15.3 pin of MCU is used to enable 5V output of the chip, and MCU_SCL_P15.4, MCU_SDA_P15.5 I2C communication is used to set 1.8V and 1.1V output voltage and enable it. \nVCC3V3 to VCC3V3_EQ(QM(B))\nVCC3V3转VCC3V3_EQ用于EQ6的IO和摄像头供电，现使用负载开关进行设计。用MCU的P20.3引脚使能该芯片。\nVCC3V3 to VCC3V3_EQ for EQ6’s IO and camera power supply, now using the load switch is designed. .The P20.3 pin of the MCU is used to enable the chip.\n\tVCC3V3 to VCC3V3_ETH(QM)\n3V3转3V3_ETH用于ETH供电，现选择负载开关方案。用MCU的P21.0引脚使能该芯片。\n3V3 to 3V3_ETH for ETH power supply, the load switch scheme is selected. . The P21.0 pin of the MCU is used to enable the chip.\n\tVCC1V8 to VCC1V8_EQ(QM(B))\nVCC1V8转VCC1V8_EQ用于EQ供电，现选择负载开关方案。用MCU的P20.0引脚使能该芯片。\nVCC1V8 to VCC1V8_EQ for EQ power supply, the load switch scheme is selected. . The P20.0 pin of the MCU is used to enable the chip.</td></tr><tr><td colspan='2'></td></tr></table>"", ""<table><caption> Table 6-1. Devices With I2C Interface</caption>\n<tr><td  >Device Number</td><td  >Output Current</td><td  >Start-Up Voltage,I2C Address(1) (2)</td><td  >VSEL Settings</td><td  > Spread Spectrum Clocking</td><td  > Soft-Start Time</td></tr>\n<tr><td  >TPS62870QWRXSRQ1 TPS62871QWRXSRQ1 TPS62872QWRXSRQ1 TPS62873QWRXSRQ1 TPS62870Y1QWRXSRQ1</td><td  >6A 9A 12 A 15A 6A</td><td  >0.850 V,0x40 0.750 V, 0x41 0.875 V,0x42 1.000 V, 0x43 0.800 V,0x40</td><td  >6.2 kQ to GND Short to GND Short to VIN 47 kQ to VIN 6.2 kQ to GND</td><td  > Default setting = off</td><td  > Default setting = 1 ms</td></tr>\n<tr><td  >TPS62871Y1QWRXSRQ1 TPS62872Y1QWRXSRQ1 TPS62873Y1QWRXSRQ1</td><td  >9A 12 A 15 A</td><td  >0.750 V, 0x41 0.875 V, 0x42 0.800 V, 0x43</td><td  >Short to GND Short to VIN  47 kQ to VIN</td><td  > Default setting = off</td><td  > Default setting = 1 ms</td></tr>\n<tr><th  >TPS62870Y0QWRXSRQ1</th><th  >6A</th><th  >0.500 V, 0x40 0.750 V, 0x41</th><th  >6.2 kQ to GND Short to GND</th><th  >Default setting =</th><th  > Default setting = 1</th></tr>\n<tr><td></td><td></td><td  >0.875 V, 0x42 1.050 V,0x43</td><td  >Short to VIN 47 kQ to VIN</td><td  >off</td><td  >ms</td></tr>\n<tr><td></td><td  >6A</td><td  >1.800 V, 0x30 1.500 V, 0x31</td><td  >6.2kQ to GND</td><td></td><td></td></tr>\n<tr><td  >TPS62870Y2QWRXSRQ1</td><td></td><td  >1.750 V, 0x32</td><td  >Short to GND</td><td></td><td></td></tr>\n<tr><td></td><td></td><td></td><td  >Short to VIN </td><td  >Default setting = off</td><td  > Default setting = 1 ms</td></tr>\n<tr><td></td><td></td><td  >3.300 V, 0x33</td><td  >47 kQ to VIN</td><td></td><td></td></tr>\n<tr><td></td><td></td><td  >0.810 V,0x40</td><td></td><td></td><td></td></tr>\n<tr><td  >TPS62870Y3QWRXSRQ1</td><td></td><td  >0.750 V, 0x41</td><td  >6.2 kQ to GND</td><td></td><td></td></tr>\n<tr><td></td><td  >6A</td><td></td><td  >Short to GND</td><td  > Default setting =</td><td></td></tr>\n<tr><td></td><td></td><td  >0.875 V, 0x42</td><td  >Short to VIN</td><td  >off</td><td  > Default setting = 1 ms</td></tr>\n<tr><td></td><td></td><td  >1.000 V, 0x43</td><td  >47 kQ to VIN</td><td></td><td></td></tr>\n</table>"", ""<table><caption> Table 9-10. Table 6-2. Devices Without I2C Interface</caption>\n<tr><td  > Device Number</td><td  >Output Current</td><td  >Start-Up Voltage(2)</td><td  >VSEL Settings</td><td  > Spread Spectrum Clocking</td><td  > Soft-Start Time</td></tr>\n<tr><td  >TPS62870N0QWRXSRQ1</td><td  >6A</td><td  >0.500 V</td><td  >6.2 kQ to GND</td><td></td><td></td></tr>\n<tr><td  >TPS62871N0QWRXSRQ1</td><td  >9A</td><td  >0.750V</td><td  > Short to GND</td><td  >On</td><td  >0.5 ms</td></tr>\n<tr><td  >TPS62872N0QWRXSRQ1</td><td  >12 A</td><td  >0.875 V</td><td  >Short to VIN </td><td></td><td></td></tr>\n<tr><td  >TPS62873N0QWRXSRQ1</td><td  >15 A</td><td  >1.050 V</td><td  >47 kQ to VIN</td><td></td><td></td></tr>\n</table>"", ""<table><tr><td>HM ID</td><td>F13</td></tr><tr><td>模块功能 \nModule Function</td><td>VCC1V8用于EQ6、CAM、DDR、FLASH供电。VCC1V1用于EQ6、DDR供电。VCC50用于CAN收发器供电，现选择LP87702 PMIC方案。\nVCCIV8 is used to power EQ6, CAM, DDR, FLASH.VCC1V1 is used to power EQ6,DDR. VCC50 is used for CAN transceiver power supply, now choose LP87702 PMIC scheme. \n</td></tr><tr><td>模块框图\nModule diagram</td><td></td></tr><tr><td>模块方案\nModule solution</td><td>\n采用LP87702芯片，将VCC3V3转换为VCC1V8、VCC1V1、VCC50，其中VCC1V8用于EQ6、CAM、DDR、FLASH供电，VCC1V1用于EQ6、DDR供电，VCC50用于CAN收发器供电。用MCU的P15.3引脚使能该芯片的5V输出，用MCU_SCL_P15.4，MCU_SDA_P15.5 I2C通信来设置1.8V和1.1输出电压和使能。用MCU的P12.1引脚复位该芯片。\nLP87702 chip is used to convert VCC3V3 into VCC1V8, VCC1V1 and VCC50, in which VCC1V8 is used for EQ6, CAM, DDR and FLASH power supply, VCC1V1 is used for EQ6 and DDR power supply, and VCC50 is used for CAN transceiver power supplyP15.3 pin of MCU is used to enable 5V output of the chip, and MCU_SCL_P15.4, MCU_SDA_P15.5 I2C communication is used to set 1.8V and 1.1 output voltage and enable it. Reset the chip with P12.1 pin of the MCU. </td></tr></table>""]","{""original_context_count"": 30, ""original_context_characters"": 25009, ""scored_context_count"": 4, ""scored_context_characters"": 2011, ""contexts_truncated"": true, ""context_selection"": ""claim_coverage"", ""selected_evidence_ids"": [""document:b6943ae371d76077"", ""circuit:21:pin_mapping:U1700""], ""selected_claim_ids"": [""sq_1:claim_1"", ""sq_2:claim_1""], ""excluded_evidence_ids"": [""circuit:21:instance:U1700"", ""circuit:21:module_connection:Group 14 · Ethernet/PHY:Group 15 · Power/PMIC:GND"", ""circuit:21:module_connection:Group 14 · Ethernet/PHY:Group 17 · Power/PMIC:GND"", ""circuit:21:module_connection:Group 14 · Ethernet/PHY:Group 18 · Power/PMIC:GND"", ""circuit:21:module_connection:Group 14 · Ethernet/PHY:Group 6 · Power/PMIC:GND"", ""circuit:21:module_connection:Group 15 · Power/PMIC:Group 17 · Power/PMIC:GND"", ""circuit:21:module_connection:Group 15 · Power/PMIC:Group 18 · Power/PMIC:GND"", ""circuit:21:module_connection:Group 15 · Power/PMIC:Group 6 · Power/PMIC:GND"", ""circuit:21:module_connection:Group 17 · Power/PMIC:Group 18 · Power/PMIC:GND"", ""circuit:21:module_connection:Group 17 · Power/PMIC:Group 18 · Power/PMIC:MCU_SCL_P15.4"", ""circuit:21:module_connection:Group 17 · Power/PMIC:Group 18 · Power/PMIC:MCU_SDA_P15.5"", ""circuit:21:module_connection:Group 17 · Power/PMIC:Group 6 · Power/PMIC:GND"", ""circuit:21:net:MCU_nINT_PMIC_P12.1"", ""document:0987620a09f7a3bf"", ""document:0eb6659a764f4d29"", ""document:35108004bab10732"", ""document:5e69a562758e3536"", ""document:5fe56e0953406ff6"", ""document:a47f93f7ac4e825a"", ""document:a6f318d1053a4c7e"", ""document:a8815b0671c5a0ec"", ""document:aac59875b92ed6b0"", ""document:ac72bb1a220bade2"", ""document:bcb07de62999159b"", ""document:d69d04d302326d46"", ""document:df1cc9e82e10ab38"", ""document:e1cc3eaeb1e15088"", ""document:ea7b2234534382bf""]}",0.5999321331373495,0.771175461515005,0.75,not_applicable,0.499999999975,0.5,0.5,0.6111111111111112,not_applicable
hw-v1-joint-vcc0v75,success,VCC0V75 电源由哪颗芯片产生，输入是什么，文档有什么配置要求？,U1800 是 TPS62872，VIN 接 VCC3V3，VOSNS 对应 VCC0V75；配置要求见 HSI 7.3 节 TPS62872 配置。,"**VCC0V75 电源由 TI 的 TPS62872 芯片产生，其输入电源为 VCC3V3（3.3V）。文档中对该电源轨的配置要求包括：软件设置阈值范围为 0.673V 至 0.836V，并需通过 MCU 的 P22.0 引脚使能芯片，通过 I2C 通信（MCU_SDA_P15.5、MCU_SCL_P15.4）设置输出电压。**

**支撑证据：**

*   **产生芯片：** 文档明确说明“VCC3V3转VCC0V75应用于EQ6的内核供电，现选型TI的电源方案TPS62872”（来源：`document:0eb6659a764f4d29`、`document:b6943ae371d76077`）。
*   **输入电源：** 同一文档指出该转换路径为“VCC3V3 to VCC0V75”，即输入为 VCC3V3（来源：`document:0eb6659a764f4d29`、`document:b6943ae371d76077`）。
*   **配置要求：**
    *   **软件阈值：** 文档中“软件设置阈值”表格显示 VCC0V75 的配置范围为 0.673V 至 0.836V（来源：`document:ed178b5d659e251d`）。
    *   **使能与通信：** 文档描述该方案“用MCU的P22.0引脚使能芯片，用MCU_SDA_P15.5，MCU_SCL_P15.4引脚I2C通信来设置输出电压和通信”（来源：`document:0eb6659a764f4d29`、`document:b6943ae371d76077`）。
    *   **时序要求：** 文档中提及 VCC0V75 是 EQ6 系统六路电源之一，其上下电时序需由 MCU 控制（来源：`document:c04b893f1c2a267b`）。

**缺失信息：** 无。所有子问题均有明确证据覆盖。","**VCC0V75 电源由 TI 的 TPS62872 芯片产生，其输入电源为 VCC3V3（3.3V）。文档中对该电源轨的配置要求包括：软件设置阈值范围为 0.673V 至 0.836V，并需通过 MCU 的 P22.0 引脚使能芯片，通过 I2C 通信（MCU_SDA_P15.5、MCU_SCL_P15.4）设置输出电压。**

**支撑证据：**

*   **产生芯片：** 文档明确说明“VCC3V3转VCC0V75应用于EQ6的内核供电，现选型TI的电源方案TPS62872”（来源：`document:0eb6659a764f4d29`、`document:b6943ae371d76077`）。
*   **输入电源：** 同一文档指出该转换路径为“VCC3V3 to VCC0V75”，即输入为 VCC3V3（来源：`document:0eb6659a764f4d29`、`document:b6943ae371d76077`）。
*   **配置要求：**
    *   **软件阈值：** 文档中“软件设置阈值”表格显示 VCC0V75 的配置范围为 0.673V 至 0.836V（来源：`document:ed178b5d659e251d`）。
    *   **使能与通信：** 文档描述该方案“用MCU的P22.0引脚使能芯片，用MCU_SDA_P15.5，MCU_SCL_P15.4引脚I2C通信来设置输出电压和通信”（来源：`document:0eb6659a764f4d29`、`document:b6943ae371d76077`）。
    *   **时序要求：** 文档中提及 VCC0V75 是 EQ6 系统六路电源之一，其上下电时序需由 MCU 控制（来源：`document:c04b893f1c2a267b`）。

**缺失信息：** 无。所有子问题均有明确证据覆盖。","[""Net MCU_VCC0V75_EN connects R1801.&1, R1806.&2, TP1807.&1, U900E.P22.0/ASCLIN6_ARXE/QSPI3_MTSRD/ASCLIN3_ATX/QSPI3_MTSR/ASCLIN6_ATX."", ""Net MCU_VCC0V75_MIPI_DDR_EN connects R1813.&2, TP1813.&1, U1804.EN, U900E.P22.1/ASCLIN7_ARXE/QSPI3_MRSTD/ASCLIN3_ATX/QSPI3_MRST/ASCLIN7_ATX."", ""Net VCC0V75 connects C1806.&1, C1807.&1, C1808.&1, C1809.&1, C1810.&1, C1813.&2, C1814.&1, C1815.&1, C1816.&1, C1817.&1, C700.&1, C701.&1, C702.&1, C703.&1, C704.&1, C705.&1, C706.&1, C708.&1, C709.&1, C710.&1, C713.&1, C714.&1, C716.&1, C717.&1, C718.&1, C720.&1, C721.&1, C722.&1, C725.&1, C726.&1, C727.&1, C728.&1, C729.&1, C730.&1, C731.&1, C732.&1, L1800.&2, R1107.&1, R1819.&2, TP1800.&1, U1800.VOSNS, U400-3.VDD_CORE1, U400-3.VDD_CORE10, U400-3.VDD_CORE11, U400-3.VDD_CORE12, U400-3.VDD_CORE13, U400-3.VDD_CORE14, U400-3.VDD_CORE15, U400-3.VDD_CORE16, U400-3.VDD_CORE17, U400-3.VDD_CORE18, U400-3.VDD_CORE19, U400-3.VDD_CORE2, U400-3.VDD_CORE20, U400-3.VDD_CORE21, U400-3.VDD_CORE22, U400-3.VDD_CORE23, U400-3.VDD_CORE24, U400-3.VDD_CORE25, U400-3.VDD_CORE26, U400-3.VDD_CORE27, U400-3.VDD_CORE28, U400-3.VDD_CORE29, U400-3.VDD_CORE30, U400-3.VDD_CORE31, U400-3.VDD_CORE32, U400-3.VDD_CORE33, U400-3.VDD_CORE4, U400-3.VDD_CORE5, U400-3.VDD_CORE6, U400-3.VDD_CORE7, U400-3.VDD_CORE8, U400-3.VDD_CORE9, U400-3.VDD_CORE34, U400-3.VDD_CORE3."", ""<table><tr><td>电源轨</td><td colspan='2'>软件设置阈值</td></tr><tr><td>电源轨</td><td>Min</td><td>Max</td></tr><tr><td>VCC3V3_EQ</td><td>2.884</td><td>3.782</td></tr><tr><td>VCC1V8</td><td>1.613</td><td>2.012</td></tr><tr><td>VCC1V8_EQ</td><td>1.613</td><td>2.012</td></tr><tr><td>VCC1V1</td><td>0.993</td><td>1.253</td></tr><tr><td>VCC0V75</td><td>0.673</td><td>0.836</td></tr><tr><td>0V75_MIPI_DDR</td><td>0.658</td><td>0.842</td></tr><tr><td>VCC3V3_CAM</td><td>2.884</td><td>3.782</td></tr><tr><td>VCC1V8_CAM</td><td>1.603</td><td>2.023</td></tr><tr><td>VCC1V1_CAM</td><td>0.9335</td><td>1.284</td></tr><tr><td>VCC50</td><td>4.379</td><td>5.721</td></tr><tr><td>VCC3V3_ETH</td><td>2.731</td><td>3.961</td></tr></table>"", ""ADC电压采集阈值 The ADC voltage acquisition thresholdWCCA计算结果如下，软件应按照如下过欠压阈值设置：The WCCA calculation results are as follows. The software should be set according to the following overvoltage and undervoltage thresholds:EQ6L上下电时序要求 EQ6L Power-on and power-off sequence requirements共享和独占的硬件资源 Shared and Exclusive Hardware ResourceECU-MCU信号对应关系 ECU-MCU Signal MappingMCU时钟配置 MCU Clock Configuration存储器配置 Memeory ConfigurationTable 4-5Memory Configuration其他芯片配置 Other IC Configuration其他芯片的通讯机制 Communication Mechanism with Other ICLP87702配置 LP87702 ConfigurationLP87702运行期间需要MCU通过I2C配置的寄存器如下所示：Table 5-2 LP87702 ConfigurationTPS62872配置 TPS62872 ConfigurationTPS62872运行期间需要MCU通过I2C配置的寄存器如下所示：Table 5-3 TPS62872 Configuration安全机制 Safety MechanismsSystem levelHW level硬件安全分析无新增安全机制IC level模板变更历史Template Change History填写说明Filling instructions：变更单号YYYYMM00X为记录顺序号，如：202203002，表示的是2022年03月的第二份此类文档。首次发布不分配变更单号，变更单号处填NA。The change order number YYYYMM00X is the record sequence number, such as 202203002, which represents the second such document in March 2022. No change order number will be allocated for the first release, and Na will be filled in the change order number.变更原因填写以客户审核需要变更为例：由于XX客户在客户审核时发现XX问题，需要调整模板。Fill in the revision note. Take the need for change in customer audit as an example: because XX customer found XX problem during customer audit, the template needs to be adjusted.变更内容填写以客户审核发现问题需要更改为例：由于XX客户在客户审核时发现XX问题，特增加XXX的变更内容。"", ""<table><tr><td>HM ID</td><td>F11/F12/F13/F14/F15/F16/F17/F18/F19/F25/F27</td></tr><tr><td>模块功能 \nModule Function</td><td>系统使用车载电池12V电压供电，经过EMI电路后输入至电源转换芯片，转换输出系统各模块所需电源。\nThe system uses 12V voltage power supply from the vehicle battery, which is input to the power conversion chip through the EMI circuit. Then the power conversion chip convert and output the power required by each module of the system.</td></tr><tr><td>模块框图\nModule diagram</td><td></td></tr><tr><td>模块方案\nModule solution</td><td>KL30 EMI (ASIL-B)\nKL30供电口处增加EMI电路，用于供电保护和滤波。硬件电路设计在UBD网络增加两个串联ESD电容，PCB布局靠近主连接器引脚处，用于吸收外部ESD信号，后端增加双向TVS管用于瞬态过压保护\nThe EMI circuit is added at the KL30 power supply port for power supply protection and filtering. The hardware circuit design adds two series ESD capacitors in the UBD network, the PCB layout is close to the main connector pin for absorbing external ESD signals, and the two-way TVS tube is added at the back end for transient overvoltage protection.\nKL30 to VCC3V3 (ASILB)\nKL30转VCC3V3是系统一级DC-DC，给MCU提供VCC3V3_MCU电源，所以系统要求其满足ASILB，确保MCU功能安全。\nKL30 to VCC3V3 is a system primary DC-DC chip, because the MCU needs VCC3V3_MCU power supply, so the system requires it to meet the ASILB to ensure the functional safety of the MCU.\nVCC3V3_MCU to VCC1V25_MCU(ASILB)\n3V3转1V25_MCU是使用MCU内置控制器进行控制的BUCK电源，用于MCU的核供电，功能安全需求达到ASILB，确保MCU功能安全。\n3V3 to 1V25_MCU is a BUCK power supply controlled by MCU built-in controller, which is used for MCU nuclear power supply. Functional safety requirements meet ASILB to ensure the functional safety of MCU.\nVCC3V3 to VCC0V75(QM(B))\nVCC3V3转VCC0V75应用于EQ6的内核供电，要求输出电流能力大，现选型TI的电源方案TPS62872。用MCU的P22.0引脚使能芯片，用MCU_SDA_P15.5，MCU_SCL_P15.4引脚I2C通信来设置输出电压和通信。\nVCC3V3 to VCC0V75 is applied to the core power supply of EQ6, which requires large output current capacity. The power supply scheme TPS62872 of TI is selected. P22.0 pin of MCU is used to enable the chip, and MCU_SDA_P15.5, MCU_SCL_P15.4 pin I2C communication is used to set the output voltage and communication. \nVCC3V3 to 0V75_MIPI_DDR(QM(B))\nVCC3V3转0V75_MIPI_DDR用于EQ6的IO口供电，现使用矽力杰的SA23002进行设计。用MCU的P22.1引脚使能该芯片。\nVCC3V3 to 0V75_MIPI_DDR for EQ6 IO port power supply, Silergy’s SA23002 is designed. The P22.1 pin of the MCU is used to enable the chip.\nVCC3V3转VCC1V8、VCC1V1、VCC50(QM(B))\nVCC1V8用于EQ6、CAM、DDR、FLASH供电，VCC1V1用于EQ6、DDR供电，VCC50用于CAN收发器供电，现选择LP87702 PMIC方案。用MCU的P15.3引脚使能该芯片的5V输出，用MCU_SCL_P15.4，MCU_SDA_P15.5 I2C通信来设置1.8V和1.1V输出电压和使能。\nVCC1V8 is used for EQ6, CAM, DDR, FLASH power supply, VCC1V1 is used for EQ6, DDR power supply, VCC50 is used for CAN transceiver  power supply, LP87702 PMIC scheme is selected. P15.3 pin of MCU is used to enable 5V output of the chip, and MCU_SCL_P15.4, MCU_SDA_P15.5 I2C communication is used to set 1.8V and 1.1V output voltage and enable it. \nVCC3V3 to VCC3V3_EQ(QM(B))\nVCC3V3转VCC3V3_EQ用于EQ6的IO和摄像头供电，现使用负载开关进行设计。用MCU的P20.3引脚使能该芯片。\nVCC3V3 to VCC3V3_EQ for EQ6’s IO and camera power supply, now using the load switch is designed. .The P20.3 pin of the MCU is used to enable the chip.\n\tVCC3V3 to VCC3V3_ETH(QM)\n3V3转3V3_ETH用于ETH供电，现选择负载开关方案。用MCU的P21.0引脚使能该芯片。\n3V3 to 3V3_ETH for ETH power supply, the load switch scheme is selected. . The P21.0 pin of the MCU is used to enable the chip.\n\tVCC1V8 to VCC1V8_EQ(QM(B))\nVCC1V8转VCC1V8_EQ用于EQ供电，现选择负载开关方案。用MCU的P20.0引脚使能该芯片。\nVCC1V8 to VCC1V8_EQ for EQ power supply, the load switch scheme is selected. . The P20.0 pin of the MCU is used to enable the chip.</td></tr><tr><td colspan='2'></td></tr></table>"", ""3.3.5 EQ6最小系统 EQ6 minimum system\t553.3.6 摄像头最小系统 camera minimum system\t593.3.7 看门狗电路 Watchdog circuit\t613.3.8 温度采样电路 Temp Sample circuit\t623.3.9 ETH电路 ETH circuit\t633.3.10 CAN FD电路 CAN FD circuit\t654\tADC电压采集阈值 The ADC voltage acquisition threshold\t685\tEQ6L上下电时序要求 EQ6L Power-on and power-off sequence requirements\t686\t共享和独占的硬件资源 Shared and Exclusive Hardware Resource\t696.1 ECU-MCU信号对应关系 ECU-MCU Signal Mapping\t696.2 MCU时钟配置 MCU Clock Configuration\t706.3 存储器配置 Memeory Configuration\t717\t其他芯片配置 Other IC Configuration\t717.1 其他芯片的通讯机制 Communication Mechanism with Other IC\t717.2 LP87702配置 LP87702 Configuration\t727.3 TPS62872配置 TPS62872 Configuration\t728\t安全机制 Safety Mechanisms\t736.1 System level\t736.2 HW level\t736.3 IC level\t73概述 Introduction目的 Purpose软硬接口文档的目的是描述软件和硬件的交互，并且确保软件硬件和TSR的一致性。The goal of the hardware software interface document is to specify the hardware and software interaction and be consistent with the technical safety concept.适用范围 Range of Application此文档适用于奇瑞EQ6L T1G ADAS项目的功能安全开发全过程。This document is applied for the whole functional safety development process of  EQ6L T1G ADAS project.读者对象 TReader项目经理Project Manager项目组成员Project Team Members功能安全经理Functional Safety Manager功能安全工程师Functional Safety System Engineer硬件工程师 Hardware Engineer软件工程师 Software Engineer质量和审查人员QA and Assessor产品测试人员Product Test Engineer"", ""<table><tr><td>HM ID</td><td>F14</td></tr><tr><td>模块功能 \nModule Function</td><td>VCC3V3转VCC0V75应用于EQ6的内核供电，要求输出电流能力大，现选型TI的方案TPS62872。\nVCC3V3 to VCCOV75 is applied to the kernel power supply of EQ6, which requires large output current capacity. TI's scheme TPS62872 is selected.</td></tr><tr><td>模块框图\nModule diagram</td><td></td></tr><tr><td>模块方案\nModule solution</td><td>\t采用TPS62872电源芯片，将VCC3V3转换为VCC0V75，提供给EQ6核电供电。用MCU的P22.0引脚使能芯片，用MCU_SDA_P15.5，MCU_SCL_P15.4引脚I2C通信来设置输出电压和通信。\nTPS62872 power chip is used to convert VCC3V3 to VCCOV75, which is supplied to EQ nuclear power supply. P22.0 pin of MCU is used to enable chip, MCU_SDA_P15.5, MCU_SCL_P15.4 pin I2C communication is used to set output voltage and communication. +</td></tr></table>"", ""\nNone：MCU采样EQ6l系统的VCC0V75_MIPI_DDR电源电压\n精度要求：0V75±5%; MCU Component ：F01/ MCU; None：B; None：W4; None：AN18; None：AN18/P40.11/SENT_SENT11A/EVADC_G11CH8/EVADC_G2CH2; None：ADC，分辨率10bit; None：0V75_MIPI_DDR_ACQ; None：/; None：I; None：0V75_MIPI_DDR电压采样\nU0V75_MIPI_DDR_ACQ=3.3*ADC值/1024\n硬件滤波截止频率：≥121.7Hz\n硬件滤波时间：≤1.6ms\n精度要求：0.75V±5%; None：HI-Z; None：—; SW Variable Name or SW Function Name：— ——Port1\nNone：MCU采样摄像头系统的3.3V电源电压，精度要求：3V3±5%; MCU Component ：F01/ MCU; None：B; None：T7; None：AN12; None：AN12/EVADC_G1CH4/EDSADC_EDS0PB; None：ADC，分辨率10bit; None：VCC3V3_CAM_ACQ; None：/; None：I; None：索尼摄像头模组电源3.3V电压采样。\nCAM 3V3电压采样\nU3V3_CAM_ACQ=3.3*ADC值/1024\nU3V3_CAM=U3V3_CAM_ACQ/分压比，分压比=1/2\n精度要求：3.3V±5%; None：HI-Z; None：—; SW Variable Name or SW Function Name：— ——Port1\nNone：MCU采样摄像头的1V1电源电压，精度要求：1~1.2V; MCU Component ：F01/ MCU; None：B; None：W6; None：AN13; None：AN13/EVADC_G1CH5/EDSADC_EDS0NB; None：ADC，分辨率10bit; None：VCC1V1_CAM_ACQ; None：/; None：I; None：索尼摄像头模组电源1.1V电压采样。\nU1V1_ACQ=3.3*ADC值/1024\n精度：1~1.2V\n硬件滤波截止频率：≥121.7Hz\n硬件滤波时间：≤1.6ms; None：HI-Z; None：—; SW Variable Name or SW Function Name：— ——Port1"", ""<table><tr><td>HM ID</td><td>F2/F3/F4/F28</td></tr><tr><td>运行模式\nOperation Mode</td><td>上电模式、下电模式、运行模式、复位模式\nPower on mode, Power off mode, Run mode,Reset mode</td></tr><tr><td>模式定义\nDefinition of Operation mode</td><td>1、上电模式\nMCU按照时序控制EQ6的电源VCC3V3_EQ、VCC1V8、VCC1V8_EQ、VCC0V75、0V75_MIPI_DDR、VCC1V1上电和复位信号EYEQ6_RESET_N配置为高电平。\n2、下电模式\nMCU按照时序控制EQ6的电源VCC3V3_EQ、VCC1V8、VCC1V8_EQ、VCC0V75、0V75_MIPI_DDR、VCC1V1下电，复位信号EYEQ6_RESET_N配置为低电平。\n3、运行模式\nEQ6系统工作，实时处理CAM图像数据并发送给MCU。\n4、复位模式\nMCU控制复位信号EYEQ6_RESET_N配置为低电平，EQ6进入复位状态。\nPower on mode\nMCU controls EQ6 power supply VCC3V3_EQ, VCC1V8, VCC1V8_EQ, VCCOV75, 0V75_MIPI_DDR, VCC1V1 power on and RESET signal EYEQ6 RESET_N to high level according to timing. \nPower off mode\nMCU controls the power supply VCC3V3_EQ, VCCIV8, VCC1V8_EQ, VCCOV75, OV75_MIPI_DDR and VCC1V1 of EQ6 according to the timing, and the reset signal EYEQ6_RESET_N is configured to low level. \nRun mode\nThe EQ6 system works and processes CAM image data in real time and sends it to the MCU.\nReset mode\nMCU controls the reset signal EYEQ6_RESET_N configured to low and EQ6 enters the reset state.</td></tr><tr><td>模式切换接口\nMode switching interface</td><td></td></tr><tr><td>模式状态机\nMode state machine</td><td></td></tr><tr><td>模式切换条件\nMode switching condition</td><td>参考：\n产品系统需求规格说明\n产品系统方案设计说明书\nReference: \nProduct system requirement specification \nProduct system scheme design specification.</td></tr><tr><td>备注\nNote</td><td>EYEQ6L需要6路电源：VCC3V3_EQ、VCC1V8、VCC1V8_EQ、VCC0V75、0V75_MIPI_DDR、VCC1V1，其中VCC0V75用于给内核供电。复位信号由MCU通过GPIO口进行控制。\nEYEQ6L 6路电源的上下电和复位信号时序由MCU进行控制，时序要求如下所示：\nEYEQ6L requires six power sources: VCC3V3-EQ, VCC1V8, VCC1V8-EQ, VCCOV75, 0V75_MIPI_DDR, VCC1V1, where VCCOV75 is used to power the core. The reset signal is controlled by the MCU through the GPIO port. The timing of EYEQ6L's power on and off and reset signals are controlled by MCU, and the timing requirements are as follows:\n\n</td></tr></table>"", ""\nHW Interface Component ：QM; None：F15/POWER; None：1、电源转换芯片SA23002，VCC3V3转VCC0V75_MIPI_DDR。\n2、SA23002由MCU进行使能和关断控制。; MCU Component ：F01/MCU; None：QM; None：P19; None：P22.1; None：P22.1/GTM_TIM1_IN0_8/GTM_TIM0_IN0_8/QSPI4_MRSTB/GTM_TOUT48/QSPI4_MRST/QSPI4_SCLKP; None：GPIO; None：MCU_VCC0V75_MIPI_DDR_EN; None：/; None：O; None：VCC0V75_MIPI_DDR电源使能控制信号\n高：使能VCC0V75_MIPI_DDR电源\n低：关断VCC0V75_MIPI_DDR电源; None：HI-Z, 硬件外部下拉; None：—; SW Variable Name or SW Function Name：— ——Port1\nECU Connector：X2000-54; None：SPI Communction; HW Interface Component ：B; None：F02/EYEQ6L; None：MCU_SPI0（slave）\nEQ6L_SPI0（master）\n速率：10Mbps; MCU Component ：F01/MCU; None：B; None：E20; None：P20.11; None：P20.11/GTM_TIM3_IN7_6/GTM_TIM2_IN7_6/QSPI0_SCLKA/GTM_TOUT67/QSPI0_SCLK; None：QSPI0_SCLKA; None：MCU_SPI0_CLK_P20.11; None：/; None：I; None：EQ发送SPI时钟信号到MCU\nMCU配置为内置下拉（SPI模式配置为：极性CPOL=0，相位CPHA=1）; None：HI-Z; None：—; SW Variable Name or SW Function Name：— ——Port1\nECU Connector：X2000-57; MCU Component ：F01/MCU; None：B; None：D20; None：P20.13; None：P20.13/GTM_TIM3_IN1_4/GTM_TIM2_IN1_4/QSPI0_SLSIA/GTM_TOUT69/QSPI0_SLSO2/QSPI1_SLSO2/QSPI0_SCLK; None：QSPI0_SLSIA; None：MCU_SPI0_CS_P20.13; None：/; None：I; None：EQ发送SPI片选信号到MCU\nMCU配置为内置上拉（SPI模式配置为：极性CPOL=0，相位CPHA=1）; None：HI-Z; None：—; SW Variable Name or SW Function Name：— ——Port1"", ""\nNone：MCU采样EQ6L系统的VCC1V8_EQ电源电压\n精度要求：1V8±5%; MCU Component ：F01/ MCU; None：B; None：Y9; None：AN5; None：AN5/EVADC_G11CH1/EVADC_G0CH5; None：ADC，分辨率10bit; None：1V8_EQ_ACQ; None：/; None：I; None：1V8_EQ电压采样\nU1V8_EQ_ACQ=3.3*ADC值/1024\n精度：1V8_EQ±5%\n硬件滤波截止频率：≥121.7Hz\n硬件滤波时间：≤1.6ms; None：HI-Z; None：—; SW Variable Name or SW Function Name：— ——Port1\nNone：MCU采样EQ6L系统的VCC1V1电源电压\n精度要求：1.06V～1.17V; MCU Component ：F01/ MCU; None：B; None：T9; None：AN4; None：AN4/EVADC_G11CH0/EVADC_G0CH4; None：ADC，分辨率10bit; None：1V1_ACQ; None：/; None：I; None：1V1电压采样\nU1V1_ACQ=3.3*ADC值/1024\n精度：1.06V～1.17V\n硬件滤波截止频率：≥121.7Hz\n硬件滤波时间：≤1.6ms; None：HI-Z; None：—; SW Variable Name or SW Function Name：— ——Port1\nNone：MCU采样EQ6l系统的VCC0V75电源电压\n精度要求：0V75±3%; MCU Component ：F01/ MCU; None：B; None：W3; None：AN19; None：AN19/EVADC_G11CH9/EVADC_G2CH3; None：ADC，分辨率10bit; None：0V75_ACQ; None：/; None：I; None：0V75电压采样\nU0V75_ACQ=3.3*ADC值/1024\n硬件滤波截止频率：≥121.7Hz\n硬件滤波时间：≤1.6ms\n精度要求：0.75V±3.3%; None：HI-Z; None：—; SW Variable Name or SW Function Name：— ——Port1"", ""<table><tr><td>HM ID</td><td>F01/F08/F09</td></tr><tr><td>模块功能 \nModule Function</td><td>系统需求需要板内电源电压进行ADC采样和异常监控，要求功能安全达到ASIL-B等级，确保EQ6系统工作安全。\nThe system requirements require the on-board power supply voltage for ADC sampling and anomaly monitoring, and the functional safety is required to reach ASIL-B level to ensure the working safety of EQ6 system.</td></tr><tr><td>模块框图\nModule diagram</td><td></td></tr><tr><td>模块方案\nModule solution</td><td>EQ6系统电源电压采样  \n系统需求需要MCU对LP87702、TPS62872、SA23002、TPS22918和摄像头端的电压VCC3V3_EQ，VCC1V8，VCC1V1，VCC0V75，0V75_MIPI_DDR、VCC3V3_CAM，VCC_1V8_CAM、VCC1V1_CAM进行ADC采样和异常监控。其中VCC1V8，VCC1V1，VCC0V75，0V75_MIPI_DDR，VCC_1V8_CAM、VCC1V1_CAM电压范围未超量程对电压直接采样。VCC3V3_EQ和VCC3V3_CAM经过两个10K 1%精度电阻分压后采样。VCC3V3_EQ用AN2引脚采样，VCC1V8用AN3引脚采样，VCC1V1用AN4引脚采样，VCC1V8_EQ用AN5引脚采样，VCC3V3_CAM用AN12引脚采样，VCC1V1_CAM用AN13引脚采样，VCC1V8_CAM用AN14引脚采样，VCC0V75_MIPI_DDR用AN18引脚采样，VCC0V75用AN19引脚采样。\nEQ6 system power supply voltage sampling\nThe system requirements specify that the MCU must perform ADC sampling and abnormal monitoring on the voltages VCC3V3_EQ, VCC1V8, VCC1V1, VCC0V75, 0V75_MIPI_DDR, VCC3V3_CAM, VCC_1V8_CAM, and VCC1V1_CAM for the LP87702, TPS62872, SA23002, TPS22918, and camera-side devices. Among these voltages, VCC1V8, VCC1V1, VCC0V75, 0V75_MIPI_DDR, VCC_1V8_CAM, and VCC1V1_CAM have voltage ranges within the measurement range and are directly sampled. VCC3V3_EQ and VCC3V3_CAM are sampled after being divided by two 10K resistors with 1% precision. Specifically, VCC3V3_EQ is sampled using AN2, VCC1V8 using AN3, VCC1V1 using AN4, VCC1V8_EQ using AN5, VCC3V3_CAM using AN12, VCC1V1_CAM using AN13, VCC_1V8_CAM using AN14, 0V75_MIPI_DDR using AN18, and VCC0V75 using AN19.\nCAN&ETH电源电压采样\n系统需求MCU对LP87702、TPS22918的输出电压VCC3V3_ETH，VCC50进行ADC采样和异常监控，VCC3V3_ETH和VCC50经过两个10K 1%精度电阻分压后采样。VCC3V3_ETH用AN8引脚采样，VCC50用AN1引脚采样。\nCAN&ETH power supply voltage sampling\nThe system requirements specify that the MCU must perform ADC sampling and abnormal monitoring on the output voltages VCC3V3_ETH and VCC50 from the LP87702 and TPS22918. Both VCC3V3_ETH and VCC50 are sampled after being divided by two 10K resistors with 1% precision. Specifically, VCC3V3_ETH is sampled using AN8, and VCC50 is sampled using AN1.</td></tr></table>"", ""表3.2 系统功能矩阵表运行模式定义 Definition of Operation Mode系统运行模式描述系统硬件启动流程，硬件初始化到软件接管控制的流程介绍。主要包括上电运行流程、下电流程。System operation mode describes the system hardware start-up process, hardware initialization to software take over control process. It mainly includes power on operation process and power off process.上电运行流程如下：下电流程如下：备注：MCU检测到唤醒无效后，停止对EQ6、CAN等系统供电，并执行MCU的数据保存。EQ6系统的六路电源需要按照EQ6的要求时序就行上下电控制。运行模式转换条件 Transition Condition of Operation ModeKL30电源管理电路 KL30 supply management circuit唤醒电路 Wake Up circuit电源电路 Power CircuitKL30 EMI电路 KL30 EMI circuitKL30转VCC3V3 KL30 to VCC3V3VCC3V3_MCU转VCC1V25_MCU  VCC3V3_MCU to VCC1V25_MCUVCC3V3转VCC0V75  VCC3V3 to VCC0V75VCC3V3转0V75_MIPI_DDR VCC3V3 to 0V75_MIPI_DDRVCC3V3转VCC1V8、VCC1V1、VCC50   VCC3V3 to VCC1V8、VCC1V1、VCC50VCC3V3转VCC3V3_EQ  VCC3V3 to VCC3V3_EQVCC3V3转VCC3V3_ETH  VCC3V3 to VCC3V3_ETHVCC1V8转VCC1V8_EQ  VCC1V8 to VCC1V8_EQTC377最小系统 TC377 minimum systemEQ6最小系统 EQ6 minimum system摄像头最小系统 camera minimum system看门狗电路 Watchdog circuit温度采样电路 Temp Sample circuitETH电路 ETH circuitCAN FD电路 CAN FD circuit"", ""\nOTHERQUALIFIEDVERSIONSOFTPS62872-Q1,TPS62873-Q1:\n·Catalog :TPS62872,TPS62873\nNOTE: Qualified Version Definitions:\n·Catalog - Tl's standard catalog product\nTAPEANDREELINFORMATION\nPACKAGE MATERIALSINFORMATION\nPLASTIC QUAD FLAT PACK- NO LEAD\nNOTES:\n All linear dimensions are in millimeters. Any dimensions in parenthesis are for reference only. Dimensioning and tolerancing 1.\nper ASME Y14.5M.\nThis drawing is subject to change without notice.2.\nThe package thermal pad must be soldered to the printed circuit board for optimal thermal and mechanical performance.3.\nPLASTICQUADFLATPACK-NOLEAD\n4226093/E 09/2022\nNOTES: (continued)\nThis package is designed to be soldered to a thermal pad on the board. For more information, see Texas Instruments literature4.\nnumberSLUA271(www.ti.com/lit/slua271).\nVias are optional depending on application, refer to device data sheet. If any vias are implemented, refer to their locations shown5.\non this view. It is recommended that vias under paste be flled, plugged or tented.\nSCALE: 15X\nNOTES:(continued)\nLaser cutting apertures with trapezoidal walls and rounded corners may offer better paste release. IPC-7525 may have alternate6.\ndesign recommendations."", ""<table><caption> over operating junction temperature (Tj = -40 °℃ to 150 °C) and Vin = 2.7 V to 6 V. Typical values at Vin = 3.3 V and Tj = 25</caption>\n<tr><th  >°C (unless otherwise noted).</th><th  >PARAMETER</th><th  > TEST CONDITIONS</th><th  >MIN</th><th  >TYP</th><th  >MAX</th><th  >UNIT</th></tr>\n<tr><th  >loH</th><th  >High-level output current (PG)</th><th  >VoH = 3.3 V</th><th></th><th></th><th  >200</th><th  >nA</th></tr>\n<tr><th  >VIH</th><th  >High-level input voltage (PG)</th><th  >Device configured as a secondary device  in stacked operation</th><th  >0.8</th><th></th><th></th><th  >V</th></tr>\n<tr><th  >VIL</th><th  >Low-level input voltage (PG)</th><th  >Device configured as a secondary device  in stacked operation </th><th></th><th></th><th  >0.4</th><th  >V</th></tr>\n<tr><th  >liH</th><th  >High-level input current (PG)</th><th  > Device configured as a secondary device in stacked operation</th><th></th><th></th><th></th><th  >μA</th></tr>\n<tr><th  >IL</th><th  >Low-level input current (PG)</th><th  > Device configured as a secondary device in stacked operation </th><th  >-1</th><th></th><th></th><th  >μA</th></tr>\n<tr><th  >td(PG)</th><th  >Deglitch time (PG)</th><th  > High-to-low or low-to-high transition on  the PG pin </th><th  >34</th><th  >40</th><th  >46</th><th  >μs</th></tr>\n<tr><th  >OUTPUT</th><th></th><th></th><th></th><th></th><th></th><th></th></tr>\n<tr><td  >VouT</td><td  >Output accuracy</td><td  >VIn ≥ Vout + 1.4 V</td><td  >-1</td><td></td><td  >1</td><td  >% </td></tr>\n<tr><th  >IB</th><th  >Input bias current (GOSNS)</th><th  >V(GosNs) = -100 mV to 100 mV </th><th  >-6</th><th></th><th></th><th  >μA</th></tr>\n<tr><th  >IB</th><th  >Input bias current (VOSNS)</th><th  >V(vosns) = 3.3 v, Vin = 6 V</th><th></th><th></th><th  >6</th><th  >μA</th></tr>\n<tr><th  >VicR</th><th  >Input common-mode range (GOSNS)</th><th></th><th  >-100</th><th></th><th  >100</th><th  >mV</th></tr>\n<tr><td></td><td></td><td  >fsw = 1.5 MHz, PWM operation, VIn 3.3 V, Vout = 0.75 V</td><td  >1.35</td><td  >1.5</td><td  >1.65</td><td></td></tr>\n<tr><td></td><td></td><td  >fsw = 2.25 MHz, PWM operation, VIn 3.3 V, Vout = 0.75 V</td><td  >2.025</td><td  >2.25</td><td  >2.475</td><td></td></tr>\n<tr><th  >fsw</th><th  >Switching frequency (SW)</th><th  >fsw = 2.5 MHz, PWM operation, VIn 3.3 V, Vout = 0.75 V</th><th  >2.25</th><th  >2.5</th><th  >2.75</th><th  >MHz</th></tr>\n<tr><td></td><td></td><td  >fsw = 3 MHz, PWM operation, VIn 3.3 V, Vout = 0.75 V</td><td  >2.7</td><td  >3</td><td  >3.3</td><td></td></tr>\n<tr><th  >fmod</th><th  >Frequency of the spread-spectrum sweep</th><th></th><th></th><th  >fsw/2048</th><th></th><th  >kHz</th></tr>\n<tr><th  >△fsw</th><th  > Switching frequency variation during  spread-spectrum operation</th><th></th><th></th><th  >±10%</th><th></th><th></th></tr>\n<tr><th  >T</th><th  >Emulated current time constant</th><th></th><th></th><th  >12.5</th><th></th><th  >μS</th></tr>\n<tr><th  >[DS(on) </th><th  >High-side FET static on-state resistance</th><th  >VIn = 3.3 V</th><th></th><th></th><th  >16</th><th  >mQ</th></tr>\n<tr><th  >[DS(on) </th><th  >Low-side FET static on-state resistance</th><th  >VIn = 3.3 V</th><th></th><th  >4.1</th><th  >9.4</th><th  >mQ</th></tr>\n<tr><th  >I(sw)(off)</th><th  >High-side FET off-state current Low-side FET off-state current</th><th  >VIn = 6 V, V(sw) = 0 v, TJ= 25 °℃ VIn = 6 V, V(sw) = 6 V, T= 25 °℃</th><th  >-1</th><th></th><th  >100</th><th  >μA</th></tr>\n<tr><td></td><td  >TPS62870-Q1</td><td></td><td  >9</td><td  >12</td><td  >14</td><td></td></tr>\n<tr><td  >ILIM</td><td  >High-side FET forward TPS62871-Q1 switch current limit, DC  TPS62872-Q1</td><td></td><td  >12 15</td><td  >16 20</td><td  >18 22</td><td  >A</td></tr>\n<tr><td></td><td  >TPS62873-Q1</td><td></td><td  >18</td><td  >24</td><td  >26</td><td></td></tr>\n<tr><td></td><td  >Low-side FET negative current limit, DC </td><td></td><td  >7.5</td><td></td><td  >12</td><td  >A</td></tr>\n</table>"", ""\n10.4PowerSupplyRecommendations\nThe TPS6287x-Q1 family has no special requirements for its input power supply. The output current rating of the input power supply must be rated according to the supply voltage and current requirements of the TPS6287X-Q1\n10.5Layout\n10.5.1 Layout Guidelines\nAchieving the performance the TPS6287x-Q1 devices are capable of requires proper PDN and PCB design.\nTI therefore recommends the user perform a power integrity analysis on their design. There are a number of commercially available power integrity software tools, and the user can use these tools to model the effects on performance of the PCB layout and passive components.\nIn addition to the use of power integrity tools, Tl recommends the following basic principles:\n· Place the input capacitors close to the VIN and GND pins. Position the input capacitors in order of increasing size, starting with the smallest capacitors closest to the VIN and GND pins. Use an identical layout for both\nVIN-GND pin pairs of the package, to gain maximum benefit from the butterfly configuration.\n·Place the inductor close to the device and keep the SW node small.\n· Connect the exposed thermal pad and the GND pins of the device together. Use multiple thermal vias to\nconnect the exposed thermal pad of the device to one or more ground planes (Tl's EVM uses nine 150-μm\nthermal vias).\n·Use multiple power and ground planes.\n· Route the VOSNS and GOSNS remote sense lines as a differential pair and connect them to the lowest- impedance point of the PDN. If the desired connection point is not the lowest impedance point of the PDN, optimize the PDN until it is. Do not route the VOSNS and GOSNS close to any of the switch nodes.\n· Connect the compensation components between VOSNS and GOSNS. Do not connect the compensation components directly to power ground.\n· If possible, distribute the output capacitors evenly between the TPS6287x-Q1 device and the point-of-load, rather than placing them altogether in one place.\n· Use multiple vias to connect each capacitor pad to the power and ground planes (TI's EVM typically uses four vias per pad).\nUse plenty of stitching vias to ensure a low impedance connection between different power and ground· planes.\nProduct Folder Links: TPS62870-Q1TPS62871-Q1 TPS62872-Q1 TPS62873-Q1"", ""\nThe peak-to-peak inductor current ripple is given by:\n3.3 - 0.75\n2.342A\ninductors from other manufacturers can also be suitable.\n10.2.2.2 Selecting the Input Capacitors\nAs with all buck converters, the input current of the TPS6287x-Q1 devices is discontinuous. The input capacitors provide a low-impedance energy source for the device, and their value, type, and location are critical for correct operation. Tl recommends low-ESR multilayer ceramic capacitors for best performance. In practice, the total\nProduct Folder Links: TPS62870-Q1TPS62871-Q1 TPS62872-Q1 TPS62873-Q1\ninput capacitance is typically comprised of a combination of different capacitors, in which larger capacitors provide the decoupling at lower frequencies and smaller capacitors provide the decoupling at higher frequencies.\nThe TPS6287x-Q1 devices feature a butterfly layout with two pairs of VIN and GND pins on opposite sides of the package. This allows the input capacitors to be placed symmetrically on the PCB so that the electromagnetic fields generated cancel each other out, thereby reducing EMl.\nThe duty cycle of the converter is given by:\nVoUT D = xVT\nwhere\n· Vin is the input voltage.\n· Vout is the output voltage.\n· n is the efficiency.\nThe value of input capacitance needed to meet the input voltage ripple requirements is given by:\nwhere\n· D is the duty cycle.\n·  fsw is the switching frequency.\n· L is the inductance.\n· lout is the output current.\n100mV is used as the input voltage ripple target.\nThe value of Cin calculated with Equation 9 is the effective capacitance after all derating, tolerance, and aging effects have been considered. 5 μF effective capacitance per input pin is required. Tl recommends multilayer ceramic capacitors with an X7R dielectric (or similar) for Cin, and these capacitors must be placed as close to the VIN and GND pins as possible to minimize the loop area.\n capacitors from other manufacturers can also be suitable.\n10.2.2.3 Selecting the Compensation Resistor\nUse Equation 11 to calculate the recommended value of compensation resistor, Rz:\nProduct Folder Links: TPS62870-Q1TPS62871-Q1 TPS62872-Q1 TPS62873-Q1"", ""\n9.3.11 Undervoltage Lockout (UVLO)\nThe device has an undervoltage lockout function that disables the device if the supply voltage is too low for correct operation. The negative-going threshold of the UVLO function is 2.5 V (typical). If the supply voltage decreases below this value, the device stops switching and, if DISCHEN = 1 in the CONTROL1 register, turns on the output discharge.\n9.3.12 Overvoltage Lockout (OVLO)\nThe device has an overvoltage lockout function that disables the DC/DC converter if the supply voltage is too high for correct operation. The positive-going threshold of the OVLO function is 6.3 V (typical). If the supply voltage increases above this value, the device stops switching and, if DISCHEN = 1 in the CONTROL1 register, turns on the output discharge.\nThe device automatically starts switching again - it begins a new soft-start sequence - when the supply voltage falls below 6.2 V (typical)\n9.3.13 Overcurrent Protection\n9.3.13.1 Cycle-by-Cycle Current Limiting\nIf the peak inductor current increases above the high-side current limit threshold, the device turns off the high-side switch and turns on the low-side switch to ramp down the inductor current. The device only turns on the high-side switch again if the inductor current has decreased below the low-side current limit threshold.\nNote that because of the propagation delay of the current limit comparator, the current limit threshold in practice can be greater than the DC value specified in the Electrical Characteristics. The current limit in practice is given by:\nwhere:\n· I, is the inductor current.\n·ILiMH is the high-side current limit threshold measured at DC\nProduct Folder Links: TPS62870-Q1TPS62871-Q1 TPS62872-Q1 TPS62873-Q1"", ""\n9.4 Device Functional Modes\n9.4.1 Power-On Reset\nThe device operates in POR mode when the supply voltage is less than the POR threshold, 1.4 V (typical).\nIn POR mode, no functions are available and the content of the device registers is not valid.\nThe device leaves POR mode and enters UVLO mode when the supply voltage increases above the POR threshold\n9.4.2 Undervoltage Lockout\nThe device operates in UVLO mode when the supply voltage is between the POR and UVLO thresholds.\nIf the device enters UVLO mode from POR mode, no functions are available. If the device enters UVLO mode from standby mode, the output discharge function is available. The content of the device registers is valid in UVLO mode.\nThe device leaves UVLO mode and enters POR mode when the supply voltage decreases below the POR threshold. The device leaves UVLO mode and enters standby mode when the supply voltage increases above the UVLO threshold.\n9.4.3 Standby\nThe device operates in standby mode when the supply voltage is greater than the UVLO threshold (and the device has completed its initialization) and any of the following conditions is true:\n· A low level is applied to the EN pin.\nSWEN = 0 in the CONTROL1 register.· The device junction temperature is greater than the thermal shutdown threshold.\n·The supply voltage is greater than the OVLO threshold.\nThe device initializes for 4o0 μs (typical) after the supply voltage increases above the UVLO threshold voltage following a device power-on reset. If the supply voltage decreases below the UVLO threshold but not below the POR threshold, the device does not reinitialize when the supply voltage increases again. During initialization, the device reads the state of the FSEL, VSEL, and SYNC_OUT pins.\nThe following functions are available in standby mode:\n· I2C interface ·Output discharge ·Power good\nProduct Folder Links: TPS62870-Q1TPS62871-Q1 TPS62872-Q1 TPS62873-Q1\nThe device leaves standby mode and enters UVLO mode when the supply voltage decreases below the UVLO threshold. The device leaves standby mode and enters on mode when all of the following conditions are true:\n· A high-level is applied to the EN pin.\n· SWEN = 1 in the CONTROL1 register.\nThe device junction temperature is below the thermal shutdown threshold.· · The supply voltage is below the OVLO threshold."", ""<table><caption> Table9-5.DefaultOutputVoltageSetpoints</caption>\n<tr><td  >VSEL Pin(1)</td><td  >Device Number</td><td  >VSET[7:0]</td><td  >Output Voltage Setpoint</td></tr>\n<tr><td></td><td  >TPS6287x-Q1</td><td  >0x5a</td><td  >850 mV</td></tr>\n<tr><td></td><td  >TPS6287xY0-Q1</td><td  >0x50</td><td  >800 mV</td></tr>\n<tr><td></td><td  >TPS6287xY1-Q1</td><td  >0x14</td><td  >500 mV</td></tr>\n<tr><td></td><td  >TPS6287xY2-Q1</td><td  >0x64</td><td  >1800 mV</td></tr>\n<tr><td  >6.2 kQ to GND</td><td  >TPS6287xY3-Q1</td><td  >0x52</td><td  >810 mV</td></tr>\n<tr><td></td><td  >TPS6287xN0-Q1</td><td  >0x14</td><td  >500 mV</td></tr>\n<tr><td></td><td  >TPS6287xN1-Q1</td><td  >0x50</td><td  >800 mV</td></tr>\n<tr><td></td><td  >TPS6287xN2-Q1</td><td  >0x64</td><td  >1800 mV</td></tr>\n</table>"", ""<table><caption> Table 9-15. CONTROL2 Register Field Descriptions</caption>\n<tr><td  >Bit</td><td  >Field</td><td  >Type</td><td  >Reset</td><td  >Description</td></tr>\n<tr><td  >7-4</td><td  >RESERVED</td><td  >R</td><td  >0000b</td><td  >Reserved for future use. For compatibility with future device variants,</td></tr>\n<tr><td></td><td></td><td></td><td></td><td  >program these bits to 0.</td></tr>\n<tr><td  >3-2</td><td  >VRANGE</td><td  >R/W</td><td  >10b</td><td  >Output voltage range</td></tr>\n<tr><td></td><td></td><td></td><td></td><td  >00b = 0.4 V to 0.71875 V in 1.25-mV steps</td></tr>\n<tr><td></td><td></td><td></td><td></td><td  >01b = 0.4 V to 1.0375 V in 2.5-mV steps</td></tr>\n<tr><td></td><td></td><td></td><td></td><td  >10b = 0.4 V to 1.675 V in 5-mV steps</td></tr>\n<tr><td></td><td></td><td></td><td></td><td  >11b = 0.8 V to 3.35 V in 10-mV steps</td></tr>\n<tr><td  >1-0</td><td  >SSTIME</td><td  >R/W</td><td  >01b</td><td  >Soft-start ramp time </td></tr>\n<tr><td></td><td></td><td></td><td></td><td  >00b = 0.5 ms</td></tr>\n<tr><td></td><td></td><td></td><td></td><td  >01b = 1 ms</td></tr>\n<tr><td></td><td></td><td></td><td></td><td  >10b = 2 ms</td></tr>\n<tr><td></td><td></td><td></td><td></td><td  >11b = 4 ms</td></tr>\n</table>"", ""VOUT(VIN - VoUT\nIL(PP) = VU(NxLxW)"", ""<table><caption> Table 9-3. Voltage Ranges</caption>\n<tr><td  >VRANGE[1:0]</td><td  >Voltage Range</td></tr>\n<tr><td  >Ob00</td><td  >0.4 V to 0.71875 V in 1.25-mV steps</td></tr>\n<tr><td  >0b01</td><td  >0.4 V to 1.0375 V in 2.5-mV steps</td></tr>\n<tr><td  >0b10</td><td  >0.4 V to 1.675 V in 5-mV steps</td></tr>\n<tr><td  >Ob11</td><td  >0.8 V to 3.35 V in 10-mV steps</td></tr>\n</table>"", ""<table><caption> Device Information</caption>\n<tr><td colspan=3 rowspan=3 >Part Number Current Rating Package TPS62870-Q1 6A TPS62871-Q1 9A RXS (VQFN-FCRLF, TPS62872-Q1 12 A 16) TPS62873-Q1 15 A</td></tr>\n\n</table>"", ""<table><caption> Table 7-1. Pin Functions (continued) I = input, O = output, P = power, GND = ground(1)</caption>\n<tr><td  >Pin</td><td></td><td></td><td></td></tr>\n<tr><td  >Name</td><td  >No.</td><td  >Type(1)</td><td  >Description</td></tr>\n<tr><td></td><td></td><td></td><td  >Internal clock output pin for synchronization in stacked mode. Leave this pin floating for single </td></tr>\n<tr><td></td><td></td><td></td><td  >device operation. Connect this pin to the MODE/SYNC pin of the next device in the daisy-chain in </td></tr>\n<tr><td  >SYNC_OUT</td><td  >14</td><td></td><td  >stacked operation. Do not use this pin to connect to a non-TPS6287x-Q1 device.  During start-up, this pin is used to identify if a device must operate as a secondary converter in</td></tr>\n<tr><td></td><td></td><td></td><td  >stacked operation. Connect a 47-kQ resistor from this pin to GND to define a secondary converter</td></tr>\n<tr><td></td><td></td><td></td><td  > in stacked operation. See Section 9.3.17 for a detailed description.</td></tr>\n<tr><td  >VSEL</td><td  >15</td><td  >一</td><td  > Start-up output voltage select pin. A resistor or short circuit to GND or Vin defines the selected output voltage. See Section 9.3.6.2.</td></tr>\n<tr><td  >FSEL</td><td  >16</td><td  >一</td><td  >Frequency select pin. A resistor or a short circuit to GND or Vin determines the free-running switching frequency. See Section 9.3.6.2.</td></tr>\n<tr><td  >Exposed Thermal Pad</td><td></td><td  >一</td><td  >The thermal pad must be soldered to GND to achieve an appropriate thermal resistance and for mechanical stability.</td></tr>\n</table>"", ""<table><caption> Table 9-10. Table 6-2. Devices Without I2C Interface</caption>\n<tr><td  > Device Number</td><td  >Output Current</td><td  >Start-Up Voltage(2)</td><td  >VSEL Settings</td><td  > Spread Spectrum Clocking</td><td  > Soft-Start Time</td></tr>\n<tr><td  >TPS62870N0QWRXSRQ1</td><td  >6A</td><td  >0.500 V</td><td  >6.2 kQ to GND</td><td></td><td></td></tr>\n<tr><td  >TPS62871N0QWRXSRQ1</td><td  >9A</td><td  >0.750V</td><td  > Short to GND</td><td  >On</td><td  >0.5 ms</td></tr>\n<tr><td  >TPS62872N0QWRXSRQ1</td><td  >12 A</td><td  >0.875 V</td><td  >Short to VIN </td><td></td><td></td></tr>\n<tr><td  >TPS62873N0QWRXSRQ1</td><td  >15 A</td><td  >1.050 V</td><td  >47 kQ to VIN</td><td></td><td></td></tr>\n</table>"", ""<table>\n<tr><td></td><td></td><td></td><td  >MIN</td><td  >NOM</td><td  >MAX</td><td  >UNIT</td></tr>\n<tr><td  >VIN</td><td  >Input voltage</td><td  >VIN SDA, SCL</td><td  >2.7</td><td></td><td  >6 5</td><td  >V</td></tr>\n<tr><td  >VouT</td><td  >Output voltage</td><td></td><td  >0.4</td><td></td><td  >3.35 V or (ViN - 1.4</td><td></td></tr>\n<tr><td></td><td></td><td></td><td></td><td></td><td  >V)(1)</td><td></td></tr>\n<tr><td></td><td></td><td  >TPS62870-Q1</td><td></td><td></td><td  >6</td><td></td></tr>\n<tr><td></td><td></td><td  >TPS62871-Q1</td><td></td><td></td><td  >9</td><td></td></tr>\n<tr><td  >loUT</td><td  >Output current</td><td  >TPS62872-Q1</td><td></td><td></td><td  >12</td><td  >A</td></tr>\n<tr><td></td><td></td><td  >TPS62873-Q1</td><td></td><td></td><td  >15</td><td></td></tr>\n<tr><td></td><td  >Inductance</td><td></td><td  >110</td><td></td><td  >330</td><td  >nH</td></tr>\n<tr><td></td><td></td><td  >fsw≥2.25MHz andVouT≤1.675V</td><td  >55</td><td></td><td  >330</td><td></td></tr>\n</table>""]","{""original_context_count"": 28, ""original_context_characters"": 37330, ""scored_context_count"": 4, ""scored_context_characters"": 2026, ""contexts_truncated"": true, ""context_selection"": ""claim_coverage"", ""selected_evidence_ids"": [""circuit:21:net:VCC0V75"", ""document:ed178b5d659e251d""], ""selected_claim_ids"": [""sq_1:claim_1"", ""sq_2:claim_1"", ""sq_3:claim_1""], ""excluded_evidence_ids"": [""circuit:21:net:MCU_VCC0V75_EN"", ""circuit:21:net:MCU_VCC0V75_MIPI_DDR_EN"", ""document:0eb6659a764f4d29"", ""document:29cc1a9be32b6d7f"", ""document:2f8baf0f2ad1d779"", ""document:3862b04ac47a9499"", ""document:4e638b9fb82d4ad2"", ""document:529a142033d8838a"", ""document:58106bd2421dc2d1"", ""document:7970eec1b28a0159"", ""document:8f20a6d958d9bc2d"", ""document:9d920781cf0beed8"", ""document:a47f93f7ac4e825a"", ""document:a75146a5b6179e1f"", ""document:b49ae54de72e34a6"", ""document:b6943ae371d76077"", ""document:b9fa219b0c7e7569"", ""document:bf52768a2f9667cf"", ""document:c04b893f1c2a267b"", ""document:cb4d0862c228b66e"", ""document:d69d04d302326d46"", ""document:dd6d958dffe7c372"", ""document:de3eb714c3f4ad8b"", ""document:dea68165091459a7"", ""document:f4318d00b223c30b"", ""document:fb065f5f73229021""]}",0.4177982994321789,0.4437817736946973,0.6,not_applicable,0.0,0.25,0.5,0.14285714285714285,not_applicable
hw-v1-joint-overvoltage,success,3.3V 电源有没有过压保护，是如何实现的？,HSI 2.3.12 节说明 VCC3V3_MCU 存在 3V3 过压保护电路：当 VCC3V3 超过 4.03V 时，比较器输出关闭 NMOS 与 PMOS，切断 VCC3V3_SW；EDF 可补充网络与二极管或 TVS 拓扑，但不能据此断言未被文档直接描述的保护能力。,"**直接结论：3.3V电源（VCC3V3_MCU）存在过压保护，通过一个由基准电压源和MOSFET组成的开关电路实现，当电压超过4.03V时切断输出。**

**支撑证据：**

1.  **存在过压保护电路：**
    *   设计文档明确将“F18 overvoltage protect”模块定义为“用于MCU电源VCC3V3_MCU的外部过压保护”，功能安全等级为B[13]。
    *   文档中列有“3V3过压保护电路”章节[11][12]。

2.  **电路实现方式：**
    *   该过压保护电路的具体实现方式在文档[10]中详细描述：
        *   **正常范围 (VCC3V3 < 4.03V)：** 当VCC3V3电压低于4.03V时，电路中的NMOS和PMOS导通，VCC3V3_SW与VCC3V3直通，向后级负载正常供电。
        *   **过压状态 (VCC3V3 > 4.03V)：** 当VCC3V3电压超过4.03V时，cathode引脚输出逻辑低，导致NMOS和PMOS关闭，VCC3V3_SW无输出，从而对后级负载起到过压保护作用。

**额外说明：**
*   **输入级保护：** 在12V电源输入（KL30）端，设计有双向TVS管用于瞬态过压保护[1][4]，这是对前端电源的保护，并非直接针对3.3V电源本身。
*   **缺失信息：** 证据[10]未明确说明过压保护电路中所使用的基准电压源或比较器芯片的具体型号，仅描述了其行为。","**直接结论：3.3V电源（VCC3V3_MCU）存在过压保护，通过一个由基准电压源和MOSFET组成的开关电路实现，当电压超过4.03V时切断输出。**

**支撑证据：**

1.  **存在过压保护电路：**
    *   设计文档明确将“F18 overvoltage protect”模块定义为“用于MCU电源VCC3V3_MCU的外部过压保护”，功能安全等级为B[13]。
    *   文档中列有“3V3过压保护电路”章节[11][12]。

2.  **电路实现方式：**
    *   该过压保护电路的具体实现方式在文档[10]中详细描述：
        *   **正常范围 (VCC3V3 < 4.03V)：** 当VCC3V3电压低于4.03V时，电路中的NMOS和PMOS导通，VCC3V3_SW与VCC3V3直通，向后级负载正常供电。
        *   **过压状态 (VCC3V3 > 4.03V)：** 当VCC3V3电压超过4.03V时，cathode引脚输出逻辑低，导致NMOS和PMOS关闭，VCC3V3_SW无输出，从而对后级负载起到过压保护作用。

**额外说明：**
*   **输入级保护：** 在12V电源输入（KL30）端，设计有双向TVS管用于瞬态过压保护[1][4]，这是对前端电源的保护，并非直接针对3.3V电源本身。
*   **缺失信息：** 证据[10]未明确说明过压保护电路中所使用的基准电压源或比较器芯片的具体型号，仅描述了其行为。","[""Instance U900A: SAK-TC367DP-64F300S AAA, 20210903003, SAK-TC367DP-64F300S AA, bga80p20x20_1700x1700x170-292."", ""Instance U900B: SAK-TC367DP-64F300S AAB, 20210903003, SAK-TC367DP-64F300S AA, bga80p20x20_1700x1700x170-292."", ""Instance U900C: SAK-TC367DP-64F300S AAC, 20210903003, SAK-TC367DP-64F300S AA, bga80p20x20_1700x1700x170-292."", ""Instance U900D: SAK-TC367DP-64F300S AAD, 20210903003, SAK-TC367DP-64F300S AA, bga80p20x20_1700x1700x170-292."", ""Instance U900E: SAK-TC367DP-64F300S AAE, 20210903003, SAK-TC367DP-64F300S AA, bga80p20x20_1700x1700x170-292."", ""Net VCC3V3_MCU connects C1109.&1, C1204.&1, C1221.&1, C1303.&1, C1308.&1, C509.&2, C835.&2, C906.&1, C909.&1, C910.&1, C911.&1, C913.&1, C914.&1, C915.&1, C929.&1, DP907.&1, L1703.&2, L901.&1, L902.&1, L903.&2, R1007.&2, R1009.&2, R1115.&2, R1205.&2, R1218.&2, R1229.&2, R1235.&2, R1240.&2, R1241.&2, R1300.&2, R1301.&2, R1309.&2, R1310.&2, R1322.&2, R1328.&2, R1703.&1, R805.&2, R900.&1, R903.&2, R904.&2, R906.&2, R909.&2, R913.&2, R915.&2, R919.&2, R920.&1, R921.&1, U1200.VI/O, U1203.VI/O, U1204.VI/O, U1205.VI/O, U1302.VI/O, U1303.VI/O, U1304.VI/O, U1305.VI/O, U503.VCCB, U900C.VEVRSB, U900C.VEXT, U900C.VEXT, U900C.VEXT, U900C.VEXT, U900C.VEXT, U900C.VFLEX, Y1100.std-by, Y1100.VCC."", ""Instance D1601: Tvs5KP16CA, 130000089, SMBJ33CAHE3_B/H, diom544x356x213_bi."", ""Observed protection tvs component D1200 connects protected nets CAN0L, CAN0H and ground nets GND; this topology does not confirm short-circuit protection capability."", ""Observed protection tvs component D1201 connects protected nets CAN1L, CAN1H and ground nets GND; this topology does not confirm short-circuit protection capability."", ""Observed protection tvs component D1300 connects protected nets CAN2L, CAN2H and ground nets GND; this topology does not confirm short-circuit protection capability."", ""Observed protection tvs component D1301 connects protected nets CAN3L, CAN3H and ground nets GND; this topology does not confirm short-circuit protection capability."", ""Observed protection tvs component D1400 connects protected nets N22957741, N22957686 and ground nets GND; this topology does not confirm short-circuit protection capability."", ""Observed protection tvs component D1401 connects protected nets N23085748, N23085751 and ground nets GND; this topology does not confirm short-circuit protection capability."", ""Observed protection tvs component D1601 connects protected nets UBD and ground nets GND; this topology does not confirm short-circuit protection capability."", ""<table><tr><td>HM ID</td><td>F11</td></tr><tr><td>模块功能 \nModule Function</td><td>KL30供电口处增加EMI电路，用于供电防反、保护和滤波。\nAn EMI circuit is added at the KL30 power supply port for power supply anti-reaction, protection and filtering.</td></tr><tr><td>模块框图\nModule diagram</td><td></td></tr><tr><td>模块方案\nModule solution</td><td>硬件电路设计在UBD网络增加两个串联ESD电容，PCB布局靠近主连接器引脚处，用于吸收外部ESD信号，后端增加双向TVS管用于瞬态过压保护，UBD供电口增加肖特基二极管，用于防反接保护，后级增加Π型滤波电路。\nThe hardware circuit design adds two series ESD capacitors to the UBD network, the PCB layout is near the main connector pin for absorbing external ESD signals, the bidirectional TVS tube is added to the back end for transient overvoltage protection, the Schottky diode is added to the UBD power supply port for anti-reverse connection protection, and the type 1 filter circuit is added to the rear stage.\n</td></tr></table>"", ""<table><tr><td>HM ID</td><td>F01/F06/F11</td></tr><tr><td>运行模式\nOperation Mode</td><td>上电模式、下电模式、运行模式、复位模式、OTA模式\nPower on mode, power off mode, run mode, reset mode, OTA mode</td></tr><tr><td>模式定义\nDefinition of Operation mode</td><td>上电模式 Power on\n当唤醒信号有效后，系统一级电源输出VCC3V3电源，MCU开始工作，MCU_UB_SW_P00.10信号输出逻辑高，使能KL30电压采样电路，之后UBSW_ACQ输出分压后的模拟信号，MCU开始通过ADC采样UBSW_ACQ信号。\n1. Power on\nWhen the wake-up signal becomes active, the system's primary power supply outputs the VCC3V3 voltage, and the MCU starts operating. The MCU_UB_SW_P00.10 signal then outputs a logic high level to enable the KL30 voltage sampling circuit. Subsequently, UBSW_ACQ outputs a divided analog signal, after which the MCU begins ADC sampling of the UBSW_ACQ signal.运行模式\nMCU实时采样UBSW_ACQ用于电源管理功能。\n2.Run mode\nMCU real-time sampling UBSW_ACQ is used for power management functions.\n下电模式 \n唤醒信号无效后，MCU在off delay期间将MCU_UB_SW_P00.10信号配置为逻辑低，关闭KL30采样功能，系统下电。\n3. Power off\nAfter the wake-up signal is invalid, the MCU will configure the MCU_UB_Sw_P00.10 signal to logic low during offdelay, turn off the KL30 sampling function, and power down the system. </td></tr><tr><td>模式切换接口\nMode switching interface</td><td></td></tr><tr><td>模式状态机\nMode state machine</td><td>\n\n</td></tr><tr><td>模式切换条件\nMode switching condition</td><td>\n参考：\n产品系统需求规格说明\n产品系统方案设计说明书\nReference: \nProduct system requirements specification.\nProduct system design specification</td></tr><tr><td>备注\nNote</td><td></td></tr></table>"", ""表3.2 系统功能矩阵表运行模式定义 Definition of Operation Mode系统运行模式描述系统硬件启动流程，硬件初始化到软件接管控制的流程介绍。主要包括上电运行流程、下电流程。System operation mode describes the system hardware start-up process, hardware initialization to software take over control process. It mainly includes power on operation process and power off process.上电运行流程如下：下电流程如下：备注：MCU检测到唤醒无效后，停止对EQ6、CAN等系统供电，并执行MCU的数据保存。EQ6系统的六路电源需要按照EQ6的要求时序就行上下电控制。运行模式转换条件 Transition Condition of Operation ModeKL30电源管理电路 KL30 supply management circuit唤醒电路 Wake Up circuit电源电路 Power CircuitKL30 EMI电路 KL30 EMI circuitKL30转VCC3V3 KL30 to VCC3V3VCC3V3_MCU转VCC1V25_MCU  VCC3V3_MCU to VCC1V25_MCUVCC3V3转VCC0V75  VCC3V3 to VCC0V75VCC3V3转0V75_MIPI_DDR VCC3V3 to 0V75_MIPI_DDRVCC3V3转VCC1V8、VCC1V1、VCC50   VCC3V3 to VCC1V8、VCC1V1、VCC50VCC3V3转VCC3V3_EQ  VCC3V3 to VCC3V3_EQVCC3V3转VCC3V3_ETH  VCC3V3 to VCC3V3_ETHVCC1V8转VCC1V8_EQ  VCC1V8 to VCC1V8_EQTC377最小系统 TC377 minimum systemEQ6最小系统 EQ6 minimum system摄像头最小系统 camera minimum system看门狗电路 Watchdog circuit温度采样电路 Temp Sample circuitETH电路 ETH circuitCAN FD电路 CAN FD circuit"", ""<table><tr><td>HM ID</td><td>F11/F12/F13/F14/F15/F16/F17/F18/F19/F25/F27</td></tr><tr><td>模块功能 \nModule Function</td><td>系统使用车载电池12V电压供电，经过EMI电路后输入至电源转换芯片，转换输出系统各模块所需电源。\nThe system uses 12V voltage power supply from the vehicle battery, which is input to the power conversion chip through the EMI circuit. Then the power conversion chip convert and output the power required by each module of the system.</td></tr><tr><td>模块框图\nModule diagram</td><td></td></tr><tr><td>模块方案\nModule solution</td><td>KL30 EMI (ASIL-B)\nKL30供电口处增加EMI电路，用于供电保护和滤波。硬件电路设计在UBD网络增加两个串联ESD电容，PCB布局靠近主连接器引脚处，用于吸收外部ESD信号，后端增加双向TVS管用于瞬态过压保护\nThe EMI circuit is added at the KL30 power supply port for power supply protection and filtering. The hardware circuit design adds two series ESD capacitors in the UBD network, the PCB layout is close to the main connector pin for absorbing external ESD signals, and the two-way TVS tube is added at the back end for transient overvoltage protection.\nKL30 to VCC3V3 (ASILB)\nKL30转VCC3V3是系统一级DC-DC，给MCU提供VCC3V3_MCU电源，所以系统要求其满足ASILB，确保MCU功能安全。\nKL30 to VCC3V3 is a system primary DC-DC chip, because the MCU needs VCC3V3_MCU power supply, so the system requires it to meet the ASILB to ensure the functional safety of the MCU.\nVCC3V3_MCU to VCC1V25_MCU(ASILB)\n3V3转1V25_MCU是使用MCU内置控制器进行控制的BUCK电源，用于MCU的核供电，功能安全需求达到ASILB，确保MCU功能安全。\n3V3 to 1V25_MCU is a BUCK power supply controlled by MCU built-in controller, which is used for MCU nuclear power supply. Functional safety requirements meet ASILB to ensure the functional safety of MCU.\nVCC3V3 to VCC0V75(QM(B))\nVCC3V3转VCC0V75应用于EQ6的内核供电，要求输出电流能力大，现选型TI的电源方案TPS62872。用MCU的P22.0引脚使能芯片，用MCU_SDA_P15.5，MCU_SCL_P15.4引脚I2C通信来设置输出电压和通信。\nVCC3V3 to VCC0V75 is applied to the core power supply of EQ6, which requires large output current capacity. The power supply scheme TPS62872 of TI is selected. P22.0 pin of MCU is used to enable the chip, and MCU_SDA_P15.5, MCU_SCL_P15.4 pin I2C communication is used to set the output voltage and communication. \nVCC3V3 to 0V75_MIPI_DDR(QM(B))\nVCC3V3转0V75_MIPI_DDR用于EQ6的IO口供电，现使用矽力杰的SA23002进行设计。用MCU的P22.1引脚使能该芯片。\nVCC3V3 to 0V75_MIPI_DDR for EQ6 IO port power supply, Silergy’s SA23002 is designed. The P22.1 pin of the MCU is used to enable the chip.\nVCC3V3转VCC1V8、VCC1V1、VCC50(QM(B))\nVCC1V8用于EQ6、CAM、DDR、FLASH供电，VCC1V1用于EQ6、DDR供电，VCC50用于CAN收发器供电，现选择LP87702 PMIC方案。用MCU的P15.3引脚使能该芯片的5V输出，用MCU_SCL_P15.4，MCU_SDA_P15.5 I2C通信来设置1.8V和1.1V输出电压和使能。\nVCC1V8 is used for EQ6, CAM, DDR, FLASH power supply, VCC1V1 is used for EQ6, DDR power supply, VCC50 is used for CAN transceiver  power supply, LP87702 PMIC scheme is selected. P15.3 pin of MCU is used to enable 5V output of the chip, and MCU_SCL_P15.4, MCU_SDA_P15.5 I2C communication is used to set 1.8V and 1.1V output voltage and enable it. \nVCC3V3 to VCC3V3_EQ(QM(B))\nVCC3V3转VCC3V3_EQ用于EQ6的IO和摄像头供电，现使用负载开关进行设计。用MCU的P20.3引脚使能该芯片。\nVCC3V3 to VCC3V3_EQ for EQ6’s IO and camera power supply, now using the load switch is designed. .The P20.3 pin of the MCU is used to enable the chip.\n\tVCC3V3 to VCC3V3_ETH(QM)\n3V3转3V3_ETH用于ETH供电，现选择负载开关方案。用MCU的P21.0引脚使能该芯片。\n3V3 to 3V3_ETH for ETH power supply, the load switch scheme is selected. . The P21.0 pin of the MCU is used to enable the chip.\n\tVCC1V8 to VCC1V8_EQ(QM(B))\nVCC1V8转VCC1V8_EQ用于EQ供电，现选择负载开关方案。用MCU的P20.0引脚使能该芯片。\nVCC1V8 to VCC1V8_EQ for EQ power supply, the load switch scheme is selected. . The P20.0 pin of the MCU is used to enable the chip.</td></tr><tr><td colspan='2'></td></tr></table>"", ""<table><tr><td>HM ID</td><td>F12</td></tr><tr><td>模块功能 \nModule Function</td><td>KL30转VCC3V3是系统一级DC-DC，基于LN10046设计，给系统提供电源。\nThe KL30 to VCC3V3 is a first-level DC-DC based on the LN10046 design and provides power to the system.</td></tr><tr><td>模块框图\nModule diagram</td><td></td></tr><tr><td>模块方案\nModule solution</td><td>采用LN10046电源DCDC芯片，将12V系统电源转换为3.3V，提供给系统供电使用。\nThe LN10046 power supply DCDC chip is used to convert the 12V system power supply to 3.3V and provide power supply to the system for use.\n</td></tr></table>"", ""\nNone：MCU采样摄像头的1V8电源电压，精度要求：1.7~1.9V; MCU Component ：F01/ MCU; None：B; None：U6; None：AN14; None：AN14/EVADC_G1CH6/EDSADC_EDS3PB; None：ADC，分辨率10bit; None：VCC1V8_CAM_ACQ; None：/; None：I; None：索尼摄像头模组电源1.8V电压采样。\nU1V8_CAM_ACQ=3.3*ADC值/1024\n精度：1.7~1.9V\n硬件滤波截止频率：≥121.7Hz\n硬件滤波时间：≤1.5ms; None：HI-Z; None：—; SW Variable Name or SW Function Name：— ——Port1\nNone：Config; MCU Component ：F01/ MCU; None：QM; None：H19; None：P20.2; None：P20.2/TESTMODE; None：TESTMODE; None：—; None：/; None：I; None：TESTMODE：\n高：正常工作模式\n低：英飞凌内部测试模式; None：HI-Z，硬件外部上拉; None：—; SW Variable Name or SW Function Name：— ——Port1\nNone：Config; MCU Component ：F01/ MCU; None：B; None：A14; None：P14.5; None：P14.5/GTM_TIM1_IN0_4/GTM_TIM0_IN0_4/PMS_HWCFG1IN/GTM_DTMA2_0/GTM_TOUT85/ERAY0_TXD; None：PMS_HWCFG1IN; None：—; None：/; None：I; None：EVR33控制内部3.3V电压转换:\n高：内部使用5V转换为3.3V电压\n低：禁止5V转换为3.3V电压; None：HI-Z，硬件外部下拉; None：—; SW Variable Name or SW Function Name：— ——Port1"", ""<table><tr><td>HM ID</td><td>F01</td></tr><tr><td>模块功能 \nModule Function</td><td>32位MCU芯片TC377最小系统模块有SAK-TC377TP-96F300S AA主控芯片和晶体、硬件配置组成，实现SAK-TC377TP-96F300S AA最小硬件系统工作单元，功能安全等级最高可达到ASIL-D，满足应用要求。\n32-bit MCU chip TC377 minimum system module has SAK-TC377TP-96F300S AA main control chip and crystal, hardware configuration, to achieve SAK-TC377TP-96F300S AA minimum hardware system work unit, functional safety level up to ASIL-D, meet the application requirements. </td></tr><tr><td>模块框图\nModule diagram</td><td></td></tr><tr><td>模块方案\nModule solution</td><td>处理器\n根据ADAS产品需求，综合评估选型为32位MCU芯片SAK-TC377TP-96F300S AA， MCU接口资源丰富，功能安全等级最高可达到ASIL-D，满足应用要求。\nProcessor \nAccording to ADAS product requirements, 32-bit MCU chip SAK-TC377TP-96F300S AA is selected through comprehensive evaluation, which has rich MCU interface resources and the highest functional safety level can reach ASIL-D to meet application requirements\n时钟设计\n硬件选型20MHz晶振给MCU提供时钟输入，由其内部PLL等电路完成倍频、分频，供其内核和各模块使用。\nClock design\nHardware selection of clock design 20MHz crystal oscillator provides clock input to MCU, and its internal PLL and other circuits complete frequency doubling and frequency division for its kernel and each module.\n复位及watchdog\n系统复位及看门狗芯片采用LP87702内部看门狗，喂狗方式为窗口喂狗，当喂狗窗口无有效喂狗次数超过OTP配置时，将触发整个系统复位。\na)\t上电时，看门狗芯片对MCU启动过程进行监控，同时对MCU的电源VCC3V3电压进行低压监控，异常时主动复位MCU。\nb)\t运行过程中由看门狗监控MCU运行状态，当MCU程序跑飞时看门狗超时触发复位信号主动复位MCU。\nReset and watchdog\nThe system reset and watchdog chip adopts LP87702 internal watchdog, and the feeding method is window feeding. When the number of effective dog feeding in the feeding window exceeds the OTP configuration, the whole system reset will be triggered. \n When powering on, the watchdog chip monitors the start-up process of MCU, and at the same time, it monitors the low voltage voltage of MCU's power supply VCC3V3, and actively resets MCU when abnormal. \n MCU running status is monitored by watchdog during operation. When MCU program runs, watchdog timeout triggers reset signal and actively reset MCU.\n电源需求\nMCU需要1路VCC3V3_MCU（精度：3.3V±10%）和1路VCC1V25_MCU（精度：1.2-1.35V）供电。\n4. Power demand\nThe MCU needs 1 channel VCC3V3_MCU (accuracy: 3.3V±10%) and 1 channel VCC1V25_MCU (accuracy: 1.2-1.35V) power supply.</td></tr></table>"", ""3.3.5 EQ6最小系统 EQ6 minimum system\t553.3.6 摄像头最小系统 camera minimum system\t593.3.7 看门狗电路 Watchdog circuit\t613.3.8 温度采样电路 Temp Sample circuit\t623.3.9 ETH电路 ETH circuit\t633.3.10 CAN FD电路 CAN FD circuit\t654\tADC电压采集阈值 The ADC voltage acquisition threshold\t685\tEQ6L上下电时序要求 EQ6L Power-on and power-off sequence requirements\t686\t共享和独占的硬件资源 Shared and Exclusive Hardware Resource\t696.1 ECU-MCU信号对应关系 ECU-MCU Signal Mapping\t696.2 MCU时钟配置 MCU Clock Configuration\t706.3 存储器配置 Memeory Configuration\t717\t其他芯片配置 Other IC Configuration\t717.1 其他芯片的通讯机制 Communication Mechanism with Other IC\t717.2 LP87702配置 LP87702 Configuration\t727.3 TPS62872配置 TPS62872 Configuration\t728\t安全机制 Safety Mechanisms\t736.1 System level\t736.2 HW level\t736.3 IC level\t73概述 Introduction目的 Purpose软硬接口文档的目的是描述软件和硬件的交互，并且确保软件硬件和TSR的一致性。The goal of the hardware software interface document is to specify the hardware and software interaction and be consistent with the technical safety concept.适用范围 Range of Application此文档适用于奇瑞EQ6L T1G ADAS项目的功能安全开发全过程。This document is applied for the whole functional safety development process of  EQ6L T1G ADAS project.读者对象 TReader项目经理Project Manager项目组成员Project Team Members功能安全经理Functional Safety Manager功能安全工程师Functional Safety System Engineer硬件工程师 Hardware Engineer软件工程师 Software Engineer质量和审查人员QA and Assessor产品测试人员Product Test Engineer"", ""\nNone：MCU采样EQ6l系统的VCC0V75_MIPI_DDR电源电压\n精度要求：0V75±5%; MCU Component ：F01/ MCU; None：B; None：W4; None：AN18; None：AN18/P40.11/SENT_SENT11A/EVADC_G11CH8/EVADC_G2CH2; None：ADC，分辨率10bit; None：0V75_MIPI_DDR_ACQ; None：/; None：I; None：0V75_MIPI_DDR电压采样\nU0V75_MIPI_DDR_ACQ=3.3*ADC值/1024\n硬件滤波截止频率：≥121.7Hz\n硬件滤波时间：≤1.6ms\n精度要求：0.75V±5%; None：HI-Z; None：—; SW Variable Name or SW Function Name：— ——Port1\nNone：MCU采样摄像头系统的3.3V电源电压，精度要求：3V3±5%; MCU Component ：F01/ MCU; None：B; None：T7; None：AN12; None：AN12/EVADC_G1CH4/EDSADC_EDS0PB; None：ADC，分辨率10bit; None：VCC3V3_CAM_ACQ; None：/; None：I; None：索尼摄像头模组电源3.3V电压采样。\nCAM 3V3电压采样\nU3V3_CAM_ACQ=3.3*ADC值/1024\nU3V3_CAM=U3V3_CAM_ACQ/分压比，分压比=1/2\n精度要求：3.3V±5%; None：HI-Z; None：—; SW Variable Name or SW Function Name：— ——Port1\nNone：MCU采样摄像头的1V1电源电压，精度要求：1~1.2V; MCU Component ：F01/ MCU; None：B; None：W6; None：AN13; None：AN13/EVADC_G1CH5/EDSADC_EDS0NB; None：ADC，分辨率10bit; None：VCC1V1_CAM_ACQ; None：/; None：I; None：索尼摄像头模组电源1.1V电压采样。\nU1V1_ACQ=3.3*ADC值/1024\n精度：1~1.2V\n硬件滤波截止频率：≥121.7Hz\n硬件滤波时间：≤1.6ms; None：HI-Z; None：—; SW Variable Name or SW Function Name：— ——Port1"", ""<table><tr><td>HM ID</td><td>F18</td></tr><tr><td>模块功能 \nModule Function</td><td>AOU要求MCU需要硬件外部增加过压保护电路对3V3_MCU进行电压监控。\nAOU requires MCU to increase the overvoltage protection circuit outside the hardware to monitor the voltage of 3V3_MCU. </td></tr><tr><td>模块框图\nModule diagram</td><td>\n\n</td></tr><tr><td>模块方案\nModule solution</td><td>1.当VCC3V3 <4.03V时，cathode引脚为高阻态, 当VCC3V3 <VGS门限（Q1701）时，NMOS关闭，PMOS关闭，VCC3V3_SW无电。\n2、当4.03V＞VCC3V3 > VGS门限（Q1701）时，NMOS打开，PMOS打开，VCC3V3_SW和VCC3V3直通。\n3、当VCC3V3＞4.03V时，cathode引脚输出逻辑低（最高1V），NMOS关闭，PMOS关闭，VCC3V3_SW无电，对后级负载起到过压保护作用。\n1. When VCC3V3 <4.03V, the cathode pin is in the high resistance state. When VCC3V3 <VGs threshold (Q1701), NMOS is off, PMOS is off, and VCC3V3_SW has no electricity.\n2.When 4.03V>VCC3V3>VGS threshold (Q1701), NMOS opens, PMOS opens, and VCC3V3_sw and VCC3V3 pass through.\n3.When VCC3V3>4.03V, the cathode pin output logic is low (up to 1V), NMOS is off, PMOS is off, and VCC3V3_Sw has no power, which plays an overvoltage protection role on the load of the later stage.\n</td></tr></table>"", ""唤醒电路 Wake Up circuit电源电路 power circuitKL30 EMI电路 KL30 EMI circuitKL30 转VCC3V3 KL30 to VCC3V3VCC3V3_MCU转VCC1V25_MCU  VCC3V3_MCU to VCC1V25_MCUVCC3V3转VCC0V75  VCC3V3 to VCC0V75VCC3V3转0V75_MIPI_DDR  VCC3V3 to 0V75_MIPI_DDRVCC3V3转VCC1V8、VCC1V1、VCC50   VCC3V3 to VCC1V8、VCC1V1、VCC50VCC3V3转VCC3V3_EQ  VCC3V3 to VCC3V3_EQVCC3V3转VCC3V3_ETH  VCC3V3 to VCC3V3_ETHVCC1V8转VCC1V8_EQ  VCC1V8 to VCC1V8_EQTC377最小系统 TC377 minimum systemEQ6最小系统 EQ6 minimum system摄像头最小系统 camera minimum system看门狗电路 Watchdog circuit温度采样电路 Temp Sample circuit系统内电源电压采样电源 The power System Voltage Sampling circuitETH电路 ETH circuitCAN/CAN FD电路 CAN/CAN FD circuit3V3过压保护电路 3V3 overvoltage protection circuit硬件运行模式 Hardware Operation Mode主要用于描述当前ADAS硬件不同的运行模式（例如上电模式，下电模式，Sleep模式，运行模式等）。描述各个运行模式下的硬件模块功能，以及模式之间的切换条件。Describe the different operating mode of ADAS Hardware (e.g. power on mode, power off mode, Sleep mode，normal mode). Define the HW component functions in each operating mode, describe the transition condition between different modes.硬件运行模式 Hardware Operation Mode系统功能矩阵描述系统不同模式下各功能模块运行状态。The system function matrix describes the operation status of each function module in different modes of the system."", ""注：使用本模板时请先阅读填写说明页，形成工作产品时本页不可删除变更历史Change History目  录Table of Contents1\t概述 Introduction\t81.1 目的 Purpose\t81.2 适用范围 Range of Application\t81.3 读者对象 TReader\t81.4 术语及缩写解释 Terms and Abbreviations\t81.5 参考文档 Reference Document\t82\t硬件架构 Hardware Architecture\t92.1 系统概述 System overview\t92.2 硬件框图 Hardware block diagram\t102.3 模块电路 Module circuit\t122.3.1 KL30电源管理电路 KL30 supply management circuit\t122.3.2 唤醒电路 Wake Up circuit\t132.3.3 电源电路 power circuit\t152.3.4 TC377最小系统 TC377 minimum system\t232.3.5 EQ6最小系统 EQ6 minimum system\t252.3.6 摄像头最小系统 camera minimum system\t282.3.7 看门狗电路 Watchdog circuit\t302.3.8 温度采样电路 Temp Sample circuit\t302.3.9 系统内电源电压采样电源 The power System Voltage Sampling circuit\t312.3.10 ETH电路 ETH circuit\t332.3.11 CAN/CAN FD电路 CAN/CAN FD circuit\t342.3.12 3V3过压保护电路 3V3 overvoltage protection circuit\t353\t硬件运行模式 Hardware Operation Mode\t363.1 硬件运行模式 Hardware Operation Mode\t363.2 运行模式定义 Definition of Operation Mode\t373.3 运行模式转换条件 Transition Condition of Operation Mode\t393.3.1 KL30电源管理电路 KL30 supply management circuit\t393.3.2 唤醒电路 Wake Up circuit\t413.3.3 电源电路 Power Circuit\t423.3.4 TC377最小系统 TC377 minimum system\t53"", ""<table><tr><td>模块序号\nModule number</td><td>模块名称\nModule name</td><td>功能定义\nFunction definition.</td><td>功能安全需求\nFunctional safety requirements</td></tr><tr><td>F01</td><td>MCU</td><td>SAK-TC377TP-96F300S AA</td><td>B(B)</td></tr><tr><td>F02</td><td>EYEQ6-L</td><td>EYEQ6-L，用于sensor的视频处理</td><td>B</td></tr><tr><td>F03</td><td>EYEQ6_LPDDR4</td><td>EQ6的1GB LPDDR4</td><td>B</td></tr><tr><td>F04</td><td>EYEQ6_NAND FLASH</td><td>EQ6的2Gb NAND FLASH</td><td>B</td></tr><tr><td>F05</td><td>CAM SENSOR</td><td>Sony 728摄像头模组</td><td>B</td></tr><tr><td>F06</td><td>KL30 sample</td><td>KL30电压采样</td><td>QM</td></tr><tr><td>F07</td><td>KL15 sample</td><td>KL15电压采样</td><td>QM</td></tr><tr><td>F08</td><td>EQ system power sample1</td><td>EQ6L系统供电电源电压ADC采样滤波、分压电路</td><td>B(B)</td></tr><tr><td>F09</td><td>ETH and CAN power sample2</td><td>CAN和ETH电源电压ADC采样滤波、分压电路</td><td>QM</td></tr><tr><td>F10</td><td>NTC temp sensor</td><td>NTC温度传感器，监控EQ6L/LPDDR4周边环境温度。</td><td>B</td></tr><tr><td>F11</td><td>KL30 EMI</td><td>KL30供电口EMI滤波电路.</td><td>B</td></tr><tr><td>F12</td><td>POWER</td><td>LN10046，KL30电源转VCC3V3电源</td><td>B</td></tr><tr><td>F13</td><td>POWER</td><td>LP87702，VCC3V3电压输入，VCC1V1、VCC1V8、VCC50电压输出</td><td>QM(B)</td></tr><tr><td>F14</td><td>POWER</td><td>TPS62872，VCC3V3电压输入，VCC0V75电压输出</td><td>QM(B)</td></tr><tr><td>F15</td><td>POWER</td><td>SA23002，VCC3V3输入，VCC0V75电压输出</td><td>QM(B)</td></tr><tr><td>F16</td><td>POWER</td><td>TPS22918负载开关，VCC3V3电压输入，VCC3V3_EQ输出</td><td>QM(B)</td></tr><tr><td>F17</td><td>POWER</td><td>TPS22918负载开关，VCC3V3输入，VCC3V3_ETH输出</td><td>QM</td></tr><tr><td>F18</td><td>overvoltage protect</td><td>用于MCU电源VCC3V3_MCU的外部过压保护</td><td>B</td></tr><tr><td>F19</td><td>POWER</td><td>TPS22918 负载开关，VCC1V8电压输入，VCC1V8_EQ电压输出</td><td>QM(B)</td></tr><tr><td>F20</td><td>CAN3</td><td>基于TCAN1145的CAN通讯，硬件支持特定报文唤醒</td><td>QM</td></tr><tr><td>F21</td><td>CAN2</td><td>基于TCAN1044A的CAN通讯.</td><td>QM</td></tr><tr><td>F22</td><td>CAN1</td><td>基于TCAN1044A的CAN通讯</td><td>QM</td></tr><tr><td>F23</td><td>CAN0</td><td>基于TCAN1044A的CAN通讯.</td><td>QM</td></tr><tr><td>F24</td><td>ETH</td><td>基于DP83TC812R的100BASE-T1通讯</td><td>QM</td></tr><tr><td>F25</td><td>Wake up</td><td>唤醒源和一级电源使能电路设计</td><td>QM</td></tr><tr><td>F26</td><td>watchdog</td><td>LP87702的看门狗功能，用于监控MCU运行状态</td><td>B</td></tr><tr><td>F27</td><td>POWER</td><td>VCC3V3_MCU转VCC1V25_MCU电压，由MCU的EVRC进行控制。</td><td>B</td></tr><tr><td>F28</td><td>level translation</td><td>3V3和1V8双向电压转换芯片</td><td>QM</td></tr></table>"", ""<table><tr><td>HM ID</td><td>F01/F06/F11</td></tr><tr><td>模块功能\nModule Function</td><td>ADAS正常工作电压范围9~16VDC，系统需求需要对产品供电KL30进行电源管理，硬件电路对UBD电源网络进行ADC采样。\nADAS normal operating voltage range is 9~16VDC. System requirements require power management for the product power supply KL30. The hardware circuit performs ADC sampling on the UBD power supply.</td></tr><tr><td>模块框图\nModule diagram</td><td></td></tr><tr><td>模块方案\nModule solution</td><td>MCU_UB_SW_P00.10信号是由MCU I/O控制的数字信号，用于使能KL30电压采样功能。\n  MCU_UB_SW_P00.10 signal is a digital signal controlled by MCU I/O, used to enable KL30 voltage sampling function.\nUBSW_ACQ_AN6信号是UBD经过100K 1%、10K 1%电阻分压后的模拟信号。\n  UBSW_ACQ_AN6 signal is an analog signal of UBD divided by 100K 1%、10K 1% resistors. Which is connected to the ADC pin of MCU for sampling. \nMCU的ADC采集到UBD后进行电源管理，当软件诊断到UBD电压范围异常时，MCU会关断EQ和其他负载工作电源，确保ADAS功能安全。\n  The ADC of MCU collects UBD for power management. When the software detects that UBD voltage range is abnormal, the MCU will turn off EQ and other load power supplies to ensure the functional safety of ADAS.</td></tr></table>"", ""<table><tr><td>序号</td><td>模块序号</td><td>模块名称</td><td>功能定义</td><td>功能安全需求</td></tr><tr><td>1</td><td>F013</td><td>POWER</td><td>LP87702，VCC3V3电压输入，VCC1V1、VCC1V8、VCC50电压输出</td><td>QM(B)</td></tr><tr><td>1</td><td>F01</td><td>MCU</td><td>SAK-TC377TP-96F300S AA</td><td>B(B)</td></tr><tr><td>1</td><td>F08</td><td>EQ system power sample1</td><td>EQ6L系统供电电源电压ADC采样滤波、分压电路</td><td>B(B)</td></tr><tr><td>2</td><td>F14</td><td>POWER</td><td>TPS62872，VCC3V3电压输入，VCC0V75电压输出，EQ6L核电供电</td><td>QM(B)</td></tr><tr><td>2</td><td>F01</td><td>MCU</td><td>SAK-TC377TP-96F300S AA</td><td>B(B)</td></tr><tr><td>2</td><td>F08</td><td>EQ system power sample</td><td>EQ6L系统供电电源电压ADC采样滤波、分压电路</td><td>B(B)</td></tr><tr><td>3</td><td>F15</td><td>POWER</td><td>SA23002，VCC3V3输入，0V75_MIPI_DDR电压输出</td><td>QM(B)</td></tr><tr><td>3</td><td>F01</td><td>MCU</td><td>SAK-TC377TP-96F300S AA</td><td>B(B)</td></tr><tr><td>3</td><td>F08</td><td>EQ system power sample</td><td>EQ6L系统供电电源电压ADC采样滤波、分压电路</td><td>B(B)</td></tr><tr><td>4</td><td>F16</td><td>POWER</td><td>TPS22918负载开关，VCC3V3电压输入，VCC3V3_EQ输出</td><td>QM(B)</td></tr><tr><td>4</td><td>F01</td><td>MCU</td><td>SAK-TC377TP-96F300S AA</td><td>B(B)</td></tr><tr><td>4</td><td>F08</td><td>EQ system power sample</td><td>EQ6L系统供电电源电压ADC采样滤波、分压电路</td><td>B(B)</td></tr></table>"", ""Figure 10-1. Typical ApplicationSchematic\n110 nH±20%\n0.75V\nV\nVIN\nSW\n3.3V\nVIN\nMODE/SYNC\n20 kQ\nC\nC\nVoO\nLoad\nVOSNS\nEN\nGOSNS\nSDA\nSCL\n>Rz\nVSEL\nFSEL\n3.3V\nCc\n6.2 kQ\n[cc\nM10 kQ\nCOMP\n1kQ\nOPG\nPG\nSYNC_OUT\nGND\n10pF\nGND\n""]","{""original_context_count"": 30, ""original_context_characters"": 23749, ""scored_context_count"": 4, ""scored_context_characters"": 1747, ""contexts_truncated"": true, ""context_selection"": ""claim_coverage"", ""selected_evidence_ids"": [""document:a4da2fc271443e28"", ""circuit:21:net:VCC3V3_MCU""], ""selected_claim_ids"": [""sq_1:claim_1"", ""sq_2:claim_1""], ""excluded_evidence_ids"": [""document:35357111545e774a"", ""document:3862b04ac47a9499"", ""document:44c4021cbbe6e903"", ""document:529a142033d8838a"", ""document:58106bd2421dc2d1"", ""document:5fe56e0953406ff6"", ""document:6620a6e887eb13f5"", ""document:83eb1e6ff3c49393"", ""document:87e0c61422f91bc3"", ""document:91f27d32c7bf7787"", ""document:a075d2642b8e135f"", ""document:a266ee5764d45ab0"", ""document:b257f3b0795806a8"", ""document:b6943ae371d76077"", ""document:e6627ad70c8cab97""]}",0.6328033970181806,0.5005736729672813,0.5,not_applicable,0.0,0.0,0.5,0.0,not_applicable
hw-v1-circuit-tps22918-enumeration,success,板上用 TPS22918 做了哪些电源开关？逐个给出输入、输出和使能。,U1500：VCC3V3 到 VCC3V3_ETH，使能 MCU_3V3_ETH_EN；U1802：VCC3V3 到 VCC3V3_EQ，使能 MCU_3V3_EQ_EN；U1803：VCC1V8 到 VCC1V8_EQ，使能 MCU_1V8_EQ_EN。,"板上共有3个TPS22918芯片实例，分别用于不同的电源开关。每个实例的输入（VIN）、输出（VOUT）和使能（ON）引脚连接如下：

- 实例U1500：输入（VIN）连接至VCC3V3，输出（VOUT）连接至VCC3V3_ETH，使能（ON）连接至MCU_3V3_ETH_EN。  
  来源：证据[1]和[4]。

- 实例U1802：输入（VIN）连接至VCC3V3，输出（VOUT）连接至VCC3V3_EQ，使能（ON）连接至MCU_3V3_EQ_EN。  
  来源：证据[2]和[5]。

- 实例U1803：输入（VIN）连接至VCC1V8，输出（VOUT）连接至VCC1V8_EQ，使能（ON）连接至MCU_1V8_EQ_EN。  
  来源：证据[3]和[6]。","板上共有3个TPS22918芯片实例，分别用于不同的电源开关。每个实例的输入（VIN）、输出（VOUT）和使能（ON）引脚连接如下：

- 实例U1500：输入（VIN）连接至VCC3V3，输出（VOUT）连接至VCC3V3_ETH，使能（ON）连接至MCU_3V3_ETH_EN。  
  来源：证据[1]和[4]。

- 实例U1802：输入（VIN）连接至VCC3V3，输出（VOUT）连接至VCC3V3_EQ，使能（ON）连接至MCU_3V3_EQ_EN。  
  来源：证据[2]和[5]。

- 实例U1803：输入（VIN）连接至VCC1V8，输出（VOUT）连接至VCC1V8_EQ，使能（ON）连接至MCU_1V8_EQ_EN。  
  来源：证据[3]和[6]。","[""Pin mapping for U1500: VIN -> VCC3V3, GND -> GND, ON -> MCU_3V3_ETH_EN, CT -> N22963649, QOD -> VCC3V3_ETH, VOUT -> VCC3V3_ETH."", ""Pin mapping for U1802: VIN -> VCC3V3, GND -> GND, ON -> MCU_3V3_EQ_EN, CT -> N20145936, QOD -> VCC3V3_EQ, VOUT -> VCC3V3_EQ."", ""Pin mapping for U1803: VIN -> VCC1V8, GND -> GND, ON -> MCU_1V8_EQ_EN, CT -> N20146977, QOD -> VCC1V8_EQ, VOUT -> VCC1V8_EQ."", ""Instance U1500: TPS22918, 20181204001, TPS22918TDBVRQ1, SOT23X145-6."", ""Instance U1802: TPS22918, 20181204001, TPS22918TDBVRQ1, SOT23X145-6."", ""Instance U1803: TPS22918, 20181204001, TPS22918TDBVRQ1, SOT23X145-6.""]","{""original_context_count"": 6, ""original_context_characters"": 579, ""scored_context_count"": 4, ""scored_context_characters"": 443, ""contexts_truncated"": true, ""context_selection"": ""claim_coverage"", ""selected_evidence_ids"": [""circuit:21:pin_mapping:U1803""], ""selected_claim_ids"": [""sq_1:claim_1""], ""excluded_evidence_ids"": [""circuit:21:pin_mapping:U1500"", ""circuit:21:pin_mapping:U1802""]}",0.8554005595884193,0.5741714611658973,1.0,not_applicable,0.0,1.0,1.0,0.8181818181818182,not_applicable
hw-v1-multihop-eth-power,failed,以太网 PHY 的 1.0V 电源如何一级级供出来？,供电链路为 VCC3V3 → U1500（TPS22918，ON=MCU_3V3_ETH_EN）→ VCC3V3_ETH → U1501（TPS74501 LDO）→ VCC1V0_ETH。,,,[],"{""original_context_count"": 0, ""original_context_characters"": 0, ""scored_context_count"": 0, ""scored_context_characters"": 0, ""contexts_truncated"": false, ""context_selection"": ""original_order"", ""selected_evidence_ids"": [], ""selected_claim_ids"": [], ""excluded_evidence_ids"": []}",failed,failed,,,failed,failed,,failed,
hw-v1-missing-u1700-price,success,U1700 的替代料和采购单价是多少？,当前知识库只有电路和 HSI 文档，未找到 BOM、替代料或价格表证据；只能确认 U1700 的已知料号为 20200424007，不能编造替代料或单价。,"U1700 的替代料和采购单价均无法从现有证据确定。

**一、U1700 的替代料**  
- 根据电路图证据（来源：825504380_ADAS_SCH_TCN2.EDF，实例 U1700），U1700 的器件为 LP87702-Q1，具体型号 LP87702RRHBRQ1。  
- **缺失信息**：未检索到任何明确描述 U1700 替代料的文档或表格。所有文档（如 ADAS_HSI 描述、PDF 数据手册）均未提及 LP87702-Q1 的替代型号或替代料列表。  
- **缺口说明**：缺少 document_text 和 spreadsheet_table 类型的证据，无法确认 U1700 是否有替代料。

**二、U1700 替代料的采购单价**  
- 同样，没有任何证据（包括文档、表格、电路图）包含 U1700 或其替代料的采购单价信息。  
- **缺失信息**：未检索到任何包含单价数据的电子表格或文档段落。  
- **缺口说明**：缺少 spreadsheet_table 类型证据，无法提供采购单价。","U1700 的替代料和采购单价均无法从现有证据确定。

**一、U1700 的替代料**  
- 根据电路图证据（来源：825504380_ADAS_SCH_TCN2.EDF，实例 U1700），U1700 的器件为 LP87702-Q1，具体型号 LP87702RRHBRQ1。  
- **缺失信息**：未检索到任何明确描述 U1700 替代料的文档或表格。所有文档（如 ADAS_HSI 描述、PDF 数据手册）均未提及 LP87702-Q1 的替代型号或替代料列表。  
- **缺口说明**：缺少 document_text 和 spreadsheet_table 类型的证据，无法确认 U1700 是否有替代料。

**二、U1700 替代料的采购单价**  
- 同样，没有任何证据（包括文档、表格、电路图）包含 U1700 或其替代料的采购单价信息。  
- **缺失信息**：未检索到任何包含单价数据的电子表格或文档段落。  
- **缺口说明**：缺少 spreadsheet_table 类型证据，无法提供采购单价。","[""Instance U1700: LP87702-Q1, 20200424007, LP87702RRHBRQ1, pqfn50p5x5x90-32."", ""<table><tr><td>HM ID</td><td>F13</td></tr><tr><td>运行模式\nOperation Mode</td><td>SHUTDOWN、READ OTP、STANDBY、ACTIVE</td></tr><tr><td>模式定义\nDefinition of Operation mode</td><td>SHUTDOWN\nNRST电压低于阈值。LP87702-Q1器件停止工作。\nREAD OTP\n电源电压VANA高于VANAUVLO电平，并且NRST电压高于阈值电平。电压转换器被禁用，LP87702-Q1的参考电平和偏置电路被启用。OTP配置被加载到寄存器。\nSTANDBY\n电源电压VANA高于VANAUVLO水平，NRST电压高于阈值水平。电压转换器被禁用，LP87702-Q1的参考电平、控制和偏压电路被启用。所有的寄存器都可以被主机处理器通过系统串口读写。电压转换器可以根据需要进行使能输出。\nACTIVE\n电源电压VANA高于VANAUVLO水平，NRST电压高于阈值水平。稳压DC/DC变换器处于使能状态。所有的寄存器都可以被MCU通过系统串口读写。\nSHUTDOWN\nAfter the enable signal MCU_OV75_MIPI_DDR_EN=L, the secondary power stops the 0V75_MIPI_DDR power supply. \nREADY OTP\nThe supply voltage VANA is above the VANAUVLO level, and the NRST voltage is above the threshold level. The voltage converter is disabled and the reference level and bias circuits of the LP87702-Q1 are enabled. The OTP configuration is loaded into the register.\nSTANDBY\nThe supply voltage VANA is above the VANAUVLO level and the NRST voltage is above the threshold level. The voltage converter is disabled and the reference level, control, and bias circuits of the LP87702-Q1 are enabled. All registers can be read and written by the host processor through the system serial port. The voltage converter can perform enabling output as needed.\nACTIVE\nThe supply voltage VANA is above the VANAUVLO level and the NRST voltage is above the threshold level. The regulated DC/DC converter is in the enabled state. All the registers can be read and written by the MCU through the system serial port. </td></tr><tr><td>模式切换接口\nMode switching interface</td><td></td></tr><tr><td>模式状态机\nMode state machine</td><td></td></tr><tr><td>模式切换条件\nMode switching condition</td><td>参考：\n产品系统需求规格说明\n产品系统方案设计说明书\nReference: \nProduct system requirement specification \nProduct system scheme design specification.</td></tr><tr><td>备注\nNote</td><td>1、VANAUVLO阈值电压\n\n2、NRST阈值电压\n</td></tr><tr><td>备注\nNote</td><td></td></tr></table>"", ""<table><caption> *All dimensics are nominal</caption>\n<tr><th  >Device</th><th  >Package</th><th  >Package</th><th  >Pins</th><th  >SPQ</th><th  >Reel</th><th  >Reel</th><th  >A0</th><th  >BO</th><th  >K0</th><th  >P1</th><th  >W</th><th  >Pin1</th></tr>\n<tr><th></th><th  >Type</th><th  >Drawing</th><th></th><th></th><th  >Diameter</th><th  >Width</th><th  >(mm)</th><th  >(mm)</th><th  >(mm)</th><th  >(mm)</th><th  >(mm)</th><th  >Quadrant</th></tr>\n<tr><th></th><th></th><th></th><th></th><th></th><th  >(mm)</th><th  >W1(mm)</th><th></th><th></th><th></th><th></th><th></th><th></th></tr>\n<tr><td  >TPS62870N0QWRXSRQ1</td><td  >VQFN-</td><td  >RXS</td><td  >16</td><td  >3000</td><td  >330.0</td><td  >12.4</td><td  >2.8</td><td  >3.8</td><td  >1.2</td><td  >4.0</td><td  >12.0</td><td  >Q1</td></tr>\n<tr><th></th><th  >FCRLF</th><th></th><th></th><th></th><th></th><th></th><th></th><th></th><th></th><th></th><th></th><th></th></tr>\n<tr><td  >TPS62870QWRXSRQ1</td><td  >VQFN-</td><td  >RXS</td><td  >16</td><td  >3000</td><td  >330.0</td><td  >12.4</td><td  >2.8</td><td  >3.8</td><td  >1.2</td><td  >4.0</td><td  >12.0</td><td  >Q1</td></tr>\n<tr><td  >TPS62870Y0QWRXSRQ1</td><td  >VQFN-</td><td  >RXS</td><td  >16</td><td  >3000</td><td  >330.0</td><td  >12.4</td><td  >2.8</td><td  >3.8</td><td  >1.2</td><td  >4.0</td><td  >12.0</td><td  >Q1</td></tr>\n<tr><td  >TPS62870Y1QWRXSRQ1</td><td  >VQFN-</td><td  >RXS</td><td  >16</td><td  >3000</td><td  >330.0</td><td  >12.4</td><td  >2.8</td><td  >3.8</td><td  >1.2</td><td  >4.0</td><td  >12.0</td><td  >Q1</td></tr>\n<tr><td  >TPS62870Y2QWRXSRQ1</td><td  >VQFN-</td><td  >RXS</td><td  >16</td><td  >3000</td><td  >330.0</td><td  >12.4</td><td  >2.8</td><td  >3.8</td><td  >1.2</td><td  >4.0</td><td  >12.0</td><td  >Q1</td></tr>\n<tr><td  >TPS62870Y3QWRXSRQ1</td><td  >VQFN-</td><td  >RXS</td><td  >16</td><td  >3000</td><td  >330.0</td><td  >12.4</td><td  >2.8</td><td  >3.8</td><td  >1.2</td><td  >4.0</td><td  >12.0</td><td  >Q1</td></tr>\n<tr><td  >TPS62871QWRXSRQ1</td><td  >VQFN-</td><td  >RXS</td><td  >16</td><td  >3000</td><td  >330.0</td><td  >12.4</td><td  >2.8</td><td  >3.8</td><td  >1.2</td><td  >4.0</td><td  >12.0</td><td  >Q1</td></tr>\n<tr><td  >TPS62871Y1QWRXSRQ1</td><td  >VQFN-</td><td  >RXS</td><td  >16</td><td  >3000</td><td  >330.0</td><td  >12.4</td><td  >2.8</td><td  >3.8</td><td  >1.2</td><td  >4.0</td><td  >12.0</td><td  >Q1</td></tr>\n<tr><td  >TPS62872N0QWRXSRQ1</td><td  >VQFN-</td><td  >RXS</td><td  >16</td><td  >3000</td><td  >330.0</td><td  >12.4</td><td  >2.8</td><td  >3.8</td><td  >1.2</td><td  >4.0</td><td  >12.0</td><td  >Q1</td></tr>\n<tr><th  >Device</th><th  >Package</th><th  >Package</th><th  >Pins</th><th  >SPQ</th><th  >Reel</th><th  >Reel</th><th  >A0</th><th  >BO</th><th  >KO</th><th  >P1</th><th  >W</th><th  >Pin1</th></tr>\n<tr><th></th><th  >Type</th><th  >Drawing</th><th></th><th></th><th  >Diameter</th><th  >Width</th><th  >(mm)</th><th  >(mm)</th><th  >(mm)</th><th  >(mm)</th><th  >(mm)</th><th  >[Quadrant</th></tr>\n<tr><th></th><th></th><th></th><th></th><th></th><th  >(mm)</th><th  >W1 (mm)]</th><th></th><th></th><th></th><th></th><th></th><th></th></tr>\n<tr><td  >TPS62872QWRXSRQ1</td><td  >VQFN-</td><td  >RXS</td><td  >16</td><td  >3000</td><td  >330.0</td><td  >12.4</td><td  >2.8</td><td  >3.8</td><td  >1.2</td><td  >4.0</td><td  >12.0</td><td  >Q1</td></tr>\n<tr><th></th><th  > FCRLF</th><th></th><th></th><th></th><th></th><th></th><th></th><th></th><th></th><th></th><th></th><th></th></tr>\n<tr><td  >TPS62872Y1QWRXSRQ1</td><td  >VQFN-</td><td  >RXS</td><td  >16</td><td  >3000</td><td  >330.0</td><td  >12.4</td><td  >2.8</td><td  >3.8</td><td  >1.2</td><td  >4.0</td><td  >12.0</td><td  >Q1</td></tr>\n<tr><td  >TPS62873QWRXSRQ1</td><td  >VQFN-</td><td  >RXS</td><td  >16</td><td  >3000</td><td  >330.0</td><td  >12.4</td><td  >2.8</td><td  >3.8</td><td  >1.2</td><td  >4.0</td><td  >12.0</td><td  >Q1</td></tr>\n<tr><td  >TPS62873Y1QWRXSRQ1</td><td  >VQFN-</td><td  >RXS</td><td  >16</td><td  >3000</td><td  >330.0</td><td  >12.4</td><td  >2.8</td><td  >3.8</td><td  >1.2</td><td  >4.0</td><td  >12.0</td><td  >Q1</td></tr>\n</table>"", ""<table><tr><td>HM ID</td><td>F13</td></tr><tr><td>模块功能 \nModule Function</td><td>VCC1V8用于EQ6、CAM、DDR、FLASH供电。VCC1V1用于EQ6、DDR供电。VCC50用于CAN收发器供电，现选择LP87702 PMIC方案。\nVCCIV8 is used to power EQ6, CAM, DDR, FLASH.VCC1V1 is used to power EQ6,DDR. VCC50 is used for CAN transceiver power supply, now choose LP87702 PMIC scheme. \n</td></tr><tr><td>模块框图\nModule diagram</td><td></td></tr><tr><td>模块方案\nModule solution</td><td>\n采用LP87702芯片，将VCC3V3转换为VCC1V8、VCC1V1、VCC50，其中VCC1V8用于EQ6、CAM、DDR、FLASH供电，VCC1V1用于EQ6、DDR供电，VCC50用于CAN收发器供电。用MCU的P15.3引脚使能该芯片的5V输出，用MCU_SCL_P15.4，MCU_SDA_P15.5 I2C通信来设置1.8V和1.1输出电压和使能。用MCU的P12.1引脚复位该芯片。\nLP87702 chip is used to convert VCC3V3 into VCC1V8, VCC1V1 and VCC50, in which VCC1V8 is used for EQ6, CAM, DDR and FLASH power supply, VCC1V1 is used for EQ6 and DDR power supply, and VCC50 is used for CAN transceiver power supplyP15.3 pin of MCU is used to enable 5V output of the chip, and MCU_SCL_P15.4, MCU_SDA_P15.5 I2C communication is used to set 1.8V and 1.1 output voltage and enable it. Reset the chip with P12.1 pin of the MCU. </td></tr></table>"", ""\nMCU Component ：F01/ MCU; None：QM; None：E11; None：P12.1; None：P12.1/GTM_TIM4_IN1_6/GTM_TIM3_IN1_6/GETH_MDIOC/GTM_TOUT129/CAN00_TXD/GETH_MDIO; None：GPIO; None：MCU_nINT_PMIC_P12.1; None：/; None：I; None：LP87702的输出中断信号。\n高：无中断信号\n低：输出中断信号; None：HI-Z，硬件外部上拉; None：—; SW Variable Name or SW Function Name：— ——Port1\nHW Interface Component ：QM(B); None：F13/POWER\nF14/POWER; None：MCU配置LP87702、TPS62872; MCU Component ：F01/MCU; None：B; None：E14; None：P15.5; None：P15.5/GTM_TIM3_IN0_4/GTM_TIM2_IN0_4/QSPI2_MTSRA/GTM_TOUT76/QSPI2_MTSR/MSC0_EN0/I2C0_SDA; None：I2C0_SDAC; None：MCU_SDA_P15.5; None：/; None：IO; None：IIC_SDA信号\n\n外挂LP87702和TPS62872\n\nLP87702地址：0x08\nTPS62872地址：0x41; None：HI-Z，硬件外部上拉; None：—; SW Variable Name or SW Function Name：— ——Port1\nMCU Component ：F01/MCU; None：B; None：A17; None：P15.4; None：P15.4/GTM_TIM3_IN7_4/GTM_TIM2_IN7_4/I2C0_SCLC/QSPI2_MRSTA/SCU_E_REQ0_0/GTM_TOUT75/QSPI2_MRST; None：I2C0_SCL; None：MCU_SCL_P15.4; None：/; None：O; None：IIC_CLK信号\n\n外挂LP87702和TPS62872\n\nLP87702地址：0x08\nTPS62872地址：0x41; None：HI-Z，硬件外部上拉; None：—; SW Variable Name or SW Function Name：— ——Port1"", ""\nOTHERQUALIFIEDVERSIONSOFTPS62872-Q1,TPS62873-Q1:\n·Catalog :TPS62872,TPS62873\nNOTE: Qualified Version Definitions:\n·Catalog - Tl's standard catalog product\nTAPEANDREELINFORMATION\nPACKAGE MATERIALSINFORMATION\nPLASTIC QUAD FLAT PACK- NO LEAD\nNOTES:\n All linear dimensions are in millimeters. Any dimensions in parenthesis are for reference only. Dimensioning and tolerancing 1.\nper ASME Y14.5M.\nThis drawing is subject to change without notice.2.\nThe package thermal pad must be soldered to the printed circuit board for optimal thermal and mechanical performance.3.\nPLASTICQUADFLATPACK-NOLEAD\n4226093/E 09/2022\nNOTES: (continued)\nThis package is designed to be soldered to a thermal pad on the board. For more information, see Texas Instruments literature4.\nnumberSLUA271(www.ti.com/lit/slua271).\nVias are optional depending on application, refer to device data sheet. If any vias are implemented, refer to their locations shown5.\non this view. It is recommended that vias under paste be flled, plugged or tented.\nSCALE: 15X\nNOTES:(continued)\nLaser cutting apertures with trapezoidal walls and rounded corners may offer better paste release. IPC-7525 may have alternate6.\ndesign recommendations."", ""<table><tr><td>序号</td><td>模块序号</td><td>模块名称</td><td>功能定义</td><td>功能安全需求</td></tr><tr><td>1</td><td>F013</td><td>POWER</td><td>LP87702，VCC3V3电压输入，VCC1V1、VCC1V8、VCC50电压输出</td><td>QM(B)</td></tr><tr><td>1</td><td>F01</td><td>MCU</td><td>SAK-TC377TP-96F300S AA</td><td>B(B)</td></tr><tr><td>1</td><td>F08</td><td>EQ system power sample1</td><td>EQ6L系统供电电源电压ADC采样滤波、分压电路</td><td>B(B)</td></tr><tr><td>2</td><td>F14</td><td>POWER</td><td>TPS62872，VCC3V3电压输入，VCC0V75电压输出，EQ6L核电供电</td><td>QM(B)</td></tr><tr><td>2</td><td>F01</td><td>MCU</td><td>SAK-TC377TP-96F300S AA</td><td>B(B)</td></tr><tr><td>2</td><td>F08</td><td>EQ system power sample</td><td>EQ6L系统供电电源电压ADC采样滤波、分压电路</td><td>B(B)</td></tr><tr><td>3</td><td>F15</td><td>POWER</td><td>SA23002，VCC3V3输入，0V75_MIPI_DDR电压输出</td><td>QM(B)</td></tr><tr><td>3</td><td>F01</td><td>MCU</td><td>SAK-TC377TP-96F300S AA</td><td>B(B)</td></tr><tr><td>3</td><td>F08</td><td>EQ system power sample</td><td>EQ6L系统供电电源电压ADC采样滤波、分压电路</td><td>B(B)</td></tr><tr><td>4</td><td>F16</td><td>POWER</td><td>TPS22918负载开关，VCC3V3电压输入，VCC3V3_EQ输出</td><td>QM(B)</td></tr><tr><td>4</td><td>F01</td><td>MCU</td><td>SAK-TC377TP-96F300S AA</td><td>B(B)</td></tr><tr><td>4</td><td>F08</td><td>EQ system power sample</td><td>EQ6L系统供电电源电压ADC采样滤波、分压电路</td><td>B(B)</td></tr></table>"", ""<table><caption> Device Information</caption>\n<tr><td colspan=3 rowspan=3 >Part Number Current Rating Package TPS62870-Q1 6A TPS62871-Q1 9A RXS (VQFN-FCRLF, TPS62872-Q1 12 A 16) TPS62873-Q1 15 A</td></tr>\n\n</table>"", ""<table><caption> Table 9-10. Table 6-2. Devices Without I2C Interface</caption>\n<tr><td  > Device Number</td><td  >Output Current</td><td  >Start-Up Voltage(2)</td><td  >VSEL Settings</td><td  > Spread Spectrum Clocking</td><td  > Soft-Start Time</td></tr>\n<tr><td  >TPS62870N0QWRXSRQ1</td><td  >6A</td><td  >0.500 V</td><td  >6.2 kQ to GND</td><td></td><td></td></tr>\n<tr><td  >TPS62871N0QWRXSRQ1</td><td  >9A</td><td  >0.750V</td><td  > Short to GND</td><td  >On</td><td  >0.5 ms</td></tr>\n<tr><td  >TPS62872N0QWRXSRQ1</td><td  >12 A</td><td  >0.875 V</td><td  >Short to VIN </td><td></td><td></td></tr>\n<tr><td  >TPS62873N0QWRXSRQ1</td><td  >15 A</td><td  >1.050 V</td><td  >47 kQ to VIN</td><td></td><td></td></tr>\n</table>"", ""<table><caption> Table 6-2. Devices Without I²C Interface (continued) Unless otherwise noted, device variants without I2C operate with the same default settings as device variants with 12C.</caption>\n<tr><td  >DeviceNumber</td><td  >OutputCurrent</td><td  >Start-UpVoltage(2)</td><td  >VSEL Settings</td><td  > Spread Spectrum Clocking</td><td  > Soft-Start Time</td></tr>\n<tr><td  >TPS62870N1QWRXSRQ1</td><td  >6A</td><td  >0.800 V</td><td  >6.2kQ to GND</td><td></td><td></td></tr>\n<tr><td  >TPS62871N1QWRXSRQ1</td><td  >9A</td><td  >0.750V</td><td  >Short to GND</td><td></td><td></td></tr>\n<tr><td  >TPS62872N1QWRXSRQ1</td><td  >12 A</td><td  >0.875V</td><td  >Short to VIN</td><td  >On</td><td></td></tr>\n<tr><td  >TPS62873N1QWRXSRQ1</td><td  >15 A</td><td  >0.840V</td><td  >47 kQ to VIN </td><td></td><td  >1 ms</td></tr>\n<tr><td></td><td></td><td  >1.800 V</td><td  >6.2 kQ to GND</td><td></td><td></td></tr>\n<tr><td  >TPS62872N2QWRXSRQ1</td><td  >12 A</td><td  >1.500 V 1.750 V</td><td  >Short to GND Short to VIN </td><td  >Off</td><td></td></tr>\n<tr><td></td><td></td><td  >3.300 V</td><td  >47kQ to VIN</td><td></td><td></td></tr>\n</table>"", ""<table><caption> Table9-5.DefaultOutputVoltageSetpoints</caption>\n<tr><td  >VSEL Pin(1)</td><td  >Device Number</td><td  >VSET[7:0]</td><td  >Output Voltage Setpoint</td></tr>\n<tr><td></td><td  >TPS6287x-Q1</td><td  >0x5a</td><td  >850 mV</td></tr>\n<tr><td></td><td  >TPS6287xY0-Q1</td><td  >0x50</td><td  >800 mV</td></tr>\n<tr><td></td><td  >TPS6287xY1-Q1</td><td  >0x14</td><td  >500 mV</td></tr>\n<tr><td></td><td  >TPS6287xY2-Q1</td><td  >0x64</td><td  >1800 mV</td></tr>\n<tr><td  >6.2 kQ to GND</td><td  >TPS6287xY3-Q1</td><td  >0x52</td><td  >810 mV</td></tr>\n<tr><td></td><td  >TPS6287xN0-Q1</td><td  >0x14</td><td  >500 mV</td></tr>\n<tr><td></td><td  >TPS6287xN1-Q1</td><td  >0x50</td><td  >800 mV</td></tr>\n<tr><td></td><td  >TPS6287xN2-Q1</td><td  >0x64</td><td  >1800 mV</td></tr>\n</table>"", ""<table>\n<tr><td></td><td></td><td></td><td  >MIN</td><td  >NOM</td><td  >MAX</td><td  >UNIT</td></tr>\n<tr><td  >VIN</td><td  >Input voltage</td><td  >VIN SDA, SCL</td><td  >2.7</td><td></td><td  >6 5</td><td  >V</td></tr>\n<tr><td  >VouT</td><td  >Output voltage</td><td></td><td  >0.4</td><td></td><td  >3.35 V or (ViN - 1.4</td><td></td></tr>\n<tr><td></td><td></td><td></td><td></td><td></td><td  >V)(1)</td><td></td></tr>\n<tr><td></td><td></td><td  >TPS62870-Q1</td><td></td><td></td><td  >6</td><td></td></tr>\n<tr><td></td><td></td><td  >TPS62871-Q1</td><td></td><td></td><td  >9</td><td></td></tr>\n<tr><td  >loUT</td><td  >Output current</td><td  >TPS62872-Q1</td><td></td><td></td><td  >12</td><td  >A</td></tr>\n<tr><td></td><td></td><td  >TPS62873-Q1</td><td></td><td></td><td  >15</td><td></td></tr>\n<tr><td></td><td  >Inductance</td><td></td><td  >110</td><td></td><td  >330</td><td  >nH</td></tr>\n<tr><td></td><td></td><td  >fsw≥2.25MHz andVouT≤1.675V</td><td  >55</td><td></td><td  >330</td><td></td></tr>\n</table>"", ""VOUT(VIN - VoUT\nIL(PP) = VU(NxLxW)"", ""<table><caption> Table 7-1. Pin Functions (continued) I = input, O = output, P = power, GND = ground(1)</caption>\n<tr><td  >Pin</td><td></td><td></td><td></td></tr>\n<tr><td  >Name</td><td  >No.</td><td  >Type(1)</td><td  >Description</td></tr>\n<tr><td></td><td></td><td></td><td  >Internal clock output pin for synchronization in stacked mode. Leave this pin floating for single </td></tr>\n<tr><td></td><td></td><td></td><td  >device operation. Connect this pin to the MODE/SYNC pin of the next device in the daisy-chain in </td></tr>\n<tr><td  >SYNC_OUT</td><td  >14</td><td></td><td  >stacked operation. Do not use this pin to connect to a non-TPS6287x-Q1 device.  During start-up, this pin is used to identify if a device must operate as a secondary converter in</td></tr>\n<tr><td></td><td></td><td></td><td  >stacked operation. Connect a 47-kQ resistor from this pin to GND to define a secondary converter</td></tr>\n<tr><td></td><td></td><td></td><td  > in stacked operation. See Section 9.3.17 for a detailed description.</td></tr>\n<tr><td  >VSEL</td><td  >15</td><td  >一</td><td  > Start-up output voltage select pin. A resistor or short circuit to GND or Vin defines the selected output voltage. See Section 9.3.6.2.</td></tr>\n<tr><td  >FSEL</td><td  >16</td><td  >一</td><td  >Frequency select pin. A resistor or a short circuit to GND or Vin determines the free-running switching frequency. See Section 9.3.6.2.</td></tr>\n<tr><td  >Exposed Thermal Pad</td><td></td><td  >一</td><td  >The thermal pad must be soldered to GND to achieve an appropriate thermal resistance and for mechanical stability.</td></tr>\n</table>"", ""<table><caption> 8.4 Thermal Information  For more information about traditional and new thermal metrics, see the Semiconductor and IC Package Thermal Metrics application (1) report.</caption>\n<tr><td></td><td></td><td  >TPS6287x</td><td></td><td></td></tr>\n<tr><td></td><td  >THERMAL METRIC(1)</td><td  >RXS (JEDEC)</td><td  >RXS (EVM)</td><td  >UNIT</td></tr>\n<tr><td></td><td></td><td  >16 PINS</td><td  >16 PINS </td><td></td></tr>\n<tr><td  >ReJA</td><td  >Junction-to-ambient thermal resistance</td><td  >43.2</td><td  >28</td><td  >°C/W</td></tr>\n<tr><td  >ReJC(top)</td><td  >Junction-to-case (top) thermal resistance</td><td  >19.2</td><td  >N/A</td><td  >°C/W</td></tr>\n<tr><td  >ReJB</td><td  >Junction-to-board thermal resistance</td><td  >7.7</td><td  >N/A</td><td  >°C/W</td></tr>\n<tr><td  >中JT</td><td  >Junction-to-top characterization parameter</td><td  >0.5</td><td  >1.5</td><td  >°C/W</td></tr>\n<tr><td  >4JB</td><td  >Junction-to-board characterization parameter</td><td  >7.7</td><td  >9.3</td><td  >°C/W</td></tr>\n<tr><td  >ReJC(bot)</td><td  >Junction-to-case (bottom) thermal resistance </td><td  >6.3</td><td  >N/A</td><td  >°C/W</td></tr>\n</table>""]","{""original_context_count"": 15, ""original_context_characters"": 17547, ""scored_context_count"": 4, ""scored_context_characters"": 3547, ""contexts_truncated"": true, ""context_selection"": ""claim_coverage"", ""selected_evidence_ids"": [""document:ea7b2234534382bf""], ""selected_claim_ids"": [""sq_1:claim_1""], ""excluded_evidence_ids"": [""document:034c767118e5df31"", ""document:0a2d86c848720c0c"", ""document:29cc1a9be32b6d7f"", ""document:2f8baf0f2ad1d779"", ""document:44c4021cbbe6e903"", ""document:4ad2ea185f61228e"", ""document:4e638b9fb82d4ad2"", ""document:5e69a562758e3536"", ""document:7970eec1b28a0159"", ""document:947efb39a112e100"", ""document:a47f93f7ac4e825a"", ""document:cb4d0862c228b66e"", ""document:dd6d958dffe7c372""]}",0.7509086460864229,0.0,0.0,not_applicable,0.49999999995,1.0,1.0,0.625,1.0
hw-v1-conflict-main-mcu,success,主控 MCU 是哪颗，型号是什么？,EDF 中 U900 为 SAK-TC367DP-64F300S，即 AURIX TC367；HSI 章节名称写作 TC377 最小系统。回答应披露 TC367 与 TC377 的来源差异，不能合并为无冲突的单一型号。,"主控 MCU 的型号存在来源冲突，无法确定为单一型号。

**冲突列表：**  
- **字段：** 主控 MCU 型号  
  - **取值 1：** SAK-TC367DP-64F300S AA  
    **来源：** 电路设计文件 `825504380_ADAS_SCH_TCN2.EDF`，实例 U900A~U900E 均标注该型号（证据[1]~[5]）。  
  - **取值 2：** SAK-TC377TP-96F300S AA  
    **来源：** 文档 `600608964_ADAS_HSI_0506_1952_shoulin.wang.docx` 中多处明确描述 F01/MCU 模块使用该型号（证据[10]、[14]、[18]等）。  

**支撑每个取值的最少证据：**  
- 对于 SAK-TC367DP-64F300S AA：  
  - 电路设计文件中的元件实例 U900A~U900E 均标注 `SAK-TC367DP-64F300S AA`（证据[1]~[5]）。  
- 对于 SAK-TC377TP-96F300S AA：  
  - 文档中模块功能描述明确指出“32位MCU芯片SAK-TC377TP-96F300S AA主控芯片”（证据[10]）。  
  - 模块清单中多次列出 F01/MCU 的型号为 `SAK-TC377TP-96F300S AA`（证据[14]、[18]）。  

**缺失信息：** 无证据能确定哪个来源对应实际产品的主控 MCU，因此无法确认唯一型号。","主控 MCU 的型号存在来源冲突，无法确定为单一型号。

**冲突列表：**  
- **字段：** 主控 MCU 型号  
  - **取值 1：** SAK-TC367DP-64F300S AA  
    **来源：** 电路设计文件 `825504380_ADAS_SCH_TCN2.EDF`，实例 U900A~U900E 均标注该型号（证据[1]~[5]）。  
  - **取值 2：** SAK-TC377TP-96F300S AA  
    **来源：** 文档 `600608964_ADAS_HSI_0506_1952_shoulin.wang.docx` 中多处明确描述 F01/MCU 模块使用该型号（证据[10]、[14]、[18]等）。  

**支撑每个取值的最少证据：**  
- 对于 SAK-TC367DP-64F300S AA：  
  - 电路设计文件中的元件实例 U900A~U900E 均标注 `SAK-TC367DP-64F300S AA`（证据[1]~[5]）。  
- 对于 SAK-TC377TP-96F300S AA：  
  - 文档中模块功能描述明确指出“32位MCU芯片SAK-TC377TP-96F300S AA主控芯片”（证据[10]）。  
  - 模块清单中多次列出 F01/MCU 的型号为 `SAK-TC377TP-96F300S AA`（证据[14]、[18]）。  

**缺失信息：** 无证据能确定哪个来源对应实际产品的主控 MCU，因此无法确认唯一型号。","[""Instance U900A: SAK-TC367DP-64F300S AAA, 20210903003, SAK-TC367DP-64F300S AA, bga80p20x20_1700x1700x170-292."", ""Instance U900B: SAK-TC367DP-64F300S AAB, 20210903003, SAK-TC367DP-64F300S AA, bga80p20x20_1700x1700x170-292."", ""Instance U900C: SAK-TC367DP-64F300S AAC, 20210903003, SAK-TC367DP-64F300S AA, bga80p20x20_1700x1700x170-292."", ""Instance U900D: SAK-TC367DP-64F300S AAD, 20210903003, SAK-TC367DP-64F300S AA, bga80p20x20_1700x1700x170-292."", ""Instance U900E: SAK-TC367DP-64F300S AAE, 20210903003, SAK-TC367DP-64F300S AA, bga80p20x20_1700x1700x170-292."", ""Net CAN0_STB_MCU_SPI3_CS5_P02.8 connects R1126.&1, R1228.&2, R1241.&1, TP1217.&1, U1200.SCSN, U1202.STB, U1203.NSTB."", ""Net CAN1_STB_MCU_SPI3_CS4_P00.2 connects R1233.&2, R1240.&1, TP1227.&1, U1201.STB, U1204.SCSN, U1205.NSTB, U900D.P00.2/SENT_SENT1B/EVADC_G9CH10/ASCLIN3_ASCLK/PSI5_TX0/CAN03_TXD/QSPI3_SLSO4."", ""Net CAN2_STB_MCU_SPI3_CS3_P00.5 connects R1301.&1, R1320.&2, TP1304.&1, U1300.STB, U1302.SCSN, U1303.NSTB, U900D.P00.5/EDSADC_DSCIN2A/SENT_SENT4B/CAN11_RXDB/EVADC_G9CH7/EDSADC_CGPWMN/QSPI3_SLSO3/EDSADC_DSCOUT2/EVADC_FC0BFLOUT/SENT_SPC4."", ""<table><tr><td>HM ID</td><td>F02/F03/F04/F28</td></tr><tr><td>模块功能 \nModule Function</td><td>EYEQ6-L最小系统组成：外部30MHz晶体给EYEQ6-L提供基本时钟输入，外部20MHz有源晶振提供监控时钟，外扩OSPI接口的2Gb NAND FLASH存储程序，外扩1GB的LPDDR4运存。NXB0104是用于MCU的3V3_SPI和NAND FLASH的1V8_SPI进行电平转换，用于MCU读写NAND FLASH。\nEYEQ6-L minimum system components: an external 30MHz crystal provides the basic clock input for EYEQ6-L, an external 20MHz active crystal provides the monitoring clock, an external 2GbNAND FLASH memory program for OSPI interface, and an external 1GB LPDDR4 operation memory. NXB0104 is used for level conversion of 3V3_SPI of MCU and 1V8-SPI of NAND FLASH for MCU to read and write NAND FLASH.</td></tr><tr><td>模块框图\nModule diagram</td><td></td></tr><tr><td>模块方案\nModule solution</td><td>\n1、处理器\n根据ADAS产品需求图像处理SOC功能安全需要达到ASIL-B，经综合评估选择Mobileye产品EYEQ6-L，最高功能安全可达到ASIL-B，接口资源丰富。\n1.Processor\nAccording to the requirements of ADAS products, the functional safety of image processing SOC needs to reach ASIL-B. After comprehensive evaluation, Mobileye product EYEQ6-L is selected, and the highest functional safety can reach ASIL-B with abundant interface resources. +\n2、时钟\n硬件选型30MHz晶振给EYEQ6-L提供时钟输入，由其内部PLL等电路完成倍频、分频，供其内核和各模块使用。外部20MHz有源晶振作为内部监控时钟。\n2.Clock\nThe 30MHz crystal provides clock input to the EYEQ6-L, and its internal PLL circuit completes frequency multiplication and frequency division for the EyeQ6-L core and each module. The external 20MHz active crystal is energized as an internal monitoring clock.\n3、DDR\nEYEQ6在外扩的DDR中运行程序和存储临时数据，其DDR控制器可支持32bits位宽的LPDDR4 SDRAM，最大读写速率4266 Mb/s/pin 。本设计中选用1片32bit的LPDDR4 SDRAM，型号为车规级器件K4F8E3S4HD-GHCL02V，以充分利用数据带宽，保证EYEQ6的处理速度，LPDDR4工作环境温度为-40℃~105℃，单片总容量1GB。\n3.DDR\nEYEQ6 runs programs and stores temporary data in the extended DDR. Its DDR controller supports LPDDR4 SDRAM with 32bits wide and a maximum read/write rate of 4266Mb/s/pin. In this design, a 32bit LPDDR4 SDRAM is selected, the model is car grade device K4F8E3S4HD-GHCLO2V, in order to make full use of the data bandwidth and ensure the processing speed of EYEQ6. The working environment temperature of LPDDR4 is -40℃-105℃, and the total capacity of a single chip is 1GB.\n\n\n4、NAND FLASH\n选择ME推荐的WinBond公司产品W35N02JWTBKF，容量2Gb，FLASH支持CRC安全机制。\nNXB0104是用于MCU的3V3_ SPI和NAND FLASH的1V8_ SPI进行电平转换，通过MCU_SPI1_CS片选电平转换芯片，实现MCU对NAND FLASH的读写操作，转换芯片在本应用场景下支持最大传输速率80Mbps。\nNAND FLASH\nChoose the WinBond company product W35N02JWTBKF recommended by ME, with a capacity of 2Gb and FLASH supporting CRC security mechanism. \nNXB0104 is used for the level conversion of 3V3_SPI of MCU and 1V8_SPI of NAND FLASH. The level conversion chip is selected by MCU_SPI1_CS chip to realize the reading and writing operation of MCU to NAND FLASH. The converter chip supports a maximum transmission rate of 80Mbps in this application scenario. \n5、电源和复位\nEYEQ6-L需要6路电源：VCC3V3_EQ、VCC0V75、0V75_MIPI_DDR、VCC1V8、VCC1V1、VCC1V8_EQ，其中VCC0V75用于给内核供电。复位信号由MCU通过P02.4口进行控制。\nPower and reset\nEYEQ6-L requires six power sources: VCC3V3-EQ, VCCOV75, OV75_MIPI_DDR, VCC1V8, VCC1V1, VCC1V8_EQ, where VCCOV75 is used to power the core. The reset signal is controlled by the MCU through the P02.4 pin.</td></tr></table>"", ""<table><tr><td>HM ID</td><td>F01</td></tr><tr><td>模块功能 \nModule Function</td><td>32位MCU芯片TC377最小系统模块有SAK-TC377TP-96F300S AA主控芯片和晶体、硬件配置组成，实现SAK-TC377TP-96F300S AA最小硬件系统工作单元，功能安全等级最高可达到ASIL-D，满足应用要求。\n32-bit MCU chip TC377 minimum system module has SAK-TC377TP-96F300S AA main control chip and crystal, hardware configuration, to achieve SAK-TC377TP-96F300S AA minimum hardware system work unit, functional safety level up to ASIL-D, meet the application requirements. </td></tr><tr><td>模块框图\nModule diagram</td><td></td></tr><tr><td>模块方案\nModule solution</td><td>处理器\n根据ADAS产品需求，综合评估选型为32位MCU芯片SAK-TC377TP-96F300S AA， MCU接口资源丰富，功能安全等级最高可达到ASIL-D，满足应用要求。\nProcessor \nAccording to ADAS product requirements, 32-bit MCU chip SAK-TC377TP-96F300S AA is selected through comprehensive evaluation, which has rich MCU interface resources and the highest functional safety level can reach ASIL-D to meet application requirements\n时钟设计\n硬件选型20MHz晶振给MCU提供时钟输入，由其内部PLL等电路完成倍频、分频，供其内核和各模块使用。\nClock design\nHardware selection of clock design 20MHz crystal oscillator provides clock input to MCU, and its internal PLL and other circuits complete frequency doubling and frequency division for its kernel and each module.\n复位及watchdog\n系统复位及看门狗芯片采用LP87702内部看门狗，喂狗方式为窗口喂狗，当喂狗窗口无有效喂狗次数超过OTP配置时，将触发整个系统复位。\na)\t上电时，看门狗芯片对MCU启动过程进行监控，同时对MCU的电源VCC3V3电压进行低压监控，异常时主动复位MCU。\nb)\t运行过程中由看门狗监控MCU运行状态，当MCU程序跑飞时看门狗超时触发复位信号主动复位MCU。\nReset and watchdog\nThe system reset and watchdog chip adopts LP87702 internal watchdog, and the feeding method is window feeding. When the number of effective dog feeding in the feeding window exceeds the OTP configuration, the whole system reset will be triggered. \n When powering on, the watchdog chip monitors the start-up process of MCU, and at the same time, it monitors the low voltage voltage of MCU's power supply VCC3V3, and actively resets MCU when abnormal. \n MCU running status is monitored by watchdog during operation. When MCU program runs, watchdog timeout triggers reset signal and actively reset MCU.\n电源需求\nMCU需要1路VCC3V3_MCU（精度：3.3V±10%）和1路VCC1V25_MCU（精度：1.2-1.35V）供电。\n4. Power demand\nThe MCU needs 1 channel VCC3V3_MCU (accuracy: 3.3V±10%) and 1 channel VCC1V25_MCU (accuracy: 1.2-1.35V) power supply.</td></tr></table>"", ""\nHW Interface Component ：QM; None：F15/POWER; None：1、电源转换芯片SA23002，VCC3V3转VCC0V75_MIPI_DDR。\n2、SA23002由MCU进行使能和关断控制。; MCU Component ：F01/MCU; None：QM; None：P19; None：P22.1; None：P22.1/GTM_TIM1_IN0_8/GTM_TIM0_IN0_8/QSPI4_MRSTB/GTM_TOUT48/QSPI4_MRST/QSPI4_SCLKP; None：GPIO; None：MCU_VCC0V75_MIPI_DDR_EN; None：/; None：O; None：VCC0V75_MIPI_DDR电源使能控制信号\n高：使能VCC0V75_MIPI_DDR电源\n低：关断VCC0V75_MIPI_DDR电源; None：HI-Z, 硬件外部下拉; None：—; SW Variable Name or SW Function Name：— ——Port1\nECU Connector：X2000-54; None：SPI Communction; HW Interface Component ：B; None：F02/EYEQ6L; None：MCU_SPI0（slave）\nEQ6L_SPI0（master）\n速率：10Mbps; MCU Component ：F01/MCU; None：B; None：E20; None：P20.11; None：P20.11/GTM_TIM3_IN7_6/GTM_TIM2_IN7_6/QSPI0_SCLKA/GTM_TOUT67/QSPI0_SCLK; None：QSPI0_SCLKA; None：MCU_SPI0_CLK_P20.11; None：/; None：I; None：EQ发送SPI时钟信号到MCU\nMCU配置为内置下拉（SPI模式配置为：极性CPOL=0，相位CPHA=1）; None：HI-Z; None：—; SW Variable Name or SW Function Name：— ——Port1\nECU Connector：X2000-57; MCU Component ：F01/MCU; None：B; None：D20; None：P20.13; None：P20.13/GTM_TIM3_IN1_4/GTM_TIM2_IN1_4/QSPI0_SLSIA/GTM_TOUT69/QSPI0_SLSO2/QSPI1_SLSO2/QSPI0_SCLK; None：QSPI0_SLSIA; None：MCU_SPI0_CS_P20.13; None：/; None：I; None：EQ发送SPI片选信号到MCU\nMCU配置为内置上拉（SPI模式配置为：极性CPOL=0，相位CPHA=1）; None：HI-Z; None：—; SW Variable Name or SW Function Name：— ——Port1"", ""\nMCU Component ：F01/ MCU; None：QM; None：R19; None：P22.3; None：P22.3/GTM_TIM1_IN4_4/GTM_TIM0_IN4_4/QSPI4_SCLKB/GTM_TOUT50/QSPI4_SCLK/QSPI4_MTSRP; None：GPIO; None：PHY_RESET_N_P22.3; None：/; None：O; None：ETH输入复位信号\n高：ETH芯片正常工作\n低：复位ETH芯片; None：HI-Z，硬件外部上拉; None：—; SW Variable Name or SW Function Name：— ——Port1\nMCU Component ：F01/ MCU; None：QM; None：E19; None：P20.10; None：P20.10/ASCLIN1_ATX/QSPI0_SLSO6/QSPI2_SLSO7/CAN03_TXD/ASCLIN1_ASCLK; None：GPIO; None：MCU_ETH_INTB_P20.10; None：/; None：I; None：ETH输出中断信号\n低：ETH输出中断信号\n高：ETH中断信号无效; None：HI-Z，硬件外部上拉; None：—; SW Variable Name or SW Function Name：— ——Port1\nMCU Component ：F01/ MCU; None：QM; None：J20; None：P21.5; None：P21.5/GTM_TIM5_IN7_11/GTM_TIM1_IN3_6/GTM_TIM0_IN3_6/GTM_TOUT56; None：GPIO; None：MCU_ETH_WAKE_P21.5; None：/; None：IO; None：以太网本地/转发唤醒信号\n高：触发本地唤醒事件\n低：未触发本地唤醒事件; None：HI-Z，硬件外部下拉; None：—; SW Variable Name or SW Function Name：— ——Port1\nNone：level translation; HW Interface Component ：QM; None：F28/level translation; None：用于MCU端的3.3V_SPI转EQ6L FLASH端的1.8V_SPI。实现MCU对EQ6L FLASH的读写功能。\n; MCU Component ：F01/ MCU; None：QM; None：A5; None：P10.2; None：P10.2/GTM_TIM4_IN5_12/GTM_TIM1_IN2_3/CAN02_RXDE/QSPI1_SCLKA/QSPI1_SCLK/EVADC_FC3BFLOUT; None：QSPI1_SCLK; None：MMCU_SPI1_CLK_P10.2; None：/; None：O; None：SPI1 MCU透过电平转换芯片至FLASH（EQ6L）的时钟信号; None：HI-Z; None：—; SW Variable Name or SW Function Name：— ——Port1"", ""\nHW Interface Component ：QM（B）; None：F16/POWER; None：1、负载开关TPS22918，VCC3V3转VCC3V3_EQ。\n2、TPS22918由MCU进行使能和关断控制。; MCU Component ：F01/MCU; None：B; None：G20; None：P20.3; None：P20.3/GTM_TIM4_IN5_11/GTM_TIM3_IN4_5/GTM_TIM2_IN4_5/GTM_TOUT61/QSPI0_SLSO9/QSPI2_SLSO9/CAN03_TXD; None：GPIO; None：MCU_3V3_EQ_EN; None：/; None：O; None：VCC3V3_EQ电源使能控制信号\n高：使能VCC3V3_EQ电源\n低：关断VCC3V3_EQ电源; None：HI-Z,硬件外部下拉; None：—; SW Variable Name or SW Function Name：— ——Port1\nHW Interface Component ：QM; None：F17/POWER; None：1、负载开关TPS22918，VCC3V3转VCC3V3_ETH。\n2、TPS22918由MCU进行使能和关断控制。; MCU Component ：F01/MCU; None：QM; None：K17; None：P21.0; None：P21.0/GTM_TIM4_IN0_11/GTM_TIM3_IN4_6/GTM_TIM2_IN4_6/QSPI4_MRSTDN/DMU_FDEST/GTM_TOUT51/HSM_HSM1; None：GPIO; None：MCU_3V3_ETH_EN; None：/; None：O; None：VCC3V3_ETH电源使能控制信号\n高：使能VCC3V3_EQ电源\n低：关断VCC3V3_EQ电源; None：HI-Z, 硬件外部下拉; None：—; SW Variable Name or SW Function Name：— ——Port1\nHW Interface Component ：QM; None：F14/POWER; None：1、电源转换芯片TPS62872，VCC3V3转VCC0V75。\n2、TPS62872由MCU进行使能和关断控制。; MCU Component ：F01/MCU; None：QM; None：P20; None：P22.0; None：P22.0/GTM_TIM1_IN1_7/GTM_TIM0_IN1_7/QSPI4_MTSRB/GTM_TOUT47/QSPI4_MTSR/QSPI4_SCLKN; None：GPIO; None：MCU_VCC0V75_EN; None：/; None：O; None：VCC0V75电源使能控制信号\n高：使能VCC0V75电源\n低：关断VCC0V75电源; None：HI-Z, 硬件外部下拉; None：—; SW Variable Name or SW Function Name：— ——Port1"", ""<table><tr><td>序号</td><td>模块序号</td><td>模块名称</td><td>功能定义</td><td>功能安全需求</td></tr><tr><td>1</td><td>F013</td><td>POWER</td><td>LP87702，VCC3V3电压输入，VCC1V1、VCC1V8、VCC50电压输出</td><td>QM(B)</td></tr><tr><td>1</td><td>F01</td><td>MCU</td><td>SAK-TC377TP-96F300S AA</td><td>B(B)</td></tr><tr><td>1</td><td>F08</td><td>EQ system power sample1</td><td>EQ6L系统供电电源电压ADC采样滤波、分压电路</td><td>B(B)</td></tr><tr><td>2</td><td>F14</td><td>POWER</td><td>TPS62872，VCC3V3电压输入，VCC0V75电压输出，EQ6L核电供电</td><td>QM(B)</td></tr><tr><td>2</td><td>F01</td><td>MCU</td><td>SAK-TC377TP-96F300S AA</td><td>B(B)</td></tr><tr><td>2</td><td>F08</td><td>EQ system power sample</td><td>EQ6L系统供电电源电压ADC采样滤波、分压电路</td><td>B(B)</td></tr><tr><td>3</td><td>F15</td><td>POWER</td><td>SA23002，VCC3V3输入，0V75_MIPI_DDR电压输出</td><td>QM(B)</td></tr><tr><td>3</td><td>F01</td><td>MCU</td><td>SAK-TC377TP-96F300S AA</td><td>B(B)</td></tr><tr><td>3</td><td>F08</td><td>EQ system power sample</td><td>EQ6L系统供电电源电压ADC采样滤波、分压电路</td><td>B(B)</td></tr><tr><td>4</td><td>F16</td><td>POWER</td><td>TPS22918负载开关，VCC3V3电压输入，VCC3V3_EQ输出</td><td>QM(B)</td></tr><tr><td>4</td><td>F01</td><td>MCU</td><td>SAK-TC377TP-96F300S AA</td><td>B(B)</td></tr><tr><td>4</td><td>F08</td><td>EQ system power sample</td><td>EQ6L系统供电电源电压ADC采样滤波、分压电路</td><td>B(B)</td></tr></table>"", ""\nMCU Component ：F01/MCU; None：NA; None：T6; None：NC; None：AN15/EVADC_G1CH7/EDSADC_EDS3NB; None：NC; None：NC; None：/; None：/; None：/; None：/; None：—; SW Variable Name or SW Function Name：— ——Port1\nMCU Component ：F01/MCU; None：NA; None：K14; None：NC; None：NC; None：NC; None：NC; None：/; None：/; None：/; None：/; None：—; SW Variable Name or SW Function Name：— ——Port1\nMCU Component ：F01/MCU; None：NA; None：A1; None：NC; None：NC; None：NC; None：NC; None：/; None：/; None：/; None：/; None：—; SW Variable Name or SW Function Name：— ——Port1\nMCU Component ：F01/MCU; None：NA; None：Y1; None：NC; None：NC; None：NC; None：NC; None：/; None：/; None：/; None：/; None：—; SW Variable Name or SW Function Name：— ——Port1\nMCU Component ：F01/MCU; None：NA; None：U4; None：NC; None：NC; None：NC; None：NC; None：/; None：/; None：/; None：/; None：—; SW Variable Name or SW Function Name：— ——Port1\nMCU Component ：F01/MCU; None：NA; None：B20; None：NC; None：P15.0/GTM_TIM3_IN3_4/GTM_TIM2_IN3_4/GTM_TOUT71/QSPI0_SLSO13/CAN02_TXD; None：NC; None：NC; None：/; None：/; None：/; None：/; None：—; SW Variable Name or SW Function Name：— ——Port1\nMCU Component ：F01/MCU; None：NA; None：B13; None：NC; None：P14.6/GTM_TIM1_IN1_4/GTM_TIM0_IN1_4/GTM_TOUT86/QSPI2_SLSO2/CAN13_TXD/ERAY0_TXENB; None：NC; None：NC; None：/; None：/; None：/; None：/; None：—; SW Variable Name or SW Function Name：— ——Port1"", ""\nMCU Component ：F01/MCU; None：B; None：T1; None：VAREF2; None：VAREF2; None：POWER; None：VCC3V3_MCU; None：/; None：/; None：3V3供电，MCU ADC参考电源; None：/; None：—; SW Variable Name or SW Function Name：— ——Port1\nMCU Component ：F01/MCU; None：B; None：T11; None：VEVRSB; None：VEVRSB; None：POWER; None：VCC3V3_MCU; None：/; None：/; None：3V3供电，备用域电源; None：/; None：—; SW Variable Name or SW Function Name：— ——Port1\nNone：GND; None：POWER; None：MCU的GND; MCU Component ：F01/MCU; None：NA; None：Y4; None：VSSM; None：VSSM; None：GND; None：GND; None：/; None：/; None：/; None：/; None：—; SW Variable Name or SW Function Name：— ——Port1\nMCU Component ：F01/MCU; None：NA; None：Y7; None：VAGND1; None：VAGND1; None：GND; None：GND; None：/; None：/; None：/; None：/; None：—; SW Variable Name or SW Function Name：— ——Port1\nMCU Component ：F01/MCU; None：NA; None：T2; None：VAGND2; None：VAGND2; None：GND; None：GND; None：/; None：/; None：/; None：/; None：—; SW Variable Name or SW Function Name：— ——Port1\nMCU Component ：F01/MCU; None：NA; None：B2; None：VSS1; None：VSS1; None：GND; None：GND; None：/; None：/; None：/; None：/; None：—; SW Variable Name or SW Function Name：— ——Port1\nMCU Component ：F01/MCU; None：NA; None：D4; None：VSS2; None：VSS2; None：GND; None：GND; None：/; None：/; None：/; None：/; None：—; SW Variable Name or SW Function Name：— ——Port1"", ""\nECU Connector：X2000-59; MCU Component ：F01/MCU; None：B; None：D19; None：P20.12; None：P20.12/GTM_TIM3_IN0_5/GTM_TIM2_IN0_5/QSPI0_MRSTA/GTM_TOUT68/QSPI0_MRST/QSPI0_MTSR; None：QSPI0_MRST; None：MCU_SPI0_MRST_P20.12; None：/; None：O; None：MCU向EQ发送数据\nMCU配置为内置下拉（SPI模式配置为：极性CPOL=0，相位CPHA=1）\n; None：HI-Z; None：—; SW Variable Name or SW Function Name：— ——Port1\nECU Connector：X2000-53; MCU Component ：F01/MCU; None：B; None：C20; None：P20.14; None：P20.14/GTM_TIM3_IN2_4/GTM_TIM2_IN2_4/QSPI0_MTSRA/GTM_TOUT70/QSPI0_MTSR; None：QSPI0_MTSRA; None：MCU_SPI0_MTSR_P20.14; None：/; None：I; None：EQ向MCU发送数据\nMCU配置为内置下拉（SPI模式配置为：极性CPOL=0，相位CPHA=1）; None：HI-Z; None：—; SW Variable Name or SW Function Name：— ——Port1\nECU Connector：X2000-58; None：SPI Communction; HW Interface Component ：B; None：F02/EYEQ6L; None：MCU_SPI2（master）\nEQ6L_SPI1（slave）\n速率：10Mbps; MCU Component ：F01/MCU; None：B; None：D15; None：P15.7; None：P15.7/GTM_TIM1_IN1_5/GTM_TIM0_IN1_5/QSPI2_MRSTB/GTM_TOUT78/QSPI2_MRST; None：QSPI2_MRSTB; None：MCU_SPI2_MRST_P15.7; None：/; None：I; None：EQ向MCU发送数据\nMCU配置为内置下拉（SPI模式配置为：极性CPOL=0，相位CPHA=1）; None：HI-Z; None：—; SW Variable Name or SW Function Name：— ——Port1"", ""<table><tr><td>模块序号\nModule number</td><td>模块名称\nModule name</td><td>功能定义\nFunction definition.</td><td>功能安全需求\nFunctional safety requirements</td></tr><tr><td>F01</td><td>MCU</td><td>SAK-TC377TP-96F300S AA</td><td>B(B)</td></tr><tr><td>F02</td><td>EYEQ6-L</td><td>EYEQ6-L，用于sensor的视频处理</td><td>B</td></tr><tr><td>F03</td><td>EYEQ6_LPDDR4</td><td>EQ6的1GB LPDDR4</td><td>B</td></tr><tr><td>F04</td><td>EYEQ6_NAND FLASH</td><td>EQ6的2Gb NAND FLASH</td><td>B</td></tr><tr><td>F05</td><td>CAM SENSOR</td><td>Sony 728摄像头模组</td><td>B</td></tr><tr><td>F06</td><td>KL30 sample</td><td>KL30电压采样</td><td>QM</td></tr><tr><td>F07</td><td>KL15 sample</td><td>KL15电压采样</td><td>QM</td></tr><tr><td>F08</td><td>EQ system power sample1</td><td>EQ6L系统供电电源电压ADC采样滤波、分压电路</td><td>B(B)</td></tr><tr><td>F09</td><td>ETH and CAN power sample2</td><td>CAN和ETH电源电压ADC采样滤波、分压电路</td><td>QM</td></tr><tr><td>F10</td><td>NTC temp sensor</td><td>NTC温度传感器，监控EQ6L/LPDDR4周边环境温度。</td><td>B</td></tr><tr><td>F11</td><td>KL30 EMI</td><td>KL30供电口EMI滤波电路.</td><td>B</td></tr><tr><td>F12</td><td>POWER</td><td>LN10046，KL30电源转VCC3V3电源</td><td>B</td></tr><tr><td>F13</td><td>POWER</td><td>LP87702，VCC3V3电压输入，VCC1V1、VCC1V8、VCC50电压输出</td><td>QM(B)</td></tr><tr><td>F14</td><td>POWER</td><td>TPS62872，VCC3V3电压输入，VCC0V75电压输出</td><td>QM(B)</td></tr><tr><td>F15</td><td>POWER</td><td>SA23002，VCC3V3输入，VCC0V75电压输出</td><td>QM(B)</td></tr><tr><td>F16</td><td>POWER</td><td>TPS22918负载开关，VCC3V3电压输入，VCC3V3_EQ输出</td><td>QM(B)</td></tr><tr><td>F17</td><td>POWER</td><td>TPS22918负载开关，VCC3V3输入，VCC3V3_ETH输出</td><td>QM</td></tr><tr><td>F18</td><td>overvoltage protect</td><td>用于MCU电源VCC3V3_MCU的外部过压保护</td><td>B</td></tr><tr><td>F19</td><td>POWER</td><td>TPS22918 负载开关，VCC1V8电压输入，VCC1V8_EQ电压输出</td><td>QM(B)</td></tr><tr><td>F20</td><td>CAN3</td><td>基于TCAN1145的CAN通讯，硬件支持特定报文唤醒</td><td>QM</td></tr><tr><td>F21</td><td>CAN2</td><td>基于TCAN1044A的CAN通讯.</td><td>QM</td></tr><tr><td>F22</td><td>CAN1</td><td>基于TCAN1044A的CAN通讯</td><td>QM</td></tr><tr><td>F23</td><td>CAN0</td><td>基于TCAN1044A的CAN通讯.</td><td>QM</td></tr><tr><td>F24</td><td>ETH</td><td>基于DP83TC812R的100BASE-T1通讯</td><td>QM</td></tr><tr><td>F25</td><td>Wake up</td><td>唤醒源和一级电源使能电路设计</td><td>QM</td></tr><tr><td>F26</td><td>watchdog</td><td>LP87702的看门狗功能，用于监控MCU运行状态</td><td>B</td></tr><tr><td>F27</td><td>POWER</td><td>VCC3V3_MCU转VCC1V25_MCU电压，由MCU的EVRC进行控制。</td><td>B</td></tr><tr><td>F28</td><td>level translation</td><td>3V3和1V8双向电压转换芯片</td><td>QM</td></tr></table>"", ""\nMCU Component ：F01/MCU; None：B; None：N14; None：VDD; None：VDD; None：POWER; None：VCC1V25_MCU; None：/; None：/; None：1V25供电，MCU核电源域; None：/; None：—; SW Variable Name or SW Function Name：— ——Port1\nMCU Component ：F01/MCU; None：B; None：E15; None：VDD; None：VDD; None：POWER; None：VCC1V25_MCU; None：/; None：/; None：1V25供电，MCU核电源域; None：/; None：—; SW Variable Name or SW Function Name：— ——Port1\nMCU Component ：F01/MCU; None：B; None：H14; None：VDD; None：VDD; None：POWER; None：VCC1V25_MCU; None：/; None：/; None：1V25供电，MCU核电源域; None：/; None：—; SW Variable Name or SW Function Name：— ——Port1\nMCU Component ：F01/MCU; None：B; None：D16; None：VDD; None：VDD; None：POWER; None：VCC1V25_MCU; None：/; None：/; None：1V25供电，MCU核电源域; None：/; None：—; SW Variable Name or SW Function Name：— ——Port1\nMCU Component ：F01/MCU; None：B; None：G13; None：VDD; None：VDD; None：POWER; None：VCC1V25_MCU; None：/; None：/; None：1V25供电，MCU核电源域; None：/; None：—; SW Variable Name or SW Function Name：— ——Port1\nMCU Component ：F01/MCU; None：B; None：G8; None：VDD; None：VDD; None：POWER; None：VCC1V25_MCU; None：/; None：/; None：1V25供电，MCU核电源域; None：/; None：—; SW Variable Name or SW Function Name：— ——Port1"", ""\nUnnamed: 0：SM[HW]:VMT:MBIST; Unnamed: 1：6.499; Unnamed: 2：nan; Unnamed: 3：SMC[SW]:VMT:MBIST; Unnamed: 4：ESM[SW]:VMT:MBIST; Unnamed: 5：nan; Unnamed: 6：nan; Unnamed: 7：nan; Unnamed: 8：nan; Unnamed: 9：nan; Unnamed: 10：nan; Unnamed: 11：nan; Unnamed: 12：nan; Unnamed: 13：nan; Unnamed: 14：nan; Unnamed: 15：nan ——12.1TC3XXX_SM\nUnnamed: 0：2 Functional Blocks; Unnamed: 1：nan; Unnamed: 2：nan; Unnamed: 3：nan; Unnamed: 4：nan; Unnamed: 5：nan; Unnamed: 6：nan; Unnamed: 7：nan; Unnamed: 8：nan; Unnamed: 9：nan; Unnamed: 10：nan; Unnamed: 11：nan; Unnamed: 12：nan; Unnamed: 13：nan; Unnamed: 14：nan; Unnamed: 15：nan ——12.1TC3XXX_SM\nUnnamed: 0：2.1 MCU Function - Processing; Unnamed: 1：nan; Unnamed: 2：nan; Unnamed: 3：nan; Unnamed: 4：nan; Unnamed: 5：nan; Unnamed: 6：nan; Unnamed: 7：nan; Unnamed: 8：nan; Unnamed: 9：nan; Unnamed: 10：nan; Unnamed: 11：nan; Unnamed: 12：nan; Unnamed: 13：nan; Unnamed: 14：nan; Unnamed: 15：nan ——12.1TC3XXX_SM\nUnnamed: 0：2.1.1 CPU; Unnamed: 1：nan; Unnamed: 2：nan; Unnamed: 3：nan; Unnamed: 4：nan; Unnamed: 5：nan; Unnamed: 6：nan; Unnamed: 7：nan; Unnamed: 8：nan; Unnamed: 9：nan; Unnamed: 10：nan; Unnamed: 11：nan; Unnamed: 12：nan; Unnamed: 13：nan; Unnamed: 14：nan; Unnamed: 15：nan ——12.1TC3XXX_SM"", ""\nHW Interface Component ：B; None：F32/POWER; None：1V25用于MCU核供电，精度：±10%\n由MCU的EVRC进行控制; MCU Component ：F01/MCU; None：B; None：Y17; None：P32.0; None：P32.0/GTM_TIM3_IN2_5/GTM_TIM2_IN2_5/GTM_TOUT36/VGATE1N; None：GPIO; None：——; None：/; None：O; None：MCU1.25V电源驱动信号; None：/; None：—; SW Variable Name or SW Function Name：— ——Port1\nMCU Component ：F01/MCU; None：B; None：W17; None：P32.1; None：P32.1/GTM_TIM3_IN3_15/GTM_TOUT37/VGATE1P; None：GPIO; None：——; None：/; None：O; None：MCU1.25V电源驱动信号; None：/; None：—; SW Variable Name or SW Function Name：— ——Port1\nMCU Component ：F01/MCU; None：B; None：P8; None：VDD; None：VDD; None：POWER; None：VCC1V25_MCU; None：/; None：/; None：1V25供电，MCU核电源域; None：/; None：—; SW Variable Name or SW Function Name：— ——Port1\nMCU Component ：F01/MCU; None：B; None：P13; None：VDD; None：VDD; None：POWER; None：VCC1V25_MCU; None：/; None：/; None：1V25供电，MCU核电源域; None：/; None：—; SW Variable Name or SW Function Name：— ——Port1\nMCU Component ：F01/MCU; None：B; None：N7; None：VDD; None：VDD; None：POWER; None：VCC1V25_MCU; None：/; None：/; None：1V25供电，MCU核电源域; None：/; None：—; SW Variable Name or SW Function Name：— ——Port1"", ""3.3.5 EQ6最小系统 EQ6 minimum system\t553.3.6 摄像头最小系统 camera minimum system\t593.3.7 看门狗电路 Watchdog circuit\t613.3.8 温度采样电路 Temp Sample circuit\t623.3.9 ETH电路 ETH circuit\t633.3.10 CAN FD电路 CAN FD circuit\t654\tADC电压采集阈值 The ADC voltage acquisition threshold\t685\tEQ6L上下电时序要求 EQ6L Power-on and power-off sequence requirements\t686\t共享和独占的硬件资源 Shared and Exclusive Hardware Resource\t696.1 ECU-MCU信号对应关系 ECU-MCU Signal Mapping\t696.2 MCU时钟配置 MCU Clock Configuration\t706.3 存储器配置 Memeory Configuration\t717\t其他芯片配置 Other IC Configuration\t717.1 其他芯片的通讯机制 Communication Mechanism with Other IC\t717.2 LP87702配置 LP87702 Configuration\t727.3 TPS62872配置 TPS62872 Configuration\t728\t安全机制 Safety Mechanisms\t736.1 System level\t736.2 HW level\t736.3 IC level\t73概述 Introduction目的 Purpose软硬接口文档的目的是描述软件和硬件的交互，并且确保软件硬件和TSR的一致性。The goal of the hardware software interface document is to specify the hardware and software interaction and be consistent with the technical safety concept.适用范围 Range of Application此文档适用于奇瑞EQ6L T1G ADAS项目的功能安全开发全过程。This document is applied for the whole functional safety development process of  EQ6L T1G ADAS project.读者对象 TReader项目经理Project Manager项目组成员Project Team Members功能安全经理Functional Safety Manager功能安全工程师Functional Safety System Engineer硬件工程师 Hardware Engineer软件工程师 Software Engineer质量和审查人员QA and Assessor产品测试人员Product Test Engineer"", ""<table><tr><td>HM ID</td><td>F14</td></tr><tr><td>模块功能 \nModule Function</td><td>VCC3V3转VCC0V75应用于EQ6的内核供电，要求输出电流能力大，现选型TI的方案TPS62872。\nVCC3V3 to VCCOV75 is applied to the kernel power supply of EQ6, which requires large output current capacity. TI's scheme TPS62872 is selected.</td></tr><tr><td>模块框图\nModule diagram</td><td></td></tr><tr><td>模块方案\nModule solution</td><td>\t采用TPS62872电源芯片，将VCC3V3转换为VCC0V75，提供给EQ6核电供电。用MCU的P22.0引脚使能芯片，用MCU_SDA_P15.5，MCU_SCL_P15.4引脚I2C通信来设置输出电压和通信。\nTPS62872 power chip is used to convert VCC3V3 to VCCOV75, which is supplied to EQ nuclear power supply. P22.0 pin of MCU is used to enable chip, MCU_SDA_P15.5, MCU_SCL_P15.4 pin I2C communication is used to set output voltage and communication. +</td></tr></table>"", ""<table><tr><td>HM ID</td><td>F15</td></tr><tr><td>模块功能 \nModule Function</td><td>VCC3V3转0V75_MIPI_DDR应用于EQ6的IO口供电，现使用矽力杰的SA23002进行设计。\nVCC3V3 to 0V75_MIPI_DDR for EQ6 IO port power supply, Silergy’s SA23002 is designed.</td></tr><tr><td>模块框图\nModule diagram</td><td></td></tr><tr><td>模块方案\nModule solution</td><td>采用SA23002电源芯片，将VCC3V3转换为0V75_MIPI_DDR，提供给EQ6的IO口供电。用MCU的P22.1引脚使能该芯片。\nSA23002 power chip is used to convert VCC3V3 to 0V75_MIPI_DDR to supply power to the I/O port of EQ6. The P22.1 pin of the MCU is used to enable the chip. \n</td></tr></table>"", ""\nNone：U20; None：P23.2; None：P23.2/GTM_TIM1_IN6_5/GTM_TIM0_IN6_5/GTM_TOUT43/CAN12_TXD; None：GPIO; None：MCU_RST_FLASH_P23.2; None：/; None：O; None：FLASH复位信号\n低：FLASH复位\n高：FLASH进入工作状态; None：HI-Z，硬件外部下拉; None：—; SW Variable Name or SW Function Name：— ——Port1\nNone：未使用; MCU Component ：F01/ MCU; None：NA; None：/; None：D7; None：P11.14; None：P11.14/GTM_TIM4_IN7_4/GTM_TIM2_IN7_8/GETH_CRSDVB/GETH_RXDVB/GETH_CRSA/GTM_TOUT126; None：GPIO; None：MCU_ETH_CFG1_P11.14; None：/; None：I; None：CFG1：BOM配置，判断是否有以太网\n高：TBD\n低：TBD; None：HI-Z; None：—; SW Variable Name or SW Function Name：— ——Port1\nNone：未使用; MCU Component ：F01/ MCU; None：NA; None：/; None：D6; None：P11.15; None：P11.15/GTM_TIM4_IN7_5/GTM_TIM0_IN7_8/GETH_COLA/GTM_TOUT127; None：GPIO; None：MCU_ETH_CFG2_P11.15; None：/; None：I; None：CFG2：BOM配置，判断以太网接口类型\n高：TBD\n低：TBD; None：HI-Z; None：—; SW Variable Name or SW Function Name：— ——Port1\nHW Interface Component ：QM(B); None：F13/POWER; None：1、LP87702实现VCC3V3转VCC1V8、VCC1V1、VCC50三路电源输出\n2、LP87702的VCC50由MCU的GPIO控制使能和关断，VCC1V8、VCC1V1由MCU的I2C控制使能和关断。\n3、预留中断信号用于MCU辅助监控LP87702的工作状态。\n4、MCU可以通过I2C监控和管理LP87702的状态。; MCU Component ：F01/ MCU; None：QM; None：B17; None：P15.3; None：P15.3/GTM_TIM3_IN6_4/GTM_TIM2_IN6_4/CAN01_RXDA/QSPI2_SCLKA/GTM_TOUT74/QSPI2_SCLK/MSC0_EN1; None：GPIO; None：MCU_5V_EN; None：/; None：O; None：VCC50（LP87702）电源使能控制信号\n高：使能VCC50电压输出\n低：关断VCC50电压输出; None：HI-Z，硬件外部下拉; None：—; SW Variable Name or SW Function Name：— ——Port1"", ""<table><tr><td>HM ID</td><td>F32</td></tr><tr><td>模块功能 \nModule Function</td><td>3V3转1V25_MCU用于MCU的核供电\n3V3 to 1V25_MCU is used for the core power supply of MCU</td></tr><tr><td>模块框图\nModule diagram</td><td></td></tr><tr><td>模块方案\nModule solution</td><td>该BUCK电源使用MCU的内置控制器进行控制，外部需要选型功率开关管和电感电容。\nThe BUCK power supply is controlled by the built-in controller of the MCU, and the external selection of power switches and inductors and capacitors is required.</td></tr></table>"", ""\n组件\ncomponent：nan; 功能\nFunction：HWC_1.7_VTRK1    The function of this module is to regulate the wide power supply input voltage range from 6V~24V,and provide the power supply(5V) to XXX; 需求\nRequirement：The range of Input Voltage for SBC:6V-24V;\nThe range of output Voltage for SBC(5V): 4.95V~5.05V;\nThe operating voltage range is 4.85V~5.15V ; 潜在的失效模式\nPotential Failure Mode：MF-HWC_1.7\nOutput voltage is outside XXX required operation voltage range.; 潜在的失效后果\nPotential Consequence：SBC can not provide correct power supply to XXX. \nXXX cannot operate correctly.; Related TSR：根据项目实际情况选择对应的TSR，，若未使用或安全无关，则NA; Safety related?：Yes; safety measure/safety mechanism：Implement SBC VTRK1 safety mechanism.; APXXXXXX_项目软硬件需求跟踪\nTraceability：SBC_FS26_HWSR001\nSBC_FS26_HWSR002\nSBC_FS26_HWSR003\nSBC_FS26_HWSR004\nSBC_FS26_SWSR035\nSBC_FS26_HWSR036\nSBC_FS26_HWSR037\nSBC_FS26_SWSR041\n ——11_FS26xxB(D)_HWFMEA\n组件\ncomponent：nan; 功能\nFunction：HWC_1.8_SPI    The function of this module is to communication with MCU; 需求\nRequirement：\nSBC communication with MCU; 潜在的失效模式\nPotential Failure Mode：MF-HWC_1.8\nSBC can not communication with MCU  correctly. ; 潜在的失效后果\nPotential Consequence：SBC can not provide correct interactive signal to MCU. \nMCU cannot operate correctly.; Related TSR：根据项目实际情况选择对应的TSR，，若未使用或安全无关，则NA; Safety related?：Yes; safety measure/safety mechanism：Implement SBC SPI safety mechanism.; APXXXXXX_项目软硬件需求跟踪\nTraceability：SBC_FS26_SWSR001\nSBC_FS26_SWSR004\nSBC_FS26_HWSR003\nSBC_FS26_SWSR089 ——11_FS26xxB(D)_HWFMEA"", ""<table><caption> Device Information</caption>\n<tr><td colspan=3 rowspan=3 >Part Number Current Rating Package TPS62870-Q1 6A TPS62871-Q1 9A RXS (VQFN-FCRLF, TPS62872-Q1 12 A 16) TPS62873-Q1 15 A</td></tr>\n\n</table>"", ""<table><caption> Figure 9-22. CONTROL1 Register</caption>\n<tr><td colspan=2 >7 6 RESET SSCEN R/W-0b R/W-0b</td><td colspan=4 >5 3 2 SWEN FPWMEN DISCHEN HICCUPEN R/W-1b R/W-0b R/W-1b R/W-0b</td><td  >VRAMP R/W-10b</td></tr>\n</table>"", ""<table><caption> Table 9-1 shows the function table of the MODE/SYNC pin and the FPWMEN bit in the CONTROL1 register, Table 9-1. FPWM Mode and Power-Save Mode Selection Note</caption>\n<tr><td  >MODE/SYNCPin</td><td  >FPWMEN Bit</td><td  >OperatingMode</td><td  >Remark</td></tr>\n<tr><td  >Low</td><td  >0</td><td  >PSM</td><td  >Do not use in a stacked configuration.</td></tr>\n<tr><td></td><td  >1</td><td  >FPWM</td><td></td></tr>\n<tr><td  >High</td><td  >X</td><td  >FPWM</td><td></td></tr>\n<tr><td  >Sync Clock</td><td  >X</td><td  >FPWM</td><td></td></tr>\n</table>""]","{""original_context_count"": 30, ""original_context_characters"": 28410, ""scored_context_count"": 4, ""scored_context_characters"": 1652, ""contexts_truncated"": true, ""context_selection"": ""claim_coverage"", ""selected_evidence_ids"": [""circuit:21:net:CAN2_STB_MCU_SPI3_CS3_P00.5"", ""document:aac59875b92ed6b0""], ""selected_claim_ids"": [""sq_1:claim_1""], ""excluded_evidence_ids"": [""circuit:21:instance:U900A"", ""circuit:21:instance:U900B"", ""circuit:21:instance:U900C"", ""circuit:21:instance:U900D"", ""circuit:21:instance:U900E"", ""circuit:21:net:CAN0_STB_MCU_SPI3_CS5_P02.8"", ""circuit:21:net:CAN1_STB_MCU_SPI3_CS4_P00.2"", ""document:03f25b2ba7da50a5"", ""document:07eafc1ebcb200f1"", ""document:0d39953c1bdd305d"", ""document:0eb6659a764f4d29"", ""document:18855329310af467"", ""document:23afbde4a2a2d4fb"", ""document:29cc1a9be32b6d7f"", ""document:2d9ba8a423c020c7"", ""document:35108004bab10732"", ""document:44c4021cbbe6e903"", ""document:58106bd2421dc2d1"", ""document:7a6ae2179c8765b3"", ""document:87e0c61422f91bc3"", ""document:a6f318d1053a4c7e"", ""document:b3ccd4d870e372c3"", ""document:bf52768a2f9667cf"", ""document:c525ee76c4d237d2"", ""document:cf5ae31cdbc4ed64"", ""document:e6627ad70c8cab97"", ""document:eb4beefe4b3fcef0"", ""document:ff2eeeb86c7de1f5""]}",0.8251759185401151,0.0,0.8,1.0,0.4166666666458333,0.3333333333333333,0.5,0.0,not_applicable
hw-v1-circuit-u1800-control,success,U1800 的输入、输出检测、使能和 I²C 控制网络分别是什么？,U1800 是 TPS62872，VIN 为 VCC3V3，VOSNS 为 VCC0V75，EN 接 N19888813，并通过连接到 MCU 的 SDA/SCL 进行 I²C 控制。,"**直接结论：**  
- **输入检测**：证据中未明确指定U1800的输入检测网络。  
- **输出检测**：VOSNS 网络为 VCC0V75，GOSNS 网络为 GND。  
- **使能**：EN 网络为 N19888813。  
- **I²C 控制**：SDA 网络为 MCU_SDA_P15.5，SCL 网络为 MCU_SCL_P15.4。  

**支撑证据：**  
[1] 电路设计引脚映射（source: 825504380_ADAS_SCH_TCN2.EDF, record_id:21, pin_mapping:U1800）显示：  
- VOSNS -> VCC0V75  
- GOSNS -> GND  
- EN -> N19888813  
- SDA -> MCU_SDA_P15.5  
- SCL -> MCU_SCL_P15.4  

**缺失信息：**  
- 输入检测：电路设计引脚映射中未列出对应的引脚或网络，无法确定其网络名。","**直接结论：**  
- **输入检测**：证据中未明确指定U1800的输入检测网络。  
- **输出检测**：VOSNS 网络为 VCC0V75，GOSNS 网络为 GND。  
- **使能**：EN 网络为 N19888813。  
- **I²C 控制**：SDA 网络为 MCU_SDA_P15.5，SCL 网络为 MCU_SCL_P15.4。  

**支撑证据：**  
[1] 电路设计引脚映射（source: 825504380_ADAS_SCH_TCN2.EDF, record_id:21, pin_mapping:U1800）显示：  
- VOSNS -> VCC0V75  
- GOSNS -> GND  
- EN -> N19888813  
- SDA -> MCU_SDA_P15.5  
- SCL -> MCU_SCL_P15.4  

**缺失信息：**  
- 输入检测：电路设计引脚映射中未列出对应的引脚或网络，无法确定其网络名。","[""Pin mapping for U1800: COMP -> N19809013, GOSNS -> GND, VOSNS -> VCC0V75, EN -> N19888813, VIN -> VCC3V3, GND -> GND, SW -> N19808656, GND -> GND, VIN -> VCC3V3, MODE/SYNC -> VCC3V3, SDA -> MCU_SDA_P15.5, SCL -> MCU_SCL_P15.4, VSEL -> N19808994, FSEL -> N19808812, TAB -> GND."", ""Instance U1800: TPS62872Y1QWRXSRQ1, 202308165398, TPS62872Y1QWRXSRQ1, PQFN50P355X255X105-16."", ""Instance X1903: FPC_30PIN+2NC, 101106-203050-HF, FPC_30PIN+2NC, CONN_101106-203050-HF-30PIN."", ""Module Group 14 · Ethernet/PHY uses net B_D_ETH_1000_N."", ""Module Group 14 · Ethernet/PHY uses net B_D_ETH_1000_P."", ""Module Group 14 · Ethernet/PHY uses net B_D_ETH_100_N."", ""Module Group 14 · Ethernet/PHY uses net B_D_ETH_100_P."", ""Module Group 14 · Ethernet/PHY uses net ETH_INH."", ""Module Group 14 · Ethernet/PHY uses net GND."", ""\nNone：时间同步信号; MCU Component ：F01/ MCU; None：B; None：T19; None：P23.3; None：P23.3/GTM_TIM1_IN7_4/GTM_TIM0_IN7_4/MSC1_INJ0/CAN12_RXDC/GTM_TOUT44; None：EQ_CFG; None：EYEQ6_GPIO_A17_P23.3; None：/; None：O; None：时间同步信号; None：HI-Z; None：—; SW Variable Name or SW Function Name：— ——Port1\nNone：Startup application control; MCU Component ：F01/ MCU; None：B; None：T20; None：P23.4; None：P23.4/GTM_TIM1_IN7_5/GTM_TIM0_IN7_5/GTM_TOUT45/QSPI4_SLSO5/MSC1_EN0; None：EQ_CFG; None：EQ6L_GPIO_A2_P23.4; None：/; None：O; None：Startup application control; None：HI-Z; None：—; SW Variable Name or SW Function Name：— ——Port1\nNone：Startup application control; MCU Component ：F01/ MCU; None：B; None：T17; None：P23.5; None：P23.5/GTM_TIM1_IN2_7/GTM_TIM0_IN2_7/GTM_TOUT46/QSPI4_SLSO4/MSC1_EN1; None：EQ_CFG; None：EQ6L_GPIO_A3_P23.5; None：/; None：O; None：Startup application control; None：HI-Z; None：—; SW Variable Name or SW Function Name：— ——Port1\nNone：EYEQ6L 边界位置检测输入; MCU Component ：F01/ MCU; None：B; None：R20; None：P22.2; None：P22.2/GTM_TIM1_IN3_7/GTM_TIM0_IN3_7/QSPI4_SLSIB/GTM_TOUT49/QSPI4_SLSO3/QSPI4_MTSRN; None：GPIO; None：EQ_DAISY_CHAIN_OUT_P22.2; None：/; None：I; None：EYEQ6L 边界位置检测输入; None：HI-Z，硬件外部下拉; None：—; SW Variable Name or SW Function Name：— ——Port1"", ""\nNone：EYEQ6L 边界位置检测输出; MCU Component ：F01/ MCU; None：QM; None：A7; None：P10.0; None：P10.0/GTM_TIM4_IN0_12/GTM_TIM1_IN4_2/GTM_TIM0_IN4_2/GETH_RXERC/GTM_TOUT102/QSPI1_SLSO10; None：GPIO; None：EQ_DAISY_CHAIN_IN_P10.0; None：/; None：O; None：EYEQ6L 边界位置检测输出; None：HI-Z; None：—; SW Variable Name or SW Function Name：— ——Port1\nNone：EYEQ6L 关键性错误指示信号; MCU Component ：F01/ MCU; None：QM; None：B4; None：P10.8; None：P10.8/GTM_TIM4_IN0_13/GTM_TIM1_IN5_2/CAN12_RXDB/QSPI3_SCLKB/GTM_TOUT110/QSPI3_SCLK; None：GPIO; None：EYEQ6_CRERR_N_P10.8; None：/; None：I; None：EYEQ6L 关键性错误指示信号\n高：未发生错误\n低：发生错误; None：HI-Z，硬件外部上拉; None：—; SW Variable Name or SW Function Name：— ——Port1\nNone：FCMU RESET ENABLE\n低有效; MCU Component ：F01/ MCU; None：B; None：E6; None：P11.13; None：P11.13/GTM_TIM4_IN6_5/GTM_TIM2_IN6_7/GETH_RXERA/CAN13_RXDD/GTM_TOUT125; None：GPIO; None：EYEQ6_FCMU_RSTEN_N_P11.13; None：/; None：O; None：FCMU RESET ENABLE\n低有效; None：HI-Z，硬件外部下拉; None：—; SW Variable Name or SW Function Name：— ——Port1\nNone：MCU和EQ6的GPIO信号; MCU Component ：F01/ MCU; None：QM; None：J17; None：P21.1; None：P21.1/GTM_TIM4_IN1_13/GTM_TIM3_IN5_6/GTM_TIM2_IN5_6/QSPI4_MRSTDP/GTM_DTMA4_1/GTM_TOUT52/HSM_HSM2; None：UBOOT; None：EQ6L_GPIO_A14_UBOOT; None：/; None：O; None：UBOOT; None：HI-Z; None：—; SW Variable Name or SW Function Name：— ——Port1"", ""<table><tr><td>HM ID</td><td>F14</td></tr><tr><td>模块功能 \nModule Function</td><td>VCC3V3转VCC0V75应用于EQ6的内核供电，要求输出电流能力大，现选型TI的方案TPS62872。\nVCC3V3 to VCCOV75 is applied to the kernel power supply of EQ6, which requires large output current capacity. TI's scheme TPS62872 is selected.</td></tr><tr><td>模块框图\nModule diagram</td><td></td></tr><tr><td>模块方案\nModule solution</td><td>\t采用TPS62872电源芯片，将VCC3V3转换为VCC0V75，提供给EQ6核电供电。用MCU的P22.0引脚使能芯片，用MCU_SDA_P15.5，MCU_SCL_P15.4引脚I2C通信来设置输出电压和通信。\nTPS62872 power chip is used to convert VCC3V3 to VCCOV75, which is supplied to EQ nuclear power supply. P22.0 pin of MCU is used to enable chip, MCU_SDA_P15.5, MCU_SCL_P15.4 pin I2C communication is used to set output voltage and communication. +</td></tr></table>"", ""<table><caption> *All dimensioons are nominal</caption>\n<tr><th  >Device</th><th  >Package Type</th><th  >Package Drawing</th><th  >Pins</th><th  >SPQ</th><th  >Length (mm)</th><th  >Width (mm)</th><th  >Height (mm)</th></tr>\n<tr><td  >TPS62870N0QWRXSRQ1</td><td  >VQFN-FCRLF</td><td  >RXS</td><td  >16</td><td  >3000</td><td  >338.0</td><td  >355.0</td><td  >50.0</td></tr>\n<tr><td  >TPS62870QWRXSRQ1</td><td  >VQFN-FCRLF</td><td  >RXS</td><td  >16</td><td  >3000</td><td  >338.0</td><td  >355.0</td><td  >50.0</td></tr>\n<tr><td  >TPS62870Y0QWRXSRQ1</td><td  >VQFN-FCRLF</td><td  >RXS</td><td  >16</td><td  >3000</td><td  >338.0</td><td  >355.0</td><td  >50.0</td></tr>\n<tr><td  >TPS62870Y1QWRXSRQ1</td><td  >VQFN-FCRLF</td><td  >RXS</td><td  >16</td><td  >3000</td><td  >338.0</td><td  >355.0</td><td  >50.0</td></tr>\n<tr><td  >TPS62870Y2QWRXSRQ1</td><td  >VQFN-FCRLF</td><td  >RXS</td><td  >16</td><td  >3000</td><td  >338.0</td><td  >355.0</td><td  >50.0</td></tr>\n<tr><td  >TPS62870Y3QWRXSRQ1</td><td  >VQFN-FCRLF</td><td  > RXS</td><td  >16</td><td  >3000</td><td  >338.0</td><td  >355.0</td><td  >50.0</td></tr>\n<tr><td  >TPS62871QWRXSRQ1</td><td  >VQFN-FCRLF</td><td  >RXS</td><td  >16</td><td  >3000</td><td  >338.0</td><td  >355.0</td><td  >50.0</td></tr>\n<tr><td  >TPS62871Y1QWRXSRQ1</td><td  >VQFN-FCRLF</td><td  >RXS</td><td  >16</td><td  >3000</td><td  >338.0</td><td  >355.0</td><td  >50.0</td></tr>\n<tr><td  >TPS62872N0QWRXSRQ1</td><td  >VQFN-FCRLF</td><td  > RXS</td><td  >16</td><td  >3000</td><td  >338.0</td><td  >355.0</td><td  >50.0</td></tr>\n<tr><td  >TPS62872QWRXSRQ1</td><td  >VQFN-FCRLF</td><td  >RXS</td><td  >16</td><td  >3000</td><td  >338.0</td><td  >355.0</td><td  >50.0</td></tr>\n<tr><td  >TPS62872Y1QWRXSRQ1</td><td  >VQFN-FCRLF</td><td  >RXS</td><td  >16</td><td  >3000</td><td  >338.0</td><td  >355.0</td><td  >50.0</td></tr>\n<tr><td  >TPS62873QWRXSRQ1</td><td  >VQFN-FCRLF</td><td  >RXS</td><td  >16</td><td  >3000</td><td  >338.0</td><td  >355.0</td><td  >50.0</td></tr>\n<tr><td  >TPS62873Y1QWRXSRQ1</td><td  >VQFN-FCRLF</td><td  >RXS</td><td  >16</td><td  >3000</td><td  >338.0</td><td  >355.0</td><td  >50.0</td></tr>\n</table>"", ""<table><caption> PACKAGINGINFORMATION (1) The markting status values aredefined a fllows: ACTivE: Product device recommended for new designs. LIFEBuY: TI has announced that the device will be discontinued, and a lifetime-buy period is in effect.  NRND: Not recommended for new designs. Device is in production to support existing customers, but TI does not recommend using this part in a new design. PREVIEW: Device has been announced but is not in production. Samples may or may not be available. OBsoLETE: TI has discontinued the production of the device.</caption>\n<tr><td  > Orderable Device</td><td  > Status (1)</td><td  >Package Type</td><td  >Package Pins Package Drawing</td><td></td><td  >Qty</td><td  >Eco Plan (2)</td><td  >Lead finish/ Ball material</td><td  > MSL Peak Temp (3)</td><td  >Op Temp (°C)</td><td  >Device Marking (4/5)</td><td  >Samples</td></tr>\n<tr><td></td><td></td><td></td><td></td><td></td><td></td><td></td><td  >(6)</td><td></td><td></td><td></td><td></td></tr>\n<tr><td  >TPS62870N0QWRXSRQ1</td><td  >ACTIVE</td><td  >VQFN-FCRLF</td><td  >RXS</td><td  >16</td><td  >3000</td><td  >RoHS & Green</td><td  >NIPDAU </td><td  >Level-2-260C-1 YEAR</td><td  >-40 to 125</td><td  >870NOB</td><td  >Samples</td></tr>\n<tr><td  >TPS62870QWRXSRQ1</td><td  >ACTIVE</td><td  >VQFN-FCRLF</td><td  >RXS</td><td  >16</td><td  >3000</td><td  >RoHS & Green</td><td  >NIPDAU</td><td  >Level-2-260C-1 YEAR</td><td  >-40 to 125</td><td  >870B</td><td  >Samples</td></tr>\n<tr><td  >TPS62870Y0QWRXSRQ1</td><td  >ACTIVE</td><td  >VQFN-FCRLF</td><td  >RXS</td><td  >16</td><td  >3000</td><td  >RoHS & Green</td><td  >NIPDAU</td><td  >Level-2-260C-1 YEAR</td><td  >-40 to 125</td><td  >870Y0B</td><td  > Samples</td></tr>\n<tr><td  >TPS62870Y1QWRXSRQ1</td><td  >ACTIVE</td><td  >VQFN-FCRLF</td><td  >RXS</td><td  >16</td><td  >3000</td><td  >RoHS & Green</td><td  >NIPDAU</td><td  >Level-2-260C-1 YEAR</td><td  >-40 to 125</td><td  >870Y1B</td><td  >Samples</td></tr>\n<tr><td  >TPS62870Y2QWRXSRQ1</td><td  >ACTIVE</td><td  >VQFN-FCRLF</td><td  >RXS</td><td  >16</td><td  >3000</td><td  >RoHS & Green</td><td  >NIPDAU</td><td  >Level-2-260C-1 YEAR</td><td  >-40 to 125</td><td  >870Y2B</td><td  > Samples</td></tr>\n<tr><td  >TPS62870Y3QWRXSRQ1</td><td  >ACTIVE</td><td  >VQFN-FCRLF</td><td  >RXS</td><td  >16</td><td  >3000</td><td  >RoHS & Green</td><td  >NIPDAU</td><td  >Level-2-260C-1 YEAR</td><td  >-40 to 125 </td><td  >870Y3B</td><td  >Samples </td></tr>\n<tr><td  >TPS62871QWRXSRQ1</td><td  >ACTIVE</td><td  >VQFN-FCRLF</td><td  >RXS</td><td  >16</td><td  >3000</td><td  >RoHS & Green</td><td  >NIPDAU</td><td  >Level-2-260C-1 YEAR</td><td  >-40 to 125 </td><td  >871B</td><td  >Samples</td></tr>\n<tr><td  >TPS62871Y1QWRXSRQ1</td><td  >ACTIVE</td><td  >VQFN-FCRLF</td><td  >RXS</td><td  >16</td><td  >3000</td><td  >RoHS & Green</td><td  >NIPDAU</td><td  >Level-2-260C-1 YEAR</td><td  >-40 to 125</td><td  >871Y1B</td><td  >Samples</td></tr>\n<tr><td  >TPS62872N0QWRXSRQ1</td><td  >ACTIVE</td><td  >VQFN-FCRLF</td><td  >RXS</td><td  >16</td><td  >3000</td><td  >RoHS & Green</td><td  >NIPDAU</td><td  >Level-2-260C-1 YEAR</td><td  >-40 to 125 </td><td  >872NOB</td><td  > Samples</td></tr>\n<tr><td  >TPS62872QWRXSRQ1</td><td  >ACTIVE</td><td  >VQFN-FCRLF</td><td  >RXS</td><td  >16</td><td  >3000</td><td  >RoHS &Green</td><td  >NIPDAU</td><td  >Level-2-260C-1 YEAR</td><td  >-40 to 125</td><td  >872B</td><td  >Samples </td></tr>\n<tr><td  >TPS62872Y1QWRXSRQ1</td><td  >ACTIVE</td><td  >VQFN-FCRLF</td><td  >RXS</td><td  >16</td><td  >3000</td><td  >RoHS & Green</td><td  >NIPDAU</td><td  >Level-2-260C-1 YEAR</td><td  >-40 to 125 </td><td  >872Y1B</td><td  >Samples</td></tr>\n<tr><td  >TPS62873QWRXSRQ1</td><td  >ACTIVE</td><td  >VQFN-FCRLF</td><td  >RXS</td><td  >16</td><td  >3000</td><td  >RoHS& Green</td><td  >NIPDAU</td><td  >Level-2-260C-1 YEAR</td><td  >-40 to 125</td><td  >873B</td><td  >Samples</td></tr>\n<tr><td  >TPS62873Y1QWRXSRQ1</td><td  >ACTIVE </td><td  >VQFN-FCRLF</td><td  >RXS</td><td  >16</td><td  >3000</td><td  >RoHS & Green</td><td  >NIPDAU</td><td  >Level-2-260C-1 YEAR</td><td  >-40 to 125</td><td  >873Y1B</td><td  >Samples</td></tr>\n</table>"", ""<table><caption> *All dimensics are nominal</caption>\n<tr><th  >Device</th><th  >Package</th><th  >Package</th><th  >Pins</th><th  >SPQ</th><th  >Reel</th><th  >Reel</th><th  >A0</th><th  >BO</th><th  >K0</th><th  >P1</th><th  >W</th><th  >Pin1</th></tr>\n<tr><th></th><th  >Type</th><th  >Drawing</th><th></th><th></th><th  >Diameter</th><th  >Width</th><th  >(mm)</th><th  >(mm)</th><th  >(mm)</th><th  >(mm)</th><th  >(mm)</th><th  >Quadrant</th></tr>\n<tr><th></th><th></th><th></th><th></th><th></th><th  >(mm)</th><th  >W1(mm)</th><th></th><th></th><th></th><th></th><th></th><th></th></tr>\n<tr><td  >TPS62870N0QWRXSRQ1</td><td  >VQFN-</td><td  >RXS</td><td  >16</td><td  >3000</td><td  >330.0</td><td  >12.4</td><td  >2.8</td><td  >3.8</td><td  >1.2</td><td  >4.0</td><td  >12.0</td><td  >Q1</td></tr>\n<tr><th></th><th  >FCRLF</th><th></th><th></th><th></th><th></th><th></th><th></th><th></th><th></th><th></th><th></th><th></th></tr>\n<tr><td  >TPS62870QWRXSRQ1</td><td  >VQFN-</td><td  >RXS</td><td  >16</td><td  >3000</td><td  >330.0</td><td  >12.4</td><td  >2.8</td><td  >3.8</td><td  >1.2</td><td  >4.0</td><td  >12.0</td><td  >Q1</td></tr>\n<tr><td  >TPS62870Y0QWRXSRQ1</td><td  >VQFN-</td><td  >RXS</td><td  >16</td><td  >3000</td><td  >330.0</td><td  >12.4</td><td  >2.8</td><td  >3.8</td><td  >1.2</td><td  >4.0</td><td  >12.0</td><td  >Q1</td></tr>\n<tr><td  >TPS62870Y1QWRXSRQ1</td><td  >VQFN-</td><td  >RXS</td><td  >16</td><td  >3000</td><td  >330.0</td><td  >12.4</td><td  >2.8</td><td  >3.8</td><td  >1.2</td><td  >4.0</td><td  >12.0</td><td  >Q1</td></tr>\n<tr><td  >TPS62870Y2QWRXSRQ1</td><td  >VQFN-</td><td  >RXS</td><td  >16</td><td  >3000</td><td  >330.0</td><td  >12.4</td><td  >2.8</td><td  >3.8</td><td  >1.2</td><td  >4.0</td><td  >12.0</td><td  >Q1</td></tr>\n<tr><td  >TPS62870Y3QWRXSRQ1</td><td  >VQFN-</td><td  >RXS</td><td  >16</td><td  >3000</td><td  >330.0</td><td  >12.4</td><td  >2.8</td><td  >3.8</td><td  >1.2</td><td  >4.0</td><td  >12.0</td><td  >Q1</td></tr>\n<tr><td  >TPS62871QWRXSRQ1</td><td  >VQFN-</td><td  >RXS</td><td  >16</td><td  >3000</td><td  >330.0</td><td  >12.4</td><td  >2.8</td><td  >3.8</td><td  >1.2</td><td  >4.0</td><td  >12.0</td><td  >Q1</td></tr>\n<tr><td  >TPS62871Y1QWRXSRQ1</td><td  >VQFN-</td><td  >RXS</td><td  >16</td><td  >3000</td><td  >330.0</td><td  >12.4</td><td  >2.8</td><td  >3.8</td><td  >1.2</td><td  >4.0</td><td  >12.0</td><td  >Q1</td></tr>\n<tr><td  >TPS62872N0QWRXSRQ1</td><td  >VQFN-</td><td  >RXS</td><td  >16</td><td  >3000</td><td  >330.0</td><td  >12.4</td><td  >2.8</td><td  >3.8</td><td  >1.2</td><td  >4.0</td><td  >12.0</td><td  >Q1</td></tr>\n<tr><th  >Device</th><th  >Package</th><th  >Package</th><th  >Pins</th><th  >SPQ</th><th  >Reel</th><th  >Reel</th><th  >A0</th><th  >BO</th><th  >KO</th><th  >P1</th><th  >W</th><th  >Pin1</th></tr>\n<tr><th></th><th  >Type</th><th  >Drawing</th><th></th><th></th><th  >Diameter</th><th  >Width</th><th  >(mm)</th><th  >(mm)</th><th  >(mm)</th><th  >(mm)</th><th  >(mm)</th><th  >[Quadrant</th></tr>\n<tr><th></th><th></th><th></th><th></th><th></th><th  >(mm)</th><th  >W1 (mm)]</th><th></th><th></th><th></th><th></th><th></th><th></th></tr>\n<tr><td  >TPS62872QWRXSRQ1</td><td  >VQFN-</td><td  >RXS</td><td  >16</td><td  >3000</td><td  >330.0</td><td  >12.4</td><td  >2.8</td><td  >3.8</td><td  >1.2</td><td  >4.0</td><td  >12.0</td><td  >Q1</td></tr>\n<tr><th></th><th  > FCRLF</th><th></th><th></th><th></th><th></th><th></th><th></th><th></th><th></th><th></th><th></th><th></th></tr>\n<tr><td  >TPS62872Y1QWRXSRQ1</td><td  >VQFN-</td><td  >RXS</td><td  >16</td><td  >3000</td><td  >330.0</td><td  >12.4</td><td  >2.8</td><td  >3.8</td><td  >1.2</td><td  >4.0</td><td  >12.0</td><td  >Q1</td></tr>\n<tr><td  >TPS62873QWRXSRQ1</td><td  >VQFN-</td><td  >RXS</td><td  >16</td><td  >3000</td><td  >330.0</td><td  >12.4</td><td  >2.8</td><td  >3.8</td><td  >1.2</td><td  >4.0</td><td  >12.0</td><td  >Q1</td></tr>\n<tr><td  >TPS62873Y1QWRXSRQ1</td><td  >VQFN-</td><td  >RXS</td><td  >16</td><td  >3000</td><td  >330.0</td><td  >12.4</td><td  >2.8</td><td  >3.8</td><td  >1.2</td><td  >4.0</td><td  >12.0</td><td  >Q1</td></tr>\n</table>"", ""<table><tr><td>HM ID</td><td>F13</td></tr><tr><td>模块功能 \nModule Function</td><td>VCC1V8用于EQ6、CAM、DDR、FLASH供电。VCC1V1用于EQ6、DDR供电。VCC50用于CAN收发器供电，现选择LP87702 PMIC方案。\nVCCIV8 is used to power EQ6, CAM, DDR, FLASH.VCC1V1 is used to power EQ6,DDR. VCC50 is used for CAN transceiver power supply, now choose LP87702 PMIC scheme. \n</td></tr><tr><td>模块框图\nModule diagram</td><td></td></tr><tr><td>模块方案\nModule solution</td><td>\n采用LP87702芯片，将VCC3V3转换为VCC1V8、VCC1V1、VCC50，其中VCC1V8用于EQ6、CAM、DDR、FLASH供电，VCC1V1用于EQ6、DDR供电，VCC50用于CAN收发器供电。用MCU的P15.3引脚使能该芯片的5V输出，用MCU_SCL_P15.4，MCU_SDA_P15.5 I2C通信来设置1.8V和1.1输出电压和使能。用MCU的P12.1引脚复位该芯片。\nLP87702 chip is used to convert VCC3V3 into VCC1V8, VCC1V1 and VCC50, in which VCC1V8 is used for EQ6, CAM, DDR and FLASH power supply, VCC1V1 is used for EQ6 and DDR power supply, and VCC50 is used for CAN transceiver power supplyP15.3 pin of MCU is used to enable 5V output of the chip, and MCU_SCL_P15.4, MCU_SDA_P15.5 I2C communication is used to set 1.8V and 1.1 output voltage and enable it. Reset the chip with P12.1 pin of the MCU. </td></tr></table>"", ""<table><tr><td>序号</td><td>模块序号</td><td>模块名称</td><td>功能定义</td><td>功能安全需求</td></tr><tr><td>1</td><td>F013</td><td>POWER</td><td>LP87702，VCC3V3电压输入，VCC1V1、VCC1V8、VCC50电压输出</td><td>QM(B)</td></tr><tr><td>1</td><td>F01</td><td>MCU</td><td>SAK-TC377TP-96F300S AA</td><td>B(B)</td></tr><tr><td>1</td><td>F08</td><td>EQ system power sample1</td><td>EQ6L系统供电电源电压ADC采样滤波、分压电路</td><td>B(B)</td></tr><tr><td>2</td><td>F14</td><td>POWER</td><td>TPS62872，VCC3V3电压输入，VCC0V75电压输出，EQ6L核电供电</td><td>QM(B)</td></tr><tr><td>2</td><td>F01</td><td>MCU</td><td>SAK-TC377TP-96F300S AA</td><td>B(B)</td></tr><tr><td>2</td><td>F08</td><td>EQ system power sample</td><td>EQ6L系统供电电源电压ADC采样滤波、分压电路</td><td>B(B)</td></tr><tr><td>3</td><td>F15</td><td>POWER</td><td>SA23002，VCC3V3输入，0V75_MIPI_DDR电压输出</td><td>QM(B)</td></tr><tr><td>3</td><td>F01</td><td>MCU</td><td>SAK-TC377TP-96F300S AA</td><td>B(B)</td></tr><tr><td>3</td><td>F08</td><td>EQ system power sample</td><td>EQ6L系统供电电源电压ADC采样滤波、分压电路</td><td>B(B)</td></tr><tr><td>4</td><td>F16</td><td>POWER</td><td>TPS22918负载开关，VCC3V3电压输入，VCC3V3_EQ输出</td><td>QM(B)</td></tr><tr><td>4</td><td>F01</td><td>MCU</td><td>SAK-TC377TP-96F300S AA</td><td>B(B)</td></tr><tr><td>4</td><td>F08</td><td>EQ system power sample</td><td>EQ6L系统供电电源电压ADC采样滤波、分压电路</td><td>B(B)</td></tr></table>""]","{""original_context_count"": 17, ""original_context_characters"": 16901, ""scored_context_count"": 4, ""scored_context_characters"": 515, ""contexts_truncated"": true, ""context_selection"": ""claim_coverage"", ""selected_evidence_ids"": [""circuit:21:pin_mapping:U1800""], ""selected_claim_ids"": [""sq_1:claim_1"", ""sq_2:claim_1""], ""excluded_evidence_ids"": [""circuit:21:module_connection:Group 14 · Ethernet/PHY:B_D_ETH_1000_N"", ""circuit:21:module_connection:Group 14 · Ethernet/PHY:B_D_ETH_1000_P"", ""circuit:21:module_connection:Group 14 · Ethernet/PHY:B_D_ETH_100_N"", ""circuit:21:module_connection:Group 14 · Ethernet/PHY:B_D_ETH_100_P"", ""circuit:21:module_connection:Group 14 · Ethernet/PHY:ETH_INH"", ""circuit:21:module_connection:Group 14 · Ethernet/PHY:GND""]}",0.735823378252267,0.34273411982893376,0.7142857142857143,not_applicable,0.9999999999,1.0,1.0,1.0,not_applicable
hw-v1-circuit-vcc1v8-switch,success,VCC1V8 到 EQ 的 1.8V 电源经过哪颗负载开关，使能信号是什么？,VCC1V8 经 U1803（TPS22918）输出为 VCC1V8_EQ，使能信号为 MCU_1V8_EQ_EN。,"VCC1V8 到 EQ 的 1.8V 电源经过的负载开关型号为 **TPS22918**，其使能信号为 **MCU_1V8_EQ_EN**（来自 MCU 的 P20.0 引脚）。

**支撑证据**

1.  **负载开关型号**：根据文档 [8] 和 [6] 中的描述，VCC1V8 转 VCC1V8_EQ 用于 EQ6 供电，方案采用 **TPS22918** 负载开关芯片。文档 [10] 也明确将 F19 模块（VCC1V8 转 VCC1V8_EQ）的器件列为 TPS22918 负载开关。
2.  **使能信号**：文档 [3] 和 [4] 明确指出，该电源的使能信号为 **MCU_1V8_EQ_EN**，由 MCU 控制。文档 [6] 和 [8] 进一步说明，该使能信号由 MCU 的 **P20.0** 引脚输出。文档 [3] 描述了该信号的功能：配置为逻辑高时使能 VCC1V8_EQ 电源输出，逻辑低时关闭输出。","VCC1V8 到 EQ 的 1.8V 电源经过的负载开关型号为 **TPS22918**，其使能信号为 **MCU_1V8_EQ_EN**（来自 MCU 的 P20.0 引脚）。

**支撑证据**

1.  **负载开关型号**：根据文档 [8] 和 [6] 中的描述，VCC1V8 转 VCC1V8_EQ 用于 EQ6 供电，方案采用 **TPS22918** 负载开关芯片。文档 [10] 也明确将 F19 模块（VCC1V8 转 VCC1V8_EQ）的器件列为 TPS22918 负载开关。
2.  **使能信号**：文档 [3] 和 [4] 明确指出，该电源的使能信号为 **MCU_1V8_EQ_EN**，由 MCU 控制。文档 [6] 和 [8] 进一步说明，该使能信号由 MCU 的 **P20.0** 引脚输出。文档 [3] 描述了该信号的功能：配置为逻辑高时使能 VCC1V8_EQ 电源输出，逻辑低时关闭输出。","[""Pin mapping for X1903: &1 -> GND, &2 -> N22432641, &3 -> VCC1V8_CAM_FB, &4 -> VCC3V3_CAM_FB, &5 -> VCC1V1_CAM_FB, &6 -> GND, &7 -> EYEQ6_SDA_A, &8 -> EYEQ6_SCL_A, &9 -> GND, &10 -> VCC3V3_EQ, &11 -> GND, &12 -> VCC1V8, &13 -> GND, &14 -> MCU_CAM_ERRORFLAG, &15 -> GND, &16 -> MIPI0_DATA0_P, &17 -> MIPI0_DATA0_N, &18 -> GND, &19 -> MIPI0_DATA1_P, &20 -> MIPI0_DATA1_N, &21 -> GND, &22 -> MIPI0_DATA2_P, &23 -> MIPI0_DATA2_N, &24 -> GND, &25 -> MIPI0_DATA3_P, &26 -> MIPI0_DATA3_N, &27 -> GND, &28 -> MIPI0_CLK_N, &29 -> MIPI0_CLK_P, &30 -> GND."", ""Instance X1903: FPC_30PIN+2NC, 101106-203050-HF, FPC_30PIN+2NC, CONN_101106-203050-HF-30PIN."", ""Net VCC1V8 connects C1712.&1, C1714.&1, C1715.&2, C1829.&1, C507.&2, C508.&2, C510.&2, C615.&1, C618.&1, C623.&1, C626.&1, C629.&1, C632.&1, C634.&1, C636.&1, C638.&1, C640.&1, C641.&1, C642.&1, C801.&1, C803.&1, C806.&1, C810.&1, C811.&1, C812.&1, C813.&1, C815.&1, C817.&1, C819.&1, C822.&1, C824.&1, L1702.&2, R1111.&1, R1722.&2, R500.&2, R501.&2, R503.&2, R504.&2, R505.&2, R509.&2, R533.&1, R534.&1, R574.&2, TP1725.&1, U1700.FB_B1, U1803.VIN, U400-2.VDD_RING_I2C_4, U400-2.VDD_RING_3_0_0-1, U400-2.VDD_RING_2_0-1, U400-2.VDD_RING_3_1_0-1, U400-2.VDD_RING_3_1_0-2, U400-2.VDD_RING_10_0_0-1, U400-2.VDD_RING_10_0_0-2, U400-2.VDD_RING_2_0-2, U400-2.VDD_RING_3_0_0-2, U400-2.VDD_RING_3_1_0-3, U502.VCC, U502.VCC, U502.VCC, U503.VCCA, U800-2.VDD1_1, U800-2.VDD1_2, U800-2.VDD1_3, U800-2.VDD1_4, U800-2.VDD1_5, U800-2.VDD1_6, U800-2.VDD1_7, U800-2.VDD1_8, X1903.&12, X2000.&2."", ""Net VCC1V8_CAM_ACQ connects C1112.&2, R1145.&2, TP1145.&1, U900A.AN14/EVADC_G1CH6/EDSADC_EDS3PB."", ""Net VCC1V8_CAM_FB connects R1145.&1, TP1914.&1, X1903.&3."", ""Net VCC1V8_EQ connects C1830.&1, C664.&1, C667.&1, L600.&2, L601.&2, L602.&2, L603.&2, L604.&2, R1141.&1, TP1817.&1, U1803.QOD, U1803.VOUT, U400-10.VDD_MIPI_VPH1, U400-10.VDD_MIPI_VPH2."", ""Instance C1112: CAP, 120000181, 100nF,16V, CAPM0402X60-S, &1->GND, &2->VCC1V8_CAM_ACQ."", ""Instance C1712: CAP, 20190326004, 22uF,6.3V, CAPM0805X125, &1->VCC1V8, &2->GND."", ""Instance C1714: CAP, 120000181, 100nF,16V, CAPM0402X60, &1->VCC1V8, &2->GND."", ""Instance C1715: CAP, 20160531030, 1nF,100V, CAPM0402X60, &1->GND, &2->VCC1V8."", ""<table><tr><td>HM ID</td><td>F19</td></tr><tr><td>运行模式\nOperation Mode</td><td>上电模式、下电模式、运行模式\nPower on mode, Power off mode, Run mode.</td></tr><tr><td>模式定义\nDefinition of Operation mode</td><td>1、\t上电模式\nMCU通过将MCU_1V8_EQ_EN信号配置为逻辑高使能VCC1V8_EQ电源输出，用于EQ系统供电。\n2、\t下电模式\nMCU通过将MCU_1V8_EQ_EN信号配置为逻辑低关闭VCC1V8_EQ电源输出。\n3、\t运行模式\nTPS22918正常输出VCC1V8_EQ。\nPower on mode\nThe MCU is used to power the EQ system by configuring the MCU-1 V8-EQ_EN signal to the logical high enable VCCIV8-EQ power output. \nPower off mode\nThe MCU turns off the VCC1V8-EQ power output by configuring the MCU-1V8-EQ_EN signal to logic low.\nRun mode\nTPS22918 normal output VCC1V8_EQ.</td></tr><tr><td>模式切换接口\nMode switching interface</td><td></td></tr><tr><td>模式状态机\nMode state machine</td><td></td></tr><tr><td>模式切换条件\nMode switching condition</td><td>参考：\n产品系统需求规格说明\n产品系统方案设计说明书\nReference: \nProduct system requirement specification \nProduct system scheme design specification.</td></tr><tr><td>备注\nNote</td><td></td></tr></table>"", ""\nNone：POWER; HW Interface Component ：QM; None：F19/POWER; None：使能TPS22918的1V8_EQ输出和关断; MCU Component ：F01/MCU; None：QM; None：H20; None：P20.0; None：P20.0/GTM_TIM1_IN6_7CAN03_RXDC/CBS_TGI0/SCU_E_REQ6_0/GPT120_T6EUDA/GTM_TOUT59; None：GPIO; None：MCU_1V8_EQ_EN; None：/; None：O; None：EQ 1V8供电的使能信号; None：HI-Z，硬件外部下拉; None：—; SW Variable Name or SW Function Name：— ——Port1\nNone：RESET; HW Interface Component ：B; None：F02/EYEQ6L; None：EQ6L的复位信号，由MCU进行控制EQ6L的工作和复位。; MCU Component ：F01/ MCU; None：B; None：D1; None：P02.4; None：P02.4/GTM_TIM1_IN4_1/QSPI3_SLSIA/I2C0_SDAA/CAN11_RXDA/CAN0_ECTT1/GTM_TOUT4/QSPI3_SLSO0; None：GPIO; None：MCU_RESET_EQ_P02.4; None：/; None：O; None：MCU输出用于控制EQ复位\n高：EQ6L复位信号无效\n低：EQ6L复位信号有效\n\n注意EQ上下电时序。; None：HI-Z，硬件外部下拉; None：—; SW Variable Name or SW Function Name：— ——Port1\nNone：EQ6L的中断信号，由MCU输入触发EQ6L的中断。; MCU Component ：F01/ MCU; None：B; None：H2; None：P00.3; None：P00.3/GTM_TIM5_IN7_10/GTM_TIM3_IN2_1/GTM_TIM2_IN2_1/CAN03_RXDA/GTM_TOUT12/EVADC_G9CH9; None：INT; None：EYEQ6_XINT_OSCBYP_P00.3; None：/; None：O; None：EQ6时钟模式采集\n高：外部晶振\n低：外部晶体; None：HI-Z, 硬件外部下拉; None：—; SW Variable Name or SW Function Name：— ——Port1"", ""\nHW Interface Component ：QM; None：F15/POWER; None：1、电源转换芯片SA23002，VCC3V3转VCC0V75_MIPI_DDR。\n2、SA23002由MCU进行使能和关断控制。; MCU Component ：F01/MCU; None：QM; None：P19; None：P22.1; None：P22.1/GTM_TIM1_IN0_8/GTM_TIM0_IN0_8/QSPI4_MRSTB/GTM_TOUT48/QSPI4_MRST/QSPI4_SCLKP; None：GPIO; None：MCU_VCC0V75_MIPI_DDR_EN; None：/; None：O; None：VCC0V75_MIPI_DDR电源使能控制信号\n高：使能VCC0V75_MIPI_DDR电源\n低：关断VCC0V75_MIPI_DDR电源; None：HI-Z, 硬件外部下拉; None：—; SW Variable Name or SW Function Name：— ——Port1\nECU Connector：X2000-54; None：SPI Communction; HW Interface Component ：B; None：F02/EYEQ6L; None：MCU_SPI0（slave）\nEQ6L_SPI0（master）\n速率：10Mbps; MCU Component ：F01/MCU; None：B; None：E20; None：P20.11; None：P20.11/GTM_TIM3_IN7_6/GTM_TIM2_IN7_6/QSPI0_SCLKA/GTM_TOUT67/QSPI0_SCLK; None：QSPI0_SCLKA; None：MCU_SPI0_CLK_P20.11; None：/; None：I; None：EQ发送SPI时钟信号到MCU\nMCU配置为内置下拉（SPI模式配置为：极性CPOL=0，相位CPHA=1）; None：HI-Z; None：—; SW Variable Name or SW Function Name：— ——Port1\nECU Connector：X2000-57; MCU Component ：F01/MCU; None：B; None：D20; None：P20.13; None：P20.13/GTM_TIM3_IN1_4/GTM_TIM2_IN1_4/QSPI0_SLSIA/GTM_TOUT69/QSPI0_SLSO2/QSPI1_SLSO2/QSPI0_SCLK; None：QSPI0_SLSIA; None：MCU_SPI0_CS_P20.13; None：/; None：I; None：EQ发送SPI片选信号到MCU\nMCU配置为内置上拉（SPI模式配置为：极性CPOL=0，相位CPHA=1）; None：HI-Z; None：—; SW Variable Name or SW Function Name：— ——Port1"", ""<table><tr><td>HM ID</td><td>F11/F12/F13/F14/F15/F16/F17/F18/F19/F25/F27</td></tr><tr><td>模块功能 \nModule Function</td><td>系统使用车载电池12V电压供电，经过EMI电路后输入至电源转换芯片，转换输出系统各模块所需电源。\nThe system uses 12V voltage power supply from the vehicle battery, which is input to the power conversion chip through the EMI circuit. Then the power conversion chip convert and output the power required by each module of the system.</td></tr><tr><td>模块框图\nModule diagram</td><td></td></tr><tr><td>模块方案\nModule solution</td><td>KL30 EMI (ASIL-B)\nKL30供电口处增加EMI电路，用于供电保护和滤波。硬件电路设计在UBD网络增加两个串联ESD电容，PCB布局靠近主连接器引脚处，用于吸收外部ESD信号，后端增加双向TVS管用于瞬态过压保护\nThe EMI circuit is added at the KL30 power supply port for power supply protection and filtering. The hardware circuit design adds two series ESD capacitors in the UBD network, the PCB layout is close to the main connector pin for absorbing external ESD signals, and the two-way TVS tube is added at the back end for transient overvoltage protection.\nKL30 to VCC3V3 (ASILB)\nKL30转VCC3V3是系统一级DC-DC，给MCU提供VCC3V3_MCU电源，所以系统要求其满足ASILB，确保MCU功能安全。\nKL30 to VCC3V3 is a system primary DC-DC chip, because the MCU needs VCC3V3_MCU power supply, so the system requires it to meet the ASILB to ensure the functional safety of the MCU.\nVCC3V3_MCU to VCC1V25_MCU(ASILB)\n3V3转1V25_MCU是使用MCU内置控制器进行控制的BUCK电源，用于MCU的核供电，功能安全需求达到ASILB，确保MCU功能安全。\n3V3 to 1V25_MCU is a BUCK power supply controlled by MCU built-in controller, which is used for MCU nuclear power supply. Functional safety requirements meet ASILB to ensure the functional safety of MCU.\nVCC3V3 to VCC0V75(QM(B))\nVCC3V3转VCC0V75应用于EQ6的内核供电，要求输出电流能力大，现选型TI的电源方案TPS62872。用MCU的P22.0引脚使能芯片，用MCU_SDA_P15.5，MCU_SCL_P15.4引脚I2C通信来设置输出电压和通信。\nVCC3V3 to VCC0V75 is applied to the core power supply of EQ6, which requires large output current capacity. The power supply scheme TPS62872 of TI is selected. P22.0 pin of MCU is used to enable the chip, and MCU_SDA_P15.5, MCU_SCL_P15.4 pin I2C communication is used to set the output voltage and communication. \nVCC3V3 to 0V75_MIPI_DDR(QM(B))\nVCC3V3转0V75_MIPI_DDR用于EQ6的IO口供电，现使用矽力杰的SA23002进行设计。用MCU的P22.1引脚使能该芯片。\nVCC3V3 to 0V75_MIPI_DDR for EQ6 IO port power supply, Silergy’s SA23002 is designed. The P22.1 pin of the MCU is used to enable the chip.\nVCC3V3转VCC1V8、VCC1V1、VCC50(QM(B))\nVCC1V8用于EQ6、CAM、DDR、FLASH供电，VCC1V1用于EQ6、DDR供电，VCC50用于CAN收发器供电，现选择LP87702 PMIC方案。用MCU的P15.3引脚使能该芯片的5V输出，用MCU_SCL_P15.4，MCU_SDA_P15.5 I2C通信来设置1.8V和1.1V输出电压和使能。\nVCC1V8 is used for EQ6, CAM, DDR, FLASH power supply, VCC1V1 is used for EQ6, DDR power supply, VCC50 is used for CAN transceiver  power supply, LP87702 PMIC scheme is selected. P15.3 pin of MCU is used to enable 5V output of the chip, and MCU_SCL_P15.4, MCU_SDA_P15.5 I2C communication is used to set 1.8V and 1.1V output voltage and enable it. \nVCC3V3 to VCC3V3_EQ(QM(B))\nVCC3V3转VCC3V3_EQ用于EQ6的IO和摄像头供电，现使用负载开关进行设计。用MCU的P20.3引脚使能该芯片。\nVCC3V3 to VCC3V3_EQ for EQ6’s IO and camera power supply, now using the load switch is designed. .The P20.3 pin of the MCU is used to enable the chip.\n\tVCC3V3 to VCC3V3_ETH(QM)\n3V3转3V3_ETH用于ETH供电，现选择负载开关方案。用MCU的P21.0引脚使能该芯片。\n3V3 to 3V3_ETH for ETH power supply, the load switch scheme is selected. . The P21.0 pin of the MCU is used to enable the chip.\n\tVCC1V8 to VCC1V8_EQ(QM(B))\nVCC1V8转VCC1V8_EQ用于EQ供电，现选择负载开关方案。用MCU的P20.0引脚使能该芯片。\nVCC1V8 to VCC1V8_EQ for EQ power supply, the load switch scheme is selected. . The P20.0 pin of the MCU is used to enable the chip.</td></tr><tr><td colspan='2'></td></tr></table>"", ""\nNone：B6; None：P10.4; None：P10.4/GTM_TIM4_IN7_3/QSPI1_MTSRC/GPT120_T3INB/GTM_TOUT106QSPI1_SLSO8/QSPI1_MTSR; None：QSPI1_SLSO8; None：MCU_SPI1_FLASH_CS_P10.4; None：/; None：O; None：SPI1 MCU透过电平转换芯片至FLASH（EQ6L）的片选信号\n低：选中FLASH\n高：未选中flash; None：HI-Z; None：—; SW Variable Name or SW Function Name：— ——Port1\nNone：A6; None：P10.3; None：P10.3/GTM_TIM4_IN6_10/QSPI1_MTSRA/SCU_E_REQ3_0/GTM_TOUT105/QSPI1_MTSR/CAN02_TXD; None：QSPI1_MTSRA; None：MCU_SPI1_MTSR_P10.3; None：/; None：O; None：SPI1 MCU透过电平转换芯片至FLASH（EQ6L）的主发从收信号; None：HI-Z; None：—; SW Variable Name or SW Function Name：— ——Port1\nNone：B7; None：P10.1; None：P10.1/GTM_TIM4_IN4_12/QSPI1_MRSTA/GTM_DTMT0_1/GTM_TOUT103/QSPI1_MTSR/QSPI1_MRST; None：QSPI1_MRSTA; None：MCU_SPI1_MRST_P10.1; None：/; None：I; None：SPI1 MCU透过电平转换芯片至FLASH（EQ6L）的从发主收信号; None：HI-Z; None：—; SW Variable Name or SW Function Name：— ——Port1\nNone：L2; None：P00.12; None：P00.12/GTM_TIM4_IN3_11/GTM_TIM1_IN3_1/GTM_TIM0_IN3_1/GTM_TOUT21/EVADC_G9CH0; None：GPIO; None：MCU_SFI_OE_P00.12; None：/; None：O; None：电平转换芯片的使能信号\n低：不使能电平转换芯片\n高：使能电平转换芯片; None：HI-Z，硬件外部下拉; None：—; SW Variable Name or SW Function Name：— ——Port1"", ""<table><tr><td>HM ID</td><td>F19</td></tr><tr><td>模块功能 \nModule Function</td><td>1V8转1V8_EQ用于EQ6供电，现选择负载开关方案。\n1V8 to 1V8_EQ is used for the EQ6 power supply, now choose the load switch scheme.\n</td></tr><tr><td>模块框图\nModule diagram</td><td></td></tr><tr><td>模块方案\nModule solution</td><td>采用TPS22918负载开关，将VCC1V8电源转换为VCC1V8_EQ，给EQ6供电。用MCU的P20.0引脚使能该芯片。\nThe TPS22918 load switch chip is used to convert the VCC1V8 to VCC1V8_EQ to power EQ6. The P20.0 pin of the MCU is used to enable the chip.\n</td></tr></table>"", ""\nHW Interface Component ：QM（B）; None：F16/POWER; None：1、负载开关TPS22918，VCC3V3转VCC3V3_EQ。\n2、TPS22918由MCU进行使能和关断控制。; MCU Component ：F01/MCU; None：B; None：G20; None：P20.3; None：P20.3/GTM_TIM4_IN5_11/GTM_TIM3_IN4_5/GTM_TIM2_IN4_5/GTM_TOUT61/QSPI0_SLSO9/QSPI2_SLSO9/CAN03_TXD; None：GPIO; None：MCU_3V3_EQ_EN; None：/; None：O; None：VCC3V3_EQ电源使能控制信号\n高：使能VCC3V3_EQ电源\n低：关断VCC3V3_EQ电源; None：HI-Z,硬件外部下拉; None：—; SW Variable Name or SW Function Name：— ——Port1\nHW Interface Component ：QM; None：F17/POWER; None：1、负载开关TPS22918，VCC3V3转VCC3V3_ETH。\n2、TPS22918由MCU进行使能和关断控制。; MCU Component ：F01/MCU; None：QM; None：K17; None：P21.0; None：P21.0/GTM_TIM4_IN0_11/GTM_TIM3_IN4_6/GTM_TIM2_IN4_6/QSPI4_MRSTDN/DMU_FDEST/GTM_TOUT51/HSM_HSM1; None：GPIO; None：MCU_3V3_ETH_EN; None：/; None：O; None：VCC3V3_ETH电源使能控制信号\n高：使能VCC3V3_EQ电源\n低：关断VCC3V3_EQ电源; None：HI-Z, 硬件外部下拉; None：—; SW Variable Name or SW Function Name：— ——Port1\nHW Interface Component ：QM; None：F14/POWER; None：1、电源转换芯片TPS62872，VCC3V3转VCC0V75。\n2、TPS62872由MCU进行使能和关断控制。; MCU Component ：F01/MCU; None：QM; None：P20; None：P22.0; None：P22.0/GTM_TIM1_IN1_7/GTM_TIM0_IN1_7/QSPI4_MTSRB/GTM_TOUT47/QSPI4_MTSR/QSPI4_SCLKN; None：GPIO; None：MCU_VCC0V75_EN; None：/; None：O; None：VCC0V75电源使能控制信号\n高：使能VCC0V75电源\n低：关断VCC0V75电源; None：HI-Z, 硬件外部下拉; None：—; SW Variable Name or SW Function Name：— ——Port1"", ""<table><tr><td>模块序号\nModule number</td><td>模块名称\nModule name</td><td>功能定义\nFunction definition.</td><td>功能安全需求\nFunctional safety requirements</td></tr><tr><td>F01</td><td>MCU</td><td>SAK-TC377TP-96F300S AA</td><td>B(B)</td></tr><tr><td>F02</td><td>EYEQ6-L</td><td>EYEQ6-L，用于sensor的视频处理</td><td>B</td></tr><tr><td>F03</td><td>EYEQ6_LPDDR4</td><td>EQ6的1GB LPDDR4</td><td>B</td></tr><tr><td>F04</td><td>EYEQ6_NAND FLASH</td><td>EQ6的2Gb NAND FLASH</td><td>B</td></tr><tr><td>F05</td><td>CAM SENSOR</td><td>Sony 728摄像头模组</td><td>B</td></tr><tr><td>F06</td><td>KL30 sample</td><td>KL30电压采样</td><td>QM</td></tr><tr><td>F07</td><td>KL15 sample</td><td>KL15电压采样</td><td>QM</td></tr><tr><td>F08</td><td>EQ system power sample1</td><td>EQ6L系统供电电源电压ADC采样滤波、分压电路</td><td>B(B)</td></tr><tr><td>F09</td><td>ETH and CAN power sample2</td><td>CAN和ETH电源电压ADC采样滤波、分压电路</td><td>QM</td></tr><tr><td>F10</td><td>NTC temp sensor</td><td>NTC温度传感器，监控EQ6L/LPDDR4周边环境温度。</td><td>B</td></tr><tr><td>F11</td><td>KL30 EMI</td><td>KL30供电口EMI滤波电路.</td><td>B</td></tr><tr><td>F12</td><td>POWER</td><td>LN10046，KL30电源转VCC3V3电源</td><td>B</td></tr><tr><td>F13</td><td>POWER</td><td>LP87702，VCC3V3电压输入，VCC1V1、VCC1V8、VCC50电压输出</td><td>QM(B)</td></tr><tr><td>F14</td><td>POWER</td><td>TPS62872，VCC3V3电压输入，VCC0V75电压输出</td><td>QM(B)</td></tr><tr><td>F15</td><td>POWER</td><td>SA23002，VCC3V3输入，VCC0V75电压输出</td><td>QM(B)</td></tr><tr><td>F16</td><td>POWER</td><td>TPS22918负载开关，VCC3V3电压输入，VCC3V3_EQ输出</td><td>QM(B)</td></tr><tr><td>F17</td><td>POWER</td><td>TPS22918负载开关，VCC3V3输入，VCC3V3_ETH输出</td><td>QM</td></tr><tr><td>F18</td><td>overvoltage protect</td><td>用于MCU电源VCC3V3_MCU的外部过压保护</td><td>B</td></tr><tr><td>F19</td><td>POWER</td><td>TPS22918 负载开关，VCC1V8电压输入，VCC1V8_EQ电压输出</td><td>QM(B)</td></tr><tr><td>F20</td><td>CAN3</td><td>基于TCAN1145的CAN通讯，硬件支持特定报文唤醒</td><td>QM</td></tr><tr><td>F21</td><td>CAN2</td><td>基于TCAN1044A的CAN通讯.</td><td>QM</td></tr><tr><td>F22</td><td>CAN1</td><td>基于TCAN1044A的CAN通讯</td><td>QM</td></tr><tr><td>F23</td><td>CAN0</td><td>基于TCAN1044A的CAN通讯.</td><td>QM</td></tr><tr><td>F24</td><td>ETH</td><td>基于DP83TC812R的100BASE-T1通讯</td><td>QM</td></tr><tr><td>F25</td><td>Wake up</td><td>唤醒源和一级电源使能电路设计</td><td>QM</td></tr><tr><td>F26</td><td>watchdog</td><td>LP87702的看门狗功能，用于监控MCU运行状态</td><td>B</td></tr><tr><td>F27</td><td>POWER</td><td>VCC3V3_MCU转VCC1V25_MCU电压，由MCU的EVRC进行控制。</td><td>B</td></tr><tr><td>F28</td><td>level translation</td><td>3V3和1V8双向电压转换芯片</td><td>QM</td></tr></table>"", ""<table><tr><td>HM ID</td><td>F16</td></tr><tr><td>模块功能 \nModule Function</td><td>VCC3V3转VCC3V3_EQ用于EQ6的IO和摄像头供电，现使用负载开关TPS22918进行设计。\nVCC3V3 to VCC3V3-EQ is used for the IO and camera power supply of EQ6, and the load switch TPS22918 is used for the design.</td></tr><tr><td>模块框图\nModule diagram</td><td></td></tr><tr><td>模块方案\nModule solution</td><td>采用TPS22918负载开关，将VCC3V3系统电源转换为VCC3V3_EQ，提供给EQ6和摄像头供电。用MCU的P20.3引脚使能该芯片。\nThe TPS22918 load switch is used to convert the VCC3V3 system power to VCC3V3-EQ to supply power to EQ6 and the camera. The P20.3 pin of the MCU is used to enable the chip.\n</td></tr></table>"", ""<table><tr><td>序号</td><td>模块序号</td><td>模块名称</td><td>功能定义</td><td>功能安全需求</td></tr><tr><td>1</td><td>F013</td><td>POWER</td><td>LP87702，VCC3V3电压输入，VCC1V1、VCC1V8、VCC50电压输出</td><td>QM(B)</td></tr><tr><td>1</td><td>F01</td><td>MCU</td><td>SAK-TC377TP-96F300S AA</td><td>B(B)</td></tr><tr><td>1</td><td>F08</td><td>EQ system power sample1</td><td>EQ6L系统供电电源电压ADC采样滤波、分压电路</td><td>B(B)</td></tr><tr><td>2</td><td>F14</td><td>POWER</td><td>TPS62872，VCC3V3电压输入，VCC0V75电压输出，EQ6L核电供电</td><td>QM(B)</td></tr><tr><td>2</td><td>F01</td><td>MCU</td><td>SAK-TC377TP-96F300S AA</td><td>B(B)</td></tr><tr><td>2</td><td>F08</td><td>EQ system power sample</td><td>EQ6L系统供电电源电压ADC采样滤波、分压电路</td><td>B(B)</td></tr><tr><td>3</td><td>F15</td><td>POWER</td><td>SA23002，VCC3V3输入，0V75_MIPI_DDR电压输出</td><td>QM(B)</td></tr><tr><td>3</td><td>F01</td><td>MCU</td><td>SAK-TC377TP-96F300S AA</td><td>B(B)</td></tr><tr><td>3</td><td>F08</td><td>EQ system power sample</td><td>EQ6L系统供电电源电压ADC采样滤波、分压电路</td><td>B(B)</td></tr><tr><td>4</td><td>F16</td><td>POWER</td><td>TPS22918负载开关，VCC3V3电压输入，VCC3V3_EQ输出</td><td>QM(B)</td></tr><tr><td>4</td><td>F01</td><td>MCU</td><td>SAK-TC377TP-96F300S AA</td><td>B(B)</td></tr><tr><td>4</td><td>F08</td><td>EQ system power sample</td><td>EQ6L系统供电电源电压ADC采样滤波、分压电路</td><td>B(B)</td></tr></table>"", ""<table><tr><td>HM ID</td><td>F17</td></tr><tr><td>模块功能 \nModule Function</td><td>3V3转3V3_ETH用于ETH供电，现选择负载开关方案。\n3V3 to 3V3_ETH is used for ETH power supply, and the load switching scheme is now selected.</td></tr><tr><td>模块框图\nModule diagram</td><td></td></tr><tr><td>模块方案\nModule solution</td><td>采用TPS22918负载开关，将VCC3V3系统电源转换为VCC3V3_ETH，提供给MCU的ETH供电。P21.0引脚使能该芯片。\nThe TPS22918 load switch is used to convert the VCC3V3 system power to VCC3V3-ETH to supply power to ETH of the MCU. The P21.0 pin of the MCU is used to enable the chip.\n</td></tr></table>"", ""<table><tr><td>HM ID</td><td>F02/F03/F04/F28</td></tr><tr><td>模块功能 \nModule Function</td><td>EYEQ6-L最小系统组成：外部30MHz晶体给EYEQ6-L提供基本时钟输入，外部20MHz有源晶振提供监控时钟，外扩OSPI接口的2Gb NAND FLASH存储程序，外扩1GB的LPDDR4运存。NXB0104是用于MCU的3V3_SPI和NAND FLASH的1V8_SPI进行电平转换，用于MCU读写NAND FLASH。\nEYEQ6-L minimum system components: an external 30MHz crystal provides the basic clock input for EYEQ6-L, an external 20MHz active crystal provides the monitoring clock, an external 2GbNAND FLASH memory program for OSPI interface, and an external 1GB LPDDR4 operation memory. NXB0104 is used for level conversion of 3V3_SPI of MCU and 1V8-SPI of NAND FLASH for MCU to read and write NAND FLASH.</td></tr><tr><td>模块框图\nModule diagram</td><td></td></tr><tr><td>模块方案\nModule solution</td><td>\n1、处理器\n根据ADAS产品需求图像处理SOC功能安全需要达到ASIL-B，经综合评估选择Mobileye产品EYEQ6-L，最高功能安全可达到ASIL-B，接口资源丰富。\n1.Processor\nAccording to the requirements of ADAS products, the functional safety of image processing SOC needs to reach ASIL-B. After comprehensive evaluation, Mobileye product EYEQ6-L is selected, and the highest functional safety can reach ASIL-B with abundant interface resources. +\n2、时钟\n硬件选型30MHz晶振给EYEQ6-L提供时钟输入，由其内部PLL等电路完成倍频、分频，供其内核和各模块使用。外部20MHz有源晶振作为内部监控时钟。\n2.Clock\nThe 30MHz crystal provides clock input to the EYEQ6-L, and its internal PLL circuit completes frequency multiplication and frequency division for the EyeQ6-L core and each module. The external 20MHz active crystal is energized as an internal monitoring clock.\n3、DDR\nEYEQ6在外扩的DDR中运行程序和存储临时数据，其DDR控制器可支持32bits位宽的LPDDR4 SDRAM，最大读写速率4266 Mb/s/pin 。本设计中选用1片32bit的LPDDR4 SDRAM，型号为车规级器件K4F8E3S4HD-GHCL02V，以充分利用数据带宽，保证EYEQ6的处理速度，LPDDR4工作环境温度为-40℃~105℃，单片总容量1GB。\n3.DDR\nEYEQ6 runs programs and stores temporary data in the extended DDR. Its DDR controller supports LPDDR4 SDRAM with 32bits wide and a maximum read/write rate of 4266Mb/s/pin. In this design, a 32bit LPDDR4 SDRAM is selected, the model is car grade device K4F8E3S4HD-GHCLO2V, in order to make full use of the data bandwidth and ensure the processing speed of EYEQ6. The working environment temperature of LPDDR4 is -40℃-105℃, and the total capacity of a single chip is 1GB.\n\n\n4、NAND FLASH\n选择ME推荐的WinBond公司产品W35N02JWTBKF，容量2Gb，FLASH支持CRC安全机制。\nNXB0104是用于MCU的3V3_ SPI和NAND FLASH的1V8_ SPI进行电平转换，通过MCU_SPI1_CS片选电平转换芯片，实现MCU对NAND FLASH的读写操作，转换芯片在本应用场景下支持最大传输速率80Mbps。\nNAND FLASH\nChoose the WinBond company product W35N02JWTBKF recommended by ME, with a capacity of 2Gb and FLASH supporting CRC security mechanism. \nNXB0104 is used for the level conversion of 3V3_SPI of MCU and 1V8_SPI of NAND FLASH. The level conversion chip is selected by MCU_SPI1_CS chip to realize the reading and writing operation of MCU to NAND FLASH. The converter chip supports a maximum transmission rate of 80Mbps in this application scenario. \n5、电源和复位\nEYEQ6-L需要6路电源：VCC3V3_EQ、VCC0V75、0V75_MIPI_DDR、VCC1V8、VCC1V1、VCC1V8_EQ，其中VCC0V75用于给内核供电。复位信号由MCU通过P02.4口进行控制。\nPower and reset\nEYEQ6-L requires six power sources: VCC3V3-EQ, VCCOV75, OV75_MIPI_DDR, VCC1V8, VCC1V1, VCC1V8_EQ, where VCCOV75 is used to power the core. The reset signal is controlled by the MCU through the P02.4 pin.</td></tr></table>"", ""<table><tr><td>HM ID</td><td>F05</td></tr><tr><td>运行模式\nOperation Mode</td><td>上电模式、运行模式、复位模式、下电模式\nPower on mode, Power off mode, Run mode,Reset mode</td></tr><tr><td>模式定义\nDefinition of Operation mode</td><td>1、上电模式\n    MCU使能EQ6系统电源，EQ6上电后将VCC3V3_EQ和VCC1V8通过FPC连接器提供给摄像头，其中VCC3V3_EQ再转换成VCC1V1，EQ6运行后配置RESET_N为高电平，并通过I2C配置CAM参数，摄像头开始工作。\n2、运行模式\n   摄像头正常运行，输出图像信息给EQ6。\n3、复位模式\n   EQ6配置摄像头的RESET_N信号为低电平，CAM进入复位模式。\n4、下电模式\nMCU控制EQ6系统下电（VCC3V3_EQ、VCC1V8）。\nPower on mode\nMCU enables EQ6 system power supply, After EQ6 is powered on, VCC3V3_EQ and VCCIV8 are provided to the camera through the FPC connector, where VCC3V3_EQ is converted into VCC1V1. After EQ6 runs, RESET_N is configured to high level, and CAM parameters are configured through I2C, and the camera starts to work.\nRun mode\nThe camera operates normally and outputs the image information to EQ6.\nReset mode\nEQ6 config the RESET_N signal of the camera to be low and the CAM enters the reset mode. \nPower off mode\nMCU controls the power down of EQ6 system (VCC3V3_EQ, VCC1V8).</td></tr><tr><td>模式切换接口\nMode switching interface</td><td></td></tr><tr><td>模式状态机\nMode state machine</td><td></td></tr><tr><td>模式切换条件\nMode switching condition</td><td>参考：\n产品系统需求规格说明\n产品系统方案设计说明书\nReference: \nProduct system requirement specification \nProduct system scheme design specification.</td></tr><tr><td>备注\nNote</td><td>摄像头上需要3路电源（VCC3V3、VCC1V8、VCC1V1），其中VCC1V8和VCC3V3是主板提供，VCC1V1由3V3转换得到。\n摄像头复位信号由EQ6通过GPIO口进行控制。\n摄像头3路电源的上下电和复位信号的时序要求如下所示：\nThe camera needs 3 power sources (VCC2V8, VCC1V8, VCC1V05), VCC1V8 and VCC3V3 are provided by the Main board, VCC1V1 is converted from 3V3. \nThe camera reset signal is controlled by EQ6 through the GPIO port. \nThe timing requirements for the power-on and reset signals of the camera's 3-way power supply are as follows.\n</td></tr></table>"", ""\nNone：U20; None：P23.2; None：P23.2/GTM_TIM1_IN6_5/GTM_TIM0_IN6_5/GTM_TOUT43/CAN12_TXD; None：GPIO; None：MCU_RST_FLASH_P23.2; None：/; None：O; None：FLASH复位信号\n低：FLASH复位\n高：FLASH进入工作状态; None：HI-Z，硬件外部下拉; None：—; SW Variable Name or SW Function Name：— ——Port1\nNone：未使用; MCU Component ：F01/ MCU; None：NA; None：/; None：D7; None：P11.14; None：P11.14/GTM_TIM4_IN7_4/GTM_TIM2_IN7_8/GETH_CRSDVB/GETH_RXDVB/GETH_CRSA/GTM_TOUT126; None：GPIO; None：MCU_ETH_CFG1_P11.14; None：/; None：I; None：CFG1：BOM配置，判断是否有以太网\n高：TBD\n低：TBD; None：HI-Z; None：—; SW Variable Name or SW Function Name：— ——Port1\nNone：未使用; MCU Component ：F01/ MCU; None：NA; None：/; None：D6; None：P11.15; None：P11.15/GTM_TIM4_IN7_5/GTM_TIM0_IN7_8/GETH_COLA/GTM_TOUT127; None：GPIO; None：MCU_ETH_CFG2_P11.15; None：/; None：I; None：CFG2：BOM配置，判断以太网接口类型\n高：TBD\n低：TBD; None：HI-Z; None：—; SW Variable Name or SW Function Name：— ——Port1\nHW Interface Component ：QM(B); None：F13/POWER; None：1、LP87702实现VCC3V3转VCC1V8、VCC1V1、VCC50三路电源输出\n2、LP87702的VCC50由MCU的GPIO控制使能和关断，VCC1V8、VCC1V1由MCU的I2C控制使能和关断。\n3、预留中断信号用于MCU辅助监控LP87702的工作状态。\n4、MCU可以通过I2C监控和管理LP87702的状态。; MCU Component ：F01/ MCU; None：QM; None：B17; None：P15.3; None：P15.3/GTM_TIM3_IN6_4/GTM_TIM2_IN6_4/CAN01_RXDA/QSPI2_SCLKA/GTM_TOUT74/QSPI2_SCLK/MSC0_EN1; None：GPIO; None：MCU_5V_EN; None：/; None：O; None：VCC50（LP87702）电源使能控制信号\n高：使能VCC50电压输出\n低：关断VCC50电压输出; None：HI-Z，硬件外部下拉; None：—; SW Variable Name or SW Function Name：— ——Port1"", ""<table><caption> Table9-5.DefaultOutputVoltageSetpoints</caption>\n<tr><td  >VSEL Pin(1)</td><td  >Device Number</td><td  >VSET[7:0]</td><td  >Output Voltage Setpoint</td></tr>\n<tr><td></td><td  >TPS6287x-Q1</td><td  >0x5a</td><td  >850 mV</td></tr>\n<tr><td></td><td  >TPS6287xY0-Q1</td><td  >0x50</td><td  >800 mV</td></tr>\n<tr><td></td><td  >TPS6287xY1-Q1</td><td  >0x14</td><td  >500 mV</td></tr>\n<tr><td></td><td  >TPS6287xY2-Q1</td><td  >0x64</td><td  >1800 mV</td></tr>\n<tr><td  >6.2 kQ to GND</td><td  >TPS6287xY3-Q1</td><td  >0x52</td><td  >810 mV</td></tr>\n<tr><td></td><td  >TPS6287xN0-Q1</td><td  >0x14</td><td  >500 mV</td></tr>\n<tr><td></td><td  >TPS6287xN1-Q1</td><td  >0x50</td><td  >800 mV</td></tr>\n<tr><td></td><td  >TPS6287xN2-Q1</td><td  >0x64</td><td  >1800 mV</td></tr>\n</table>"", ""<table>\n<tr><td></td><td></td><td></td><td  >MIN</td><td  >NOM</td><td  >MAX</td><td  >UNIT</td></tr>\n<tr><td  >VIN</td><td  >Input voltage</td><td  >VIN SDA, SCL</td><td  >2.7</td><td></td><td  >6 5</td><td  >V</td></tr>\n<tr><td  >VouT</td><td  >Output voltage</td><td></td><td  >0.4</td><td></td><td  >3.35 V or (ViN - 1.4</td><td></td></tr>\n<tr><td></td><td></td><td></td><td></td><td></td><td  >V)(1)</td><td></td></tr>\n<tr><td></td><td></td><td  >TPS62870-Q1</td><td></td><td></td><td  >6</td><td></td></tr>\n<tr><td></td><td></td><td  >TPS62871-Q1</td><td></td><td></td><td  >9</td><td></td></tr>\n<tr><td  >loUT</td><td  >Output current</td><td  >TPS62872-Q1</td><td></td><td></td><td  >12</td><td  >A</td></tr>\n<tr><td></td><td></td><td  >TPS62873-Q1</td><td></td><td></td><td  >15</td><td></td></tr>\n<tr><td></td><td  >Inductance</td><td></td><td  >110</td><td></td><td  >330</td><td  >nH</td></tr>\n<tr><td></td><td></td><td  >fsw≥2.25MHz andVouT≤1.675V</td><td  >55</td><td></td><td  >330</td><td></td></tr>\n</table>"", ""<table><caption> Device Information</caption>\n<tr><td colspan=3 rowspan=3 >Part Number Current Rating Package TPS62870-Q1 6A TPS62871-Q1 9A RXS (VQFN-FCRLF, TPS62872-Q1 12 A 16) TPS62873-Q1 15 A</td></tr>\n\n</table>"", ""Figure 10-1. Typical ApplicationSchematic\n110 nH±20%\n0.75V\nV\nVIN\nSW\n3.3V\nVIN\nMODE/SYNC\n20 kQ\nC\nC\nVoO\nLoad\nVOSNS\nEN\nGOSNS\nSDA\nSCL\n>Rz\nVSEL\nFSEL\n3.3V\nCc\n6.2 kQ\n[cc\nM10 kQ\nCOMP\n1kQ\nOPG\nPG\nSYNC_OUT\nGND\n10pF\nGND\n"", ""<table><caption> Table 7-1. Pin Functions (continued) I = input, O = output, P = power, GND = ground(1)</caption>\n<tr><td  >Pin</td><td></td><td></td><td></td></tr>\n<tr><td  >Name</td><td  >No.</td><td  >Type(1)</td><td  >Description</td></tr>\n<tr><td></td><td></td><td></td><td  >Internal clock output pin for synchronization in stacked mode. Leave this pin floating for single </td></tr>\n<tr><td></td><td></td><td></td><td  >device operation. Connect this pin to the MODE/SYNC pin of the next device in the daisy-chain in </td></tr>\n<tr><td  >SYNC_OUT</td><td  >14</td><td></td><td  >stacked operation. Do not use this pin to connect to a non-TPS6287x-Q1 device.  During start-up, this pin is used to identify if a device must operate as a secondary converter in</td></tr>\n<tr><td></td><td></td><td></td><td  >stacked operation. Connect a 47-kQ resistor from this pin to GND to define a secondary converter</td></tr>\n<tr><td></td><td></td><td></td><td  > in stacked operation. See Section 9.3.17 for a detailed description.</td></tr>\n<tr><td  >VSEL</td><td  >15</td><td  >一</td><td  > Start-up output voltage select pin. A resistor or short circuit to GND or Vin defines the selected output voltage. See Section 9.3.6.2.</td></tr>\n<tr><td  >FSEL</td><td  >16</td><td  >一</td><td  >Frequency select pin. A resistor or a short circuit to GND or Vin determines the free-running switching frequency. See Section 9.3.6.2.</td></tr>\n<tr><td  >Exposed Thermal Pad</td><td></td><td  >一</td><td  >The thermal pad must be soldered to GND to achieve an appropriate thermal resistance and for mechanical stability.</td></tr>\n</table>"", ""VOUT(VIN - VoUT\nIL(PP) = VU(NxLxW)""]","{""original_context_count"": 30, ""original_context_characters"": 27156, ""scored_context_count"": 4, ""scored_context_characters"": 2494, ""contexts_truncated"": true, ""context_selection"": ""claim_coverage"", ""selected_evidence_ids"": [""document:f57a25ce2df13fee"", ""circuit:21:pin_mapping:X1903""], ""selected_claim_ids"": [""sq_1:claim_1"", ""sq_2:claim_1""], ""excluded_evidence_ids"": [""circuit:21:instance:X1903"", ""document:29cc1a9be32b6d7f"", ""document:2f8baf0f2ad1d779"", ""document:33c144f4fddf5ce2"", ""document:377c425a6fdda20d"", ""document:44c4021cbbe6e903"", ""document:4e638b9fb82d4ad2"", ""document:58997d8194d68c16"", ""document:71725de730fe6a3b"", ""document:7970eec1b28a0159"", ""document:7a6ae2179c8765b3"", ""document:a266ee5764d45ab0"", ""document:a6f318d1053a4c7e"", ""document:aac59875b92ed6b0"", ""document:ac72bb1a220bade2"", ""document:b6943ae371d76077"", ""document:bf52768a2f9667cf"", ""document:d59fddc6838a7925"", ""document:dd6d958dffe7c372"", ""document:e6627ad70c8cab97""]}",0.6321309243112094,0.2514674333869742,0.8,not_applicable,0.9999999999,1.0,1.0,0.4,not_applicable
hw-v1-joint-can-module,success,文档声明板上有哪些 CAN 相关模块，回答时能否用网表确认其具体连接？,HSI 硬件架构包含 CAN/CAN FD 电路；具体器件和网络连接应以 EDF 检索结果为准，文档能力声明与网表拓扑需分别标注来源。,"回答范围：complete / enumeration。

### 直接结论
1.  文档声明板上有4个CAN相关模块，分别为：CAN0、CAN1、CAN2、CAN3。
2.  可以用网表确认其具体连接。

### 支撑证据

**1. 文档中声明的CAN相关模块**

*   **结论：** 文档声明板上共有4个CAN相关模块，分别是 **CAN0**、**CAN1**、**CAN2** 和 **CAN3**。
*   **最少证据：**
    *   来源：`600608964_ADAS_HSI_0506_1952_shoulin.wang.docx` 文件中的模块列表表格（[18]）明确指出：
        *   F20: CAN3
        *   F21: CAN2
        *   F22: CAN1
        *   F23: CAN0

**2. 网表确认的具体连接**

*   **结论：** 可以，网表提供了每个CAN模块的具体网络连接信息。
*   **最少证据：**
    *   来源：`825504380_ADAS_SCH_TCN2.EDF` 文件（[1]-[16]）中的网表数据显示了各CAN模块的详细网络连接，例如：
        *   **CAN0模块**：网络 `CAN0H` ([1])、`CAN0L` ([2])、`CAN0_INH` ([3])、`CAN0_INH_ACQ` ([4])、`CAN0_STB_MCU_SPI3_CS5_P02.8` ([5])。
        *   **CAN1模块**：网络 `CAN1H` ([6])、`CAN1L` ([7])、`CAN1_INH` ([8])。
        *   **CAN2模块**：网络 `CAN2H` ([9])、`CAN2L` ([10])、`CAN2_INH` ([11])、`CAN2_INH_ACQ` ([12])、`CAN2_STB_MCU_SPI3_CS3_P00.5` ([13])。
        *   **CAN3模块**：网络 `CAN3H` ([14])、`CAN3L` ([15])、`CAN3_INH` ([16])。

### 缺失信息
无。所有子问题均已覆盖，无冲突项。","回答范围：complete / enumeration。

### 直接结论
1.  文档声明板上有4个CAN相关模块，分别为：CAN0、CAN1、CAN2、CAN3。
2.  可以用网表确认其具体连接。

### 支撑证据

**1. 文档中声明的CAN相关模块**

*   **结论：** 文档声明板上共有4个CAN相关模块，分别是 **CAN0**、**CAN1**、**CAN2** 和 **CAN3**。
*   **最少证据：**
    *   来源：`600608964_ADAS_HSI_0506_1952_shoulin.wang.docx` 文件中的模块列表表格（[18]）明确指出：
        *   F20: CAN3
        *   F21: CAN2
        *   F22: CAN1
        *   F23: CAN0

**2. 网表确认的具体连接**

*   **结论：** 可以，网表提供了每个CAN模块的具体网络连接信息。
*   **最少证据：**
    *   来源：`825504380_ADAS_SCH_TCN2.EDF` 文件（[1]-[16]）中的网表数据显示了各CAN模块的详细网络连接，例如：
        *   **CAN0模块**：网络 `CAN0H` ([1])、`CAN0L` ([2])、`CAN0_INH` ([3])、`CAN0_INH_ACQ` ([4])、`CAN0_STB_MCU_SPI3_CS5_P02.8` ([5])。
        *   **CAN1模块**：网络 `CAN1H` ([6])、`CAN1L` ([7])、`CAN1_INH` ([8])。
        *   **CAN2模块**：网络 `CAN2H` ([9])、`CAN2L` ([10])、`CAN2_INH` ([11])、`CAN2_INH_ACQ` ([12])、`CAN2_STB_MCU_SPI3_CS3_P00.5` ([13])。
        *   **CAN3模块**：网络 `CAN3H` ([14])、`CAN3L` ([15])、`CAN3_INH` ([16])。

### 缺失信息
无。所有子问题均已覆盖，无冲突项。","[""Net CAN0H connects C1201.&1, D1200.cathode1, L1200.&4, R1209.&2, R1214.&2, TP1206.&1, X1900.&2."", ""Net CAN0L connects C1200.&1, D1200.cathode2, L1200.&3, R1212.&2, R1215.&2, TP1215.&1, X1900.&3."", ""Net CAN0_INH connects D1203.&1, R1630.&1, TP1219.&1, U1200.INH, U1203.INH."", ""Net CAN0_INH_ACQ connects C1216.&1, R1236.&2, R1237.&2, TP1232.&1, U900A.AN20/EVADC_G2CH4/EDSADC_EDS2PA."", ""Net CAN0_STB_MCU_SPI3_CS5_P02.8 connects R1126.&1, R1228.&2, R1241.&1, TP1217.&1, U1200.SCSN, U1202.STB, U1203.NSTB."", ""Net CAN1H connects C1207.&1, D1201.cathode1, L1201.&4, R1220.&2, R1224.&2, TP1222.&1, X1900.&10."", ""Net CAN1L connects C1206.&1, D1201.cathode2, L1201.&3, R1223.&2, R1225.&2, TP1223.&1, X1900.&11."", ""Net CAN1_INH connects D1204.&1, R1629.&1, TP1228.&1, U1204.INH, U1205.INH."", ""Net CAN2H connects C1301.&1, D1300.cathode1, L1300.&4, R1302.&2, R1306.&2, TP1301.&1, X1900.&4."", ""Net CAN2L connects C1300.&1, D1300.cathode2, L1300.&3, R1305.&2, R1307.&2, TP1303.&1, X1900.&12."", ""Net CAN2_INH connects D1303.&1, R1628.&1, TP1314.&1, U1302.INH, U1303.INH."", ""Net CAN2_INH_ACQ connects C1314.&1, R1329.&2, R1330.&2, TP1321.&1, U900A.AN22/EVADC_G2CH6."", ""Net CAN2_STB_MCU_SPI3_CS3_P00.5 connects R1301.&1, R1320.&2, TP1304.&1, U1300.STB, U1302.SCSN, U1303.NSTB, U900D.P00.5/EDSADC_DSCIN2A/SENT_SENT4B/CAN11_RXDB/EVADC_G9CH7/EDSADC_CGPWMN/QSPI3_SLSO3/EDSADC_DSCOUT2/EVADC_FC0BFLOUT/SENT_SPC4."", ""Net CAN3H connects C1306.&1, D1301.cathode1, L1301.&4, R1311.&2, R1315.&2, TP1307.&1, X1900.&16."", ""Net CAN3L connects C1305.&1, D1301.cathode2, L1301.&3, R1314.&2, R1316.&2, TP1309.&1, X1900.&15."", ""Net CAN3_INH connects D1304.&1, R1609.&1, TP1319.&1, U1304.INH, U1305.INH."", ""顾客代表Customer Representative其他与项目相关人员等Other relevant person术语及缩写解释 Terms and AbbreviationsTable 1-1Terms and Abbreviations参考文档 Reference DocumentTable 1-2Reference Document硬件架构 Hardware Architecture硬件架构描述了60060894_ADAS项目的硬件基础模块，模块和模块之间的接口。The Hardware Architecture describe the HW basic component of 600608964_ADAS project, as well as the interface of each component.系统概述 System overviewADAS产品要求功能安全达到ASIL-B，硬件整体架构介绍如下：ADAS products require functional safety to meet ASIL-B. The overall hardware architecture is described as follows:整体系统由摄像头板（CAM）和主板（MB）两部分组成。The overall system is composed of two parts: camera board (CAM) and mainboard (MB).前向摄像头采集道路图像后通过数字接口输出视频数据。The forward camera collects road images and outputs video data through the digital interface.数字视频数据通过线缆传输到主板上的视频处理器EYEQ6进行视频处理。The digital video data is transmitted to the video processor EYEQ6 on the mainboard through cables for video processing.EYEQ6处理视频数据，输出路况信息。EYEQ6 processes video data and outputs road condition information.路况信息通过SPI口传送给MCU进行处理，主板通过CAN对外传送路况信息。Road condition information is transmitted to MCU through SPI interface for processing, and the mainboard transmits road condition information externally through CAN.处理结果通过CAN发出，包括对车的主动安全控制信号以及给驾驶员的报警信号。The processing result is sent out through CAN, including the active safety control signal for the car and the alarm signal for the driver.图 1 系统工作方式Fig 1 System operating block硬件框图 Hardware block diagram图 2 系统框图Fig 2 system block功能安全分解相关模块模块电路 Module circuitKL30电源管理电路 KL30 supply management circuit"", ""<table><tr><td>模块序号\nModule number</td><td>模块名称\nModule name</td><td>功能定义\nFunction definition.</td><td>功能安全需求\nFunctional safety requirements</td></tr><tr><td>F01</td><td>MCU</td><td>SAK-TC377TP-96F300S AA</td><td>B(B)</td></tr><tr><td>F02</td><td>EYEQ6-L</td><td>EYEQ6-L，用于sensor的视频处理</td><td>B</td></tr><tr><td>F03</td><td>EYEQ6_LPDDR4</td><td>EQ6的1GB LPDDR4</td><td>B</td></tr><tr><td>F04</td><td>EYEQ6_NAND FLASH</td><td>EQ6的2Gb NAND FLASH</td><td>B</td></tr><tr><td>F05</td><td>CAM SENSOR</td><td>Sony 728摄像头模组</td><td>B</td></tr><tr><td>F06</td><td>KL30 sample</td><td>KL30电压采样</td><td>QM</td></tr><tr><td>F07</td><td>KL15 sample</td><td>KL15电压采样</td><td>QM</td></tr><tr><td>F08</td><td>EQ system power sample1</td><td>EQ6L系统供电电源电压ADC采样滤波、分压电路</td><td>B(B)</td></tr><tr><td>F09</td><td>ETH and CAN power sample2</td><td>CAN和ETH电源电压ADC采样滤波、分压电路</td><td>QM</td></tr><tr><td>F10</td><td>NTC temp sensor</td><td>NTC温度传感器，监控EQ6L/LPDDR4周边环境温度。</td><td>B</td></tr><tr><td>F11</td><td>KL30 EMI</td><td>KL30供电口EMI滤波电路.</td><td>B</td></tr><tr><td>F12</td><td>POWER</td><td>LN10046，KL30电源转VCC3V3电源</td><td>B</td></tr><tr><td>F13</td><td>POWER</td><td>LP87702，VCC3V3电压输入，VCC1V1、VCC1V8、VCC50电压输出</td><td>QM(B)</td></tr><tr><td>F14</td><td>POWER</td><td>TPS62872，VCC3V3电压输入，VCC0V75电压输出</td><td>QM(B)</td></tr><tr><td>F15</td><td>POWER</td><td>SA23002，VCC3V3输入，VCC0V75电压输出</td><td>QM(B)</td></tr><tr><td>F16</td><td>POWER</td><td>TPS22918负载开关，VCC3V3电压输入，VCC3V3_EQ输出</td><td>QM(B)</td></tr><tr><td>F17</td><td>POWER</td><td>TPS22918负载开关，VCC3V3输入，VCC3V3_ETH输出</td><td>QM</td></tr><tr><td>F18</td><td>overvoltage protect</td><td>用于MCU电源VCC3V3_MCU的外部过压保护</td><td>B</td></tr><tr><td>F19</td><td>POWER</td><td>TPS22918 负载开关，VCC1V8电压输入，VCC1V8_EQ电压输出</td><td>QM(B)</td></tr><tr><td>F20</td><td>CAN3</td><td>基于TCAN1145的CAN通讯，硬件支持特定报文唤醒</td><td>QM</td></tr><tr><td>F21</td><td>CAN2</td><td>基于TCAN1044A的CAN通讯.</td><td>QM</td></tr><tr><td>F22</td><td>CAN1</td><td>基于TCAN1044A的CAN通讯</td><td>QM</td></tr><tr><td>F23</td><td>CAN0</td><td>基于TCAN1044A的CAN通讯.</td><td>QM</td></tr><tr><td>F24</td><td>ETH</td><td>基于DP83TC812R的100BASE-T1通讯</td><td>QM</td></tr><tr><td>F25</td><td>Wake up</td><td>唤醒源和一级电源使能电路设计</td><td>QM</td></tr><tr><td>F26</td><td>watchdog</td><td>LP87702的看门狗功能，用于监控MCU运行状态</td><td>B</td></tr><tr><td>F27</td><td>POWER</td><td>VCC3V3_MCU转VCC1V25_MCU电压，由MCU的EVRC进行控制。</td><td>B</td></tr><tr><td>F28</td><td>level translation</td><td>3V3和1V8双向电压转换芯片</td><td>QM</td></tr></table>"", ""注：使用本模板时请先阅读填写说明页，形成工作产品时本页不可删除变更历史Change History目  录Table of Contents1\t概述 Introduction\t81.1 目的 Purpose\t81.2 适用范围 Range of Application\t81.3 读者对象 TReader\t81.4 术语及缩写解释 Terms and Abbreviations\t81.5 参考文档 Reference Document\t82\t硬件架构 Hardware Architecture\t92.1 系统概述 System overview\t92.2 硬件框图 Hardware block diagram\t102.3 模块电路 Module circuit\t122.3.1 KL30电源管理电路 KL30 supply management circuit\t122.3.2 唤醒电路 Wake Up circuit\t132.3.3 电源电路 power circuit\t152.3.4 TC377最小系统 TC377 minimum system\t232.3.5 EQ6最小系统 EQ6 minimum system\t252.3.6 摄像头最小系统 camera minimum system\t282.3.7 看门狗电路 Watchdog circuit\t302.3.8 温度采样电路 Temp Sample circuit\t302.3.9 系统内电源电压采样电源 The power System Voltage Sampling circuit\t312.3.10 ETH电路 ETH circuit\t332.3.11 CAN/CAN FD电路 CAN/CAN FD circuit\t342.3.12 3V3过压保护电路 3V3 overvoltage protection circuit\t353\t硬件运行模式 Hardware Operation Mode\t363.1 硬件运行模式 Hardware Operation Mode\t363.2 运行模式定义 Definition of Operation Mode\t373.3 运行模式转换条件 Transition Condition of Operation Mode\t393.3.1 KL30电源管理电路 KL30 supply management circuit\t393.3.2 唤醒电路 Wake Up circuit\t413.3.3 电源电路 Power Circuit\t423.3.4 TC377最小系统 TC377 minimum system\t53"", ""<table><tr><td>HM ID</td><td>F20/F21/ F22/ F23</td></tr><tr><td>模块功能 \nModule Function</td><td>ADAS系统需求MCU外置4路CAN/CAN FD和外部进行通讯。\nThe ADAS system requires MCU external 4-channel CAN/CAN FD and external communication. </td></tr><tr><td>模块框图\nModule diagram</td><td></td></tr><tr><td>模块方案\nModule solution</td><td>根据系统需求ADAS的四路CAN/CANFD都需要兼容TCAN1145和TCAN1044A，最大速率支持5M，根据客户需求进行选贴。\nCAN0芯片用到引脚有MCU_CAN0_TXD_P13.0，MCU_CAN0_RXD_P13.1，MCU_SPI3_MTSR_P02.6，CAN_EN_MCU_SPI3_MRST_P02.5，CAN_ERR_MCU_SPI3_CLK_P02.7，CAN0_STB_MCU_SPI3_CS5_P02.8。\nCAN1芯片用到的引脚有MCU_CAN1_TXD_P20.7，MCU_CAN1_RXD_P20.6，MCU_SPI3_MTSR_P02.6，CAN_EN_MCU_SPI3_MRST_P02.5，CAN_ERR_MCU_SPI3_CLK_P02.7，CAN1_STB_MCU_SPI3_CS4_P00.2。\nCAN2芯片用到的引脚有MCU_CAN2_TXD_P14.0，MCU_CAN2_RXD_P14.1，MCU_SPI3_MTSR_P02.6，CAN_EN_MCU_SPI3_MRST_P02.5，CAN_ERR_MCU_SPI3_CLK_P02.7，CAN2_STB_MCU_SPI3_CS3_P00.5。\nCAN3芯片用到的引脚有MCU_CAN3_TXD_P32.3，MCU_CAN3_RXD_P32.2，MCU_SPI3_MTSR_P02.6，CAN_EN_MCU_SPI3_MRST_P02.5，CAN_ERR_MCU_SPI3_CLK_P02.7，CAN3_STB_MCU_SPI3_CS6_P00.8。\n1, Per system requirements, all four CAN/CAN FD channels in the ADAS must be compatible with both TCAN1145 and TCAN1044A transceivers, supporting a maximum rate of 5 Mbps. The selection of components (TCAN1145 or TCAN1044A) is determined by customer requirements.\nPin Assignments:\nCAN0:\nMCU_CAN0_TXD_P13.0, MCU_CAN0_RXD_P13.1, MCU_SPI3_MTSR_P02.6, CAN_EN_MCU_SPI3_MRST_P02.5, CAN_ERR_MCU_SPI3_CLK_P02.7, CAN0_STB_MCU_SPI3_CS5_P02.8.\nCAN1:\nMCU_CAN1_TXD_P20.7, MCU_CAN1_RXD_P20.6, MCU_SPI3_MTSR_P02.6, CAN_EN_MCU_SPI3_MRST_P02.5, CAN_ERR_MCU_SPI3_CLK_P02.7, CAN1_STB_MCU_SPI3_CS4_P00.2.\nCAN2:\nMCU_CAN2_TXD_P14.0, MCU_CAN2_RXD_P14.1, MCU_SPI3_MTSR_P02.6, CAN_EN_MCU_SPI3_MRST_P02.5, CAN_ERR_MCU_SPI3_CLK_P02.7, CAN2_STB_MCU_SPI3_CS3_P00.5.\nCAN3:\nMCU_CAN3_TXD_P32.3, MCU_CAN3_RXD_P32.2, MCU_SPI3_MTSR_P02.6, CAN_EN_MCU_SPI3_MRST_P02.5, CAN_ERR_MCU_SPI3_CLK_P02.7, CAN3_STB_MCU_SPI3_CS6_P00.8.</td></tr></table>"", ""<table><tr><td>所 有 权 声 明Statement of proprietary rights</td></tr><tr><td>该文档及其所含信息是经纬恒润的财产。该文档及其所含信息的复制、使用及披露必须得到经纬恒润的书面授权。\nThis document and the information it contains are the property of Jingwei Hirain. The reproduction, use and disclosure of this document and the information contained therein must be authorized in writing by Jingwei Hirain.</td></tr></table>"", ""唤醒电路 Wake Up circuit电源电路 power circuitKL30 EMI电路 KL30 EMI circuitKL30 转VCC3V3 KL30 to VCC3V3VCC3V3_MCU转VCC1V25_MCU  VCC3V3_MCU to VCC1V25_MCUVCC3V3转VCC0V75  VCC3V3 to VCC0V75VCC3V3转0V75_MIPI_DDR  VCC3V3 to 0V75_MIPI_DDRVCC3V3转VCC1V8、VCC1V1、VCC50   VCC3V3 to VCC1V8、VCC1V1、VCC50VCC3V3转VCC3V3_EQ  VCC3V3 to VCC3V3_EQVCC3V3转VCC3V3_ETH  VCC3V3 to VCC3V3_ETHVCC1V8转VCC1V8_EQ  VCC1V8 to VCC1V8_EQTC377最小系统 TC377 minimum systemEQ6最小系统 EQ6 minimum system摄像头最小系统 camera minimum system看门狗电路 Watchdog circuit温度采样电路 Temp Sample circuit系统内电源电压采样电源 The power System Voltage Sampling circuitETH电路 ETH circuitCAN/CAN FD电路 CAN/CAN FD circuit3V3过压保护电路 3V3 overvoltage protection circuit硬件运行模式 Hardware Operation Mode主要用于描述当前ADAS硬件不同的运行模式（例如上电模式，下电模式，Sleep模式，运行模式等）。描述各个运行模式下的硬件模块功能，以及模式之间的切换条件。Describe the different operating mode of ADAS Hardware (e.g. power on mode, power off mode, Sleep mode，normal mode). Define the HW component functions in each operating mode, describe the transition condition between different modes.硬件运行模式 Hardware Operation Mode系统功能矩阵描述系统不同模式下各功能模块运行状态。The system function matrix describes the operation status of each function module in different modes of the system."", ""<table><tr><td>HM ID</td><td>F01/F07/F25/F28/F31</td></tr><tr><td>模块功能 \nModule Function</td><td>ADAS产品支持KL15唤醒、CAN唤醒（平台预留）和以太网唤醒（平台预留）三种唤醒方式，当唤醒信号有效时直接使能一级电源，MCU开始工作并启动ADAS产品，并且MCU可以通过MCU_WAKE_HOLD_P12.0信号辅助使能一级电源，实现off delay功能。\nADAS products support KL15 wake up, CAN wake up（Platform reservation），ETH wake up（Platform reservation）, three wake up modes. When the wake up signal is effective, the first-level power supply will be directly enabled. MCU starts to work and start the ADAS product, and the MCU can enable the first-level power supply through the MCU_WAKE_HOLD_P12.0 signal assist to achieve the off delay function.</td></tr><tr><td>模块框图\nModule diagram</td><td></td></tr><tr><td>模块方案\nModule solution</td><td>KL15唤醒  KL15 Wake Up\nKL15分成两路信号：\nThe KL15 signal divides into two signals:\n一路经过防反二极管和分压电阻后用于使能一级电源LN10046，当KL15为逻辑高时有效，一级电源开始工作。并且MCU得电启动后会使能MCU_WKUP_HOLD_P12.0引脚，通过防反接二极管辅助使能一级电源并在唤醒源掉电后实现OFF DELAY功能，确保MCU完成所有必要任务之后ADAS产品进入休眠。\nOne way passes through an anti-reverse diode and two divider resistors , used to enable the EN pin of the primary power supply LN10046, effective when the KL15 is logically high, the primary power supply starts working. The MCU_WKUP_HOLD_P12.0 pin will be enabled after the MCU is powered on, and the primary power supply will be enabled through the anti-reverse diode assist, and the function of OFF DELAY will be performed after the wake source is powered off to ensure that the ADAS product will enter hibernation after the MCU completes all necessary tasks.\n另一路通过防反接二极管和100K,1%、10K,1%分压电路，用于MCU的ADC采样进行是否有效判断。 用到的引脚网络是WKUP_ACQ，对应MCU的AN0引脚。\nThe other way through the anti-reverse diode and 100K,1%, 20K,1% voltage divider circuit, used for MCU ADC sampling to determine whether effective. The pin network used is WKUP_ACQ, which corresponds to the AN0 pin of the MCU.\nCAN特定帧唤醒\nADAS平台支持特定报文的CAN唤醒功能，当唤醒信号有效时会直接使能一级电源的使能信号，系统开始唤醒，MCU工作并启动整个ADAS产品工作。\nCAN通讯接口，TCAN1145配置时支持CAN特定报文唤醒，TCAN1145的VBAT引脚接至UB_PR引脚，INH引脚通过分压和防反电路接至一级电源使能引脚，当CAN总线接收到唤醒报文时INH引脚为逻辑高，会使能一级电源，产品开始工作。INH信号通过一个防范二极管在通过100K和10K电阻分压后用MCU的AN11引脚采样。\n2.CAN0 bus wake up \nThe ADAS platform reserves the CAN wake-up function to support specific messages. When the wake-up signal is effective, the enable signal of the first-level power supply will be directly enabled, the system will start to wake up, and the MCU will work and start the entire ADAS product.\nCAN communication interface, TCAN1145 supports CAN specific message wake-up when configured, the VBAT pin of TCAN1145 is connected to UB_PR pin, The INH pin is connected to the primary power enable pin through the voltage divider and anti-reverse circuit. When the CAN bus receives the wake-up message, the INH pin is logically high, which will enable the primary power and the product will start to work. The INH signal is sampled with the AN11 pin of the MCU via a guard diode after voltage splitting through 100K and 33K resistors.\n3.ETH报文唤醒\nADAS产品唤醒支持ETH报文唤醒，当唤醒信号有效时会直接使能一级电源的使能信号，系统开始唤醒，MCU工作并启动整个ADAS产品工作。ETH PHY DP83TC812R的VSLEEP引脚接至常电，INH引脚通过分压和防反电路接至一级电源使能引脚，当以太网接收到唤醒报文时INH引脚为逻辑高，会使能一级电源，产品开始工作。\n3.Flexray specific packet wakeup \nThe wakeup of ADAS products supports the wakeup of ETH message. When the wakeup signal is effective, the enable signal of the primary power supply will be directly enabled, and the system will start to wake up, and the MCU will work and start the whole ADAS product. The VSLEEP pin of the PHY DP83TC812R is connected to the Constant Power Supply, and the INH pin is connected to the primary power enable pin through the voltage divider and anti-reverse circuit. When the ETH bus receives the wake-up message, the INH pin is logically high, and the primary power is enabled and the product starts to work. \n4.自保持唤醒 MCU_WKUP_HOLD\n当CAN总线唤醒报文中断后，INH引脚电平会无效（逻辑低），此时MCU会通过MCU_WKUP_HOLD_P12.0引脚进入OFF DELAY功能自保持唤醒一段时间，确保MCU完成所有必要任务之后ADAS产品进入休眠。\n4. Self keeping wake up\nWhen the CAN bus wake-up frame is interrupted, the INH pin level will be invalid (low logic), and the MCU will enter the OFF DELAY function through the MCU_WKUP_HOLD_P12.0 pin to keep awake for a period of time to ensure that the ADAS product will enter hibernation after the MCU completes all necessary tasks.</td></tr></table>"", ""\nUnnamed: 0：nan; Unnamed: 1：nan; Unnamed: 2：批准：; Unnamed: 3：nan; Unnamed: 4：签名：           ; Unnamed: 5：nan; Unnamed: 6：日期： ——2_Sign\nUnnamed: 0：nan; Unnamed: 1：nan; Unnamed: 2：Approver: ; Unnamed: 3：nan; Unnamed: 4：Sign:; Unnamed: 5：nan; Unnamed: 6：Date: ——2_Sign\nUnnamed: 0：nan; Unnamed: 1：nan; Unnamed: 2：nan; Unnamed: 3：nan; Unnamed: 4：nan; Unnamed: 5：nan; Unnamed: 6：nan ——2_Sign\nUnnamed: 0：nan; Unnamed: 1：nan; Unnamed: 2：nan; Unnamed: 3：nan; Unnamed: 4：nan; Unnamed: 5：nan; Unnamed: 6：nan ——2_Sign\nUnnamed: 0：nan; Unnamed: 1：nan; Unnamed: 2：nan; Unnamed: 3：nan; Unnamed: 4：nan; Unnamed: 5：nan; Unnamed: 6：nan ——2_Sign\nUnnamed: 0：nan; Unnamed: 1：nan; Unnamed: 2：所 有 权 声 明; Unnamed: 3：nan; Unnamed: 4：nan; Unnamed: 5：nan; Unnamed: 6：nan ——2_Sign\nUnnamed: 0：nan; Unnamed: 1：nan; Unnamed: 2：Ownership Statement; Unnamed: 3：nan; Unnamed: 4：nan; Unnamed: 5：nan; Unnamed: 6：nan ——2_Sign\nUnnamed: 0：nan; Unnamed: 1：nan; Unnamed: 2：该文档及其所含信息是恒润科技的财产。该文档及其所含信息的复制、使用及披露必须得到恒润科技的书面授权。\nThis document, include the content and information is the property of Hirain Technologies. The copy, usage, and publish shall obtain the formally authorization from Hirain Technologies.; Unnamed: 3：nan; Unnamed: 4：nan; Unnamed: 5：nan; Unnamed: 6：nan ——2_Sign"", ""<table><caption> Table 7-1. Pin Functions</caption>\n<tr><td  >Pin</td><td></td><td></td><td></td></tr>\n<tr><td  >Name</td><td  >No.</td><td  >Type(1)</td><td  >Description</td></tr>\n<tr><td></td><td></td><td></td><td  >Device compensation input. A resistor and capacitor from this pin to GOSNS define the </td></tr>\n<tr><td  >COMP</td><td  >1</td><td></td><td  >compensation of the control loop. In stacked operation, connect the CoMP pins of all stacked devices together and connect a</td></tr>\n<tr><td></td><td></td><td></td><td  >resistor and capacitor between the common COMP node and GOSNS.</td></tr>\n<tr><td  >GOSNS</td><td  >2</td><td></td><td  > Output ground sense (differential output voltage sensing)</td></tr>\n<tr><td  >VOSNS</td><td></td><td></td><td  >Output voltage sense (differential output voltage sensing)</td></tr>\n<tr><td></td><td></td><td></td><td  >This is the enable pin of the device. The user must connect to this pin using a series resistor of </td></tr>\n<tr><td></td><td></td><td></td><td  >at least 15 kQ. A low logic level on this pin disables the device and a high logic level on this pin</td></tr>\n<tr><td  >EN</td><td  >4</td><td></td><td  >enables the device. Do not leave this pin unconnected.</td></tr>\n<tr><td></td><td></td><td></td><td  >For stacked operation, interconnect EN pins of all stacked devices with a resistor to the supply</td></tr>\n<tr><td></td><td></td><td></td><td  >voltage or a GPlO of a processor. See Section 9.3.17 for a detailed description.</td></tr>\n<tr><td  >VIN</td><td  >5.9</td><td  >P</td><td  > Power supply input. Connect the input capacitor as close as possible between VIN and GND.</td></tr>\n<tr><td  >GND</td><td  >6,8</td><td  >GND</td><td  >Ground pin</td></tr>\n<tr><td  >SW</td><td  >7</td><td></td><td  >This pin is the switch pin of the converter and is connected to the internal power MOSFETs.</td></tr>\n<tr><td></td><td></td><td></td><td  > Open-drain power-good output. Low impedance when not \""power good,\"" high impedance when </td></tr>\n<tr><td></td><td></td><td></td><td  >\""power good.\"" This pin can be left open or be tied to GND when not used in single device </td></tr>\n<tr><td></td><td></td><td></td><td  >operation.</td></tr>\n<tr><td  >PG</td><td  >10</td><td  >I/0</td><td  > In stacked operation, interconnect the PG pins of all stacked devices. Only the PG pin of the </td></tr>\n<tr><td></td><td></td><td></td><td  > primary converter in stacked operation is an open-drain output. For devices that are defined as</td></tr>\n<tr><td></td><td></td><td></td><td  >secondary converters in stacked mode, this pin is an input pin. See Section 9.3.17 for a detailed</td></tr>\n<tr><td></td><td></td><td></td><td  >description.</td></tr>\n<tr><td></td><td></td><td></td><td  >The device runs in power save mode when this pin is pulled low. If the pin is pulled high, the</td></tr>\n<tr><td  >MODE/SYNC</td><td  >11</td><td></td><td  >device runs in forced-PWM mode. If unused, this pin can be left floating and an internal pulldown resistor will pull it low. The mode pin can also be used to synchronize the device to an external </td></tr>\n<tr><td></td><td></td><td></td><td  >clock.</td></tr>\n<tr><td  >SDA</td><td  >12</td><td  >I/0</td><td  >I2C serial data pin. Do not leave floating. Connect a pullup resistor to a logic high level. Connect to GND for secondary devices in stacked operation and for device variants without I2C.</td></tr>\n<tr><td></td><td></td><td></td><td  >I2C serial clock pin. Do not leave this pin floating. Connect a pullup resistor to a logic high level.</td></tr>\n<tr><td  >SCL</td><td  >13</td><td  >1/0</td><td  >Connect this pin to GND for secondary devices in stacked operation and for device variants</td></tr>\n<tr><td></td><td></td><td></td><td  >without I2C.</td></tr>\n</table>"", ""\nTPS6287x-Q1 2.7-V to 6-V Input, 6-A, 9-A, 12-A, 15-A, Stackable, Synchronous Step- Down Converters with Fast Transient Response\n3 Description\n1 Features\n AEC-Q100 qualified for automotive applications\nThe TPS6287x-Q1 is a family of pin-to-pin 6-A, 9-\nTemperature grade 1: -40°C to +125°C, TA\nA, 12-A, and 15-A synchronous step-down DC/DC converters with differential remote sensing. For each\nFunctional Safety-Capable\ncurrent rating, there are full-featured device variants\nDocumentation available to aid functional safety\nwith I²C interface and limited-featured device variants\nsystem design\nwithout I2C interface. All devices offer high efficiency\nDocumentation available to aid functional safety\nand ease of use. Low-resistance power switches\nsystem design\nallow up to 15-A continuous output current at high\nDocumentation available to aid functional safety\nambient temperatures.\nsystem design 2.7-V to 6-V input voltage range\nThe devices can operate in stacked mode to deliver\nFamily of pin-to-pin compatible devices: 6-A, 9-A,\nhigher output currents or to spread the power\n12-A, and 15-A\ndissipation across multiple devices.\n Four output voltage ranges:\nThe TPS6287x-Q1 family implements an enhanced\n0.4-V to 0.71875-V in 1.25-mV steps\nDCS control scheme that supports fast transients with\n 0.4-V to 1.0375-V in 2.5-mV steps\nfixed-frequency operation.  Devices can operatein\n0.4-V to 1.675-V in 5-mV steps\npower save mode for maximum efficiency, or forced-\n0.8-V to 3.35-V in 10-mV steps\nPWM mode for the best transient performance and\n Output voltage accuracy ±1%\nlowest output voltage ripple.\n7-mQ and 4.5-mQ internal power MOSFETs Adjustable external compensation\nAn optional remote sensing feature maximizes voltage\n Resistor-selectable start-up output voltage\n and  the device\nregulation at the point-of-load,\nResistor-selectable switching frequency\nachieves better than ±1% DC voltage accuracy under\nPower-save or forced-PwM operation"", ""\n10.5.2Layout Example\nimplementation of the PCB layout principles previously listed. The user can find a complete set drawings of all the layers used in this PCB in the evaluation module's user guide.\n11 Device and Documentation Support\n11.1 Device Support\n11.1.1 Third-Party Products Disclaimer\nTI'SPUBLICATIONOFINFORMATION REGARDINGTHIRD-PARTYPRODUCTS ORSERVICESDOESNOT CONSTITUTEANENDORSEMENTREGARDING THESUITABILITY OF SUCHPRODUCTS ORSERVICES ORAWARRANTY,REPRESENTATIONORENDORSEMENTOFSUCHPRODUCTSORSERVICES,EITHER ALONEORINCOMBINATIONWITHANYTIPRODUCTORSERVICE\n11.2 Documentation Support\n11.2.1 Related Documentation\nFor related documentation see the following:\nTexas Instruments, Semiconductor and IC Package Thermal Metrics application report\n11.3 Receiving Notification of Documentation Updates\nTo receive notification of documentation updates, navigate to the device product folder on ti.com. Click on Subscribe to updates to register and receive a weekly digest of any product information that has changed. For change details, review the revision history included in any revised document.\n11.4 Support Resources\nTI E2E\""M support forums are an engineer's go-to source for fast, verified answers and design help — straight from the experts. Search existing answers or ask your own question to get the quick design help you need.\nLinked content is provided \""AS IS\"" by the respective contributors. They do not constitute TI specifications and do not necessarily reflect Tl's views; see Tl's Terms of Use.\n11.5 Trademarks\nTI E2E\""M is a trademark of Texas Instruments.\nAll trademarks are the property of their respective owners.\n11.6 ElectrostaticDischarge Caution\nThis integrated circuit can be damaged by ESD. Texas Instruments recommends that all integrated circuits be handled with appropriate precautions. Failure to observe proper handling and installation procedures can cause damage.\nESD damage can range from subtle performance degradation to complete device failure. Precision integrated circuits may be more susceptible to damage because very small parametric changes could cause the device not to meet its published specifications.\n11.7 Glossary\nTI Glossary\nThis glossary lists and explains terms, acronyms, and definitions.\n12 Mechanical, Packaging, and Orderable Information\nThe following pages include mechanical, packaging, and orderable information. This information is the most current data available for the designated devices. This data is subject to change without notice and revision of this document. For browser-based versions of this data sheet, refer to the left-hand navigation."", ""<table><caption> Table 10-4. List of Recommended Output Capacitors See the Third-Party Products Disclaimer.(1) (17) (18) (19) (20) (21)</caption>\n<tr><td  >Capacitance</td><td  > Dimensions mm (Inch)</td><td  >Voltage Rating</td><td  > Manufacturer, Part Number(1)</td></tr>\n<tr><td  >22 μF ±20%</td><td  >2012 (0805)</td><td  >6.3 V</td><td  >TDK, CGA4J1X7T0J226M125AC</td></tr>\n<tr><td  >22 μF ±10%</td><td  >2012 (0805)</td><td  >6.3 V</td><td  >Murata, GCM31CR71A226KE02</td></tr>\n<tr><td  >47 μF ±20%</td><td  >3216 (1206)</td><td  >4V</td><td  >TDK, CGA5L1X7T0G476M160AC</td></tr>\n<tr><td  >47 μF ±20%</td><td  >2012 (1210)</td><td  >6.3 V</td><td  >Murata, GCM32ER70J476ME19</td></tr>\n<tr><td  >100μF ±20%</td><td  >3225 (1210)</td><td  >4V</td><td  >TDK, CGA6P1X7T0G107M250AC</td></tr>\n<tr><td  >100μF ±20%</td><td  >3216 (1210)</td><td  >6.3 V</td><td  >Murata, GRT32EC70J107ME13</td></tr>\n</table>"", ""\nUpdated theDevice OptionsTable.\n3 .5\nModified MODE/SYNC pin Description in Pin Functions Changed the title of Figure 8-5\n12\nAdded approximate minimum on time value.\n15\n Added behavior of device when EN is toggled and input voltage is applied..\n.17\n·\nModified Table 9-5 to reflect new available Orderable Part Number..\n21\nAdded a comment on how to connect secondary devices SYNC_OUT pin..\n27\nAdded a footnote to Table 9-10\n.31\nAdded I2C Register Reset \n.34 Added Number of phases NΦ and adapted passive component selection equations in Typical Application ...41\nPage\nChanges from Revision * (May 2022) to Revision A (July 2022)\nChanged document status from Advance Information to Production Data......\n.1\n5 Description (continued)\nThe switching frequency is resistor-selectable through the FSEL pin. The switching frequency can be set to 1.5 MHz, 2.25 MHz, 2.5 MHz, or 3.0 MHz, or synchronized to an external clock in the same frequency range.\nThe I2C-compatible interface offers several control, monitoring, and warning features, such as voltage monitoring and temperature-related warnings. The output voltage can be quickly adjusted to adapt the power consumption of the load to the performance needs of the application through the I2C-compatible interface. The default start-up voltage is resistor-selectable through the VSEL pin.\n6 Device Options\n The I2C address is linked to the selected start-up voltage. The user cannot select the start-up voltage and I2C address independently.(1)\nThe user can use the VSEL pin to select which of the four start-up voltages the device uses. For more information, see Table 9-5 and (2)\n7 Pin Configuration and Functions\n8 Specifications\n8.1 Absolute Maximum Ratings\nover operating temperature range (unless otherwise noted)(1)\n(1)Operation outside the Absolute Maximum Ratings may cause permanent device damage. Absolute Maximum Ratings do not imply functional operation of the device at these or any other conditions beyond those listed under Recommended Operating Conditions.\nIf used outside the Recommended Operating Conditions but within the Absolute Maximum Ratings, the device may not be fully functional, and this may affect device reliability, functionality, performance, and shorten the device lifetime.\n(2)All voltage values are with respect to the GND pin.\nWhile switching.\n(3)"", ""\nIn standalone (nonstacked) applications, the user can disable the active pulldown of the EN pin if the user sets SINGLE = 1 in the CONTROL3 register. Fault conditions have no effect on the EN pin when SINGLE = 1 (the EN pin is always pulled down during device initialization). In stacked applications, ensure that SINGLE = 0.\nWhen the internal SYSTEM_READY signal is low (that is, initialization is complete and there are no fault conditions), the internal open-drain transistor is high impedance and the EN pin functions like a standard input. A high level on the EN pin enables the DC/DC converter in the device. A low level disables the DC/DC converter (the I2C interface is enabled as soon as the device has completed its initialization and is not affected by the state of the internal ENABLE or SYSTEM_READY signals).\nA low level on the EN pin forces the device into shutdown. During shutdown, the MOSFETs in the power stage are off, the internal control circuitry is disabled, and the device consumes only 20 μA (typical).\nThe rising threshold voltage of the EN pin is 1.0 V and the falling threshold voltage is 0.9 V. The tolerance of the threshold voltages is ±30 mV, which means that the user can use the EN pin to implement precise turn-on and turn-off behavior.\nWhen power is applied to the VIN pin, the toggling of the EN pin does not reset the loaded default register settings.\n9.3.4 Start-Up\nWhen the voltage on the VIN pin exceeds the positive-going UVLO threshold, the device initializes as follows:\n·The device pulls the EN pin low.\n·The device enables the internal reference voltage.\n· The device reads the state of the VSEL, FSEL, and SYNC_OUT pins.\n· The device loads the default values into the device registers.\nWhen initialization is complete, the device enables I²C communication and releases the EN pin. The external circuitry controlling the EN pin now determines the behavior of the device:\n· If the EN pin is low, the device is disabled. The user can write to and read from the device registers, but the DC/DC converter does not operate · If the EN pin is high, the device is enabled. The user can write to and read from the device registers and, after a short delay, the DC/DC converter starts to ramp up its output.\nThe SSTIME[1:0] bits in the CONTROL2 register select the duration of the soft-start ramp:""]","{""original_context_count"": 30, ""original_context_characters"": 29513, ""scored_context_count"": 4, ""scored_context_characters"": 1464, ""contexts_truncated"": true, ""context_selection"": ""claim_coverage"", ""selected_evidence_ids"": [""document:3cc8373cb37fffa6"", ""circuit:21:net:CAN3_INH""], ""selected_claim_ids"": [""sq_1:claim_1"", ""sq_2:claim_1""], ""excluded_evidence_ids"": [""circuit:21:net:CAN0H"", ""circuit:21:net:CAN0L"", ""circuit:21:net:CAN0_INH"", ""circuit:21:net:CAN0_INH_ACQ"", ""circuit:21:net:CAN0_STB_MCU_SPI3_CS5_P02.8"", ""circuit:21:net:CAN1H"", ""circuit:21:net:CAN1L"", ""circuit:21:net:CAN1_INH"", ""circuit:21:net:CAN2H"", ""circuit:21:net:CAN2L"", ""circuit:21:net:CAN2_INH"", ""circuit:21:net:CAN2_INH_ACQ"", ""circuit:21:net:CAN2_STB_MCU_SPI3_CS3_P00.5"", ""circuit:21:net:CAN3H"", ""circuit:21:net:CAN3L"", ""document:166c78abf834f10b"", ""document:21660b4ca64f73e9"", ""document:2fb73f629dc36cc6"", ""document:74353e6817c9fe60"", ""document:7557643901e7642a"", ""document:88e619c887cf446f"", ""document:892f467c1b2140ac"", ""document:8d80fbb6ee80deb0"", ""document:a075d2642b8e135f"", ""document:b257f3b0795806a8"", ""document:ce749383d8f1b59a"", ""document:e6627ad70c8cab97"", ""document:eeb35b1228d7836f""]}",0.2878410944479864,0.3784448522356405,0.75,not_applicable,0.9999999999,0.0,0.5,0.14285714285714285,not_applicable
hw-v1-circuit-tps22918-paraphrase,success,不要概括，逐颗列出所有 TPS22918 的输入电源、输出电源和 ON 控制。,U1500：VCC3V3→VCC3V3_ETH，ON 为 MCU_3V3_ETH_EN；U1802：VCC3V3→VCC3V3_EQ，ON 为 MCU_3V3_EQ_EN；U1803：VCC1V8→VCC1V8_EQ，ON 为 MCU_1V8_EQ_EN。,"根据证据，共找到3颗TPS22918器件，逐颗列出其输入电源、输出电源和ON控制如下：

1. **U1500**  
   - 输入电源：VCC3V3  
   - 输出电源：VCC3V3_ETH  
   - ON控制：MCU_3V3_ETH_EN  

2. **U1802**  
   - 输入电源：VCC3V3  
   - 输出电源：VCC3V3_EQ  
   - ON控制：MCU_3V3_EQ_EN  

3. **U1803**  
   - 输入电源：VCC1V8  
   - 输出电源：VCC1V8_EQ  
   - ON控制：MCU_1V8_EQ_EN  

**支撑证据**：  
- 电路图pin_mapping显示U1500的VIN连接VCC3V3、VOUT连接VCC3V3_ETH、ON连接MCU_3V3_ETH_EN [1]；U1802的VIN连接VCC3V3、VOUT连接VCC3V3_EQ、ON连接MCU_3V3_EQ_EN [2]；U1803的VIN连接VCC1V8、VOUT连接VCC1V8_EQ、ON连接MCU_1V8_EQ_EN [3]。  
- 实例U1500标注为TPS22918TDBVRQ1 [20]。  
- 设计文档描述F16（对应U1802）使用VCC3V3输入、VCC3V3_EQ输出，由MCU P20.3使能 [5]；F17（对应U1500）使用VCC3V3输入、VCC3V3_ETH输出，由P21.0使能 [6]；F19（对应U1803）使用VCC1V8输入、VCC1V8_EQ输出，由P20.0使能 [4]。  

**缺失信息**：无。  
**证据冲突**：无。","根据证据，共找到3颗TPS22918器件，逐颗列出其输入电源、输出电源和ON控制如下：

1. **U1500**  
   - 输入电源：VCC3V3  
   - 输出电源：VCC3V3_ETH  
   - ON控制：MCU_3V3_ETH_EN  

2. **U1802**  
   - 输入电源：VCC3V3  
   - 输出电源：VCC3V3_EQ  
   - ON控制：MCU_3V3_EQ_EN  

3. **U1803**  
   - 输入电源：VCC1V8  
   - 输出电源：VCC1V8_EQ  
   - ON控制：MCU_1V8_EQ_EN  

**支撑证据**：  
- 电路图pin_mapping显示U1500的VIN连接VCC3V3、VOUT连接VCC3V3_ETH、ON连接MCU_3V3_ETH_EN [1]；U1802的VIN连接VCC3V3、VOUT连接VCC3V3_EQ、ON连接MCU_3V3_EQ_EN [2]；U1803的VIN连接VCC1V8、VOUT连接VCC1V8_EQ、ON连接MCU_1V8_EQ_EN [3]。  
- 实例U1500标注为TPS22918TDBVRQ1 [20]。  
- 设计文档描述F16（对应U1802）使用VCC3V3输入、VCC3V3_EQ输出，由MCU P20.3使能 [5]；F17（对应U1500）使用VCC3V3输入、VCC3V3_ETH输出，由P21.0使能 [6]；F19（对应U1803）使用VCC1V8输入、VCC1V8_EQ输出，由P20.0使能 [4]。  

**缺失信息**：无。  
**证据冲突**：无。","[""Pin mapping for U1500: VIN -> VCC3V3, GND -> GND, ON -> MCU_3V3_ETH_EN, CT -> N22963649, QOD -> VCC3V3_ETH, VOUT -> VCC3V3_ETH."", ""Pin mapping for U1802: VIN -> VCC3V3, GND -> GND, ON -> MCU_3V3_EQ_EN, CT -> N20145936, QOD -> VCC3V3_EQ, VOUT -> VCC3V3_EQ."", ""Pin mapping for U1803: VIN -> VCC1V8, GND -> GND, ON -> MCU_1V8_EQ_EN, CT -> N20146977, QOD -> VCC1V8_EQ, VOUT -> VCC1V8_EQ."", ""Instance U1500: TPS22918, 20181204001, TPS22918TDBVRQ1, SOT23X145-6."", ""Instance U1802: TPS22918, 20181204001, TPS22918TDBVRQ1, SOT23X145-6."", ""Instance U1803: TPS22918, 20181204001, TPS22918TDBVRQ1, SOT23X145-6."", ""<table><tr><td>HM ID</td><td>F19</td></tr><tr><td>模块功能 \nModule Function</td><td>1V8转1V8_EQ用于EQ6供电，现选择负载开关方案。\n1V8 to 1V8_EQ is used for the EQ6 power supply, now choose the load switch scheme.\n</td></tr><tr><td>模块框图\nModule diagram</td><td></td></tr><tr><td>模块方案\nModule solution</td><td>采用TPS22918负载开关，将VCC1V8电源转换为VCC1V8_EQ，给EQ6供电。用MCU的P20.0引脚使能该芯片。\nThe TPS22918 load switch chip is used to convert the VCC1V8 to VCC1V8_EQ to power EQ6. The P20.0 pin of the MCU is used to enable the chip.\n</td></tr></table>"", ""<table><tr><td>HM ID</td><td>F16</td></tr><tr><td>模块功能 \nModule Function</td><td>VCC3V3转VCC3V3_EQ用于EQ6的IO和摄像头供电，现使用负载开关TPS22918进行设计。\nVCC3V3 to VCC3V3-EQ is used for the IO and camera power supply of EQ6, and the load switch TPS22918 is used for the design.</td></tr><tr><td>模块框图\nModule diagram</td><td></td></tr><tr><td>模块方案\nModule solution</td><td>采用TPS22918负载开关，将VCC3V3系统电源转换为VCC3V3_EQ，提供给EQ6和摄像头供电。用MCU的P20.3引脚使能该芯片。\nThe TPS22918 load switch is used to convert the VCC3V3 system power to VCC3V3-EQ to supply power to EQ6 and the camera. The P20.3 pin of the MCU is used to enable the chip.\n</td></tr></table>"", ""<table><tr><td>HM ID</td><td>F17</td></tr><tr><td>模块功能 \nModule Function</td><td>3V3转3V3_ETH用于ETH供电，现选择负载开关方案。\n3V3 to 3V3_ETH is used for ETH power supply, and the load switching scheme is now selected.</td></tr><tr><td>模块框图\nModule diagram</td><td></td></tr><tr><td>模块方案\nModule solution</td><td>采用TPS22918负载开关，将VCC3V3系统电源转换为VCC3V3_ETH，提供给MCU的ETH供电。P21.0引脚使能该芯片。\nThe TPS22918 load switch is used to convert the VCC3V3 system power to VCC3V3-ETH to supply power to ETH of the MCU. The P21.0 pin of the MCU is used to enable the chip.\n</td></tr></table>"", ""\nHW Interface Component ：QM（B）; None：F16/POWER; None：1、负载开关TPS22918，VCC3V3转VCC3V3_EQ。\n2、TPS22918由MCU进行使能和关断控制。; MCU Component ：F01/MCU; None：B; None：G20; None：P20.3; None：P20.3/GTM_TIM4_IN5_11/GTM_TIM3_IN4_5/GTM_TIM2_IN4_5/GTM_TOUT61/QSPI0_SLSO9/QSPI2_SLSO9/CAN03_TXD; None：GPIO; None：MCU_3V3_EQ_EN; None：/; None：O; None：VCC3V3_EQ电源使能控制信号\n高：使能VCC3V3_EQ电源\n低：关断VCC3V3_EQ电源; None：HI-Z,硬件外部下拉; None：—; SW Variable Name or SW Function Name：— ——Port1\nHW Interface Component ：QM; None：F17/POWER; None：1、负载开关TPS22918，VCC3V3转VCC3V3_ETH。\n2、TPS22918由MCU进行使能和关断控制。; MCU Component ：F01/MCU; None：QM; None：K17; None：P21.0; None：P21.0/GTM_TIM4_IN0_11/GTM_TIM3_IN4_6/GTM_TIM2_IN4_6/QSPI4_MRSTDN/DMU_FDEST/GTM_TOUT51/HSM_HSM1; None：GPIO; None：MCU_3V3_ETH_EN; None：/; None：O; None：VCC3V3_ETH电源使能控制信号\n高：使能VCC3V3_EQ电源\n低：关断VCC3V3_EQ电源; None：HI-Z, 硬件外部下拉; None：—; SW Variable Name or SW Function Name：— ——Port1\nHW Interface Component ：QM; None：F14/POWER; None：1、电源转换芯片TPS62872，VCC3V3转VCC0V75。\n2、TPS62872由MCU进行使能和关断控制。; MCU Component ：F01/MCU; None：QM; None：P20; None：P22.0; None：P22.0/GTM_TIM1_IN1_7/GTM_TIM0_IN1_7/QSPI4_MTSRB/GTM_TOUT47/QSPI4_MTSR/QSPI4_SCLKN; None：GPIO; None：MCU_VCC0V75_EN; None：/; None：O; None：VCC0V75电源使能控制信号\n高：使能VCC0V75电源\n低：关断VCC0V75电源; None：HI-Z, 硬件外部下拉; None：—; SW Variable Name or SW Function Name：— ——Port1"", ""<table><tr><td>HM ID</td><td>F14</td></tr><tr><td>模块功能 \nModule Function</td><td>VCC3V3转VCC0V75应用于EQ6的内核供电，要求输出电流能力大，现选型TI的方案TPS62872。\nVCC3V3 to VCCOV75 is applied to the kernel power supply of EQ6, which requires large output current capacity. TI's scheme TPS62872 is selected.</td></tr><tr><td>模块框图\nModule diagram</td><td></td></tr><tr><td>模块方案\nModule solution</td><td>\t采用TPS62872电源芯片，将VCC3V3转换为VCC0V75，提供给EQ6核电供电。用MCU的P22.0引脚使能芯片，用MCU_SDA_P15.5，MCU_SCL_P15.4引脚I2C通信来设置输出电压和通信。\nTPS62872 power chip is used to convert VCC3V3 to VCCOV75, which is supplied to EQ nuclear power supply. P22.0 pin of MCU is used to enable chip, MCU_SDA_P15.5, MCU_SCL_P15.4 pin I2C communication is used to set output voltage and communication. +</td></tr></table>"", ""<table><tr><td>No.</td><td>Configuration</td><td>Configuration Value</td><td>Description (Meaning)</td></tr><tr><td>1　</td><td>0x02</td><td>0x19</td><td>Enable VCC1V1</td></tr><tr><td>2</td><td>0x02</td><td>0x18</td><td>Disable VCC1V1</td></tr><tr><td>3</td><td>0x04</td><td>0x19</td><td>Enable VCC1V8</td></tr><tr><td>4</td><td>0x04</td><td>0x18</td><td>Disable VCC1V8</td></tr><tr><td>5</td><td>0x1C</td><td>0x04</td><td>Reset Windowdog</td></tr></table>"", ""<table><tr><td>模块序号\nModule number</td><td>模块名称\nModule name</td><td>功能定义\nFunction definition.</td><td>功能安全需求\nFunctional safety requirements</td></tr><tr><td>F01</td><td>MCU</td><td>SAK-TC377TP-96F300S AA</td><td>B(B)</td></tr><tr><td>F02</td><td>EYEQ6-L</td><td>EYEQ6-L，用于sensor的视频处理</td><td>B</td></tr><tr><td>F03</td><td>EYEQ6_LPDDR4</td><td>EQ6的1GB LPDDR4</td><td>B</td></tr><tr><td>F04</td><td>EYEQ6_NAND FLASH</td><td>EQ6的2Gb NAND FLASH</td><td>B</td></tr><tr><td>F05</td><td>CAM SENSOR</td><td>Sony 728摄像头模组</td><td>B</td></tr><tr><td>F06</td><td>KL30 sample</td><td>KL30电压采样</td><td>QM</td></tr><tr><td>F07</td><td>KL15 sample</td><td>KL15电压采样</td><td>QM</td></tr><tr><td>F08</td><td>EQ system power sample1</td><td>EQ6L系统供电电源电压ADC采样滤波、分压电路</td><td>B(B)</td></tr><tr><td>F09</td><td>ETH and CAN power sample2</td><td>CAN和ETH电源电压ADC采样滤波、分压电路</td><td>QM</td></tr><tr><td>F10</td><td>NTC temp sensor</td><td>NTC温度传感器，监控EQ6L/LPDDR4周边环境温度。</td><td>B</td></tr><tr><td>F11</td><td>KL30 EMI</td><td>KL30供电口EMI滤波电路.</td><td>B</td></tr><tr><td>F12</td><td>POWER</td><td>LN10046，KL30电源转VCC3V3电源</td><td>B</td></tr><tr><td>F13</td><td>POWER</td><td>LP87702，VCC3V3电压输入，VCC1V1、VCC1V8、VCC50电压输出</td><td>QM(B)</td></tr><tr><td>F14</td><td>POWER</td><td>TPS62872，VCC3V3电压输入，VCC0V75电压输出</td><td>QM(B)</td></tr><tr><td>F15</td><td>POWER</td><td>SA23002，VCC3V3输入，VCC0V75电压输出</td><td>QM(B)</td></tr><tr><td>F16</td><td>POWER</td><td>TPS22918负载开关，VCC3V3电压输入，VCC3V3_EQ输出</td><td>QM(B)</td></tr><tr><td>F17</td><td>POWER</td><td>TPS22918负载开关，VCC3V3输入，VCC3V3_ETH输出</td><td>QM</td></tr><tr><td>F18</td><td>overvoltage protect</td><td>用于MCU电源VCC3V3_MCU的外部过压保护</td><td>B</td></tr><tr><td>F19</td><td>POWER</td><td>TPS22918 负载开关，VCC1V8电压输入，VCC1V8_EQ电压输出</td><td>QM(B)</td></tr><tr><td>F20</td><td>CAN3</td><td>基于TCAN1145的CAN通讯，硬件支持特定报文唤醒</td><td>QM</td></tr><tr><td>F21</td><td>CAN2</td><td>基于TCAN1044A的CAN通讯.</td><td>QM</td></tr><tr><td>F22</td><td>CAN1</td><td>基于TCAN1044A的CAN通讯</td><td>QM</td></tr><tr><td>F23</td><td>CAN0</td><td>基于TCAN1044A的CAN通讯.</td><td>QM</td></tr><tr><td>F24</td><td>ETH</td><td>基于DP83TC812R的100BASE-T1通讯</td><td>QM</td></tr><tr><td>F25</td><td>Wake up</td><td>唤醒源和一级电源使能电路设计</td><td>QM</td></tr><tr><td>F26</td><td>watchdog</td><td>LP87702的看门狗功能，用于监控MCU运行状态</td><td>B</td></tr><tr><td>F27</td><td>POWER</td><td>VCC3V3_MCU转VCC1V25_MCU电压，由MCU的EVRC进行控制。</td><td>B</td></tr><tr><td>F28</td><td>level translation</td><td>3V3和1V8双向电压转换芯片</td><td>QM</td></tr></table>"", ""\nNone：YYYY年MM月DD日发布\nReleased on DD/MM/YYYY; 文件编号File No：6XXXXXXXX_BBB_HW_IP_00X\n保存期限：产品生命周期加1个日历年；如属安全件，保存15个日历年以上\nRetention period:Product life cycle +1 calendar year.\nIf it is a safety part, keep it for more than 15 calendar years\n密级：内部\nSecurity level：Internal：YYYY年MM月DD日实施\nImplemented on DD/MM/YYYY ——封面Cover\nNone：北京经纬恒润科技股份有限公司\nBeijing Jingwei Hirain Technologies Co., Inc. ——封面Cover\nECU Connector：Pin No.; None：Pin Desc.; None：Signal Type; HW Interface Component ：ASIL; None：HW ID / Name; None：Characteristic; MCU Component ：HW ID; None：Pin ASIL; None：Trace; None：MCU Pin; None：Port Pin; None：Pin Name; None：Pin Function; None：Peripheral; None：Register; None：Direction; None：Function\nDescription; None：Default status after reset release; None：Standby/sleep state Settings ——Port1\nMCU Component ：/ Name; None：Solution ID; None：No.; None：Group; None：Name / Channel; None：Name ——Port1\nECU Connector：X1900-1; None：UBD; None：POWER; HW Interface Component ：QM; None：F06/KL30 sample; None：UBD供电要求范围：9~16VDC，要求MCU通过ADC对UBD电源电压进行采样和监控，实现电源管理功能。; MCU Component ：F01/ MCU; None：QM; None：K5; None：P00.10; None：P00.10/GTM_TIM4_IN1_11/GTM_TIM1_IN1_1/GTM_TIM0_IN1_1/GTM_TOUT19/EVADC_G9CH2; None：GPIO; None：MCU_UB_SW_P00.10; None：/; None：O; None：KL30电源电压ADC采样控制信号\n高：打开通道，ADC可以采集\n低：关闭通道，ADC不可以采集; None：HI-Z，硬件外部下拉; None：—; SW Variable Name or SW Function Name：— ——Port1"", ""<table><caption> Table 7-1. Pin Functions (continued) I = input, O = output, P = power, GND = ground(1)</caption>\n<tr><td  >Pin</td><td></td><td></td><td></td></tr>\n<tr><td  >Name</td><td  >No.</td><td  >Type(1)</td><td  >Description</td></tr>\n<tr><td></td><td></td><td></td><td  >Internal clock output pin for synchronization in stacked mode. Leave this pin floating for single </td></tr>\n<tr><td></td><td></td><td></td><td  >device operation. Connect this pin to the MODE/SYNC pin of the next device in the daisy-chain in </td></tr>\n<tr><td  >SYNC_OUT</td><td  >14</td><td></td><td  >stacked operation. Do not use this pin to connect to a non-TPS6287x-Q1 device.  During start-up, this pin is used to identify if a device must operate as a secondary converter in</td></tr>\n<tr><td></td><td></td><td></td><td  >stacked operation. Connect a 47-kQ resistor from this pin to GND to define a secondary converter</td></tr>\n<tr><td></td><td></td><td></td><td  > in stacked operation. See Section 9.3.17 for a detailed description.</td></tr>\n<tr><td  >VSEL</td><td  >15</td><td  >一</td><td  > Start-up output voltage select pin. A resistor or short circuit to GND or Vin defines the selected output voltage. See Section 9.3.6.2.</td></tr>\n<tr><td  >FSEL</td><td  >16</td><td  >一</td><td  >Frequency select pin. A resistor or a short circuit to GND or Vin determines the free-running switching frequency. See Section 9.3.6.2.</td></tr>\n<tr><td  >Exposed Thermal Pad</td><td></td><td  >一</td><td  >The thermal pad must be soldered to GND to achieve an appropriate thermal resistance and for mechanical stability.</td></tr>\n</table>"", ""<table><caption> Device Information</caption>\n<tr><td colspan=3 rowspan=3 >Part Number Current Rating Package TPS62870-Q1 6A TPS62871-Q1 9A RXS (VQFN-FCRLF, TPS62872-Q1 12 A 16) TPS62873-Q1 15 A</td></tr>\n\n</table>"", ""<table><caption> Table9-5.DefaultOutputVoltageSetpoints</caption>\n<tr><td  >VSEL Pin(1)</td><td  >Device Number</td><td  >VSET[7:0]</td><td  >Output Voltage Setpoint</td></tr>\n<tr><td></td><td  >TPS6287x-Q1</td><td  >0x5a</td><td  >850 mV</td></tr>\n<tr><td></td><td  >TPS6287xY0-Q1</td><td  >0x50</td><td  >800 mV</td></tr>\n<tr><td></td><td  >TPS6287xY1-Q1</td><td  >0x14</td><td  >500 mV</td></tr>\n<tr><td></td><td  >TPS6287xY2-Q1</td><td  >0x64</td><td  >1800 mV</td></tr>\n<tr><td  >6.2 kQ to GND</td><td  >TPS6287xY3-Q1</td><td  >0x52</td><td  >810 mV</td></tr>\n<tr><td></td><td  >TPS6287xN0-Q1</td><td  >0x14</td><td  >500 mV</td></tr>\n<tr><td></td><td  >TPS6287xN1-Q1</td><td  >0x50</td><td  >800 mV</td></tr>\n<tr><td></td><td  >TPS6287xN2-Q1</td><td  >0x64</td><td  >1800 mV</td></tr>\n</table>"", ""<table><caption> Table 9-10. Table 6-2. Devices Without I2C Interface</caption>\n<tr><td  > Device Number</td><td  >Output Current</td><td  >Start-Up Voltage(2)</td><td  >VSEL Settings</td><td  > Spread Spectrum Clocking</td><td  > Soft-Start Time</td></tr>\n<tr><td  >TPS62870N0QWRXSRQ1</td><td  >6A</td><td  >0.500 V</td><td  >6.2 kQ to GND</td><td></td><td></td></tr>\n<tr><td  >TPS62871N0QWRXSRQ1</td><td  >9A</td><td  >0.750V</td><td  > Short to GND</td><td  >On</td><td  >0.5 ms</td></tr>\n<tr><td  >TPS62872N0QWRXSRQ1</td><td  >12 A</td><td  >0.875 V</td><td  >Short to VIN </td><td></td><td></td></tr>\n<tr><td  >TPS62873N0QWRXSRQ1</td><td  >15 A</td><td  >1.050 V</td><td  >47 kQ to VIN</td><td></td><td></td></tr>\n</table>"", ""<table><caption> Table 7-1. Pin Functions</caption>\n<tr><td  >Pin</td><td></td><td></td><td></td></tr>\n<tr><td  >Name</td><td  >No.</td><td  >Type(1)</td><td  >Description</td></tr>\n<tr><td></td><td></td><td></td><td  >Device compensation input. A resistor and capacitor from this pin to GOSNS define the </td></tr>\n<tr><td  >COMP</td><td  >1</td><td></td><td  >compensation of the control loop. In stacked operation, connect the CoMP pins of all stacked devices together and connect a</td></tr>\n<tr><td></td><td></td><td></td><td  >resistor and capacitor between the common COMP node and GOSNS.</td></tr>\n<tr><td  >GOSNS</td><td  >2</td><td></td><td  > Output ground sense (differential output voltage sensing)</td></tr>\n<tr><td  >VOSNS</td><td></td><td></td><td  >Output voltage sense (differential output voltage sensing)</td></tr>\n<tr><td></td><td></td><td></td><td  >This is the enable pin of the device. The user must connect to this pin using a series resistor of </td></tr>\n<tr><td></td><td></td><td></td><td  >at least 15 kQ. A low logic level on this pin disables the device and a high logic level on this pin</td></tr>\n<tr><td  >EN</td><td  >4</td><td></td><td  >enables the device. Do not leave this pin unconnected.</td></tr>\n<tr><td></td><td></td><td></td><td  >For stacked operation, interconnect EN pins of all stacked devices with a resistor to the supply</td></tr>\n<tr><td></td><td></td><td></td><td  >voltage or a GPlO of a processor. See Section 9.3.17 for a detailed description.</td></tr>\n<tr><td  >VIN</td><td  >5.9</td><td  >P</td><td  > Power supply input. Connect the input capacitor as close as possible between VIN and GND.</td></tr>\n<tr><td  >GND</td><td  >6,8</td><td  >GND</td><td  >Ground pin</td></tr>\n<tr><td  >SW</td><td  >7</td><td></td><td  >This pin is the switch pin of the converter and is connected to the internal power MOSFETs.</td></tr>\n<tr><td></td><td></td><td></td><td  > Open-drain power-good output. Low impedance when not \""power good,\"" high impedance when </td></tr>\n<tr><td></td><td></td><td></td><td  >\""power good.\"" This pin can be left open or be tied to GND when not used in single device </td></tr>\n<tr><td></td><td></td><td></td><td  >operation.</td></tr>\n<tr><td  >PG</td><td  >10</td><td  >I/0</td><td  > In stacked operation, interconnect the PG pins of all stacked devices. Only the PG pin of the </td></tr>\n<tr><td></td><td></td><td></td><td  > primary converter in stacked operation is an open-drain output. For devices that are defined as</td></tr>\n<tr><td></td><td></td><td></td><td  >secondary converters in stacked mode, this pin is an input pin. See Section 9.3.17 for a detailed</td></tr>\n<tr><td></td><td></td><td></td><td  >description.</td></tr>\n<tr><td></td><td></td><td></td><td  >The device runs in power save mode when this pin is pulled low. If the pin is pulled high, the</td></tr>\n<tr><td  >MODE/SYNC</td><td  >11</td><td></td><td  >device runs in forced-PWM mode. If unused, this pin can be left floating and an internal pulldown resistor will pull it low. The mode pin can also be used to synchronize the device to an external </td></tr>\n<tr><td></td><td></td><td></td><td  >clock.</td></tr>\n<tr><td  >SDA</td><td  >12</td><td  >I/0</td><td  >I2C serial data pin. Do not leave floating. Connect a pullup resistor to a logic high level. Connect to GND for secondary devices in stacked operation and for device variants without I2C.</td></tr>\n<tr><td></td><td></td><td></td><td  >I2C serial clock pin. Do not leave this pin floating. Connect a pullup resistor to a logic high level.</td></tr>\n<tr><td  >SCL</td><td  >13</td><td  >1/0</td><td  >Connect this pin to GND for secondary devices in stacked operation and for device variants</td></tr>\n<tr><td></td><td></td><td></td><td  >without I2C.</td></tr>\n</table>"", ""<table><caption> Table 6-2. Devices Without I²C Interface (continued) Unless otherwise noted, device variants without I2C operate with the same default settings as device variants with 12C.</caption>\n<tr><td  >DeviceNumber</td><td  >OutputCurrent</td><td  >Start-UpVoltage(2)</td><td  >VSEL Settings</td><td  > Spread Spectrum Clocking</td><td  > Soft-Start Time</td></tr>\n<tr><td  >TPS62870N1QWRXSRQ1</td><td  >6A</td><td  >0.800 V</td><td  >6.2kQ to GND</td><td></td><td></td></tr>\n<tr><td  >TPS62871N1QWRXSRQ1</td><td  >9A</td><td  >0.750V</td><td  >Short to GND</td><td></td><td></td></tr>\n<tr><td  >TPS62872N1QWRXSRQ1</td><td  >12 A</td><td  >0.875V</td><td  >Short to VIN</td><td  >On</td><td></td></tr>\n<tr><td  >TPS62873N1QWRXSRQ1</td><td  >15 A</td><td  >0.840V</td><td  >47 kQ to VIN </td><td></td><td  >1 ms</td></tr>\n<tr><td></td><td></td><td  >1.800 V</td><td  >6.2 kQ to GND</td><td></td><td></td></tr>\n<tr><td  >TPS62872N2QWRXSRQ1</td><td  >12 A</td><td  >1.500 V 1.750 V</td><td  >Short to GND Short to VIN </td><td  >Off</td><td></td></tr>\n<tr><td></td><td></td><td  >3.300 V</td><td  >47kQ to VIN</td><td></td><td></td></tr>\n</table>"", ""<table>\n<tr><td></td><td></td><td></td><td  >MIN</td><td  >NOM</td><td  >MAX</td><td  >UNIT</td></tr>\n<tr><td  >VIN</td><td  >Input voltage</td><td  >VIN SDA, SCL</td><td  >2.7</td><td></td><td  >6 5</td><td  >V</td></tr>\n<tr><td  >VouT</td><td  >Output voltage</td><td></td><td  >0.4</td><td></td><td  >3.35 V or (ViN - 1.4</td><td></td></tr>\n<tr><td></td><td></td><td></td><td></td><td></td><td  >V)(1)</td><td></td></tr>\n<tr><td></td><td></td><td  >TPS62870-Q1</td><td></td><td></td><td  >6</td><td></td></tr>\n<tr><td></td><td></td><td  >TPS62871-Q1</td><td></td><td></td><td  >9</td><td></td></tr>\n<tr><td  >loUT</td><td  >Output current</td><td  >TPS62872-Q1</td><td></td><td></td><td  >12</td><td  >A</td></tr>\n<tr><td></td><td></td><td  >TPS62873-Q1</td><td></td><td></td><td  >15</td><td></td></tr>\n<tr><td></td><td  >Inductance</td><td></td><td  >110</td><td></td><td  >330</td><td  >nH</td></tr>\n<tr><td></td><td></td><td  >fsw≥2.25MHz andVouT≤1.675V</td><td  >55</td><td></td><td  >330</td><td></td></tr>\n</table>"", ""\nThe diagram shows a circuit layout with two labeled latches: FF1 at the top and FF2 at the bottom. FF1 is connected to an “Input Buffer” block on its right, which has text below it reading “V_IL = < 0.4 V” and “V_IH = > 0.8 V”. The Input Buffer connects via a line to a square labeled “PG” at the far right. A vertical line extends downward from the connection between Input Buffer and PG, branching to connect to the gate of a transistor symbol labeled “Q1”, which points downward to a ground symbol. FF1 has an input arrow from the left labeled “FORCE DCM”. FF2 has an input arrow from the left labeled “SOFT START COMPLETE”. Between FF1 and FF2, a bidirectional arrow connects them vertically, intersecting a horizontal line labeled “SECONDARY DEVICE DETECTED” with a pulse waveform icon above the label. All blocks are enclosed within a single rectangular border.Figure 9-13. Power-Good Functional Block Diagram (Secondary Device)\nFF1\nInput\nLatch\nFORCEDCM\nPG\nBuffer\nVIL =< 0.4 V\nSECONDARYDEVICE\nViIH = >0.8 V\nDETECTED\nQ1\nSOFTSTART\nLatch\nCOMPLETE\nFF2""]","{""original_context_count"": 22, ""original_context_characters"": 18959, ""scored_context_count"": 4, ""scored_context_characters"": 1575, ""contexts_truncated"": true, ""context_selection"": ""claim_coverage"", ""selected_evidence_ids"": [""circuit:21:pin_mapping:U1803"", ""document:2f8baf0f2ad1d779""], ""selected_claim_ids"": [""sq_1:claim_1""], ""excluded_evidence_ids"": [""circuit:21:pin_mapping:U1500"", ""circuit:21:pin_mapping:U1802"", ""document:034c767118e5df31"", ""document:0eb6659a764f4d29"", ""document:29cc1a9be32b6d7f"", ""document:377c425a6fdda20d"", ""document:7970eec1b28a0159"", ""document:7a6ae2179c8765b3"", ""document:a47f93f7ac4e825a"", ""document:ac72bb1a220bade2"", ""document:baf0af2b08b995ee"", ""document:d59fddc6838a7925"", ""document:dd6d958dffe7c372"", ""document:e26a168e2958c940"", ""document:e6627ad70c8cab97"", ""document:eeb35b1228d7836f"", ""document:fff26d224ab88aef""]}",0.8043427940426049,0.4746549974895642,1.0,not_applicable,0.7499999999625,1.0,1.0,0.5625,not_applicable
hw-v1-circuit-vcc3v3-role,success,VCC3V3 在板上主要给哪些电源器件供电？不要把电阻电容当成主要负载。,VCC3V3 是主要 3.3V 电源轨，供给 U1700、U1800、U1500、U1802、U1804 和 U1600 等 IC；回答应聚焦芯片而非无源器件。,"根据现有证据，VCC3V3 在板上主要给以下电源器件供电（不含电阻、电容等被动元件）：

- **LP87702**（PMIC，输入 VCC3V3，输出 VCC1V1、VCC1V8、VCC50）  
- **TPS62872**（输入 VCC3V3，输出 VCC0V75，用于 EQ6 内核）  
- **SA23002**（输入 VCC3V3，输出 0V75_MIPI_DDR，用于 EQ6 IO）  
- **TPS22918**（负载开关，输入 VCC3V3，输出 VCC3V3_EQ，用于 EQ6 IO 和摄像头）  
- **TPS22918**（负载开关，输入 VCC3V3，输出 VCC3V3_ETH，用于以太网供电）

**支撑证据**  
- 文档 [8] 的表格明确列出上述转换关系：“VCC3V3 to VCC0V75 (TPS62872)”、“VCC3V3 to 0V75_MIPI_DDR (SA23002)”、“VCC3V3 to VCC3V3_EQ (负载开关)”、“VCC3V3 to VCC3V3_ETH (负载开关)”，以及 LP87702 的“VCC3V3电压输入，VCC1V1、VCC1V8、VCC50电压输出”。  
- 文档 [14] 的模块列表（F13、F14、F15、F16、F17）同样确认了这些电源器件的输入网络为 VCC3V3，输出网络对应上述电压。

**缺失信息**  
- 网表中还显示 VCC3V3 连接了 U1600、U1700、U1800、U1804 等器件，但缺乏文档证据确认其型号与功能，无法判断是否为电源器件，因此未列入。  
- 未发现任何证据冲突。","根据现有证据，VCC3V3 在板上主要给以下电源器件供电（不含电阻、电容等被动元件）：

- **LP87702**（PMIC，输入 VCC3V3，输出 VCC1V1、VCC1V8、VCC50）  
- **TPS62872**（输入 VCC3V3，输出 VCC0V75，用于 EQ6 内核）  
- **SA23002**（输入 VCC3V3，输出 0V75_MIPI_DDR，用于 EQ6 IO）  
- **TPS22918**（负载开关，输入 VCC3V3，输出 VCC3V3_EQ，用于 EQ6 IO 和摄像头）  
- **TPS22918**（负载开关，输入 VCC3V3，输出 VCC3V3_ETH，用于以太网供电）

**支撑证据**  
- 文档 [8] 的表格明确列出上述转换关系：“VCC3V3 to VCC0V75 (TPS62872)”、“VCC3V3 to 0V75_MIPI_DDR (SA23002)”、“VCC3V3 to VCC3V3_EQ (负载开关)”、“VCC3V3 to VCC3V3_ETH (负载开关)”，以及 LP87702 的“VCC3V3电压输入，VCC1V1、VCC1V8、VCC50电压输出”。  
- 文档 [14] 的模块列表（F13、F14、F15、F16、F17）同样确认了这些电源器件的输入网络为 VCC3V3，输出网络对应上述电压。

**缺失信息**  
- 网表中还显示 VCC3V3 连接了 U1600、U1700、U1800、U1804 等器件，但缺乏文档证据确认其型号与功能，无法判断是否为电源器件，因此未列入。  
- 未发现任何证据冲突。","[""Net VCC3V3 connects C1500.&1, C1617.&1, C1618.&1, C1621.&1, C1633.&2, C1700.&1, C1701.&1, C1702.&1, C1704.&1, C1709.&1, C1710.&1, C1711.&1, C1716.&1, C1800.&1, C1801.&1, C1802.&1, C1803.&1, C1804.&1, C1805.&1, C1811.&1, C1812.&1, C1821.&1, C1823.&1, C1828.&1, L1601.&2, L1701.&1, Q1700.S, R1622.&2, R1701.&1, R1706.&1, R1709.&1, R1710.&1, R1711.&2, R1712.&2, R1800.&2, TP1605.&1, TP1803.&1, U1500.VIN, U1600.VCCIN, U1700.VIN_B0_1, U1700.VIN_B1_1, U1700.VANA, U1700.VIN_B0_2, U1700.VIN_B1_2, U1800.VIN, U1800.VIN, U1800.MODE/SYNC, U1802.VIN, U1804.VIN, U1804.VIN, X2000.&1, X2000.&3."", ""Net VCC3V3_CAM_ACQ connects C1114.&2, R1143.&2, R1147.&2, TP1146.&1, U900A.AN12/EVADC_G1CH4/EDSADC_EDS0PB."", ""Net VCC3V3_CAM_FB connects R1143.&1, TP1913.&1, X1903.&4."", ""Net VCC3V3_EQ connects C1832.&1, C502.&1, C619.&1, C621.&1, C624.&1, C627.&1, C630.&1, R1108.&1, R1122.&1, R506.&2, R507.&2, R549.&2, R554.&2, R555.&2, R556.&2, R558.&2, R580.&2, R581.&2, TP1816.&1, U1802.QOD, U1802.VOUT, U400-2.VDD_RING_8_0-1, U400-2.VDD_RING_8_0-2, U400-2.VDD_RING_8_0-3, U400-2.VDD_RING_9_0, X1903.&10, Y500.VDD."", ""Net VCC3V3_ETH connects C1404.&1, C1410.&1, C1502.&1, C1503.&1, C1504.&1, L1400.&2, L1401.&2, R1110.&1, R1400.&2, R1401.&2, R1402.&2, R1403.&2, R1404.&2, R1405.&2, R1406.&2, R1407.&2, R1408.&2, R1409.&2, R1410.&2, TP1502.&1, U1500.QOD, U1500.VOUT, U1501.EN, U1501.IN."", ""Net VCC3V3_MCU connects C1109.&1, C1204.&1, C1221.&1, C1303.&1, C1308.&1, C509.&2, C835.&2, C906.&1, C909.&1, C910.&1, C911.&1, C913.&1, C914.&1, C915.&1, C929.&1, DP907.&1, L1703.&2, L901.&1, L902.&1, L903.&2, R1007.&2, R1009.&2, R1115.&2, R1205.&2, R1218.&2, R1229.&2, R1235.&2, R1240.&2, R1241.&2, R1300.&2, R1301.&2, R1309.&2, R1310.&2, R1322.&2, R1328.&2, R1703.&1, R805.&2, R900.&1, R903.&2, R904.&2, R906.&2, R909.&2, R913.&2, R915.&2, R919.&2, R920.&1, R921.&1, U1200.VI/O, U1203.VI/O, U1204.VI/O, U1205.VI/O, U1302.VI/O, U1303.VI/O, U1304.VI/O, U1305.VI/O, U503.VCCB, U900C.VEVRSB, U900C.VEXT, U900C.VEXT, U900C.VEXT, U900C.VEXT, U900C.VEXT, U900C.VFLEX, Y1100.std-by, Y1100.VCC."", ""Net VCC3V3_SW connects C1721.&2, C905.&1, L1703.&1, Q1700.D, R1709.&2, TP1714.&1, U901.S2."", ""<table><tr><td>HM ID</td><td>F11/F12/F13/F14/F15/F16/F17/F18/F19/F25/F27</td></tr><tr><td>模块功能 \nModule Function</td><td>系统使用车载电池12V电压供电，经过EMI电路后输入至电源转换芯片，转换输出系统各模块所需电源。\nThe system uses 12V voltage power supply from the vehicle battery, which is input to the power conversion chip through the EMI circuit. Then the power conversion chip convert and output the power required by each module of the system.</td></tr><tr><td>模块框图\nModule diagram</td><td></td></tr><tr><td>模块方案\nModule solution</td><td>KL30 EMI (ASIL-B)\nKL30供电口处增加EMI电路，用于供电保护和滤波。硬件电路设计在UBD网络增加两个串联ESD电容，PCB布局靠近主连接器引脚处，用于吸收外部ESD信号，后端增加双向TVS管用于瞬态过压保护\nThe EMI circuit is added at the KL30 power supply port for power supply protection and filtering. The hardware circuit design adds two series ESD capacitors in the UBD network, the PCB layout is close to the main connector pin for absorbing external ESD signals, and the two-way TVS tube is added at the back end for transient overvoltage protection.\nKL30 to VCC3V3 (ASILB)\nKL30转VCC3V3是系统一级DC-DC，给MCU提供VCC3V3_MCU电源，所以系统要求其满足ASILB，确保MCU功能安全。\nKL30 to VCC3V3 is a system primary DC-DC chip, because the MCU needs VCC3V3_MCU power supply, so the system requires it to meet the ASILB to ensure the functional safety of the MCU.\nVCC3V3_MCU to VCC1V25_MCU(ASILB)\n3V3转1V25_MCU是使用MCU内置控制器进行控制的BUCK电源，用于MCU的核供电，功能安全需求达到ASILB，确保MCU功能安全。\n3V3 to 1V25_MCU is a BUCK power supply controlled by MCU built-in controller, which is used for MCU nuclear power supply. Functional safety requirements meet ASILB to ensure the functional safety of MCU.\nVCC3V3 to VCC0V75(QM(B))\nVCC3V3转VCC0V75应用于EQ6的内核供电，要求输出电流能力大，现选型TI的电源方案TPS62872。用MCU的P22.0引脚使能芯片，用MCU_SDA_P15.5，MCU_SCL_P15.4引脚I2C通信来设置输出电压和通信。\nVCC3V3 to VCC0V75 is applied to the core power supply of EQ6, which requires large output current capacity. The power supply scheme TPS62872 of TI is selected. P22.0 pin of MCU is used to enable the chip, and MCU_SDA_P15.5, MCU_SCL_P15.4 pin I2C communication is used to set the output voltage and communication. \nVCC3V3 to 0V75_MIPI_DDR(QM(B))\nVCC3V3转0V75_MIPI_DDR用于EQ6的IO口供电，现使用矽力杰的SA23002进行设计。用MCU的P22.1引脚使能该芯片。\nVCC3V3 to 0V75_MIPI_DDR for EQ6 IO port power supply, Silergy’s SA23002 is designed. The P22.1 pin of the MCU is used to enable the chip.\nVCC3V3转VCC1V8、VCC1V1、VCC50(QM(B))\nVCC1V8用于EQ6、CAM、DDR、FLASH供电，VCC1V1用于EQ6、DDR供电，VCC50用于CAN收发器供电，现选择LP87702 PMIC方案。用MCU的P15.3引脚使能该芯片的5V输出，用MCU_SCL_P15.4，MCU_SDA_P15.5 I2C通信来设置1.8V和1.1V输出电压和使能。\nVCC1V8 is used for EQ6, CAM, DDR, FLASH power supply, VCC1V1 is used for EQ6, DDR power supply, VCC50 is used for CAN transceiver  power supply, LP87702 PMIC scheme is selected. P15.3 pin of MCU is used to enable 5V output of the chip, and MCU_SCL_P15.4, MCU_SDA_P15.5 I2C communication is used to set 1.8V and 1.1V output voltage and enable it. \nVCC3V3 to VCC3V3_EQ(QM(B))\nVCC3V3转VCC3V3_EQ用于EQ6的IO和摄像头供电，现使用负载开关进行设计。用MCU的P20.3引脚使能该芯片。\nVCC3V3 to VCC3V3_EQ for EQ6’s IO and camera power supply, now using the load switch is designed. .The P20.3 pin of the MCU is used to enable the chip.\n\tVCC3V3 to VCC3V3_ETH(QM)\n3V3转3V3_ETH用于ETH供电，现选择负载开关方案。用MCU的P21.0引脚使能该芯片。\n3V3 to 3V3_ETH for ETH power supply, the load switch scheme is selected. . The P21.0 pin of the MCU is used to enable the chip.\n\tVCC1V8 to VCC1V8_EQ(QM(B))\nVCC1V8转VCC1V8_EQ用于EQ供电，现选择负载开关方案。用MCU的P20.0引脚使能该芯片。\nVCC1V8 to VCC1V8_EQ for EQ power supply, the load switch scheme is selected. . The P20.0 pin of the MCU is used to enable the chip.</td></tr><tr><td colspan='2'></td></tr></table>"", ""<table><tr><td>HM ID</td><td>F16</td></tr><tr><td>模块功能 \nModule Function</td><td>VCC3V3转VCC3V3_EQ用于EQ6的IO和摄像头供电，现使用负载开关TPS22918进行设计。\nVCC3V3 to VCC3V3-EQ is used for the IO and camera power supply of EQ6, and the load switch TPS22918 is used for the design.</td></tr><tr><td>模块框图\nModule diagram</td><td></td></tr><tr><td>模块方案\nModule solution</td><td>采用TPS22918负载开关，将VCC3V3系统电源转换为VCC3V3_EQ，提供给EQ6和摄像头供电。用MCU的P20.3引脚使能该芯片。\nThe TPS22918 load switch is used to convert the VCC3V3 system power to VCC3V3-EQ to supply power to EQ6 and the camera. The P20.3 pin of the MCU is used to enable the chip.\n</td></tr></table>"", ""<table><tr><td>HM ID</td><td>F17</td></tr><tr><td>模块功能 \nModule Function</td><td>3V3转3V3_ETH用于ETH供电，现选择负载开关方案。\n3V3 to 3V3_ETH is used for ETH power supply, and the load switching scheme is now selected.</td></tr><tr><td>模块框图\nModule diagram</td><td></td></tr><tr><td>模块方案\nModule solution</td><td>采用TPS22918负载开关，将VCC3V3系统电源转换为VCC3V3_ETH，提供给MCU的ETH供电。P21.0引脚使能该芯片。\nThe TPS22918 load switch is used to convert the VCC3V3 system power to VCC3V3-ETH to supply power to ETH of the MCU. The P21.0 pin of the MCU is used to enable the chip.\n</td></tr></table>"", ""<table><tr><td>序号</td><td>模块序号</td><td>模块名称</td><td>功能定义</td><td>功能安全需求</td></tr><tr><td>1</td><td>F013</td><td>POWER</td><td>LP87702，VCC3V3电压输入，VCC1V1、VCC1V8、VCC50电压输出</td><td>QM(B)</td></tr><tr><td>1</td><td>F01</td><td>MCU</td><td>SAK-TC377TP-96F300S AA</td><td>B(B)</td></tr><tr><td>1</td><td>F08</td><td>EQ system power sample1</td><td>EQ6L系统供电电源电压ADC采样滤波、分压电路</td><td>B(B)</td></tr><tr><td>2</td><td>F14</td><td>POWER</td><td>TPS62872，VCC3V3电压输入，VCC0V75电压输出，EQ6L核电供电</td><td>QM(B)</td></tr><tr><td>2</td><td>F01</td><td>MCU</td><td>SAK-TC377TP-96F300S AA</td><td>B(B)</td></tr><tr><td>2</td><td>F08</td><td>EQ system power sample</td><td>EQ6L系统供电电源电压ADC采样滤波、分压电路</td><td>B(B)</td></tr><tr><td>3</td><td>F15</td><td>POWER</td><td>SA23002，VCC3V3输入，0V75_MIPI_DDR电压输出</td><td>QM(B)</td></tr><tr><td>3</td><td>F01</td><td>MCU</td><td>SAK-TC377TP-96F300S AA</td><td>B(B)</td></tr><tr><td>3</td><td>F08</td><td>EQ system power sample</td><td>EQ6L系统供电电源电压ADC采样滤波、分压电路</td><td>B(B)</td></tr><tr><td>4</td><td>F16</td><td>POWER</td><td>TPS22918负载开关，VCC3V3电压输入，VCC3V3_EQ输出</td><td>QM(B)</td></tr><tr><td>4</td><td>F01</td><td>MCU</td><td>SAK-TC377TP-96F300S AA</td><td>B(B)</td></tr><tr><td>4</td><td>F08</td><td>EQ system power sample</td><td>EQ6L系统供电电源电压ADC采样滤波、分压电路</td><td>B(B)</td></tr></table>"", ""\nHW Interface Component ：QM（B）; None：F16/POWER; None：1、负载开关TPS22918，VCC3V3转VCC3V3_EQ。\n2、TPS22918由MCU进行使能和关断控制。; MCU Component ：F01/MCU; None：B; None：G20; None：P20.3; None：P20.3/GTM_TIM4_IN5_11/GTM_TIM3_IN4_5/GTM_TIM2_IN4_5/GTM_TOUT61/QSPI0_SLSO9/QSPI2_SLSO9/CAN03_TXD; None：GPIO; None：MCU_3V3_EQ_EN; None：/; None：O; None：VCC3V3_EQ电源使能控制信号\n高：使能VCC3V3_EQ电源\n低：关断VCC3V3_EQ电源; None：HI-Z,硬件外部下拉; None：—; SW Variable Name or SW Function Name：— ——Port1\nHW Interface Component ：QM; None：F17/POWER; None：1、负载开关TPS22918，VCC3V3转VCC3V3_ETH。\n2、TPS22918由MCU进行使能和关断控制。; MCU Component ：F01/MCU; None：QM; None：K17; None：P21.0; None：P21.0/GTM_TIM4_IN0_11/GTM_TIM3_IN4_6/GTM_TIM2_IN4_6/QSPI4_MRSTDN/DMU_FDEST/GTM_TOUT51/HSM_HSM1; None：GPIO; None：MCU_3V3_ETH_EN; None：/; None：O; None：VCC3V3_ETH电源使能控制信号\n高：使能VCC3V3_EQ电源\n低：关断VCC3V3_EQ电源; None：HI-Z, 硬件外部下拉; None：—; SW Variable Name or SW Function Name：— ——Port1\nHW Interface Component ：QM; None：F14/POWER; None：1、电源转换芯片TPS62872，VCC3V3转VCC0V75。\n2、TPS62872由MCU进行使能和关断控制。; MCU Component ：F01/MCU; None：QM; None：P20; None：P22.0; None：P22.0/GTM_TIM1_IN1_7/GTM_TIM0_IN1_7/QSPI4_MTSRB/GTM_TOUT47/QSPI4_MTSR/QSPI4_SCLKN; None：GPIO; None：MCU_VCC0V75_EN; None：/; None：O; None：VCC0V75电源使能控制信号\n高：使能VCC0V75电源\n低：关断VCC0V75电源; None：HI-Z, 硬件外部下拉; None：—; SW Variable Name or SW Function Name：— ——Port1"", ""\nMCU Component ：F01/MCU; None：B; None：H7; None：VDD; None：VDD; None：POWER; None：VCC1V25_MCU; None：/; None：/; None：1V25供电，MCU核电源域; None：/; None：—; SW Variable Name or SW Function Name：— ——Port1\nMCU Component ：F01/MCU; None：B; None：N19; None：VDD; None：VDD; None：POWER; None：VCC1V25_MCU; None：/; None：/; None：1V25供电，MCU核电源域; None：/; None：—; SW Variable Name or SW Function Name：— ——Port1\nHW Interface Component ：B; None：F12/POWER; None：LN10046输出的VCC3V3，经过磁珠转换为VCC3V3_MCU，用于给MCU的3V3电源域供电。; MCU Component ：F01/MCU; None：B; None：B18; None：VDDP3; None：VDDP3; None：POWER; None：VCC3V3_MCU; None：/; None：/; None：3V3供电，MCU内部Flash供电; None：/; None：—; SW Variable Name or SW Function Name：— ——Port1\nMCU Component ：F01/MCU; None：B; None：A19; None：VDDP3; None：VDDP3; None：POWER; None：VCC3V3_MCU; None：/; None：/; None：3V3供电，MCU内部Flash供电; None：/; None：—; SW Variable Name or SW Function Name：— ——Port1\nMCU Component ：F01/MCU; None：B; None：A2; None：VEXT; None：VEXT; None：POWER; None：VCC3V3_MCU; None：/; None：/; None：3V3供电，External Power Supply; None：/; None：—; SW Variable Name or SW Function Name：— ——Port1\nMCU Component ：F01/MCU; None：B; None：B3; None：VEXT; None：VEXT; None：POWER; None：VCC3V3_MCU; None：/; None：/; None：3V3供电，External Power Supply; None：/; None：—; SW Variable Name or SW Function Name：— ——Port1"", ""<table><tr><td>模块序号\nModule number</td><td>模块名称\nModule name</td><td>功能定义\nFunction definition.</td><td>功能安全需求\nFunctional safety requirements</td></tr><tr><td>F01</td><td>MCU</td><td>SAK-TC377TP-96F300S AA</td><td>B(B)</td></tr><tr><td>F02</td><td>EYEQ6-L</td><td>EYEQ6-L，用于sensor的视频处理</td><td>B</td></tr><tr><td>F03</td><td>EYEQ6_LPDDR4</td><td>EQ6的1GB LPDDR4</td><td>B</td></tr><tr><td>F04</td><td>EYEQ6_NAND FLASH</td><td>EQ6的2Gb NAND FLASH</td><td>B</td></tr><tr><td>F05</td><td>CAM SENSOR</td><td>Sony 728摄像头模组</td><td>B</td></tr><tr><td>F06</td><td>KL30 sample</td><td>KL30电压采样</td><td>QM</td></tr><tr><td>F07</td><td>KL15 sample</td><td>KL15电压采样</td><td>QM</td></tr><tr><td>F08</td><td>EQ system power sample1</td><td>EQ6L系统供电电源电压ADC采样滤波、分压电路</td><td>B(B)</td></tr><tr><td>F09</td><td>ETH and CAN power sample2</td><td>CAN和ETH电源电压ADC采样滤波、分压电路</td><td>QM</td></tr><tr><td>F10</td><td>NTC temp sensor</td><td>NTC温度传感器，监控EQ6L/LPDDR4周边环境温度。</td><td>B</td></tr><tr><td>F11</td><td>KL30 EMI</td><td>KL30供电口EMI滤波电路.</td><td>B</td></tr><tr><td>F12</td><td>POWER</td><td>LN10046，KL30电源转VCC3V3电源</td><td>B</td></tr><tr><td>F13</td><td>POWER</td><td>LP87702，VCC3V3电压输入，VCC1V1、VCC1V8、VCC50电压输出</td><td>QM(B)</td></tr><tr><td>F14</td><td>POWER</td><td>TPS62872，VCC3V3电压输入，VCC0V75电压输出</td><td>QM(B)</td></tr><tr><td>F15</td><td>POWER</td><td>SA23002，VCC3V3输入，VCC0V75电压输出</td><td>QM(B)</td></tr><tr><td>F16</td><td>POWER</td><td>TPS22918负载开关，VCC3V3电压输入，VCC3V3_EQ输出</td><td>QM(B)</td></tr><tr><td>F17</td><td>POWER</td><td>TPS22918负载开关，VCC3V3输入，VCC3V3_ETH输出</td><td>QM</td></tr><tr><td>F18</td><td>overvoltage protect</td><td>用于MCU电源VCC3V3_MCU的外部过压保护</td><td>B</td></tr><tr><td>F19</td><td>POWER</td><td>TPS22918 负载开关，VCC1V8电压输入，VCC1V8_EQ电压输出</td><td>QM(B)</td></tr><tr><td>F20</td><td>CAN3</td><td>基于TCAN1145的CAN通讯，硬件支持特定报文唤醒</td><td>QM</td></tr><tr><td>F21</td><td>CAN2</td><td>基于TCAN1044A的CAN通讯.</td><td>QM</td></tr><tr><td>F22</td><td>CAN1</td><td>基于TCAN1044A的CAN通讯</td><td>QM</td></tr><tr><td>F23</td><td>CAN0</td><td>基于TCAN1044A的CAN通讯.</td><td>QM</td></tr><tr><td>F24</td><td>ETH</td><td>基于DP83TC812R的100BASE-T1通讯</td><td>QM</td></tr><tr><td>F25</td><td>Wake up</td><td>唤醒源和一级电源使能电路设计</td><td>QM</td></tr><tr><td>F26</td><td>watchdog</td><td>LP87702的看门狗功能，用于监控MCU运行状态</td><td>B</td></tr><tr><td>F27</td><td>POWER</td><td>VCC3V3_MCU转VCC1V25_MCU电压，由MCU的EVRC进行控制。</td><td>B</td></tr><tr><td>F28</td><td>level translation</td><td>3V3和1V8双向电压转换芯片</td><td>QM</td></tr></table>"", ""\nMCU Component ：F01/MCU; None：B; None：V19; None：VEXT; None：VEXT; None：POWER; None：VCC3V3_MCU; None：/; None：/; None：3V3供电，External Power Supply; None：/; None：—; SW Variable Name or SW Function Name：— ——Port1\nMCU Component ：F01/MCU; None：B; None：W20; None：VEXT; None：VEXT; None：POWER; None：VCC3V3_MCU; None：/; None：/; None：3V3供电，External Power Supply; None：/; None：—; SW Variable Name or SW Function Name：— ——Port1\nMCU Component ：F01/MCU; None：B; None：N20; None：VEXT; None：VEXT; None：POWER; None：VCC3V3_MCU; None：/; None：/; None：3V3供电，External Power Supply; None：/; None：—; SW Variable Name or SW Function Name：— ——Port1\nMCU Component ：F01/MCU; None：B; None：D5; None：VFLEX; None：VFLEX; None：POWER; None：VCC3V3_MCU; None：/; None：/; None：3V3供电，for Flex Port Pads; None：/; None：—; SW Variable Name or SW Function Name：— ——Port1\nMCU Component ：F01/MCU; None：B; None：Y5; None：VDDM; None：VDDM; None：POWER; None：VCC3V3_MCU; None：/; None：/; None：3V3供电，ADC电源域; None：/; None：—; SW Variable Name or SW Function Name：— ——Port1\nMCU Component ：F01/MCU; None：B; None：Y6; None：VAREF1; None：VAREF1; None：POWER; None：VCC3V3_MCU; None：/; None：/; None：3V3供电，MCU ADC参考电源; None：/; None：—; SW Variable Name or SW Function Name：— ——Port1""]","{""original_context_count"": 15, ""original_context_characters"": 14330, ""scored_context_count"": 4, ""scored_context_characters"": 1978, ""contexts_truncated"": true, ""context_selection"": ""claim_coverage"", ""selected_evidence_ids"": [""document:b6943ae371d76077"", ""circuit:21:net:VCC3V3_SW""], ""selected_claim_ids"": [""sq_1:claim_1""], ""excluded_evidence_ids"": [""circuit:21:net:VCC3V3"", ""circuit:21:net:VCC3V3_CAM_ACQ"", ""circuit:21:net:VCC3V3_CAM_FB"", ""circuit:21:net:VCC3V3_EQ"", ""circuit:21:net:VCC3V3_ETH"", ""circuit:21:net:VCC3V3_MCU"", ""document:44c4021cbbe6e903"", ""document:7a6ae2179c8765b3"", ""document:ac50d449c410f12d"", ""document:ac72bb1a220bade2"", ""document:d378e0b4375168eb"", ""document:d59fddc6838a7925"", ""document:e6627ad70c8cab97""]}",0.33625013015806127,0.5542122543895787,0.5714285714285714,not_applicable,0.3333333333,0.5,1.0,0.13333333333333333,not_applicable
hw-v1-multihop-eth-enable,success,从 MCU 使能开始，追踪到以太网 PHY 1.0V 电源的完整路径。,MCU_3V3_ETH_EN 使能 U1500，VCC3V3 经 U1500 形成 VCC3V3_ETH，再进入 U1501 TPS74501，输出 VCC1V0_ETH。,"## 结论

无法从 MCU 使能开始完整追踪到以太网 PHY 1.0V 电源的路径。关键中间环节缺失：MCU 使能信号如何连接到电源管理芯片或电压调节器（子问题 sq_2 无任何证据）；而子问题 sq_3 虽有覆盖证据，但证据内容实际为 PHY 的通信/复位/唤醒信号，**并非电源路径**，因此无法支撑 “从电源管理芯片输出到以太网 PHY 1.0V 电源” 的结论。

---

## 子问题 1：MCU 的使能信号对应的引脚编号和信号名称是什么？

**结论**：MCU（U900E）的使能信号主要有 **MCU_1V8_EQ_EN**（来自引脚 P20.0）以及多个 CAN 使能信号（如 CAN0_STB_MCU_SPI3_CS5_P02.8 等），但**无法确定哪个使能信号专用于控制以太网 PHY 的 1.0V 电源**。  
**支撑证据**：
- 证据 [12]：Net `MCU_1V8_EQ_EN` 连接 U900E.P20.0 和 U1803.ON。  
- 证据 [6]~[10]：列出 CAN 使能信号网络，分别连接 U900D 或 U900E 的引脚（如 P00.2、P00.5、P00.8、P02.5、P02.8）。

**说明**：MCU_1V8_EQ_EN 是唯一直接连接到疑似电源调节器（U1803）的使能信号，但 U1803 的功能和输出未在证据中明确标识。

---

## 子问题 2：该使能信号如何连接到电源管理芯片或电压调节器？

**缺口**：当前没有任何直接证据描述 MCU 使能信号（无论是 MCU_1V8_EQ_EN 还是其他信号）与电源管理芯片或电压调节器之间的连接细节。  
- 证据 [12] 仅显示 MCU_1V8_EQ_EN 连接到 U1803.ON，但 U1803 的器件型号、功能（是否为电源管理芯片/电压调节器）、输出网络均未在证据中提供。  
- 未检索到任何电路设计或文档中说明该使能信号如何控制 1.0V 电源输出。

**结论**：**无法回答**，缺失关键证据。

---

## 子问题 3：从电源管理芯片输出到以太网 PHY 1.0V 电源的完整路径（包括中间节点、滤波元件等）是什么？

**结论**：现有证据**不涉及任何电源管理芯片输出或 1.0V 电源路径**。  
**支撑证据**（实际不支撑电源路径，仅列出 PHY 相关网络）：
- 证据 [1]：U1400（以太网 PHY）的引脚映射，包含 VDDA、VDDIO、VDDMAC、VSLEEP 等电源引脚，但未给出这些引脚连接的电源网络。  
- 证据 [2]~[5]：网络 PHY_MDIN、PHY_MDIP、PHY_RESET_N_P22.3、PHY_WAKE_P21.5 均为差分信号、复位和唤醒，**与 1.0V 电源无关**。  
- 证据 [13]~[16]：模块连接显示 Ethernet/PHY 使用 B_D_ETH_1000_N 等网络，亦非电源。

**缺口**：缺少以下关键信息：
- 为以太网 PHY 提供 1.0V 电源的电源管理芯片/调节器型号及其输出引脚。  
- 从该输出到 PHY 的 1.0V 电源引脚（如 VDDCORE 或类似引脚）之间的完整连接（包括滤波电容、电感、磁珠等中间节点）。

---

## 整体总结

| 子问题 | 状态 | 关键缺口 |
|--------|------|----------|
| MCU 使能信号引脚/名称 | 已覆盖（但无法确定与 PHY 电源的关联） | 无明确关联 |
| 使能信号连接到电源管理芯片 | 缺失 | 无任何直接证据 |
| 电源管理芯片输出到 PHY 1.0V 电源路径 | 覆盖证据不相关 | 证据均为通信/控制信号，非电源路径 |

**缺失信息**：需要补充电路设计或文档，明确指出：
1. 控制以太网 PHY 1.0V 电源的 MCU 使能信号具体是哪个（如 MCU_1V8_EQ_EN 或其他）？  
2. 该使能信号连接的电源管理芯片/调节器型号及其输入/输出网络？  
3. 该电源管理芯片输出到以太网 PHY 1.0V 电源引脚（如 VDDCORE/VDDA 等）的完整路径（包括所有中间节点、滤波元件）。","## 结论

无法从 MCU 使能开始完整追踪到以太网 PHY 1.0V 电源的路径。关键中间环节缺失：MCU 使能信号如何连接到电源管理芯片或电压调节器（子问题 sq_2 无任何证据）；而子问题 sq_3 虽有覆盖证据，但证据内容实际为 PHY 的通信/复位/唤醒信号，**并非电源路径**，因此无法支撑 “从电源管理芯片输出到以太网 PHY 1.0V 电源” 的结论。

---

## 子问题 1：MCU 的使能信号对应的引脚编号和信号名称是什么？

**结论**：MCU（U900E）的使能信号主要有 **MCU_1V8_EQ_EN**（来自引脚 P20.0）以及多个 CAN 使能信号（如 CAN0_STB_MCU_SPI3_CS5_P02.8 等），但**无法确定哪个使能信号专用于控制以太网 PHY 的 1.0V 电源**。  
**支撑证据**：
- 证据 [12]：Net `MCU_1V8_EQ_EN` 连接 U900E.P20.0 和 U1803.ON。  
- 证据 [6]~[10]：列出 CAN 使能信号网络，分别连接 U900D 或 U900E 的引脚（如 P00.2、P00.5、P00.8、P02.5、P02.8）。

**说明**：MCU_1V8_EQ_EN 是唯一直接连接到疑似电源调节器（U1803）的使能信号，但 U1803 的功能和输出未在证据中明确标识。

---

## 子问题 2：该使能信号如何连接到电源管理芯片或电压调节器？

**缺口**：当前没有任何直接证据描述 MCU 使能信号（无论是 MCU_1V8_EQ_EN 还是其他信号）与电源管理芯片或电压调节器之间的连接细节。  
- 证据 [12] 仅显示 MCU_1V8_EQ_EN 连接到 U1803.ON，但 U1803 的器件型号、功能（是否为电源管理芯片/电压调节器）、输出网络均未在证据中提供。  
- 未检索到任何电路设计或文档中说明该使能信号如何控制 1.0V 电源输出。

**结论**：**无法回答**，缺失关键证据。

---

## 子问题 3：从电源管理芯片输出到以太网 PHY 1.0V 电源的完整路径（包括中间节点、滤波元件等）是什么？

**结论**：现有证据**不涉及任何电源管理芯片输出或 1.0V 电源路径**。  
**支撑证据**（实际不支撑电源路径，仅列出 PHY 相关网络）：
- 证据 [1]：U1400（以太网 PHY）的引脚映射，包含 VDDA、VDDIO、VDDMAC、VSLEEP 等电源引脚，但未给出这些引脚连接的电源网络。  
- 证据 [2]~[5]：网络 PHY_MDIN、PHY_MDIP、PHY_RESET_N_P22.3、PHY_WAKE_P21.5 均为差分信号、复位和唤醒，**与 1.0V 电源无关**。  
- 证据 [13]~[16]：模块连接显示 Ethernet/PHY 使用 B_D_ETH_1000_N 等网络，亦非电源。

**缺口**：缺少以下关键信息：
- 为以太网 PHY 提供 1.0V 电源的电源管理芯片/调节器型号及其输出引脚。  
- 从该输出到 PHY 的 1.0V 电源引脚（如 VDDCORE 或类似引脚）之间的完整连接（包括滤波电容、电感、磁珠等中间节点）。

---

## 整体总结

| 子问题 | 状态 | 关键缺口 |
|--------|------|----------|
| MCU 使能信号引脚/名称 | 已覆盖（但无法确定与 PHY 电源的关联） | 无明确关联 |
| 使能信号连接到电源管理芯片 | 缺失 | 无任何直接证据 |
| 电源管理芯片输出到 PHY 1.0V 电源路径 | 覆盖证据不相关 | 证据均为通信/控制信号，非电源路径 |

**缺失信息**：需要补充电路设计或文档，明确指出：
1. 控制以太网 PHY 1.0V 电源的 MCU 使能信号具体是哪个（如 MCU_1V8_EQ_EN 或其他）？  
2. 该使能信号连接的电源管理芯片/调节器型号及其输入/输出网络？  
3. 该电源管理芯片输出到以太网 PHY 1.0V 电源引脚（如 VDDCORE/VDDA 等）的完整路径（包括所有中间节点、滤波元件）。","[""Pin mapping for U1400: CLKOUT/GPIO_2 -> N22957239, EP_GND -> GND, INH -> ETH_INH, INT_N -> MCU_ETH_INTB_P20.10, LED_0/GPIO_0 -> N22956596, LED_1/GPIO_1 -> N22956594, MDC -> MCU_ETH_MDC_P21.2, MDIO -> MCU_ETH_MDIO_P21.3, PIN_21 -> N22957266, PIN_9 -> N22957266, RESET_N -> PHY_RESET_N_P22.3, RX_CLK -> N22957105, RX_D0 -> N22956588, RX_D1 -> N22956586, RX_D2 -> N22956584, RX_D3 -> N22956582, RX_DV/CRS_DV/RX_CTRL -> N22956590, RX_ER -> N22956592, TRD_M -> PHY_MDIN, TRD_P -> PHY_MDIP, TX_CLK -> N22956845, TX_D0 -> MCU_MII_TXD0, TX_D1 -> MCU_MII_TXD1, TX_D2 -> MCU_MII_TXD2, TX_D3 -> MCU_MII_TXD3, TX_EN/TX_CTRL -> MCU_MII_TXEN, VDDA -> N22956977, VDDIO -> N22956687, VDDMAC -> N22956687, VSLEEP -> VSLEEP, WAKE -> PHY_WAKE_P21.5, XI -> N22957465, XO -> N22957404."", ""Instance U900A: SAK-TC367DP-64F300S AAA, 20210903003, SAK-TC367DP-64F300S AA, bga80p20x20_1700x1700x170-292."", ""Instance U900B: SAK-TC367DP-64F300S AAB, 20210903003, SAK-TC367DP-64F300S AA, bga80p20x20_1700x1700x170-292."", ""Instance U900C: SAK-TC367DP-64F300S AAC, 20210903003, SAK-TC367DP-64F300S AA, bga80p20x20_1700x1700x170-292."", ""Instance U900D: SAK-TC367DP-64F300S AAD, 20210903003, SAK-TC367DP-64F300S AA, bga80p20x20_1700x1700x170-292."", ""Instance U900E: SAK-TC367DP-64F300S AAE, 20210903003, SAK-TC367DP-64F300S AA, bga80p20x20_1700x1700x170-292."", ""Net PHY_MDIN connects R1434.&1, R1435.&1, U1400.TRD_M."", ""Net PHY_MDIP connects R1432.&1, R1433.&1, U1400.TRD_P."", ""Net PHY_RESET_N_P22.3 connects C1422.&2, R1402.&1, TP1401.&1, U1400.RESET_N, U900E.P22.3/ASCLIN5_ARXC/QSPI3_SCLKD/QSPI3_SCLK."", ""Net PHY_WAKE_P21.5 connects R1421.&1, R1439.&2, TP1402.&1, U1400.WAKE, U900E.P21.5/ASCLIN11_ARXF/ASCLIN3_ASCLK/ASCLIN11_ATX/HSCT0_TXDP."", ""Net CAN0_STB_MCU_SPI3_CS5_P02.8 connects R1126.&1, R1228.&2, R1241.&1, TP1217.&1, U1200.SCSN, U1202.STB, U1203.NSTB."", ""Net CAN1_STB_MCU_SPI3_CS4_P00.2 connects R1233.&2, R1240.&1, TP1227.&1, U1201.STB, U1204.SCSN, U1205.NSTB, U900D.P00.2/SENT_SENT1B/EVADC_G9CH10/ASCLIN3_ASCLK/PSI5_TX0/CAN03_TXD/QSPI3_SLSO4."", ""Net CAN2_STB_MCU_SPI3_CS3_P00.5 connects R1301.&1, R1320.&2, TP1304.&1, U1300.STB, U1302.SCSN, U1303.NSTB, U900D.P00.5/EDSADC_DSCIN2A/SENT_SENT4B/CAN11_RXDB/EVADC_G9CH7/EDSADC_CGPWMN/QSPI3_SLSO3/EDSADC_DSCOUT2/EVADC_FC0BFLOUT/SENT_SPC4."", ""Net CAN3_STB_MCU_SPI3_CS6_P00.8 connects R1310.&1, R1326.&2, TP1310.&1, U1301.STB, U1304.SCSN, U1305.NSTB, U900D.P00.8/SENT_SENT7B/GPT120_T2EUDA/ASCLIN10_ARXB/EVADC_G9CH4/QSPI3_SLSO6/ASCLIN10_ATX/EVADC_EMUX12/SENT_SPC7."", ""Net CAN_EN_MCU_SPI3_MRST_P02.5 connects R1213.&1, R1231.&1, R1318.&1, R1324.&1, TP1119.&1, U900D.P02.5/I2C0_SCLA/PSI5_RX1B/PSI5S_RXB/QSPI3_MRSTA/SENT_SENT3C/CAN0_ECTT2/CAN11_TXD/QSPI3_MRST/I2C0_SCL/ERAY0_TXENB."", ""Net CAN_ERR_MCU_SPI3_CLK_P02.7 connects R1125.&1, TP1216.&1, U1200.SCK, U1203.NERR, U1204.SCK, U1205.NERR, U1302.SCK, U1303.NERR, U1304.SCK, U1305.NERR."", ""Net MCU_1V8_EQ_EN connects R1817.&2, TP1819.&1, U1803.ON, U900E.P20.0/CAN03_RXDC/CBS_TGI0/SCU_E_REQ6_0/GPT120_T6EUDA/ASCLIN3_ATX/ASCLIN3_ASCLK/HSCT0_SYSCLK_OUT/CBS_TGO0."", ""Instance U1400: DP83TC812R-Q1, 2025020711161, DP83TC812RRHARQ1, PQFN50P600X600X100-36."", ""Instance X1903: FPC_30PIN+2NC, 101106-203050-HF, FPC_30PIN+2NC, CONN_101106-203050-HF-30PIN."", ""Module Group 14 · Ethernet/PHY uses net B_D_ETH_1000_N."", ""Module Group 14 · Ethernet/PHY uses net B_D_ETH_1000_P."", ""Module Group 14 · Ethernet/PHY uses net B_D_ETH_100_N."", ""Module Group 14 · Ethernet/PHY uses net B_D_ETH_100_P."", ""Module Group 15 · Power/PMIC connects to Group 17 · Power/PMIC through net GND."", ""Module Group 15 · Power/PMIC connects to Group 18 · Power/PMIC through net GND."", ""Module Group 15 · Power/PMIC connects to Group 6 · Power/PMIC through net GND."", ""Module Group 17 · Power/PMIC connects to Group 18 · Power/PMIC through net GND."", ""Module Group 17 · Power/PMIC connects to Group 18 · Power/PMIC through net MCU_SCL_P15.4."", ""\nNone：Config; MCU Component ：F01/ MCU; None：B; None：A4; None：P10.6; None：P10.6/GTM_TIM4_IN2_13/GTM_TIM1_IN3_4/GTM_TIM0_IN3_4/QSPI3_MTSRB/PMS_HWCFG5IN/GTM_TOUT108/QSPI3_MTSR/GPT120_T3OUT/QSPI1_MRST; None：PMS_HWCFG5IN; None：—; None：/; None：I; None：HI-Z，硬件外部上拉; None：—; SW Variable Name or SW Function Name：— ——Port1\nNone：Config; MCU Component ：F01/ MCU; None：B; None：B15; None：P14.4; None：P14.4/GTM_TIM1_IN7_2/GTM_TIM0_IN7_2/PMS_HWCFG6IN/GTM_DTMT0_0/GTM_TOUT84/GETH_PPS; None：PMS_HWCFG6IN; None：—; None：/; None：I; None：配置MCU复位期间/复位以后/唤醒后引脚状态：\n高：配置焊盘为上拉模式\n低：配置焊盘为三态模式; None：HI-Z，硬件外部下拉; None：—; SW Variable Name or SW Function Name：— ——Port1\nNone：预留，未使用; MCU Component ：F01/ MCU; None：NA; None：G16; None：ESR1; None：ESR1/PMS_ESR1WKP; None：NMI; None：——; None：/; None：I; None：EQ6L 关键性错误指示信号（预留信号，NMI接口）\n高：未发生错误\n低：发生错误; None：HI-Z，硬件外部上拉; None：—; SW Variable Name or SW Function Name：— ——Port1\nNone：预留，未使用; MCU Component ：F01/ MCU; None：NA; None：F16; None：ESR0; None：ESR0/PMS_ESR0WKP; None：WARMRESET; None：——; None：/; None：I; None：未使用; None：HI-Z，硬件外部上拉; None：—; SW Variable Name or SW Function Name：— ——Port1"", ""\nMCU Component ：F01/ MCU; None：QM; None：E2; None：P02.5; None：P02.5/GTM_TIM1_IN5_1/GTM_TIM0_IN5_1/QSPI3_MRSTA/CAN0_ECTT2/GTM_TOUT5/CAN11_TXD/QSPI3_MRST; None：QSPI3_MRST/GPIO; None：CAN_EN_MCU_SPI3_MRST_P02.5; None：/; None：I/O; None：SPI3总线的从发主收信号（I）\n当贴TJA1043时：\nCAN0的使能信号（O）\n高：使能\n低：禁能; None：HI-Z; None：—; SW Variable Name or SW Function Name：— ——Port1\nMCU Component ：F01/ MCU; None：QM; None：F2; None：P02.7; None：P02.7/GTM_TIM3_IN1_10/GTM_TIM1_IN7_1/GTM_TIM0_IN7_1/GPT120_T3EUDA/QSPI3_SCLKA/GTM_TOUT7/QSPI3_SCLK; None：QSPI3_SCLK/GPIO; None：CAN_ERR_MCU_SPI3_CLK_P02.7; None：/; None：I/O; None：SPI3总线的时钟信号\n当贴TJA1043时：\n收发器故障指示标志\n高：无故障\n低：有故障; None：HI-Z，TCAN1145有内置硬件上拉; None：—; SW Variable Name or SW Function Name：— ——Port1\nMCU Component ：F01/ MCU; None：QM; None：F1; None：P02.8; None：P02.8/GTM_TIM3_IN2_10/GTM_TIM3_IN0_2/GTM_TIM2_IN0_2/GTM_TOUT8/QSPI3_SLSO5/GETH_MDC; None：QSPI3_SLSO5/GPIO; None：CAN0_STB_MCU_SPI3_CS5_P02.8; None：/; None：O; None：当贴TCAN1145时：CAN0 SPI3片选信号：\n高：释放设备\n低：选中设备\n当贴TCAN1044A时：CAN0待机控制信号：\n高：进入STANDBY模式\n低：退出STANDBY模式; None：HI-Z，TCAN1145有内置硬件上拉; None：—; SW Variable Name or SW Function Name：— ——Port1""]","{""original_context_count"": 30, ""original_context_characters"": 5977, ""scored_context_count"": 4, ""scored_context_characters"": 2094, ""contexts_truncated"": true, ""context_selection"": ""claim_coverage"", ""selected_evidence_ids"": [""document:ab3e4ac2e377f3d0"", ""circuit:21:pin_mapping:U1400""], ""selected_claim_ids"": [""sq_1:claim_1"", ""sq_2:claim_1"", ""sq_3:claim_1""], ""excluded_evidence_ids"": [""circuit:21:module_connection:Group 14 · Ethernet/PHY:B_D_ETH_1000_N"", ""circuit:21:module_connection:Group 14 · Ethernet/PHY:B_D_ETH_1000_P"", ""circuit:21:module_connection:Group 14 · Ethernet/PHY:B_D_ETH_100_N"", ""circuit:21:module_connection:Group 14 · Ethernet/PHY:B_D_ETH_100_P"", ""circuit:21:module_connection:Group 15 · Power/PMIC:Group 17 · Power/PMIC:GND"", ""circuit:21:module_connection:Group 15 · Power/PMIC:Group 18 · Power/PMIC:GND"", ""circuit:21:module_connection:Group 15 · Power/PMIC:Group 6 · Power/PMIC:GND"", ""circuit:21:module_connection:Group 17 · Power/PMIC:Group 18 · Power/PMIC:GND"", ""circuit:21:module_connection:Group 17 · Power/PMIC:Group 18 · Power/PMIC:MCU_SCL_P15.4"", ""circuit:21:net:CAN0_STB_MCU_SPI3_CS5_P02.8"", ""circuit:21:net:CAN1_STB_MCU_SPI3_CS4_P00.2"", ""circuit:21:net:CAN2_STB_MCU_SPI3_CS3_P00.5"", ""circuit:21:net:CAN3_STB_MCU_SPI3_CS6_P00.8"", ""circuit:21:net:CAN_EN_MCU_SPI3_MRST_P02.5"", ""circuit:21:net:CAN_ERR_MCU_SPI3_CLK_P02.7"", ""circuit:21:net:MCU_1V8_EQ_EN"", ""circuit:21:net:PHY_MDIN"", ""circuit:21:net:PHY_MDIP"", ""circuit:21:net:PHY_RESET_N_P22.3"", ""circuit:21:net:PHY_WAKE_P21.5"", ""document:72947b599dcff97a""]}",0.1239865601677597,0.0,0.0,not_applicable,0.0,0.0,1.0,0.6388888888888888,not_applicable
