sample_id,snapshot_status,question,reference_answer,response,scored_response,retrieved_contexts,ragas_scoring,answer_correctness,answer_relevancy,completeness,conflict_disclosure,context_precision,context_recall,evidence_consistency,faithfulness,missing_information_honesty
hw-v1-circuit-u1700-pins,success,U1700 的每个关键引脚分别连接到哪个网络？,U1700 是 LP87702-Q1；VIN_B0_1、VIN_B1_1、VANA、VIN_B0_2、VIN_B1_2 接 VCC3V3，FB_B0 接 VCC1V1，FB_B1 接 VCC1V8，VOUT_BST 接 VCC50，EN1 接 MCU_5V_EN。,"根据证据[1]（来自电路设计文件 `825504380_ADAS_SCH_TCN2.EDF` 中的引脚映射记录），U1700（型号 LP87702-Q1，封装 pqfn50p5x5x90-32）的每个关键引脚及其连接的网络如下：

| 引脚名称 | 连接的网络 |
| --- | --- |
| nINT | MCU_nINT_PMIC_P12.1 |
| EN1 | MCU_5V_EN |
| VIN_B0_1 | VCC3V3 |
| VIN_B1_1 | VCC3V3 |
| VANA | VCC3V3 |
| SW_BST | N19935658 |
| NRST | N19935946 |
| SDA(EN3) | MCU_SDA_P15.5 |
| SCL(EN2) | MCU_SCL_P15.4 |
| FB_B1 | VCC1V8 |
| CLKIN(GPO2) | MCU_WD_INH |
| WDI | MCU_WDI_P13.3 |
| VOUT_BST | VCC50 |
| PG1(GPO1) | N19936014 |
| WD_RESET | TC367_RESET_N |
| SW_B1_1 | N19935668 |
| FB_B0 | VCC1V1 |
| SW_B0_1 | N19935443 |
| SW_B0_2 | N19935443 |
| VIN_B0_2 | VCC3V3 |
| VIN_B1_2 | VCC3V3 |
| SW_B1_2 | N19935668 |
| PAD | GND |
| AGND | GND |
| PGND_BST | GND |
| PGND_B1_2 | GND |
| PGND_B1_1 | GND |
| PGND_B0_2 | GND |
| PGND_B0_1 | GND |

**说明**：所有引脚连接信息均直接来源于证据[1]中的完整引脚映射列表。证据[2]提供了器件的实例信息（型号、封装等），但未提供额外的连接细节。本回答未遗漏任何关键引脚，且不存在证据冲突。","根据证据[1]（来自电路设计文件 `825504380_ADAS_SCH_TCN2.EDF` 中的引脚映射记录），U1700（型号 LP87702-Q1，封装 pqfn50p5x5x90-32）的每个关键引脚及其连接的网络如下：

| 引脚名称 | 连接的网络 |
| --- | --- |
| nINT | MCU_nINT_PMIC_P12.1 |
| EN1 | MCU_5V_EN |
| VIN_B0_1 | VCC3V3 |
| VIN_B1_1 | VCC3V3 |
| VANA | VCC3V3 |
| SW_BST | N19935658 |
| NRST | N19935946 |
| SDA(EN3) | MCU_SDA_P15.5 |
| SCL(EN2) | MCU_SCL_P15.4 |
| FB_B1 | VCC1V8 |
| CLKIN(GPO2) | MCU_WD_INH |
| WDI | MCU_WDI_P13.3 |
| VOUT_BST | VCC50 |
| PG1(GPO1) | N19936014 |
| WD_RESET | TC367_RESET_N |
| SW_B1_1 | N19935668 |
| FB_B0 | VCC1V1 |
| SW_B0_1 | N19935443 |
| SW_B0_2 | N19935443 |
| VIN_B0_2 | VCC3V3 |
| VIN_B1_2 | VCC3V3 |
| SW_B1_2 | N19935668 |
| PAD | GND |
| AGND | GND |
| PGND_BST | GND |
| PGND_B1_2 | GND |
| PGND_B1_1 | GND |
| PGND_B0_2 | GND |
| PGND_B0_1 | GND |

**说明**：所有引脚连接信息均直接来源于证据[1]中的完整引脚映射列表。证据[2]提供了器件的实例信息（型号、封装等），但未提供额外的连接细节。本回答未遗漏任何关键引脚，且不存在证据冲突。","[""Pin mapping for U1700: nINT -> MCU_nINT_PMIC_P12.1, EN1 -> MCU_5V_EN, VIN_B0_1 -> VCC3V3, VIN_B1_1 -> VCC3V3, VANA -> VCC3V3, SW_BST -> N19935658, NRST -> N19935946, SDA(EN3) -> MCU_SDA_P15.5, SCL(EN2) -> MCU_SCL_P15.4, FB_B1 -> VCC1V8, CLKIN(GPO2) -> MCU_WD_INH, WDI -> MCU_WDI_P13.3, VOUT_BST -> VCC50, PG1(GPO1) -> N19936014, WD_RESET -> TC367_RESET_N, SW_B1_1 -> N19935668, FB_B0 -> VCC1V1, SW_B0_1 -> N19935443, SW_B0_2 -> N19935443, VIN_B0_2 -> VCC3V3, VIN_B1_2 -> VCC3V3, SW_B1_2 -> N19935668, PAD -> GND, AGND -> GND, PGND_BST -> GND, PGND_B1_2 -> GND, PGND_B1_1 -> GND, PGND_B0_2 -> GND, PGND_B0_1 -> GND."", ""Instance U1700: LP87702-Q1, 20200424007, LP87702RRHBRQ1, pqfn50p5x5x90-32.""]","{""original_context_count"": 2, ""original_context_characters"": 688, ""scored_context_count"": 2, ""scored_context_characters"": 688, ""contexts_truncated"": false, ""context_selection"": ""claim_coverage""}",0.4708462298228458,0.4359644733971131,1.0,not_applicable,0.9999999999,1.0,1.0,1.0,not_applicable
hw-v1-circuit-vcc3v3-loads,success,网络 VCC3V3 上连接了哪些主要芯片？,VCC3V3 有 52 个连接；主要 IC 至少包括 U1700、U1800、U1500、U1802、U1804 和 U1600。,"根据电路设计证据，网络 VCC3V3 直接连接的主要芯片（集成电路）如下：

- **U1500**（连接至 VIN 引脚）
- **U1600**（连接至 VCCIN 引脚）
- **U1700**（连接至 VIN_B0_1、VIN_B1_1、VANA、VIN_B0_2、VIN_B1_2 引脚）
- **U1800**（连接至 VIN 和 MODE/SYNC 引脚）
- **U1802**（连接至 VIN 引脚）
- **U1804**（连接至 VIN 引脚）

此外，连接器 **X2000** 的引脚 &1、&3 也连接在该网络上，但连接器不属于芯片。

**来源说明**：以上信息来自电路设计文件 `825504380_ADAS_SCH_TCN2.EDF` 中网络 VCC3V3 的连接列表（证据 [1]）。该网络还连接了大量电容、电阻、电感、测试点等被动元件，未列入主要芯片。

**缺失信息**：无。证据未提供这些芯片的具体型号或功能，问题仅要求列出主要芯片，已基于现有证据列出直接连接的芯片编号。

**其他说明**：网络 VCC3V3 的多个子网络（如 VCC3V3_MCU、VCC3V3_EQ、VCC3V3_ETH 等）间接为 MCU、EQ6、摄像头、以太网等模块供电，但那些芯片并未直接连接到 VCC3V3 网络，因此未包含在上述列表中。","根据电路设计证据，网络 VCC3V3 直接连接的主要芯片（集成电路）如下：

- **U1500**（连接至 VIN 引脚）
- **U1600**（连接至 VCCIN 引脚）
- **U1700**（连接至 VIN_B0_1、VIN_B1_1、VANA、VIN_B0_2、VIN_B1_2 引脚）
- **U1800**（连接至 VIN 和 MODE/SYNC 引脚）
- **U1802**（连接至 VIN 引脚）
- **U1804**（连接至 VIN 引脚）

此外，连接器 **X2000** 的引脚 &1、&3 也连接在该网络上，但连接器不属于芯片。

**来源说明**：以上信息来自电路设计文件 `825504380_ADAS_SCH_TCN2.EDF` 中网络 VCC3V3 的连接列表（证据 [1]）。该网络还连接了大量电容、电阻、电感、测试点等被动元件，未列入主要芯片。

**缺失信息**：无。证据未提供这些芯片的具体型号或功能，问题仅要求列出主要芯片，已基于现有证据列出直接连接的芯片编号。

**其他说明**：网络 VCC3V3 的多个子网络（如 VCC3V3_MCU、VCC3V3_EQ、VCC3V3_ETH 等）间接为 MCU、EQ6、摄像头、以太网等模块供电，但那些芯片并未直接连接到 VCC3V3 网络，因此未包含在上述列表中。","[""Net VCC3V3 connects C1500.&1, C1617.&1, C1618.&1, C1621.&1, C1633.&2, C1700.&1, C1701.&1, C1702.&1, C1704.&1, C1709.&1, C1710.&1, C1711.&1, C1716.&1, C1800.&1, C1801.&1, C1802.&1, C1803.&1, C1804.&1, C1805.&1, C1811.&1, C1812.&1, C1821.&1, C1823.&1, C1828.&1, L1601.&2, L1701.&1, Q1700.S, R1622.&2, R1701.&1, R1706.&1, R1709.&1, R1710.&1, R1711.&2, R1712.&2, R1800.&2, TP1605.&1, TP1803.&1, U1500.VIN, U1600.VCCIN, U1700.VIN_B0_1, U1700.VIN_B1_1, U1700.VANA, U1700.VIN_B0_2, U1700.VIN_B1_2, U1800.VIN, U1800.VIN, U1800.MODE/SYNC, U1802.VIN, U1804.VIN, U1804.VIN, X2000.&1, X2000.&3."", ""Net VCC3V3_CAM_ACQ connects C1114.&2, R1143.&2, R1147.&2, TP1146.&1, U900A.AN12/EVADC_G1CH4/EDSADC_EDS0PB."", ""Net VCC3V3_CAM_FB connects R1143.&1, TP1913.&1, X1903.&4."", ""Net VCC3V3_EQ connects C1832.&1, C502.&1, C619.&1, C621.&1, C624.&1, C627.&1, C630.&1, R1108.&1, R1122.&1, R506.&2, R507.&2, R549.&2, R554.&2, R555.&2, R556.&2, R558.&2, R580.&2, R581.&2, TP1816.&1, U1802.QOD, U1802.VOUT, U400-2.VDD_RING_8_0-1, U400-2.VDD_RING_8_0-2, U400-2.VDD_RING_8_0-3, U400-2.VDD_RING_9_0, X1903.&10, Y500.VDD."", ""Net VCC3V3_ETH connects C1404.&1, C1410.&1, C1502.&1, C1503.&1, C1504.&1, L1400.&2, L1401.&2, R1110.&1, R1400.&2, R1401.&2, R1402.&2, R1403.&2, R1404.&2, R1405.&2, R1406.&2, R1407.&2, R1408.&2, R1409.&2, R1410.&2, TP1502.&1, U1500.QOD, U1500.VOUT, U1501.EN, U1501.IN."", ""Net VCC3V3_MCU connects C1109.&1, C1204.&1, C1221.&1, C1303.&1, C1308.&1, C509.&2, C835.&2, C906.&1, C909.&1, C910.&1, C911.&1, C913.&1, C914.&1, C915.&1, C929.&1, DP907.&1, L1703.&2, L901.&1, L902.&1, L903.&2, R1007.&2, R1009.&2, R1115.&2, R1205.&2, R1218.&2, R1229.&2, R1235.&2, R1240.&2, R1241.&2, R1300.&2, R1301.&2, R1309.&2, R1310.&2, R1322.&2, R1328.&2, R1703.&1, R805.&2, R900.&1, R903.&2, R904.&2, R906.&2, R909.&2, R913.&2, R915.&2, R919.&2, R920.&1, R921.&1, U1200.VI/O, U1203.VI/O, U1204.VI/O, U1205.VI/O, U1302.VI/O, U1303.VI/O, U1304.VI/O, U1305.VI/O, U503.VCCB, U900C.VEVRSB, U900C.VEXT, U900C.VEXT, U900C.VEXT, U900C.VEXT, U900C.VEXT, U900C.VFLEX, Y1100.std-by, Y1100.VCC."", ""Net VCC3V3_SW connects C1721.&2, C905.&1, L1703.&1, Q1700.D, R1709.&2, TP1714.&1, U901.S2."", ""Module Group 14 · Ethernet/PHY uses net B_D_ETH_1000_N."", ""<table><tr><td>HM ID</td><td>F11/F12/F13/F14/F15/F16/F17/F18/F19/F25/F27</td></tr><tr><td>模块功能 \nModule Function</td><td>系统使用车载电池12V电压供电，经过EMI电路后输入至电源转换芯片，转换输出系统各模块所需电源。\nThe system uses 12V voltage power supply from the vehicle battery, which is input to the power conversion chip through the EMI circuit. Then the power conversion chip convert and output the power required by each module of the system.</td></tr><tr><td>模块框图\nModule diagram</td><td></td></tr><tr><td>模块方案\nModule solution</td><td>KL30 EMI (ASIL-B)\nKL30供电口处增加EMI电路，用于供电保护和滤波。硬件电路设计在UBD网络增加两个串联ESD电容，PCB布局靠近主连接器引脚处，用于吸收外部ESD信号，后端增加双向TVS管用于瞬态过压保护\nThe EMI circuit is added at the KL30 power supply port for power supply protection and filtering. The hardware circuit design adds two series ESD capacitors in the UBD network, the PCB layout is close to the main connector pin for absorbing external ESD signals, and the two-way TVS tube is added at the back end for transient overvoltage protection.\nKL30 to VCC3V3 (ASILB)\nKL30转VCC3V3是系统一级DC-DC，给MCU提供VCC3V3_MCU电源，所以系统要求其满足ASILB，确保MCU功能安全。\nKL30 to VCC3V3 is a system primary DC-DC chip, because the MCU needs VCC3V3_MCU power supply, so the system requires it to meet the ASILB to ensure the functional safety of the MCU.\nVCC3V3_MCU to VCC1V25_MCU(ASILB)\n3V3转1V25_MCU是使用MCU内置控制器进行控制的BUCK电源，用于MCU的核供电，功能安全需求达到ASILB，确保MCU功能安全。\n3V3 to 1V25_MCU is a BUCK power supply controlled by MCU built-in controller, which is used for MCU nuclear power supply. Functional safety requirements meet ASILB to ensure the functional safety of MCU.\nVCC3V3 to VCC0V75(QM(B))\nVCC3V3转VCC0V75应用于EQ6的内核供电，要求输出电流能力大，现选型TI的电源方案TPS62872。用MCU的P22.0引脚使能芯片，用MCU_SDA_P15.5，MCU_SCL_P15.4引脚I2C通信来设置输出电压和通信。\nVCC3V3 to VCC0V75 is applied to the core power supply of EQ6, which requires large output current capacity. The power supply scheme TPS62872 of TI is selected. P22.0 pin of MCU is used to enable the chip, and MCU_SDA_P15.5, MCU_SCL_P15.4 pin I2C communication is used to set the output voltage and communication. \nVCC3V3 to 0V75_MIPI_DDR(QM(B))\nVCC3V3转0V75_MIPI_DDR用于EQ6的IO口供电，现使用矽力杰的SA23002进行设计。用MCU的P22.1引脚使能该芯片。\nVCC3V3 to 0V75_MIPI_DDR for EQ6 IO port power supply, Silergy’s SA23002 is designed. The P22.1 pin of the MCU is used to enable the chip.\nVCC3V3转VCC1V8、VCC1V1、VCC50(QM(B))\nVCC1V8用于EQ6、CAM、DDR、FLASH供电，VCC1V1用于EQ6、DDR供电，VCC50用于CAN收发器供电，现选择LP87702 PMIC方案。用MCU的P15.3引脚使能该芯片的5V输出，用MCU_SCL_P15.4，MCU_SDA_P15.5 I2C通信来设置1.8V和1.1V输出电压和使能。\nVCC1V8 is used for EQ6, CAM, DDR, FLASH power supply, VCC1V1 is used for EQ6, DDR power supply, VCC50 is used for CAN transceiver  power supply, LP87702 PMIC scheme is selected. P15.3 pin of MCU is used to enable 5V output of the chip, and MCU_SCL_P15.4, MCU_SDA_P15.5 I2C communication is used to set 1.8V and 1.1V output voltage and enable it. \nVCC3V3 to VCC3V3_EQ(QM(B))\nVCC3V3转VCC3V3_EQ用于EQ6的IO和摄像头供电，现使用负载开关进行设计。用MCU的P20.3引脚使能该芯片。\nVCC3V3 to VCC3V3_EQ for EQ6’s IO and camera power supply, now using the load switch is designed. .The P20.3 pin of the MCU is used to enable the chip.\n\tVCC3V3 to VCC3V3_ETH(QM)\n3V3转3V3_ETH用于ETH供电，现选择负载开关方案。用MCU的P21.0引脚使能该芯片。\n3V3 to 3V3_ETH for ETH power supply, the load switch scheme is selected. . The P21.0 pin of the MCU is used to enable the chip.\n\tVCC1V8 to VCC1V8_EQ(QM(B))\nVCC1V8转VCC1V8_EQ用于EQ供电，现选择负载开关方案。用MCU的P20.0引脚使能该芯片。\nVCC1V8 to VCC1V8_EQ for EQ power supply, the load switch scheme is selected. . The P20.0 pin of the MCU is used to enable the chip.</td></tr><tr><td colspan='2'></td></tr></table>"", ""<table><tr><td>HM ID</td><td>F12</td></tr><tr><td>模块功能 \nModule Function</td><td>KL30转VCC3V3是系统一级DC-DC，基于LN10046设计，给系统提供电源。\nThe KL30 to VCC3V3 is a first-level DC-DC based on the LN10046 design and provides power to the system.</td></tr><tr><td>模块框图\nModule diagram</td><td></td></tr><tr><td>模块方案\nModule solution</td><td>采用LN10046电源DCDC芯片，将12V系统电源转换为3.3V，提供给系统供电使用。\nThe LN10046 power supply DCDC chip is used to convert the 12V system power supply to 3.3V and provide power supply to the system for use.\n</td></tr></table>"", ""\nHW Interface Component ：QM（B）; None：F16/POWER; None：1、负载开关TPS22918，VCC3V3转VCC3V3_EQ。\n2、TPS22918由MCU进行使能和关断控制。; MCU Component ：F01/MCU; None：B; None：G20; None：P20.3; None：P20.3/GTM_TIM4_IN5_11/GTM_TIM3_IN4_5/GTM_TIM2_IN4_5/GTM_TOUT61/QSPI0_SLSO9/QSPI2_SLSO9/CAN03_TXD; None：GPIO; None：MCU_3V3_EQ_EN; None：/; None：O; None：VCC3V3_EQ电源使能控制信号\n高：使能VCC3V3_EQ电源\n低：关断VCC3V3_EQ电源; None：HI-Z,硬件外部下拉; None：—; SW Variable Name or SW Function Name：— ——Port1\nHW Interface Component ：QM; None：F17/POWER; None：1、负载开关TPS22918，VCC3V3转VCC3V3_ETH。\n2、TPS22918由MCU进行使能和关断控制。; MCU Component ：F01/MCU; None：QM; None：K17; None：P21.0; None：P21.0/GTM_TIM4_IN0_11/GTM_TIM3_IN4_6/GTM_TIM2_IN4_6/QSPI4_MRSTDN/DMU_FDEST/GTM_TOUT51/HSM_HSM1; None：GPIO; None：MCU_3V3_ETH_EN; None：/; None：O; None：VCC3V3_ETH电源使能控制信号\n高：使能VCC3V3_EQ电源\n低：关断VCC3V3_EQ电源; None：HI-Z, 硬件外部下拉; None：—; SW Variable Name or SW Function Name：— ——Port1\nHW Interface Component ：QM; None：F14/POWER; None：1、电源转换芯片TPS62872，VCC3V3转VCC0V75。\n2、TPS62872由MCU进行使能和关断控制。; MCU Component ：F01/MCU; None：QM; None：P20; None：P22.0; None：P22.0/GTM_TIM1_IN1_7/GTM_TIM0_IN1_7/QSPI4_MTSRB/GTM_TOUT47/QSPI4_MTSR/QSPI4_SCLKN; None：GPIO; None：MCU_VCC0V75_EN; None：/; None：O; None：VCC0V75电源使能控制信号\n高：使能VCC0V75电源\n低：关断VCC0V75电源; None：HI-Z, 硬件外部下拉; None：—; SW Variable Name or SW Function Name：— ——Port1"", ""<table><tr><td>HM ID</td><td>F15</td></tr><tr><td>模块功能 \nModule Function</td><td>VCC3V3转0V75_MIPI_DDR应用于EQ6的IO口供电，现使用矽力杰的SA23002进行设计。\nVCC3V3 to 0V75_MIPI_DDR for EQ6 IO port power supply, Silergy’s SA23002 is designed.</td></tr><tr><td>模块框图\nModule diagram</td><td></td></tr><tr><td>模块方案\nModule solution</td><td>采用SA23002电源芯片，将VCC3V3转换为0V75_MIPI_DDR，提供给EQ6的IO口供电。用MCU的P22.1引脚使能该芯片。\nSA23002 power chip is used to convert VCC3V3 to 0V75_MIPI_DDR to supply power to the I/O port of EQ6. The P22.1 pin of the MCU is used to enable the chip. \n</td></tr></table>"", ""\nHW Interface Component ：QM; None：F15/POWER; None：1、电源转换芯片SA23002，VCC3V3转VCC0V75_MIPI_DDR。\n2、SA23002由MCU进行使能和关断控制。; MCU Component ：F01/MCU; None：QM; None：P19; None：P22.1; None：P22.1/GTM_TIM1_IN0_8/GTM_TIM0_IN0_8/QSPI4_MRSTB/GTM_TOUT48/QSPI4_MRST/QSPI4_SCLKP; None：GPIO; None：MCU_VCC0V75_MIPI_DDR_EN; None：/; None：O; None：VCC0V75_MIPI_DDR电源使能控制信号\n高：使能VCC0V75_MIPI_DDR电源\n低：关断VCC0V75_MIPI_DDR电源; None：HI-Z, 硬件外部下拉; None：—; SW Variable Name or SW Function Name：— ——Port1\nECU Connector：X2000-54; None：SPI Communction; HW Interface Component ：B; None：F02/EYEQ6L; None：MCU_SPI0（slave）\nEQ6L_SPI0（master）\n速率：10Mbps; MCU Component ：F01/MCU; None：B; None：E20; None：P20.11; None：P20.11/GTM_TIM3_IN7_6/GTM_TIM2_IN7_6/QSPI0_SCLKA/GTM_TOUT67/QSPI0_SCLK; None：QSPI0_SCLKA; None：MCU_SPI0_CLK_P20.11; None：/; None：I; None：EQ发送SPI时钟信号到MCU\nMCU配置为内置下拉（SPI模式配置为：极性CPOL=0，相位CPHA=1）; None：HI-Z; None：—; SW Variable Name or SW Function Name：— ——Port1\nECU Connector：X2000-57; MCU Component ：F01/MCU; None：B; None：D20; None：P20.13; None：P20.13/GTM_TIM3_IN1_4/GTM_TIM2_IN1_4/QSPI0_SLSIA/GTM_TOUT69/QSPI0_SLSO2/QSPI1_SLSO2/QSPI0_SCLK; None：QSPI0_SLSIA; None：MCU_SPI0_CS_P20.13; None：/; None：I; None：EQ发送SPI片选信号到MCU\nMCU配置为内置上拉（SPI模式配置为：极性CPOL=0，相位CPHA=1）; None：HI-Z; None：—; SW Variable Name or SW Function Name：— ——Port1"", ""唤醒电路 Wake Up circuit电源电路 power circuitKL30 EMI电路 KL30 EMI circuitKL30 转VCC3V3 KL30 to VCC3V3VCC3V3_MCU转VCC1V25_MCU  VCC3V3_MCU to VCC1V25_MCUVCC3V3转VCC0V75  VCC3V3 to VCC0V75VCC3V3转0V75_MIPI_DDR  VCC3V3 to 0V75_MIPI_DDRVCC3V3转VCC1V8、VCC1V1、VCC50   VCC3V3 to VCC1V8、VCC1V1、VCC50VCC3V3转VCC3V3_EQ  VCC3V3 to VCC3V3_EQVCC3V3转VCC3V3_ETH  VCC3V3 to VCC3V3_ETHVCC1V8转VCC1V8_EQ  VCC1V8 to VCC1V8_EQTC377最小系统 TC377 minimum systemEQ6最小系统 EQ6 minimum system摄像头最小系统 camera minimum system看门狗电路 Watchdog circuit温度采样电路 Temp Sample circuit系统内电源电压采样电源 The power System Voltage Sampling circuitETH电路 ETH circuitCAN/CAN FD电路 CAN/CAN FD circuit3V3过压保护电路 3V3 overvoltage protection circuit硬件运行模式 Hardware Operation Mode主要用于描述当前ADAS硬件不同的运行模式（例如上电模式，下电模式，Sleep模式，运行模式等）。描述各个运行模式下的硬件模块功能，以及模式之间的切换条件。Describe the different operating mode of ADAS Hardware (e.g. power on mode, power off mode, Sleep mode，normal mode). Define the HW component functions in each operating mode, describe the transition condition between different modes.硬件运行模式 Hardware Operation Mode系统功能矩阵描述系统不同模式下各功能模块运行状态。The system function matrix describes the operation status of each function module in different modes of the system."", ""<table><tr><td>HM ID</td><td>F17</td></tr><tr><td>模块功能 \nModule Function</td><td>3V3转3V3_ETH用于ETH供电，现选择负载开关方案。\n3V3 to 3V3_ETH is used for ETH power supply, and the load switching scheme is now selected.</td></tr><tr><td>模块框图\nModule diagram</td><td></td></tr><tr><td>模块方案\nModule solution</td><td>采用TPS22918负载开关，将VCC3V3系统电源转换为VCC3V3_ETH，提供给MCU的ETH供电。P21.0引脚使能该芯片。\nThe TPS22918 load switch is used to convert the VCC3V3 system power to VCC3V3-ETH to supply power to ETH of the MCU. The P21.0 pin of the MCU is used to enable the chip.\n</td></tr></table>"", ""<table><tr><td>HM ID</td><td>F16</td></tr><tr><td>模块功能 \nModule Function</td><td>VCC3V3转VCC3V3_EQ用于EQ6的IO和摄像头供电，现使用负载开关TPS22918进行设计。\nVCC3V3 to VCC3V3-EQ is used for the IO and camera power supply of EQ6, and the load switch TPS22918 is used for the design.</td></tr><tr><td>模块框图\nModule diagram</td><td></td></tr><tr><td>模块方案\nModule solution</td><td>采用TPS22918负载开关，将VCC3V3系统电源转换为VCC3V3_EQ，提供给EQ6和摄像头供电。用MCU的P20.3引脚使能该芯片。\nThe TPS22918 load switch is used to convert the VCC3V3 system power to VCC3V3-EQ to supply power to EQ6 and the camera. The P20.3 pin of the MCU is used to enable the chip.\n</td></tr></table>"", ""Figure 10-24. Layout Example\nFigure 10-24 shows the top layer of one of the evaluation modules for this device. It demonstrates the practical\nGND\nVIN\nVOUT\nVIN\nGND\n"", ""<table><caption> Table 7-1. Pin Functions (continued) I = input, O = output, P = power, GND = ground(1)</caption>\n<tr><td  >Pin</td><td></td><td></td><td></td></tr>\n<tr><td  >Name</td><td  >No.</td><td  >Type(1)</td><td  >Description</td></tr>\n<tr><td></td><td></td><td></td><td  >Internal clock output pin for synchronization in stacked mode. Leave this pin floating for single </td></tr>\n<tr><td></td><td></td><td></td><td  >device operation. Connect this pin to the MODE/SYNC pin of the next device in the daisy-chain in </td></tr>\n<tr><td  >SYNC_OUT</td><td  >14</td><td></td><td  >stacked operation. Do not use this pin to connect to a non-TPS6287x-Q1 device.  During start-up, this pin is used to identify if a device must operate as a secondary converter in</td></tr>\n<tr><td></td><td></td><td></td><td  >stacked operation. Connect a 47-kQ resistor from this pin to GND to define a secondary converter</td></tr>\n<tr><td></td><td></td><td></td><td  > in stacked operation. See Section 9.3.17 for a detailed description.</td></tr>\n<tr><td  >VSEL</td><td  >15</td><td  >一</td><td  > Start-up output voltage select pin. A resistor or short circuit to GND or Vin defines the selected output voltage. See Section 9.3.6.2.</td></tr>\n<tr><td  >FSEL</td><td  >16</td><td  >一</td><td  >Frequency select pin. A resistor or a short circuit to GND or Vin determines the free-running switching frequency. See Section 9.3.6.2.</td></tr>\n<tr><td  >Exposed Thermal Pad</td><td></td><td  >一</td><td  >The thermal pad must be soldered to GND to achieve an appropriate thermal resistance and for mechanical stability.</td></tr>\n</table>"", ""Figure 10-1. Typical ApplicationSchematic\n110 nH±20%\n0.75V\nV\nVIN\nSW\n3.3V\nVIN\nMODE/SYNC\n20 kQ\nC\nC\nVoO\nLoad\nVOSNS\nEN\nGOSNS\nSDA\nSCL\n>Rz\nVSEL\nFSEL\n3.3V\nCc\n6.2 kQ\n[cc\nM10 kQ\nCOMP\n1kQ\nOPG\nPG\nSYNC_OUT\nGND\n10pF\nGND\n"", ""<table><caption> Table9-5.DefaultOutputVoltageSetpoints</caption>\n<tr><td  >VSEL Pin(1)</td><td  >Device Number</td><td  >VSET[7:0]</td><td  >Output Voltage Setpoint</td></tr>\n<tr><td></td><td  >TPS6287x-Q1</td><td  >0x5a</td><td  >850 mV</td></tr>\n<tr><td></td><td  >TPS6287xY0-Q1</td><td  >0x50</td><td  >800 mV</td></tr>\n<tr><td></td><td  >TPS6287xY1-Q1</td><td  >0x14</td><td  >500 mV</td></tr>\n<tr><td></td><td  >TPS6287xY2-Q1</td><td  >0x64</td><td  >1800 mV</td></tr>\n<tr><td  >6.2 kQ to GND</td><td  >TPS6287xY3-Q1</td><td  >0x52</td><td  >810 mV</td></tr>\n<tr><td></td><td  >TPS6287xN0-Q1</td><td  >0x14</td><td  >500 mV</td></tr>\n<tr><td></td><td  >TPS6287xN1-Q1</td><td  >0x50</td><td  >800 mV</td></tr>\n<tr><td></td><td  >TPS6287xN2-Q1</td><td  >0x64</td><td  >1800 mV</td></tr>\n</table>"", ""<table><caption> Table 7-1. Pin Functions</caption>\n<tr><td  >Pin</td><td></td><td></td><td></td></tr>\n<tr><td  >Name</td><td  >No.</td><td  >Type(1)</td><td  >Description</td></tr>\n<tr><td></td><td></td><td></td><td  >Device compensation input. A resistor and capacitor from this pin to GOSNS define the </td></tr>\n<tr><td  >COMP</td><td  >1</td><td></td><td  >compensation of the control loop. In stacked operation, connect the CoMP pins of all stacked devices together and connect a</td></tr>\n<tr><td></td><td></td><td></td><td  >resistor and capacitor between the common COMP node and GOSNS.</td></tr>\n<tr><td  >GOSNS</td><td  >2</td><td></td><td  > Output ground sense (differential output voltage sensing)</td></tr>\n<tr><td  >VOSNS</td><td></td><td></td><td  >Output voltage sense (differential output voltage sensing)</td></tr>\n<tr><td></td><td></td><td></td><td  >This is the enable pin of the device. The user must connect to this pin using a series resistor of </td></tr>\n<tr><td></td><td></td><td></td><td  >at least 15 kQ. A low logic level on this pin disables the device and a high logic level on this pin</td></tr>\n<tr><td  >EN</td><td  >4</td><td></td><td  >enables the device. Do not leave this pin unconnected.</td></tr>\n<tr><td></td><td></td><td></td><td  >For stacked operation, interconnect EN pins of all stacked devices with a resistor to the supply</td></tr>\n<tr><td></td><td></td><td></td><td  >voltage or a GPlO of a processor. See Section 9.3.17 for a detailed description.</td></tr>\n<tr><td  >VIN</td><td  >5.9</td><td  >P</td><td  > Power supply input. Connect the input capacitor as close as possible between VIN and GND.</td></tr>\n<tr><td  >GND</td><td  >6,8</td><td  >GND</td><td  >Ground pin</td></tr>\n<tr><td  >SW</td><td  >7</td><td></td><td  >This pin is the switch pin of the converter and is connected to the internal power MOSFETs.</td></tr>\n<tr><td></td><td></td><td></td><td  > Open-drain power-good output. Low impedance when not \""power good,\"" high impedance when </td></tr>\n<tr><td></td><td></td><td></td><td  >\""power good.\"" This pin can be left open or be tied to GND when not used in single device </td></tr>\n<tr><td></td><td></td><td></td><td  >operation.</td></tr>\n<tr><td  >PG</td><td  >10</td><td  >I/0</td><td  > In stacked operation, interconnect the PG pins of all stacked devices. Only the PG pin of the </td></tr>\n<tr><td></td><td></td><td></td><td  > primary converter in stacked operation is an open-drain output. For devices that are defined as</td></tr>\n<tr><td></td><td></td><td></td><td  >secondary converters in stacked mode, this pin is an input pin. See Section 9.3.17 for a detailed</td></tr>\n<tr><td></td><td></td><td></td><td  >description.</td></tr>\n<tr><td></td><td></td><td></td><td  >The device runs in power save mode when this pin is pulled low. If the pin is pulled high, the</td></tr>\n<tr><td  >MODE/SYNC</td><td  >11</td><td></td><td  >device runs in forced-PWM mode. If unused, this pin can be left floating and an internal pulldown resistor will pull it low. The mode pin can also be used to synchronize the device to an external </td></tr>\n<tr><td></td><td></td><td></td><td  >clock.</td></tr>\n<tr><td  >SDA</td><td  >12</td><td  >I/0</td><td  >I2C serial data pin. Do not leave floating. Connect a pullup resistor to a logic high level. Connect to GND for secondary devices in stacked operation and for device variants without I2C.</td></tr>\n<tr><td></td><td></td><td></td><td  >I2C serial clock pin. Do not leave this pin floating. Connect a pullup resistor to a logic high level.</td></tr>\n<tr><td  >SCL</td><td  >13</td><td  >1/0</td><td  >Connect this pin to GND for secondary devices in stacked operation and for device variants</td></tr>\n<tr><td></td><td></td><td></td><td  >without I2C.</td></tr>\n</table>"", ""VOUT(VIN - VoUT\nIL(PP) = VU(NxLxW)"", ""<table><caption> Table 9-16. CONTROL3 Register Field Descriptions</caption>\n<tr><td  >Bit</td><td  >Field</td><td  >Type</td><td  >Reset</td><td  >Description</td></tr>\n<tr><td  >7-2</td><td  >RESERVED</td><td  >R</td><td  >00000Ob</td><td  >Reserved for future use. For compatibility with future device variants,</td></tr>\n<tr><td></td><td></td><td></td><td></td><td  >program these bits to 0.</td></tr>\n<tr><td  >1</td><td  >SINGLE</td><td  >R/W</td><td  >Ob</td><td  >Single operation. This bit controls the internal EN pulldown and</td></tr>\n<tr><td></td><td></td><td></td><td></td><td  >SYNCOUT functions.</td></tr>\n<tr><td></td><td></td><td></td><td></td><td  >Ob = EN pin pulldown and SYNCOUT enabled 1b = EN pin pulldown and SYNCOUT disabled. Do not use during </td></tr>\n<tr><td></td><td></td><td></td><td></td><td  >stacked operation.</td></tr>\n<tr><td  >0</td><td  >PGBLNKDVS</td><td  >R/W</td><td  >Ob</td><td  >Power-good blanking during DvS </td></tr>\n<tr><td></td><td></td><td></td><td></td><td  >Ob = PG pin reflects the output of the window comparator.</td></tr>\n<tr><td></td><td></td><td></td><td></td><td  > 1b = PG pin is high impedance during DVS.</td></tr>\n</table>"", ""<table><caption> Table 9-10. Table 6-2. Devices Without I2C Interface</caption>\n<tr><td  > Device Number</td><td  >Output Current</td><td  >Start-Up Voltage(2)</td><td  >VSEL Settings</td><td  > Spread Spectrum Clocking</td><td  > Soft-Start Time</td></tr>\n<tr><td  >TPS62870N0QWRXSRQ1</td><td  >6A</td><td  >0.500 V</td><td  >6.2 kQ to GND</td><td></td><td></td></tr>\n<tr><td  >TPS62871N0QWRXSRQ1</td><td  >9A</td><td  >0.750V</td><td  > Short to GND</td><td  >On</td><td  >0.5 ms</td></tr>\n<tr><td  >TPS62872N0QWRXSRQ1</td><td  >12 A</td><td  >0.875 V</td><td  >Short to VIN </td><td></td><td></td></tr>\n<tr><td  >TPS62873N0QWRXSRQ1</td><td  >15 A</td><td  >1.050 V</td><td  >47 kQ to VIN</td><td></td><td></td></tr>\n</table>""]","{""original_context_count"": 24, ""original_context_characters"": 20199, ""scored_context_count"": 8, ""scored_context_characters"": 2177, ""contexts_truncated"": true, ""context_selection"": ""claim_coverage""}",0.6418760274826814,0.3513059807692074,0.8571428571428571,not_applicable,0.9999999999,1.0,1.0,0.6470588235294118,not_applicable
hw-v1-document-hardware-modules,success,ADAS 项目的软硬件接口文档中，硬件架构包含哪些模块电路？,HSI 2.3 节列出 KL30 电源管理、唤醒、电源、TC377 最小系统、EQ6 最小系统、摄像头最小系统、看门狗、温度采样、系统内电源电压采样、ETH、CAN/CAN FD 和 3V3 过压保护等电路。,"根据ADAS项目软硬件接口文档（600608964_ADAS_HSI_0506_1952_shoulin.wang.docx），硬件架构包含以下12个模块电路：

1. **KL30电源管理电路**（KL30 supply management circuit）  
   - 来源：证据[1]、[2]、[4]

2. **唤醒电路**（Wake Up circuit）  
   - 来源：证据[2]、[5]

3. **电源电路**（power circuit）  
   - 来源：证据[2]、[5]

4. **TC377最小系统**（TC377 minimum system）  
   - 来源：证据[2]、[7]

5. **EQ6最小系统**（EQ6 minimum system）  
   - 来源：证据[2]、[8]

6. **摄像头最小系统**（camera minimum system）  
   - 来源：证据[2]、[3]

7. **看门狗电路**（Watchdog circuit）  
   - 来源：证据[2]、[3]

8. **温度采样电路**（Temp Sample circuit）  
   - 来源：证据[2]、[3]

9. **系统内电源电压采样电源**（The power System Voltage Sampling circuit）  
   - 来源：证据[2]、[5]

10. **ETH电路**（ETH circuit）  
    - 来源：证据[2]、[6]

11. **CAN/CAN FD电路**（CAN/CAN FD circuit）  
    - 来源：证据[2]

12. **3V3过压保护电路**（3V3 overvoltage protection circuit）  
    - 来源：证据[2]

以上模块电路在文档“硬件架构 Hardware Architecture”章节的“模块电路 Module circuit”部分（2.3节）中明确列出。

---

### 证据冲突说明
在检索到的证据中，存在一个已记录的冲突：  
- 关于TC377最小系统的电源电压，同一文档（600608964_ADAS_HSI_0506_1952_shoulin.wang.docx）中给出了两个不同的取值：
  - **1.2-1.35V**（对应VCC1V25_MCU）
  - **3.3V**（对应VCC3V3_MCU，精度±10%）  
  这两个值分别代表TC377最小系统所需的两路不同电源轨，并非同一字段的矛盾。因此，该冲突属于表述差异，实际不构成逻辑矛盾。在汇总模块电路时，仍需注意该模块使用了两种不同电压的电源，但模块电路列表本身不受影响。

---

### 缺失信息
检索账本显示本子问题已完全覆盖（status: covered），无缺失项。","根据ADAS项目软硬件接口文档（600608964_ADAS_HSI_0506_1952_shoulin.wang.docx），硬件架构包含以下12个模块电路：

1. **KL30电源管理电路**（KL30 supply management circuit）  
   - 来源：证据[1]、[2]、[4]

2. **唤醒电路**（Wake Up circuit）  
   - 来源：证据[2]、[5]

3. **电源电路**（power circuit）  
   - 来源：证据[2]、[5]

4. **TC377最小系统**（TC377 minimum system）  
   - 来源：证据[2]、[7]

5. **EQ6最小系统**（EQ6 minimum system）  
   - 来源：证据[2]、[8]

6. **摄像头最小系统**（camera minimum system）  
   - 来源：证据[2]、[3]

7. **看门狗电路**（Watchdog circuit）  
   - 来源：证据[2]、[3]

8. **温度采样电路**（Temp Sample circuit）  
   - 来源：证据[2]、[3]

9. **系统内电源电压采样电源**（The power System Voltage Sampling circuit）  
   - 来源：证据[2]、[5]

10. **ETH电路**（ETH circuit）  
    - 来源：证据[2]、[6]

11. **CAN/CAN FD电路**（CAN/CAN FD circuit）  
    - 来源：证据[2]

12. **3V3过压保护电路**（3V3 overvoltage protection circuit）  
    - 来源：证据[2]

以上模块电路在文档“硬件架构 Hardware Architecture”章节的“模块电路 Module circuit”部分（2.3节）中明确列出。

---

### 证据冲突说明
在检索到的证据中，存在一个已记录的冲突：  
- 关于TC377最小系统的电源电压，同一文档（600608964_ADAS_HSI_0506_1952_shoulin.wang.docx）中给出了两个不同的取值：
  - **1.2-1.35V**（对应VCC1V25_MCU）
  - **3.3V**（对应VCC3V3_MCU，精度±10%）  
  这两个值分别代表TC377最小系统所需的两路不同电源轨，并非同一字段的矛盾。因此，该冲突属于表述差异，实际不构成逻辑矛盾。在汇总模块电路时，仍需注意该模块使用了两种不同电压的电源，但模块电路列表本身不受影响。

---

### 缺失信息
检索账本显示本子问题已完全覆盖（status: covered），无缺失项。","[""顾客代表Customer Representative其他与项目相关人员等Other relevant person术语及缩写解释 Terms and AbbreviationsTable 1-1Terms and Abbreviations参考文档 Reference DocumentTable 1-2Reference Document硬件架构 Hardware Architecture硬件架构描述了60060894_ADAS项目的硬件基础模块，模块和模块之间的接口。The Hardware Architecture describe the HW basic component of 600608964_ADAS project, as well as the interface of each component.系统概述 System overviewADAS产品要求功能安全达到ASIL-B，硬件整体架构介绍如下：ADAS products require functional safety to meet ASIL-B. The overall hardware architecture is described as follows:整体系统由摄像头板（CAM）和主板（MB）两部分组成。The overall system is composed of two parts: camera board (CAM) and mainboard (MB).前向摄像头采集道路图像后通过数字接口输出视频数据。The forward camera collects road images and outputs video data through the digital interface.数字视频数据通过线缆传输到主板上的视频处理器EYEQ6进行视频处理。The digital video data is transmitted to the video processor EYEQ6 on the mainboard through cables for video processing.EYEQ6处理视频数据，输出路况信息。EYEQ6 processes video data and outputs road condition information.路况信息通过SPI口传送给MCU进行处理，主板通过CAN对外传送路况信息。Road condition information is transmitted to MCU through SPI interface for processing, and the mainboard transmits road condition information externally through CAN.处理结果通过CAN发出，包括对车的主动安全控制信号以及给驾驶员的报警信号。The processing result is sent out through CAN, including the active safety control signal for the car and the alarm signal for the driver.图 1 系统工作方式Fig 1 System operating block硬件框图 Hardware block diagram图 2 系统框图Fig 2 system block功能安全分解相关模块模块电路 Module circuitKL30电源管理电路 KL30 supply management circuit"", ""注：使用本模板时请先阅读填写说明页，形成工作产品时本页不可删除变更历史Change History目  录Table of Contents1\t概述 Introduction\t81.1 目的 Purpose\t81.2 适用范围 Range of Application\t81.3 读者对象 TReader\t81.4 术语及缩写解释 Terms and Abbreviations\t81.5 参考文档 Reference Document\t82\t硬件架构 Hardware Architecture\t92.1 系统概述 System overview\t92.2 硬件框图 Hardware block diagram\t102.3 模块电路 Module circuit\t122.3.1 KL30电源管理电路 KL30 supply management circuit\t122.3.2 唤醒电路 Wake Up circuit\t132.3.3 电源电路 power circuit\t152.3.4 TC377最小系统 TC377 minimum system\t232.3.5 EQ6最小系统 EQ6 minimum system\t252.3.6 摄像头最小系统 camera minimum system\t282.3.7 看门狗电路 Watchdog circuit\t302.3.8 温度采样电路 Temp Sample circuit\t302.3.9 系统内电源电压采样电源 The power System Voltage Sampling circuit\t312.3.10 ETH电路 ETH circuit\t332.3.11 CAN/CAN FD电路 CAN/CAN FD circuit\t342.3.12 3V3过压保护电路 3V3 overvoltage protection circuit\t353\t硬件运行模式 Hardware Operation Mode\t363.1 硬件运行模式 Hardware Operation Mode\t363.2 运行模式定义 Definition of Operation Mode\t373.3 运行模式转换条件 Transition Condition of Operation Mode\t393.3.1 KL30电源管理电路 KL30 supply management circuit\t393.3.2 唤醒电路 Wake Up circuit\t413.3.3 电源电路 Power Circuit\t423.3.4 TC377最小系统 TC377 minimum system\t53"", ""3.3.5 EQ6最小系统 EQ6 minimum system\t553.3.6 摄像头最小系统 camera minimum system\t593.3.7 看门狗电路 Watchdog circuit\t613.3.8 温度采样电路 Temp Sample circuit\t623.3.9 ETH电路 ETH circuit\t633.3.10 CAN FD电路 CAN FD circuit\t654\tADC电压采集阈值 The ADC voltage acquisition threshold\t685\tEQ6L上下电时序要求 EQ6L Power-on and power-off sequence requirements\t686\t共享和独占的硬件资源 Shared and Exclusive Hardware Resource\t696.1 ECU-MCU信号对应关系 ECU-MCU Signal Mapping\t696.2 MCU时钟配置 MCU Clock Configuration\t706.3 存储器配置 Memeory Configuration\t717\t其他芯片配置 Other IC Configuration\t717.1 其他芯片的通讯机制 Communication Mechanism with Other IC\t717.2 LP87702配置 LP87702 Configuration\t727.3 TPS62872配置 TPS62872 Configuration\t728\t安全机制 Safety Mechanisms\t736.1 System level\t736.2 HW level\t736.3 IC level\t73概述 Introduction目的 Purpose软硬接口文档的目的是描述软件和硬件的交互，并且确保软件硬件和TSR的一致性。The goal of the hardware software interface document is to specify the hardware and software interaction and be consistent with the technical safety concept.适用范围 Range of Application此文档适用于奇瑞EQ6L T1G ADAS项目的功能安全开发全过程。This document is applied for the whole functional safety development process of  EQ6L T1G ADAS project.读者对象 TReader项目经理Project Manager项目组成员Project Team Members功能安全经理Functional Safety Manager功能安全工程师Functional Safety System Engineer硬件工程师 Hardware Engineer软件工程师 Software Engineer质量和审查人员QA and Assessor产品测试人员Product Test Engineer"", ""<table><tr><td>HM ID</td><td>F01/F06/F11</td></tr><tr><td>模块功能\nModule Function</td><td>ADAS正常工作电压范围9~16VDC，系统需求需要对产品供电KL30进行电源管理，硬件电路对UBD电源网络进行ADC采样。\nADAS normal operating voltage range is 9~16VDC. System requirements require power management for the product power supply KL30. The hardware circuit performs ADC sampling on the UBD power supply.</td></tr><tr><td>模块框图\nModule diagram</td><td></td></tr><tr><td>模块方案\nModule solution</td><td>MCU_UB_SW_P00.10信号是由MCU I/O控制的数字信号，用于使能KL30电压采样功能。\n  MCU_UB_SW_P00.10 signal is a digital signal controlled by MCU I/O, used to enable KL30 voltage sampling function.\nUBSW_ACQ_AN6信号是UBD经过100K 1%、10K 1%电阻分压后的模拟信号。\n  UBSW_ACQ_AN6 signal is an analog signal of UBD divided by 100K 1%、10K 1% resistors. Which is connected to the ADC pin of MCU for sampling. \nMCU的ADC采集到UBD后进行电源管理，当软件诊断到UBD电压范围异常时，MCU会关断EQ和其他负载工作电源，确保ADAS功能安全。\n  The ADC of MCU collects UBD for power management. When the software detects that UBD voltage range is abnormal, the MCU will turn off EQ and other load power supplies to ensure the functional safety of ADAS.</td></tr></table>"", ""唤醒电路 Wake Up circuit电源电路 power circuitKL30 EMI电路 KL30 EMI circuitKL30 转VCC3V3 KL30 to VCC3V3VCC3V3_MCU转VCC1V25_MCU  VCC3V3_MCU to VCC1V25_MCUVCC3V3转VCC0V75  VCC3V3 to VCC0V75VCC3V3转0V75_MIPI_DDR  VCC3V3 to 0V75_MIPI_DDRVCC3V3转VCC1V8、VCC1V1、VCC50   VCC3V3 to VCC1V8、VCC1V1、VCC50VCC3V3转VCC3V3_EQ  VCC3V3 to VCC3V3_EQVCC3V3转VCC3V3_ETH  VCC3V3 to VCC3V3_ETHVCC1V8转VCC1V8_EQ  VCC1V8 to VCC1V8_EQTC377最小系统 TC377 minimum systemEQ6最小系统 EQ6 minimum system摄像头最小系统 camera minimum system看门狗电路 Watchdog circuit温度采样电路 Temp Sample circuit系统内电源电压采样电源 The power System Voltage Sampling circuitETH电路 ETH circuitCAN/CAN FD电路 CAN/CAN FD circuit3V3过压保护电路 3V3 overvoltage protection circuit硬件运行模式 Hardware Operation Mode主要用于描述当前ADAS硬件不同的运行模式（例如上电模式，下电模式，Sleep模式，运行模式等）。描述各个运行模式下的硬件模块功能，以及模式之间的切换条件。Describe the different operating mode of ADAS Hardware (e.g. power on mode, power off mode, Sleep mode，normal mode). Define the HW component functions in each operating mode, describe the transition condition between different modes.硬件运行模式 Hardware Operation Mode系统功能矩阵描述系统不同模式下各功能模块运行状态。The system function matrix describes the operation status of each function module in different modes of the system."", ""<table><tr><td>HM ID</td><td>F24</td></tr><tr><td>模块功能 \nModule Function</td><td>ADAS系统需求MCU外接1路100BASE-T1以太网通讯接口，用于软件调试和对外通讯。\nThe ADAS system requires MCU to be connected with a 100BASE-T1 Ethernet communication interface for software debugging and external communication.</td></tr><tr><td>模块框图\nModule diagram</td><td></td></tr><tr><td>模块方案\nModule solution</td><td>硬件设计选型汽车级芯片DP83TC812R（TI），支持100BASE-TI通讯、以太网唤醒功能，电路和PCB参考原厂规范进行设计。所用到引脚是MCU_ETH_MDIO_P21.3，MCU_ETH_MDC_P21.2，MCU_MII_TXD3_P11.0，MCU_MII_TXD2_P11.1，MCU_MII_TXD1_P11.2，MCU_MII_TXD0_P11.3，MCU_MII_TXCLK_P11.5，MCU_MII_TXDV_P11.6，MCU_MII_RXD3_P11.7，MCU_MII_RXD2_P11.8，MCU_MII_RXD1_P11.9，MCU_MII_RXD0_P11.10，MCU_MII_RXDV_P11.11，MCU_MII_RXCLK_P11.12， MCU_ETH_INTB_P20.10，PHY_RESET_N_P22.3，MCU_ETH_WAKE_P21.5。\nThe automotive grade chip DP83TC812R (TI) is selected for hardware design, which supports 100BASE-TI communication and Ethernet wake-up function. The circuit and PCB are designed according to the original factory specifications. \nThe pins used are MCU_ETH_MDIO_P21.3，MCU_ETH_MDC_P21.2，MCU_MII_TXD3_P11.0,MCU_MII_TXD2_P11.1,MCU_MII_TXD1_P11.2, MCU_MII_TXD0_P11.3, MCU_MII_TXCLK_P11.5, MCU_MII_TXDV_P11.6, MCU_MII_RXD3_P11.7, MCU_MII_RXD2_P11.8, MCU_MII_RXD1_P11.9, MCU_MII_RXD0_P11.10,MCU_MII_RXDV_P11.11,MCU_MII_RXCLK_P11.12, PHY_RESET_N_P22.3, MCU_ETH_WAKE_P21.5.</td></tr></table>"", ""<table><tr><td>HM ID</td><td>F01</td></tr><tr><td>模块功能 \nModule Function</td><td>32位MCU芯片TC377最小系统模块有SAK-TC377TP-96F300S AA主控芯片和晶体、硬件配置组成，实现SAK-TC377TP-96F300S AA最小硬件系统工作单元，功能安全等级最高可达到ASIL-D，满足应用要求。\n32-bit MCU chip TC377 minimum system module has SAK-TC377TP-96F300S AA main control chip and crystal, hardware configuration, to achieve SAK-TC377TP-96F300S AA minimum hardware system work unit, functional safety level up to ASIL-D, meet the application requirements. </td></tr><tr><td>模块框图\nModule diagram</td><td></td></tr><tr><td>模块方案\nModule solution</td><td>处理器\n根据ADAS产品需求，综合评估选型为32位MCU芯片SAK-TC377TP-96F300S AA， MCU接口资源丰富，功能安全等级最高可达到ASIL-D，满足应用要求。\nProcessor \nAccording to ADAS product requirements, 32-bit MCU chip SAK-TC377TP-96F300S AA is selected through comprehensive evaluation, which has rich MCU interface resources and the highest functional safety level can reach ASIL-D to meet application requirements\n时钟设计\n硬件选型20MHz晶振给MCU提供时钟输入，由其内部PLL等电路完成倍频、分频，供其内核和各模块使用。\nClock design\nHardware selection of clock design 20MHz crystal oscillator provides clock input to MCU, and its internal PLL and other circuits complete frequency doubling and frequency division for its kernel and each module.\n复位及watchdog\n系统复位及看门狗芯片采用LP87702内部看门狗，喂狗方式为窗口喂狗，当喂狗窗口无有效喂狗次数超过OTP配置时，将触发整个系统复位。\na)\t上电时，看门狗芯片对MCU启动过程进行监控，同时对MCU的电源VCC3V3电压进行低压监控，异常时主动复位MCU。\nb)\t运行过程中由看门狗监控MCU运行状态，当MCU程序跑飞时看门狗超时触发复位信号主动复位MCU。\nReset and watchdog\nThe system reset and watchdog chip adopts LP87702 internal watchdog, and the feeding method is window feeding. When the number of effective dog feeding in the feeding window exceeds the OTP configuration, the whole system reset will be triggered. \n When powering on, the watchdog chip monitors the start-up process of MCU, and at the same time, it monitors the low voltage voltage of MCU's power supply VCC3V3, and actively resets MCU when abnormal. \n MCU running status is monitored by watchdog during operation. When MCU program runs, watchdog timeout triggers reset signal and actively reset MCU.\n电源需求\nMCU需要1路VCC3V3_MCU（精度：3.3V±10%）和1路VCC1V25_MCU（精度：1.2-1.35V）供电。\n4. Power demand\nThe MCU needs 1 channel VCC3V3_MCU (accuracy: 3.3V±10%) and 1 channel VCC1V25_MCU (accuracy: 1.2-1.35V) power supply.</td></tr></table>"", ""<table><tr><td>HM ID</td><td>F02/F03/F04/F28</td></tr><tr><td>模块功能 \nModule Function</td><td>EYEQ6-L最小系统组成：外部30MHz晶体给EYEQ6-L提供基本时钟输入，外部20MHz有源晶振提供监控时钟，外扩OSPI接口的2Gb NAND FLASH存储程序，外扩1GB的LPDDR4运存。NXB0104是用于MCU的3V3_SPI和NAND FLASH的1V8_SPI进行电平转换，用于MCU读写NAND FLASH。\nEYEQ6-L minimum system components: an external 30MHz crystal provides the basic clock input for EYEQ6-L, an external 20MHz active crystal provides the monitoring clock, an external 2GbNAND FLASH memory program for OSPI interface, and an external 1GB LPDDR4 operation memory. NXB0104 is used for level conversion of 3V3_SPI of MCU and 1V8-SPI of NAND FLASH for MCU to read and write NAND FLASH.</td></tr><tr><td>模块框图\nModule diagram</td><td></td></tr><tr><td>模块方案\nModule solution</td><td>\n1、处理器\n根据ADAS产品需求图像处理SOC功能安全需要达到ASIL-B，经综合评估选择Mobileye产品EYEQ6-L，最高功能安全可达到ASIL-B，接口资源丰富。\n1.Processor\nAccording to the requirements of ADAS products, the functional safety of image processing SOC needs to reach ASIL-B. After comprehensive evaluation, Mobileye product EYEQ6-L is selected, and the highest functional safety can reach ASIL-B with abundant interface resources. +\n2、时钟\n硬件选型30MHz晶振给EYEQ6-L提供时钟输入，由其内部PLL等电路完成倍频、分频，供其内核和各模块使用。外部20MHz有源晶振作为内部监控时钟。\n2.Clock\nThe 30MHz crystal provides clock input to the EYEQ6-L, and its internal PLL circuit completes frequency multiplication and frequency division for the EyeQ6-L core and each module. The external 20MHz active crystal is energized as an internal monitoring clock.\n3、DDR\nEYEQ6在外扩的DDR中运行程序和存储临时数据，其DDR控制器可支持32bits位宽的LPDDR4 SDRAM，最大读写速率4266 Mb/s/pin 。本设计中选用1片32bit的LPDDR4 SDRAM，型号为车规级器件K4F8E3S4HD-GHCL02V，以充分利用数据带宽，保证EYEQ6的处理速度，LPDDR4工作环境温度为-40℃~105℃，单片总容量1GB。\n3.DDR\nEYEQ6 runs programs and stores temporary data in the extended DDR. Its DDR controller supports LPDDR4 SDRAM with 32bits wide and a maximum read/write rate of 4266Mb/s/pin. In this design, a 32bit LPDDR4 SDRAM is selected, the model is car grade device K4F8E3S4HD-GHCLO2V, in order to make full use of the data bandwidth and ensure the processing speed of EYEQ6. The working environment temperature of LPDDR4 is -40℃-105℃, and the total capacity of a single chip is 1GB.\n\n\n4、NAND FLASH\n选择ME推荐的WinBond公司产品W35N02JWTBKF，容量2Gb，FLASH支持CRC安全机制。\nNXB0104是用于MCU的3V3_ SPI和NAND FLASH的1V8_ SPI进行电平转换，通过MCU_SPI1_CS片选电平转换芯片，实现MCU对NAND FLASH的读写操作，转换芯片在本应用场景下支持最大传输速率80Mbps。\nNAND FLASH\nChoose the WinBond company product W35N02JWTBKF recommended by ME, with a capacity of 2Gb and FLASH supporting CRC security mechanism. \nNXB0104 is used for the level conversion of 3V3_SPI of MCU and 1V8_SPI of NAND FLASH. The level conversion chip is selected by MCU_SPI1_CS chip to realize the reading and writing operation of MCU to NAND FLASH. The converter chip supports a maximum transmission rate of 80Mbps in this application scenario. \n5、电源和复位\nEYEQ6-L需要6路电源：VCC3V3_EQ、VCC0V75、0V75_MIPI_DDR、VCC1V8、VCC1V1、VCC1V8_EQ，其中VCC0V75用于给内核供电。复位信号由MCU通过P02.4口进行控制。\nPower and reset\nEYEQ6-L requires six power sources: VCC3V3-EQ, VCCOV75, OV75_MIPI_DDR, VCC1V8, VCC1V1, VCC1V8_EQ, where VCCOV75 is used to power the core. The reset signal is controlled by the MCU through the P02.4 pin.</td></tr></table>""]","{""original_context_count"": 8, ""original_context_characters"": 12960, ""scored_context_count"": 8, ""scored_context_characters"": 12000, ""contexts_truncated"": true, ""context_selection"": ""claim_coverage""}",0.8366695170169798,0.4332773396255425,1.0,not_applicable,0.94999999997625,1.0,0.0,0.8947368421052632,not_applicable
hw-v1-joint-main-pmic,success,给板子供电的主 PMIC 是哪颗？它输出哪些电压，软件如何配置？,主 PMIC 是 U1700，即 LP87702-Q1，输入 VCC3V3，输出包括 VCC1V1、VCC1V8 和 VCC50；软件配置依据 HSI 7.2 节 LP87702 配置说明，通过 I²C 相关信号配置。,"好的，根据您提供的证据，我将严格基于证据内容回答您的问题。

### 1. 给板子供电的主 PMIC 是哪颗？

**回答：** 给板子供电的主 PMIC 是 **LP87702**。

**来源说明：**
*   证据[10] (document:b6943ae371d76077) 明确指出：“VCC1V8用于EQ6、CAM、DDR、FLASH供电，VCC1V1用于EQ6、DDR供电，VCC50用于CAN收发器供电，现选择LP87702 PMIC方案。”
*   证据[12] (document:5e69a562758e3536) 也确认：“VCC1V8用于EQ6、CAM、DDR、FLASH供电。VCC1V1用于EQ6、DDR供电。VCC50用于CAN收发器供电，现选择LP87702 PMIC方案。”
*   证据[17] (document:44c4021cbbe6e903) 中的表格也列出了模块 “F013” 的名称为 “POWER”，方案为 “LP87702”。

### 2. 该主PMIC输出哪些电压，以及软件如何配置？

**回答：**

**输出电压：**
LP87702 将输入的 VCC3V3 转换为以下三个电压输出：
1.  **VCC1V8**：用于 EQ6、CAM、DDR、FLASH 供电。
2.  **VCC1V1**：用于 EQ6、DDR 供电。
3.  **VCC50**：用于 CAN 收发器供电。

**来源说明：**
*   证据[10] (document:b6943ae371d76077) 和证据[12] (document:5e69a562758e3536) 均详述了这三个电压输出及其用途。
*   证据[17] (document:44c4021cbbe6e903) 的表格也确认了 LP87702 的功能为：“VCC3V3电压输入，VCC1V1、VCC1V8、VCC50电压输出”。

**软件配置方法：**
软件通过以下方式配置 LP87702：
1.  **使能控制**：MCU 通过其 **P15.3** 引脚使能 LP87702 的 VCC50 (5V) 输出。
2.  **电压设置与使能**：MCU 通过 **I2C** 通信接口（使用引脚 **MCU_SCL_P15.4** 和 **MCU_SDA_P15.5**）来设置 VCC1V8 和 VCC1V1 的输出电压，并使能这些输出。
3.  **I2C 地址**：LP87702 的 I2C 设备地址为 **0x08**。
4.  **复位**：MCU 通过其 **P12.1** 引脚来复位 LP87702 芯片。

**来源说明：**
*   证据[12] (document:5e69a562758e3536) 描述了：“用MCU的P15.3引脚使能该芯片的5V输出，用MCU_SCL_P15.4，MCU_SDA_P15.5 I2C通信来设置1.8V和1.1输出电压和使能。用MCU的P12.1引脚复位该芯片。”
*   证据[18] (document:0a2d86c848720c0c) 确认了 I2C 通信引脚 (MCU_SDA_P15.5, MCU_SCL_P15.4) 和 LP87702 的 I2C 地址 (0x08)。

### 缺失信息

*   **软件配置的具体寄存器设置**：证据[15] (document:d69d04d302326d46) 的目录中提到了“LP87702配置 LP87702 Configuration”章节，并提及“LP87702运行期间需要MCU通过I2C配置的寄存器如下所示：Table 5-2 LP87702 Configuration”，但提供的证据内容中并未包含该表格的具体寄存器配置值。因此，**具体的寄存器地址、位域定义和配置值在现有证据中缺失**。

### 证据冲突

在证据[9] (document:0987620a09f7a3bf) 中，存在多处内部数据冲突，无法得出唯一确定结论。具体冲突如下：

| 冲突字段 | 冲突值 | 来源 |
| :--- | :--- | :--- |
| `register` | `fs_i_ovuv_safe_`, `nan`, `register` | 同一份文档 (600608964_ADAS_HSI_0506_1952_shoulin.wang.docx) |
| `symbol` | `nan`, `symbol`, `vmon_ldo1_ov_`, `vmon_ldo1_uv_` | 同一份文档 |
| `description` | `00`, `01 v`, `10 v`, `11 v`, `description`, `nan`, `reset` | 同一份文档 |
| `register.1` | `nan`, `note` | 同一份文档 |
| `description.1` | `111`, `nan`, `reset` | 同一份文档 |
| `id` | `86`, `swrs_tc3xx_006`, `swrs_tc3xx_016`, `swrs_tc3xx_018`, `swrs_tc3xx_020`, `swrs_tc3xx_021` | 同一份文档 |
| `sm name` | `common`, `processor` | 同一份文档 |
| `sm tsr` | `after`, `in`, `the` | 同一份文档 |
| `no.` | `58`, `59`, `60`, `61`, `67`, `68`, `69`, `70`, `71`, `72`, `86`, `87`, `88` | 同一份文档 |
| `alarm id` | `alm8`, `alm9` | 同一份文档 |

**说明**：以上冲突均源自同一份文档 `600608964_ADAS_HSI_0506_1952_shoulin.wang.docx`，表格中同一列（如 `register`, `symbol`, `description` 等）在不同行出现了多种不同的值，包括具体的寄存器名称、描述以及占位符（如 `nan`）和列标题（如 `register`, `symbol`）。由于这些冲突，无法基于此证据确定任何有效的寄存器配置信息。","好的，根据您提供的证据，我将严格基于证据内容回答您的问题。

### 1. 给板子供电的主 PMIC 是哪颗？

**回答：** 给板子供电的主 PMIC 是 **LP87702**。

### 2. 该主PMIC输出哪些电压，以及软件如何配置？

**回答：**

**输出电压：**
LP87702 将输入的 VCC3V3 转换为以下三个电压输出：
1.  **VCC1V8**：用于 EQ6、CAM、DDR、FLASH 供电。
2.  **VCC1V1**：用于 EQ6、DDR 供电。
3.  **VCC50**：用于 CAN 收发器供电。

**软件配置方法：**
软件通过以下方式配置 LP87702：
1.  **使能控制**：MCU 通过其 **P15.3** 引脚使能 LP87702 的 VCC50 (5V) 输出。
2.  **电压设置与使能**：MCU 通过 **I2C** 通信接口（使用引脚 **MCU_SCL_P15.4** 和 **MCU_SDA_P15.5**）来设置 VCC1V8 和 VCC1V1 的输出电压，并使能这些输出。
3.  **I2C 地址**：LP87702 的 I2C 设备地址为 **0x08**。
4.  **复位**：MCU 通过其 **P12.1** 引脚来复位 LP87702 芯片。

### 缺失信息

*   **软件配置的具体寄存器设置**：证据[15] (document:d69d04d302326d46) 的目录中提到了“LP87702配置 LP87702 Configuration”章节，并提及“LP87702运行期间需要MCU通过I2C配置的寄存器如下所示：Table 5-2 LP87702 Configuration”，但提供的证据内容中并未包含该表格的具体寄存器配置值。因此，**具体的寄存器地址、位域定义和配置值在现有证据中缺失**。

### 证据冲突

在证据[9] (document:0987620a09f7a3bf) 中，存在多处内部数据冲突，无法得出唯一确定结论。具体冲突如下：

| 冲突字段 | 冲突值 | 来源 |
| :--- | :--- | :--- |
| `register` | `fs_i_ovuv_safe_`, `nan`, `register` | 同一份文档 (600608964_ADAS_HSI_0506_1952_shoulin.wang.docx) |
| `symbol` | `nan`, `symbol`, `vmon_ldo1_ov_`, `vmon_ldo1_uv_` | 同一份文档 |
| `description` | `00`, `01 v`, `10 v`, `11 v`, `description`, `nan`, `reset` | 同一份文档 |
| `register.1` | `nan`, `note` | 同一份文档 |
| `description.1` | `111`, `nan`, `reset` | 同一份文档 |
| `id` | `86`, `swrs_tc3xx_006`, `swrs_tc3xx_016`, `swrs_tc3xx_018`, `swrs_tc3xx_020`, `swrs_tc3xx_021` | 同一份文档 |
| `sm name` | `common`, `processor` | 同一份文档 |
| `sm tsr` | `after`, `in`, `the` | 同一份文档 |
| `no.` | `58`, `59`, `60`, `61`, `67`, `68`, `69`, `70`, `71`, `72`, `86`, `87`, `88` | 同一份文档 |
| `alarm id` | `alm8`, `alm9` | 同一份文档 |

**说明**：以上冲突均源自同一份文档 `600608964_ADAS_HSI_0506_1952_shoulin.wang.docx`，表格中同一列（如 `register`, `symbol`, `description` 等）在不同行出现了多种不同的值，包括具体的寄存器名称、描述以及占位符（如 `nan`）和列标题（如 `register`, `symbol`）。由于这些冲突，无法基于此证据确定任何有效的寄存器配置信息。","[""Net MCU_nINT_PMIC_P12.1 connects R1703.&2, TP1133.&1, U1700.nINT, U900D.P12.1/GETH_MDIOC/ASCLIN3_ASLSO/CAN00_TXD/GETH_MDIO."", ""Module Group 15 · Power/PMIC connects to Group 17 · Power/PMIC through net GND."", ""Module Group 15 · Power/PMIC connects to Group 18 · Power/PMIC through net GND."", ""Module Group 15 · Power/PMIC connects to Group 6 · Power/PMIC through net GND."", ""Module Group 17 · Power/PMIC connects to Group 18 · Power/PMIC through net GND."", ""Module Group 17 · Power/PMIC connects to Group 18 · Power/PMIC through net MCU_SCL_P15.4."", ""Module Group 17 · Power/PMIC connects to Group 18 · Power/PMIC through net MCU_SDA_P15.5."", ""Module Group 17 · Power/PMIC connects to Group 6 · Power/PMIC through net GND."", ""\nRegister：nan; Symbol：nan; Description：nan; Unnamed: 3：nan; Register.1：nan; Symbol.1：nan; Description.1：111 Closed Window : 50 % / Open Window : 50 % ——13_Registers Bit Description\nRegister：Register; Symbol：Symbol; Description：Description; Unnamed: 3：nan; Register.1：nan; Symbol.1：nan; Description.1：Reset on Power On Reset (POR) ——13_Registers Bit Description\nRegister：FS_I_OVUV_SAFE_\nREACTION1; Symbol：VMON_LDO1_OV_\nFS_REACTION; Description：00 No effect on RSTB and FS0B; Unnamed: 3：nan; Register.1：nan; Symbol.1：nan; Description.1：nan ——13_Registers Bit Description\nRegister：nan; Symbol：nan; Description：01 VMON_LDO1 OV asserts FS0B only; Unnamed: 3：nan; Register.1：nan; Symbol.1：nan; Description.1：nan ——13_Registers Bit Description\nRegister：nan; Symbol：nan; Description：10 VMON_LDO1 OV asserts RSTB and FS0B; Unnamed: 3：nan; Register.1：nan; Symbol.1：nan; Description.1：nan ——13_Registers Bit Description\nRegister：nan; Symbol：nan; Description：11 VMON_LDO1 OV asserts RSTB and FS0B; Unnamed: 3：nan; Register.1：Note:本页均为配置寄存器，以支持需求开发人员快速确定具体项目需要配置的bits; Symbol.1：nan; Description.1：nan ——13_Registers Bit Description\nRegister：nan; Symbol：nan; Description：Reset on Power On Reset (POR); Unnamed: 3：nan; Register.1：nan; Symbol.1：nan; Description.1：nan ——13_Registers Bit Description\nRegister：nan; Symbol：VMON_LDO1_UV_\nFS_REACTION; Description：00 No effect on RSTB and FS0B; Unnamed: 3：nan; Register.1：nan; Symbol.1：nan; Description.1：nan ——13_Registers Bit Description\nRegister：nan; Symbol：nan; Description：01 VMON_LDO1 OV asserts FS0B only; Unnamed: 3：nan; Register.1：nan; Symbol.1：nan; Description.1：nan ——13_Registers Bit Description"", ""<table><tr><td>HM ID</td><td>F11/F12/F13/F14/F15/F16/F17/F18/F19/F25/F27</td></tr><tr><td>模块功能 \nModule Function</td><td>系统使用车载电池12V电压供电，经过EMI电路后输入至电源转换芯片，转换输出系统各模块所需电源。\nThe system uses 12V voltage power supply from the vehicle battery, which is input to the power conversion chip through the EMI circuit. Then the power conversion chip convert and output the power required by each module of the system.</td></tr><tr><td>模块框图\nModule diagram</td><td></td></tr><tr><td>模块方案\nModule solution</td><td>KL30 EMI (ASIL-B)\nKL30供电口处增加EMI电路，用于供电保护和滤波。硬件电路设计在UBD网络增加两个串联ESD电容，PCB布局靠近主连接器引脚处，用于吸收外部ESD信号，后端增加双向TVS管用于瞬态过压保护\nThe EMI circuit is added at the KL30 power supply port for power supply protection and filtering. The hardware circuit design adds two series ESD capacitors in the UBD network, the PCB layout is close to the main connector pin for absorbing external ESD signals, and the two-way TVS tube is added at the back end for transient overvoltage protection.\nKL30 to VCC3V3 (ASILB)\nKL30转VCC3V3是系统一级DC-DC，给MCU提供VCC3V3_MCU电源，所以系统要求其满足ASILB，确保MCU功能安全。\nKL30 to VCC3V3 is a system primary DC-DC chip, because the MCU needs VCC3V3_MCU power supply, so the system requires it to meet the ASILB to ensure the functional safety of the MCU.\nVCC3V3_MCU to VCC1V25_MCU(ASILB)\n3V3转1V25_MCU是使用MCU内置控制器进行控制的BUCK电源，用于MCU的核供电，功能安全需求达到ASILB，确保MCU功能安全。\n3V3 to 1V25_MCU is a BUCK power supply controlled by MCU built-in controller, which is used for MCU nuclear power supply. Functional safety requirements meet ASILB to ensure the functional safety of MCU.\nVCC3V3 to VCC0V75(QM(B))\nVCC3V3转VCC0V75应用于EQ6的内核供电，要求输出电流能力大，现选型TI的电源方案TPS62872。用MCU的P22.0引脚使能芯片，用MCU_SDA_P15.5，MCU_SCL_P15.4引脚I2C通信来设置输出电压和通信。\nVCC3V3 to VCC0V75 is applied to the core power supply of EQ6, which requires large output current capacity. The power supply scheme TPS62872 of TI is selected. P22.0 pin of MCU is used to enable the chip, and MCU_SDA_P15.5, MCU_SCL_P15.4 pin I2C communication is used to set the output voltage and communication. \nVCC3V3 to 0V75_MIPI_DDR(QM(B))\nVCC3V3转0V75_MIPI_DDR用于EQ6的IO口供电，现使用矽力杰的SA23002进行设计。用MCU的P22.1引脚使能该芯片。\nVCC3V3 to 0V75_MIPI_DDR for EQ6 IO port power supply, Silergy’s SA23002 is designed. The P22.1 pin of the MCU is used to enable the chip.\nVCC3V3转VCC1V8、VCC1V1、VCC50(QM(B))\nVCC1V8用于EQ6、CAM、DDR、FLASH供电，VCC1V1用于EQ6、DDR供电，VCC50用于CAN收发器供电，现选择LP87702 PMIC方案。用MCU的P15.3引脚使能该芯片的5V输出，用MCU_SCL_P15.4，MCU_SDA_P15.5 I2C通信来设置1.8V和1.1V输出电压和使能。\nVCC1V8 is used for EQ6, CAM, DDR, FLASH power supply, VCC1V1 is used for EQ6, DDR power supply, VCC50 is used for CAN transceiver  power supply, LP87702 PMIC scheme is selected. P15.3 pin of MCU is used to enable 5V output of the chip, and MCU_SCL_P15.4, MCU_SDA_P15.5 I2C communication is used to set 1.8V and 1.1V output voltage and enable it. \nVCC3V3 to VCC3V3_EQ(QM(B))\nVCC3V3转VCC3V3_EQ用于EQ6的IO和摄像头供电，现使用负载开关进行设计。用MCU的P20.3引脚使能该芯片。\nVCC3V3 to VCC3V3_EQ for EQ6’s IO and camera power supply, now using the load switch is designed. .The P20.3 pin of the MCU is used to enable the chip.\n\tVCC3V3 to VCC3V3_ETH(QM)\n3V3转3V3_ETH用于ETH供电，现选择负载开关方案。用MCU的P21.0引脚使能该芯片。\n3V3 to 3V3_ETH for ETH power supply, the load switch scheme is selected. . The P21.0 pin of the MCU is used to enable the chip.\n\tVCC1V8 to VCC1V8_EQ(QM(B))\nVCC1V8转VCC1V8_EQ用于EQ供电，现选择负载开关方案。用MCU的P20.0引脚使能该芯片。\nVCC1V8 to VCC1V8_EQ for EQ power supply, the load switch scheme is selected. . The P20.0 pin of the MCU is used to enable the chip.</td></tr><tr><td colspan='2'></td></tr></table>"", ""\n数量统计：4; ID：86; SM Name：Processor mechanism for SPF; SM TSR：The ECU shall integrate the processing platform safety mechanism for SPF._x000D_\nWhen the processor SPF is confirmed, the ECU shall:_x000D_\n1. stop outputing ADAS request and;_x000D_\n2. disable the CAN communication and;_x000D_\n3. reset processing platform._x000D_\nFHTI < 300 ms._x000D_\nWhen the processor SPF is no longer detected after the processor reset, the ECU shall clear the processor SPF.  ——SYS SM \nID：SWRS_TC3XX_006; SM Name：COMMON; SM TSR：In initialization process, the SW shall configure SMU reset type to system reset. ——SYS SM \nID：SWRS_TC3XX_018; SM Name：COMMON; SM TSR：The SW shall enable the lockstep. ——SYS SM \nID：SWRS_TC3XX_020; SM Name：COMMON; SM TSR：软件应该避免PLFASH中出现全0或者全1。如果可能出现全0情况，软件应该使用0x36填充，不能写全1填充。 ——SYS SM \nID：SWRS_TC3XX_021; SM Name：COMMON; SM TSR：软件应保证受CPU0 ENDINIT保护的寄存器被写操作时，正确解开CPU ENDINIT保护，写完寄存器后，再次锁上CPU ENDINIT保护。\n解开CPU ENDINIT保护前，软件应屏蔽中断，防止写寄存器时间超时。\n解开CPU ENDINIT保护后，写寄存器的时间小于1us ——SYS SM \nID：SWRS_TC3XX_016; SM Name：COMMON; SM TSR：After SMU reset, the SW shall read the SMU fault status register and store SMU fault DTC and Snapshot in NVM. \n\nThe SW can clear SMU fault DTC and Snapshot by the diagnostic sevice. （备注：恒润下线时清除Snapshot信息）\n\nThe SW can clear SMU fault DTC and Snapshot if no SMU fault for consecutive TBD ignition cycle .  ——SYS SM "", ""<table><tr><td>HM ID</td><td>F13</td></tr><tr><td>模块功能 \nModule Function</td><td>VCC1V8用于EQ6、CAM、DDR、FLASH供电。VCC1V1用于EQ6、DDR供电。VCC50用于CAN收发器供电，现选择LP87702 PMIC方案。\nVCCIV8 is used to power EQ6, CAM, DDR, FLASH.VCC1V1 is used to power EQ6,DDR. VCC50 is used for CAN transceiver power supply, now choose LP87702 PMIC scheme. \n</td></tr><tr><td>模块框图\nModule diagram</td><td></td></tr><tr><td>模块方案\nModule solution</td><td>\n采用LP87702芯片，将VCC3V3转换为VCC1V8、VCC1V1、VCC50，其中VCC1V8用于EQ6、CAM、DDR、FLASH供电，VCC1V1用于EQ6、DDR供电，VCC50用于CAN收发器供电。用MCU的P15.3引脚使能该芯片的5V输出，用MCU_SCL_P15.4，MCU_SDA_P15.5 I2C通信来设置1.8V和1.1输出电压和使能。用MCU的P12.1引脚复位该芯片。\nLP87702 chip is used to convert VCC3V3 into VCC1V8, VCC1V1 and VCC50, in which VCC1V8 is used for EQ6, CAM, DDR and FLASH power supply, VCC1V1 is used for EQ6 and DDR power supply, and VCC50 is used for CAN transceiver power supplyP15.3 pin of MCU is used to enable 5V output of the chip, and MCU_SCL_P15.4, MCU_SDA_P15.5 I2C communication is used to set 1.8V and 1.1 output voltage and enable it. Reset the chip with P12.1 pin of the MCU. </td></tr></table>"", ""\nNo.：67; Alarm ID：ALM8[9]; Alarm name：External Request Unit Alarm 3; Related SMs：SM[HW]:SCU.ERU:EXT_ALARM_GENERATION; Safety related ?：N; Fault Handling\n(Refer to Note)：• NO ACTION; Status：nan; Person in charge：nan; Comment：nan ——12.1 TC37X_HWSM\nNo.：68; Alarm ID：ALM8[10]; Alarm name：CPU0 Watchdog time-out; Related SMs：SM[HW]:SCU:ENDINIT_WATCHDOG; Safety related ?：N; Fault Handling\n(Refer to Note)：• NO ACTION; Status：nan; Person in charge：nan; Comment：1. ENDINIT Timeout：\n1.1 受CPU0 ENDINIT保护的寄存器被写操作时，需要正确解开CPU ENDINIT保护，写完寄存器后，再次锁上CPU ENDINIT保护。\n1.2. 解开CPU ENDINIT保护前，软件应屏蔽中断，防止写寄存器时间超时。\n1.3. 解开CPU ENDINIT保护后，写寄存器的时间小于1us\n2. Watchdog Timeout\n软件应该按照功能要求，在规定时间内进行喂狗操作。 ——12.1 TC37X_HWSM\nNo.：69; Alarm ID：ALM8[11]; Alarm name：CPU1 Watchdog time-out; Related SMs：SM[HW]:SCU:ENDINIT_WATCHDOG; Safety related ?：N; Fault Handling\n(Refer to Note)：• NO ACTION; Status：nan; Person in charge：nan; Comment：1. ENDINIT Timeout：\n1.1 受CPU1 ENDINIT保护的寄存器被写操作时，需要正确解开CPU ENDINIT保护，写完寄存器后，再次锁上CPU ENDINIT保护。\n1.2. 解开CPU ENDINIT保护前，软件应屏蔽中断，防止写寄存器时间超时。\n1.3. 解开CPU ENDINIT保护后，写寄存器的时间小于1us\n2. Watchdog Timeout\n软件应该按照功能要求，在规定时间内进行喂狗操作。 ——12.1 TC37X_HWSM"", ""<table><tr><td>HM ID</td><td>F20/F21/F22/F23</td></tr><tr><td>运行模式\nOperation Mode</td><td>运行模式、待机模式、Sleep模式、OFF模式、Overtemp模式\nRun mode, standby mode, Sleep mode, OFF mode, Overtemp mode.</td></tr><tr><td>模式定义\nDefinition of Operation mode</td><td>TCAN1044A：\n1、\t运行模式\nSTB设置为低电平使能Normal模式，收发器可以通过总线CANH和CANL发送接收数据。\n2、\t待机模式\nSTB设置为高电平使能Standby模式，收发器将不再发送接收数据。\n1.Run mode\nThe STB is set to low to enable Normal mode, and the transceiver can send and receive data through the bus CANH and CANL. \n2.Standby mode\nThe STB is set to high level enable Standby mode, and the transceiver will no longer send the received data.\nTCAN1145：\n1、Normal模式\n通过SPI3配置寄存器MC=111进入Normal模式，收发器可以通过总线CANH和CANL发送接收数据。\n2、Standby模式\n通过SPI3配置寄存器MC=100，使能Standby模式，收发器将不再发送接收数据，但INH引脚依然有效。\n3、Sleep模式\n   通过SPI3配置寄存器MC=001或者发生欠压事件，CAN收发器进入sleep模式。该模式下INH为高阻态。\n与TJA1145寄存器地址有差别，软件开发需要注意。\n4、Off模式\n当电源电压过低无法为IC供电，收发器进入Off模式，该模式下CAN引脚和INH引脚为高阻态。\n5、Overtemp模式\n当芯片整体温度高于阈值，会进入过温模式，该模式下收发器的发送端和接收端被禁用，INH引脚为高阻态。\nNormal mode\nThe Normal mode is entered through SPI3 configuration register MC=111, and the transceiver can send and receive data through buses CANH and CANL. \nStandby mode\nBy configuring the SPI3 register MC=100 to enable the Standby mode, the transceiver will no longer send the received data, but the INH pin will remain active. \nSleep mode\nThrough SPI3 configuration register MC=001 or an undervoltage event occurs, the CAN transceiver goes into sleep mode. In this mode, INH is in the high impedance state. \nOff mode\nWhen the supply voltage is too low to power the IC, the transceiver enters the Of mode, in which the CAN pin and INH pin are in the high resistance state. \nOvertemp mode\nWhen the overall chip temperature is higher than the threshold, it will enter the over-temperature mode, in which the transmitter and receiver of the transceiver are disabled, and the INH pin is in the high impedance state. </td></tr><tr><td>模式切换接口\nMode switching interface</td><td></td></tr><tr><td>模式状态机\nMode state machine</td><td>TCAN1044A：\n\nTCAN1145：\n\n</td></tr><tr><td>模式切换条件\nMode switching condition</td><td>参考：\n产品系统需求规格说明\n产品系统方案设计说明书\nReference: \nProduct system requirement specification \nProduct system scheme design specification.</td></tr><tr><td>备注\nNote</td><td></td></tr></table>"", ""ADC电压采集阈值 The ADC voltage acquisition thresholdWCCA计算结果如下，软件应按照如下过欠压阈值设置：The WCCA calculation results are as follows. The software should be set according to the following overvoltage and undervoltage thresholds:EQ6L上下电时序要求 EQ6L Power-on and power-off sequence requirements共享和独占的硬件资源 Shared and Exclusive Hardware ResourceECU-MCU信号对应关系 ECU-MCU Signal MappingMCU时钟配置 MCU Clock Configuration存储器配置 Memeory ConfigurationTable 4-5Memory Configuration其他芯片配置 Other IC Configuration其他芯片的通讯机制 Communication Mechanism with Other ICLP87702配置 LP87702 ConfigurationLP87702运行期间需要MCU通过I2C配置的寄存器如下所示：Table 5-2 LP87702 ConfigurationTPS62872配置 TPS62872 ConfigurationTPS62872运行期间需要MCU通过I2C配置的寄存器如下所示：Table 5-3 TPS62872 Configuration安全机制 Safety MechanismsSystem levelHW level硬件安全分析无新增安全机制IC level模板变更历史Template Change History填写说明Filling instructions：变更单号YYYYMM00X为记录顺序号，如：202203002，表示的是2022年03月的第二份此类文档。首次发布不分配变更单号，变更单号处填NA。The change order number YYYYMM00X is the record sequence number, such as 202203002, which represents the second such document in March 2022. No change order number will be allocated for the first release, and Na will be filled in the change order number.变更原因填写以客户审核需要变更为例：由于XX客户在客户审核时发现XX问题，需要调整模板。Fill in the revision note. Take the need for change in customer audit as an example: because XX customer found XX problem during customer audit, the template needs to be adjusted.变更内容填写以客户审核发现问题需要更改为例：由于XX客户在客户审核时发现XX问题，特增加XXX的变更内容。"", ""\nNo.：70; Alarm ID：ALM8[12]; Alarm name：CPU2 Watchdog time-out; Related SMs：SM[HW]:SCU:ENDINIT_WATCHDOG; Safety related ?：N; Fault Handling\n(Refer to Note)：• NO ACTION; Status：nan; Person in charge：nan; Comment：1. ENDINIT Timeout：\n1.1 受CPU2 ENDINIT保护的寄存器被写操作时，需要正确解开CPU ENDINIT保护，写完寄存器后，再次锁上CPU ENDINIT保护。\n1.2. 解开CPU ENDINIT保护前，软件应屏蔽中断，防止写寄存器时间超时。\n1.3. 解开CPU ENDINIT保护后，写寄存器的时间小于1us\n2. Watchdog Timeout\n软件应该按照功能要求，在规定时间内进行喂狗操作。 ——12.1 TC37X_HWSM\nNo.：71; Alarm ID：ALM8[16]; Alarm name：Safety Watchdog time-out; Related SMs：SM[HW]:SCU:SAFETY_WATCHDOG; Safety related ?：N; Fault Handling\n(Refer to Note)：• NO ACTION; Status：nan; Person in charge：nan; Comment：Safety ENDINIT Timeout：\n1.1 受Safety ENDINIT保护的寄存器被写操作时，需要正确解开Safety ENDINIT保护，写完寄存器后，再次锁上Safety ENDINIT保护。\n1.2. 解开Safety ENDINIT保护前，软件应屏蔽中断，防止写寄存器时间超时。\n1.3. 解开Safety ENDINIT保护后，写寄存器的时间小于1us ——12.1 TC37X_HWSM\nNo.：72; Alarm ID：ALM8[17]; Alarm name：All Watchdogs watchdog time-out. This alarm is a logical OR over all watchdog time-out alarms.; Related SMs：SM[HW]:SCU:ENDINIT_WATCHDOG; Safety related ?：N; Fault Handling\n(Refer to Note)：• NO ACTION; Status：nan; Person in charge：nan; Comment：nan ——12.1 TC37X_HWSM"", ""<table><tr><td>序号</td><td>模块序号</td><td>模块名称</td><td>功能定义</td><td>功能安全需求</td></tr><tr><td>1</td><td>F013</td><td>POWER</td><td>LP87702，VCC3V3电压输入，VCC1V1、VCC1V8、VCC50电压输出</td><td>QM(B)</td></tr><tr><td>1</td><td>F01</td><td>MCU</td><td>SAK-TC377TP-96F300S AA</td><td>B(B)</td></tr><tr><td>1</td><td>F08</td><td>EQ system power sample1</td><td>EQ6L系统供电电源电压ADC采样滤波、分压电路</td><td>B(B)</td></tr><tr><td>2</td><td>F14</td><td>POWER</td><td>TPS62872，VCC3V3电压输入，VCC0V75电压输出，EQ6L核电供电</td><td>QM(B)</td></tr><tr><td>2</td><td>F01</td><td>MCU</td><td>SAK-TC377TP-96F300S AA</td><td>B(B)</td></tr><tr><td>2</td><td>F08</td><td>EQ system power sample</td><td>EQ6L系统供电电源电压ADC采样滤波、分压电路</td><td>B(B)</td></tr><tr><td>3</td><td>F15</td><td>POWER</td><td>SA23002，VCC3V3输入，0V75_MIPI_DDR电压输出</td><td>QM(B)</td></tr><tr><td>3</td><td>F01</td><td>MCU</td><td>SAK-TC377TP-96F300S AA</td><td>B(B)</td></tr><tr><td>3</td><td>F08</td><td>EQ system power sample</td><td>EQ6L系统供电电源电压ADC采样滤波、分压电路</td><td>B(B)</td></tr><tr><td>4</td><td>F16</td><td>POWER</td><td>TPS22918负载开关，VCC3V3电压输入，VCC3V3_EQ输出</td><td>QM(B)</td></tr><tr><td>4</td><td>F01</td><td>MCU</td><td>SAK-TC377TP-96F300S AA</td><td>B(B)</td></tr><tr><td>4</td><td>F08</td><td>EQ system power sample</td><td>EQ6L系统供电电源电压ADC采样滤波、分压电路</td><td>B(B)</td></tr></table>"", ""\nMCU Component ：F01/ MCU; None：QM; None：E11; None：P12.1; None：P12.1/GTM_TIM4_IN1_6/GTM_TIM3_IN1_6/GETH_MDIOC/GTM_TOUT129/CAN00_TXD/GETH_MDIO; None：GPIO; None：MCU_nINT_PMIC_P12.1; None：/; None：I; None：LP87702的输出中断信号。\n高：无中断信号\n低：输出中断信号; None：HI-Z，硬件外部上拉; None：—; SW Variable Name or SW Function Name：— ——Port1\nHW Interface Component ：QM(B); None：F13/POWER\nF14/POWER; None：MCU配置LP87702、TPS62872; MCU Component ：F01/MCU; None：B; None：E14; None：P15.5; None：P15.5/GTM_TIM3_IN0_4/GTM_TIM2_IN0_4/QSPI2_MTSRA/GTM_TOUT76/QSPI2_MTSR/MSC0_EN0/I2C0_SDA; None：I2C0_SDAC; None：MCU_SDA_P15.5; None：/; None：IO; None：IIC_SDA信号\n\n外挂LP87702和TPS62872\n\nLP87702地址：0x08\nTPS62872地址：0x41; None：HI-Z，硬件外部上拉; None：—; SW Variable Name or SW Function Name：— ——Port1\nMCU Component ：F01/MCU; None：B; None：A17; None：P15.4; None：P15.4/GTM_TIM3_IN7_4/GTM_TIM2_IN7_4/I2C0_SCLC/QSPI2_MRSTA/SCU_E_REQ0_0/GTM_TOUT75/QSPI2_MRST; None：I2C0_SCL; None：MCU_SCL_P15.4; None：/; None：O; None：IIC_CLK信号\n\n外挂LP87702和TPS62872\n\nLP87702地址：0x08\nTPS62872地址：0x41; None：HI-Z，硬件外部上拉; None：—; SW Variable Name or SW Function Name：— ——Port1"", ""\nNo.：58; Alarm ID：ALM8[0]; Alarm name：OSC clock frequency out of range; Related SMs：SM[HW]:CLOCK:OSC_MONITOR; Safety related ?：Y; Fault Handling\n(Refer to Note)：Internal actions: \n• INTERRUPT REQUEST or NMI TRAP REQUEST\n• 中断触发后，软件在中断中保存SMU_AG到一片外狗复位不清除的RAM区，然后通过外狗进行复位\n• 软件在TRAP中，先判断SMU_AG是否为0。若SMU_AG≠0，则保存SMU_AG到一片外狗复位不清除的RAM区，然后通过外狗进行复位。若SMU_AG=0，则不保存SMU_AG。; Status：nan; Person in charge：nan; Comment：软件应该正确配置fosc，其值应与外部实际硬件晶振频率一致。 ——12.1 TC37X_HWSM\nNo.：59; Alarm ID：ALM8[1]; Alarm name：Back-up clock out-of-range alarm; Related SMs：SM[HW]:CLOCK:OSC_MONITOR; Safety related ?：N; Fault Handling\n(Refer to Note)：• NO ACTION; Status：nan; Person in charge：nan; Comment：nan ——12.1 TC37X_HWSM\nNo.：60; Alarm ID：ALM8[2]; Alarm name：Back-up clock alive alarm; Related SMs：SM[HW]:CLOCK:ALIVE_MONITOR; Safety related ?：N; Fault Handling\n(Refer to Note)：• NO ACTION; Status：nan; Person in charge：nan; Comment：nan ——12.1 TC37X_HWSM\nNo.：61; Alarm ID：ALM8[3]; Alarm name：System PLL DCO loss of lock event; Related SMs：SM[HW]:CLOCK:PLL_LOSS_OF_LOCK_DETECTION; Safety related ?：Y; Fault Handling\n(Refer to Note)：Internal actions: \n• INTERRUPT REQUEST or NMI TRAP REQUEST\n• 中断触发后，软件在中断中保存SMU_AG到一片外狗复位不清除的RAM区，然后通过外狗进行复位\n• 软件在TRAP中，先判断SMU_AG是否为0。若SMU_AG≠0，则保存SMU_AG到一片外狗复位不清除的RAM区，然后通过外狗进行复位。若SMU_AG=0，则不保存SMU_AG。; Status：nan; Person in charge：nan; Comment：nan ——12.1 TC37X_HWSM"", ""3.3.5 EQ6最小系统 EQ6 minimum system\t553.3.6 摄像头最小系统 camera minimum system\t593.3.7 看门狗电路 Watchdog circuit\t613.3.8 温度采样电路 Temp Sample circuit\t623.3.9 ETH电路 ETH circuit\t633.3.10 CAN FD电路 CAN FD circuit\t654\tADC电压采集阈值 The ADC voltage acquisition threshold\t685\tEQ6L上下电时序要求 EQ6L Power-on and power-off sequence requirements\t686\t共享和独占的硬件资源 Shared and Exclusive Hardware Resource\t696.1 ECU-MCU信号对应关系 ECU-MCU Signal Mapping\t696.2 MCU时钟配置 MCU Clock Configuration\t706.3 存储器配置 Memeory Configuration\t717\t其他芯片配置 Other IC Configuration\t717.1 其他芯片的通讯机制 Communication Mechanism with Other IC\t717.2 LP87702配置 LP87702 Configuration\t727.3 TPS62872配置 TPS62872 Configuration\t728\t安全机制 Safety Mechanisms\t736.1 System level\t736.2 HW level\t736.3 IC level\t73概述 Introduction目的 Purpose软硬接口文档的目的是描述软件和硬件的交互，并且确保软件硬件和TSR的一致性。The goal of the hardware software interface document is to specify the hardware and software interaction and be consistent with the technical safety concept.适用范围 Range of Application此文档适用于奇瑞EQ6L T1G ADAS项目的功能安全开发全过程。This document is applied for the whole functional safety development process of  EQ6L T1G ADAS project.读者对象 TReader项目经理Project Manager项目组成员Project Team Members功能安全经理Functional Safety Manager功能安全工程师Functional Safety System Engineer硬件工程师 Hardware Engineer软件工程师 Software Engineer质量和审查人员QA and Assessor产品测试人员Product Test Engineer"", ""\nNo.：86; Alarm ID：ALM9[0]; Alarm name：Temperature overflow; Related SMs：SM[HW]:DTS:TEMPERATURE_MONITOR; Safety related ?：Y; Fault Handling\n(Refer to Note)：Internal actions: \n• INTERRUPT REQUEST or NMI TRAP REQUEST\n• 中断触发后，软件在中断中保存SMU_AG到一片外狗复位不清除的RAM区，然后通过外狗进行复位\n• 软件在TRAP中，先判断SMU_AG是否为0。若SMU_AG≠0，则保存SMU_AG到一片外狗复位不清除的RAM区，然后通过外狗进行复位。若SMU_AG=0，则不保存SMU_AG。; Status：nan; Person in charge：nan; Comment：软件应该正确配置MCU过温保护阈值，过温阈值为150℃。 ——12.1 TC37X_HWSM\nNo.：87; Alarm ID：ALM9[1]; Alarm name：Temperature underflow; Related SMs：SM[HW]:DTS:TEMPERATURE_MONITOR; Safety related ?：Y; Fault Handling\n(Refer to Note)：Internal actions: \n• INTERRUPT REQUEST or NMI TRAP REQUEST\n• 中断触发后，软件在中断中保存SMU_AG到一片外狗复位不清除的RAM区，然后通过外狗进行复位\n• 软件在TRAP中，先判断SMU_AG是否为0。若SMU_AG≠0，则保存SMU_AG到一片外狗复位不清除的RAM区，然后通过外狗进行复位。若SMU_AG=0，则不保存SMU_AG。; Status：nan; Person in charge：nan; Comment：软件应该正确配置MCU欠温保护阈值，欠温阈值-50℃。 ——12.1 TC37X_HWSM\nNo.：88; Alarm ID：ALM9[3]; Alarm name：Over-voltage Alarm; Related SMs：SM[HW]:PMS:VDDM_MONITOR\nSM[HW]:PMS:VDDP3_MONITOR\nSM[HW]:PMS:VDDPD_MONITOR\nSM[HW]:PMS:VDD_MONITOR\nSM[HW]:PMS:VEVRSB_MONITOR\nSM[HW]:PMS:VEXT_MONITOR; Safety related ?：Y; Fault Handling\n(Refer to Note)：Internal actions: \n• INTERRUPT REQUEST or NMI TRAP REQUEST\n• 中断触发后，软件在中断中保存SMU_AG到一片外狗复位不清除的RAM区，然后通过外狗进行复位\n• 软件在TRAP中，先判断SMU_AG是否为0。若SMU_AG≠0，则保存SMU_AG到一片外狗复位不清除的RAM区，然后通过外狗进行复位。若SMU_AG=0，则不保存SMU_AG。; Status：nan; Person in charge：nan; Comment：nan ——12.1 TC37X_HWSM"", ""<table><tr><td>模块序号\nModule number</td><td>模块名称\nModule name</td><td>功能定义\nFunction definition.</td><td>功能安全需求\nFunctional safety requirements</td></tr><tr><td>F01</td><td>MCU</td><td>SAK-TC377TP-96F300S AA</td><td>B(B)</td></tr><tr><td>F02</td><td>EYEQ6-L</td><td>EYEQ6-L，用于sensor的视频处理</td><td>B</td></tr><tr><td>F03</td><td>EYEQ6_LPDDR4</td><td>EQ6的1GB LPDDR4</td><td>B</td></tr><tr><td>F04</td><td>EYEQ6_NAND FLASH</td><td>EQ6的2Gb NAND FLASH</td><td>B</td></tr><tr><td>F05</td><td>CAM SENSOR</td><td>Sony 728摄像头模组</td><td>B</td></tr><tr><td>F06</td><td>KL30 sample</td><td>KL30电压采样</td><td>QM</td></tr><tr><td>F07</td><td>KL15 sample</td><td>KL15电压采样</td><td>QM</td></tr><tr><td>F08</td><td>EQ system power sample1</td><td>EQ6L系统供电电源电压ADC采样滤波、分压电路</td><td>B(B)</td></tr><tr><td>F09</td><td>ETH and CAN power sample2</td><td>CAN和ETH电源电压ADC采样滤波、分压电路</td><td>QM</td></tr><tr><td>F10</td><td>NTC temp sensor</td><td>NTC温度传感器，监控EQ6L/LPDDR4周边环境温度。</td><td>B</td></tr><tr><td>F11</td><td>KL30 EMI</td><td>KL30供电口EMI滤波电路.</td><td>B</td></tr><tr><td>F12</td><td>POWER</td><td>LN10046，KL30电源转VCC3V3电源</td><td>B</td></tr><tr><td>F13</td><td>POWER</td><td>LP87702，VCC3V3电压输入，VCC1V1、VCC1V8、VCC50电压输出</td><td>QM(B)</td></tr><tr><td>F14</td><td>POWER</td><td>TPS62872，VCC3V3电压输入，VCC0V75电压输出</td><td>QM(B)</td></tr><tr><td>F15</td><td>POWER</td><td>SA23002，VCC3V3输入，VCC0V75电压输出</td><td>QM(B)</td></tr><tr><td>F16</td><td>POWER</td><td>TPS22918负载开关，VCC3V3电压输入，VCC3V3_EQ输出</td><td>QM(B)</td></tr><tr><td>F17</td><td>POWER</td><td>TPS22918负载开关，VCC3V3输入，VCC3V3_ETH输出</td><td>QM</td></tr><tr><td>F18</td><td>overvoltage protect</td><td>用于MCU电源VCC3V3_MCU的外部过压保护</td><td>B</td></tr><tr><td>F19</td><td>POWER</td><td>TPS22918 负载开关，VCC1V8电压输入，VCC1V8_EQ电压输出</td><td>QM(B)</td></tr><tr><td>F20</td><td>CAN3</td><td>基于TCAN1145的CAN通讯，硬件支持特定报文唤醒</td><td>QM</td></tr><tr><td>F21</td><td>CAN2</td><td>基于TCAN1044A的CAN通讯.</td><td>QM</td></tr><tr><td>F22</td><td>CAN1</td><td>基于TCAN1044A的CAN通讯</td><td>QM</td></tr><tr><td>F23</td><td>CAN0</td><td>基于TCAN1044A的CAN通讯.</td><td>QM</td></tr><tr><td>F24</td><td>ETH</td><td>基于DP83TC812R的100BASE-T1通讯</td><td>QM</td></tr><tr><td>F25</td><td>Wake up</td><td>唤醒源和一级电源使能电路设计</td><td>QM</td></tr><tr><td>F26</td><td>watchdog</td><td>LP87702的看门狗功能，用于监控MCU运行状态</td><td>B</td></tr><tr><td>F27</td><td>POWER</td><td>VCC3V3_MCU转VCC1V25_MCU电压，由MCU的EVRC进行控制。</td><td>B</td></tr><tr><td>F28</td><td>level translation</td><td>3V3和1V8双向电压转换芯片</td><td>QM</td></tr></table>"", ""<table><tr><td>HM ID</td><td>F14</td></tr><tr><td>模块功能 \nModule Function</td><td>VCC3V3转VCC0V75应用于EQ6的内核供电，要求输出电流能力大，现选型TI的方案TPS62872。\nVCC3V3 to VCCOV75 is applied to the kernel power supply of EQ6, which requires large output current capacity. TI's scheme TPS62872 is selected.</td></tr><tr><td>模块框图\nModule diagram</td><td></td></tr><tr><td>模块方案\nModule solution</td><td>\t采用TPS62872电源芯片，将VCC3V3转换为VCC0V75，提供给EQ6核电供电。用MCU的P22.0引脚使能芯片，用MCU_SDA_P15.5，MCU_SCL_P15.4引脚I2C通信来设置输出电压和通信。\nTPS62872 power chip is used to convert VCC3V3 to VCCOV75, which is supplied to EQ nuclear power supply. P22.0 pin of MCU is used to enable chip, MCU_SDA_P15.5, MCU_SCL_P15.4 pin I2C communication is used to set output voltage and communication. +</td></tr></table>"", ""\nNone：U20; None：P23.2; None：P23.2/GTM_TIM1_IN6_5/GTM_TIM0_IN6_5/GTM_TOUT43/CAN12_TXD; None：GPIO; None：MCU_RST_FLASH_P23.2; None：/; None：O; None：FLASH复位信号\n低：FLASH复位\n高：FLASH进入工作状态; None：HI-Z，硬件外部下拉; None：—; SW Variable Name or SW Function Name：— ——Port1\nNone：未使用; MCU Component ：F01/ MCU; None：NA; None：/; None：D7; None：P11.14; None：P11.14/GTM_TIM4_IN7_4/GTM_TIM2_IN7_8/GETH_CRSDVB/GETH_RXDVB/GETH_CRSA/GTM_TOUT126; None：GPIO; None：MCU_ETH_CFG1_P11.14; None：/; None：I; None：CFG1：BOM配置，判断是否有以太网\n高：TBD\n低：TBD; None：HI-Z; None：—; SW Variable Name or SW Function Name：— ——Port1\nNone：未使用; MCU Component ：F01/ MCU; None：NA; None：/; None：D6; None：P11.15; None：P11.15/GTM_TIM4_IN7_5/GTM_TIM0_IN7_8/GETH_COLA/GTM_TOUT127; None：GPIO; None：MCU_ETH_CFG2_P11.15; None：/; None：I; None：CFG2：BOM配置，判断以太网接口类型\n高：TBD\n低：TBD; None：HI-Z; None：—; SW Variable Name or SW Function Name：— ——Port1\nHW Interface Component ：QM(B); None：F13/POWER; None：1、LP87702实现VCC3V3转VCC1V8、VCC1V1、VCC50三路电源输出\n2、LP87702的VCC50由MCU的GPIO控制使能和关断，VCC1V8、VCC1V1由MCU的I2C控制使能和关断。\n3、预留中断信号用于MCU辅助监控LP87702的工作状态。\n4、MCU可以通过I2C监控和管理LP87702的状态。; MCU Component ：F01/ MCU; None：QM; None：B17; None：P15.3; None：P15.3/GTM_TIM3_IN6_4/GTM_TIM2_IN6_4/CAN01_RXDA/QSPI2_SCLKA/GTM_TOUT74/QSPI2_SCLK/MSC0_EN1; None：GPIO; None：MCU_5V_EN; None：/; None：O; None：VCC50（LP87702）电源使能控制信号\n高：使能VCC50电压输出\n低：关断VCC50电压输出; None：HI-Z，硬件外部下拉; None：—; SW Variable Name or SW Function Name：— ——Port1"", ""<table><tr><td>HM ID</td><td>F01/F08/F09</td></tr><tr><td>模块功能 \nModule Function</td><td>系统需求需要板内电源电压进行ADC采样和异常监控，要求功能安全达到ASIL-B等级，确保EQ6系统工作安全。\nThe system requirements require the on-board power supply voltage for ADC sampling and anomaly monitoring, and the functional safety is required to reach ASIL-B level to ensure the working safety of EQ6 system.</td></tr><tr><td>模块框图\nModule diagram</td><td></td></tr><tr><td>模块方案\nModule solution</td><td>EQ6系统电源电压采样  \n系统需求需要MCU对LP87702、TPS62872、SA23002、TPS22918和摄像头端的电压VCC3V3_EQ，VCC1V8，VCC1V1，VCC0V75，0V75_MIPI_DDR、VCC3V3_CAM，VCC_1V8_CAM、VCC1V1_CAM进行ADC采样和异常监控。其中VCC1V8，VCC1V1，VCC0V75，0V75_MIPI_DDR，VCC_1V8_CAM、VCC1V1_CAM电压范围未超量程对电压直接采样。VCC3V3_EQ和VCC3V3_CAM经过两个10K 1%精度电阻分压后采样。VCC3V3_EQ用AN2引脚采样，VCC1V8用AN3引脚采样，VCC1V1用AN4引脚采样，VCC1V8_EQ用AN5引脚采样，VCC3V3_CAM用AN12引脚采样，VCC1V1_CAM用AN13引脚采样，VCC1V8_CAM用AN14引脚采样，VCC0V75_MIPI_DDR用AN18引脚采样，VCC0V75用AN19引脚采样。\nEQ6 system power supply voltage sampling\nThe system requirements specify that the MCU must perform ADC sampling and abnormal monitoring on the voltages VCC3V3_EQ, VCC1V8, VCC1V1, VCC0V75, 0V75_MIPI_DDR, VCC3V3_CAM, VCC_1V8_CAM, and VCC1V1_CAM for the LP87702, TPS62872, SA23002, TPS22918, and camera-side devices. Among these voltages, VCC1V8, VCC1V1, VCC0V75, 0V75_MIPI_DDR, VCC_1V8_CAM, and VCC1V1_CAM have voltage ranges within the measurement range and are directly sampled. VCC3V3_EQ and VCC3V3_CAM are sampled after being divided by two 10K resistors with 1% precision. Specifically, VCC3V3_EQ is sampled using AN2, VCC1V8 using AN3, VCC1V1 using AN4, VCC1V8_EQ using AN5, VCC3V3_CAM using AN12, VCC1V1_CAM using AN13, VCC_1V8_CAM using AN14, 0V75_MIPI_DDR using AN18, and VCC0V75 using AN19.\nCAN&ETH电源电压采样\n系统需求MCU对LP87702、TPS22918的输出电压VCC3V3_ETH，VCC50进行ADC采样和异常监控，VCC3V3_ETH和VCC50经过两个10K 1%精度电阻分压后采样。VCC3V3_ETH用AN8引脚采样，VCC50用AN1引脚采样。\nCAN&ETH power supply voltage sampling\nThe system requirements specify that the MCU must perform ADC sampling and abnormal monitoring on the output voltages VCC3V3_ETH and VCC50 from the LP87702 and TPS22918. Both VCC3V3_ETH and VCC50 are sampled after being divided by two 10K resistors with 1% precision. Specifically, VCC3V3_ETH is sampled using AN8, and VCC50 is sampled using AN1.</td></tr></table>"", ""<table><tr><td>电源轨</td><td colspan='2'>软件设置阈值</td></tr><tr><td>电源轨</td><td>Min</td><td>Max</td></tr><tr><td>VCC3V3_EQ</td><td>2.884</td><td>3.782</td></tr><tr><td>VCC1V8</td><td>1.613</td><td>2.012</td></tr><tr><td>VCC1V8_EQ</td><td>1.613</td><td>2.012</td></tr><tr><td>VCC1V1</td><td>0.993</td><td>1.253</td></tr><tr><td>VCC0V75</td><td>0.673</td><td>0.836</td></tr><tr><td>0V75_MIPI_DDR</td><td>0.658</td><td>0.842</td></tr><tr><td>VCC3V3_CAM</td><td>2.884</td><td>3.782</td></tr><tr><td>VCC1V8_CAM</td><td>1.603</td><td>2.023</td></tr><tr><td>VCC1V1_CAM</td><td>0.9335</td><td>1.284</td></tr><tr><td>VCC50</td><td>4.379</td><td>5.721</td></tr><tr><td>VCC3V3_ETH</td><td>2.731</td><td>3.961</td></tr></table>"", ""\n模板变更历史Template Change History：1; None：NA; None：首次发布; None：首次发布; None：01; None：2021-08-26 00:00:00; None：宫明玉; None：王会苹 ——模板变更历史Template change history\n模板变更历史Template Change History：2; None：HR-CIMA-CI-DCR_202210002; None：模板优化调整; None：1. 添加填写说明页与定义页\n2. 封面内容修订，字体字号、底色布局等格式优化; None：02; None：2023-06-10 00:00:00; None：宫明玉; None：王会苹 ——模板变更历史Template change history\n模板变更历史Template Change History：3; None：HR-CIMA-CI-TCR_202312002; None：模板中需增加复用说明; None：增加HSI复用说明列; None：03; None：2023-10-10 00:00:00; None：宫明玉; None：王会苹 ——模板变更历史Template change history\n模板变更历史Template Change History：4; None：HR-CIMA-CI-TCR_202401001; None：功能安全相关模板修订和其他模板修订; None：新增“软件需使能低压复位功能，低压阈值与硬件工程师沟通确认”要求; None：04; None：2024-01-24 00:00:00; None：宫明玉; None：王会苹 ——模板变更历史Template change history\n模板变更历史Template Change History：5; None：HR-CIMA-CI-TCR_202409001; None：一个硬件的接口可能会对应多个软件功能; None：1.增加基于系统开发的角度写的HIS example4\n2.更新HSI模板; None：05; None：2024-09-10 00:00:00; None：宫明玉; None：师明 ——模板变更历史Template change history"", ""<table><tr><td>HM ID</td><td>F13</td></tr><tr><td>运行模式\nOperation Mode</td><td>SHUTDOWN、READ OTP、STANDBY、ACTIVE</td></tr><tr><td>模式定义\nDefinition of Operation mode</td><td>SHUTDOWN\nNRST电压低于阈值。LP87702-Q1器件停止工作。\nREAD OTP\n电源电压VANA高于VANAUVLO电平，并且NRST电压高于阈值电平。电压转换器被禁用，LP87702-Q1的参考电平和偏置电路被启用。OTP配置被加载到寄存器。\nSTANDBY\n电源电压VANA高于VANAUVLO水平，NRST电压高于阈值水平。电压转换器被禁用，LP87702-Q1的参考电平、控制和偏压电路被启用。所有的寄存器都可以被主机处理器通过系统串口读写。电压转换器可以根据需要进行使能输出。\nACTIVE\n电源电压VANA高于VANAUVLO水平，NRST电压高于阈值水平。稳压DC/DC变换器处于使能状态。所有的寄存器都可以被MCU通过系统串口读写。\nSHUTDOWN\nAfter the enable signal MCU_OV75_MIPI_DDR_EN=L, the secondary power stops the 0V75_MIPI_DDR power supply. \nREADY OTP\nThe supply voltage VANA is above the VANAUVLO level, and the NRST voltage is above the threshold level. The voltage converter is disabled and the reference level and bias circuits of the LP87702-Q1 are enabled. The OTP configuration is loaded into the register.\nSTANDBY\nThe supply voltage VANA is above the VANAUVLO level and the NRST voltage is above the threshold level. The voltage converter is disabled and the reference level, control, and bias circuits of the LP87702-Q1 are enabled. All registers can be read and written by the host processor through the system serial port. The voltage converter can perform enabling output as needed.\nACTIVE\nThe supply voltage VANA is above the VANAUVLO level and the NRST voltage is above the threshold level. The regulated DC/DC converter is in the enabled state. All the registers can be read and written by the MCU through the system serial port. </td></tr><tr><td>模式切换接口\nMode switching interface</td><td></td></tr><tr><td>模式状态机\nMode state machine</td><td></td></tr><tr><td>模式切换条件\nMode switching condition</td><td>参考：\n产品系统需求规格说明\n产品系统方案设计说明书\nReference: \nProduct system requirement specification \nProduct system scheme design specification.</td></tr><tr><td>备注\nNote</td><td>1、VANAUVLO阈值电压\n\n2、NRST阈值电压\n</td></tr><tr><td>备注\nNote</td><td></td></tr></table>""]","{""original_context_count"": 28, ""original_context_characters"": 31153, ""scored_context_count"": 8, ""scored_context_characters"": 694, ""contexts_truncated"": true, ""context_selection"": ""claim_coverage""}",0.4279703710657949,0.3478149755271826,0.625,not_applicable,0.0,0.0,0.5,0.0,not_applicable
hw-v1-joint-vcc0v75,success,0.75V 电源由哪颗芯片产生，输入是什么，文档有什么配置要求？,U1800 是 TPS62872，VIN 接 VCC3V3，VOSNS 对应 VCC0V75；配置要求见 HSI 7.3 节 TPS62872 配置。,"根据您提供的证据，关于0.75V电源的详细信息如下：

### 1. 0.75V电源由哪颗芯片产生？

根据证据，0.75V电源由**两颗**不同的芯片产生，分别对应不同的电源网络：

*   **芯片1：TPS62872**
    *   对应电源网络：**VCC0V75**
    *   来源：文档 `600608964_ADAS_HSI_0506_1952_shoulin.wang.docx` 中模块 `F14` 的描述（证据[3], [4], [9], [10]）。
*   **芯片2：SA23002**
    *   对应电源网络：**0V75_MIPI_DDR**
    *   来源：文档 `600608964_ADAS_HSI_0506_1952_shoulin.wang.docx` 中模块 `F15` 的描述（证据[3], [4], [10], [15]）。

### 2. 该芯片的输入电源是什么？

两颗芯片的输入电源相同，均为 **VCC3V3**。

*   **TPS62872 (VCC0V75)**：模块 `F14` 功能定义为“VCC3V3电压输入，VCC0V75电压输出”（证据[3], [4], [9]）。
*   **SA23002 (0V75_MIPI_DDR)**：模块 `F15` 功能定义为“VCC3V3输入，0V75_MIPI_DDR电压输出”（证据[3], [4], [10], [15]）。

### 3. 文档有什么配置要求？

文档中对这两个0.75V电源的配置要求如下：

**针对TPS62872 (VCC0V75) 电源轨：**

*   **使能控制**：由MCU的 `P22.0` 引脚（信号名 `MCU_VCC0V75_EN`）控制，高电平使能，低电平关断（证据[10], [11]）。
*   **输出电压设置**：通过MCU的I2C通信（引脚 `MCU_SDA_P15.5`, `MCU_SCL_P15.4`）进行设置（证据[9], [10]）。
*   **电压监控**：MCU通过ADC引脚 `AN19` 采集该电源电压，精度要求为 **0.75V ± 3.3%**（证据[7]）。
*   **软件阈值**：文档中给出了 `VCC0V75` 电源轨的软件监控阈值，具体如下（证据[13]）：
    *   Min: 0.673V
    *   Max: 0.836V

**针对SA23002 (0V75_MIPI_DDR) 电源轨：**

*   **使能控制**：由MCU的 `P22.1` 引脚（信号名 `MCU_VCC0V75_MIPI_DDR_EN`）控制，高电平使能，低电平关断（证据[10], [12], [15]）。证据[8]也提到，当使能信号 `MCU_OV75_MIPI_DDR_EN` 为低时，该次级电源会停止供电。
*   **电压监控**：MCU通过ADC引脚 `AN18` 采集该电源电压，精度要求为 **0.75V ± 5%**（证据[6]）。
*   **软件阈值**：文档中给出了 `0V75_MIPI_DDR` 电源轨的软件监控阈值，具体如下（证据[13]）：
    *   Min: 0.658V
    *   Max: 0.842V

**针对两个电源轨的通用配置要求：**

*   **ADC采样**：MCU的ADC采样模块需要对这两个电源轨进行电压采样和异常监控，以确保系统工作安全（证据[17]）。
*   **硬件滤波**：两个电源电压的ADC采样均要求硬件滤波，其截止频率 **≥ 121.7Hz**，硬件滤波时间 **≤ 1.6ms**（证据[6], [7]）。

**缺失信息说明：**
*   文档中未提供TPS62872和SA23002芯片的具体I2C寄存器配置值，仅说明通过I2C通信设置输出电压。
*   文档中未提供电路原理图（EDF文件）中的具体连接细节，当次检索未命中相关电路图证据。","根据您提供的证据，关于0.75V电源的详细信息如下：

### 1. 0.75V电源由哪颗芯片产生？

根据证据，0.75V电源由**两颗**不同的芯片产生，分别对应不同的电源网络：

*   **芯片1：TPS62872**
    *   对应电源网络：**VCC0V75**
    *   来源：文档 `600608964_ADAS_HSI_0506_1952_shoulin.wang.docx` 中模块 `F14` 的描述（证据[3], [4], [9], [10]）。
*   **芯片2：SA23002**
    *   对应电源网络：**0V75_MIPI_DDR**
    *   来源：文档 `600608964_ADAS_HSI_0506_1952_shoulin.wang.docx` 中模块 `F15` 的描述（证据[3], [4], [10], [15]）。

### 2. 该芯片的输入电源是什么？

两颗芯片的输入电源相同，均为 **VCC3V3**。

*   **TPS62872 (VCC0V75)**：模块 `F14` 功能定义为“VCC3V3电压输入，VCC0V75电压输出”（证据[3], [4], [9]）。
*   **SA23002 (0V75_MIPI_DDR)**：模块 `F15` 功能定义为“VCC3V3输入，0V75_MIPI_DDR电压输出”（证据[3], [4], [10], [15]）。

### 3. 文档有什么配置要求？

文档中对这两个0.75V电源的配置要求如下：

**针对TPS62872 (VCC0V75) 电源轨：**

*   **使能控制**：由MCU的 `P22.0` 引脚（信号名 `MCU_VCC0V75_EN`）控制，高电平使能，低电平关断（证据[10], [11]）。
*   **输出电压设置**：通过MCU的I2C通信（引脚 `MCU_SDA_P15.5`, `MCU_SCL_P15.4`）进行设置（证据[9], [10]）。
*   **电压监控**：MCU通过ADC引脚 `AN19` 采集该电源电压，精度要求为 **0.75V ± 3.3%**（证据[7]）。
*   **软件阈值**：文档中给出了 `VCC0V75` 电源轨的软件监控阈值，具体如下（证据[13]）：
    *   Min: 0.673V
    *   Max: 0.836V

**针对SA23002 (0V75_MIPI_DDR) 电源轨：**

*   **使能控制**：由MCU的 `P22.1` 引脚（信号名 `MCU_VCC0V75_MIPI_DDR_EN`）控制，高电平使能，低电平关断（证据[10], [12], [15]）。证据[8]也提到，当使能信号 `MCU_OV75_MIPI_DDR_EN` 为低时，该次级电源会停止供电。
*   **电压监控**：MCU通过ADC引脚 `AN18` 采集该电源电压，精度要求为 **0.75V ± 5%**（证据[6]）。
*   **软件阈值**：文档中给出了 `0V75_MIPI_DDR` 电源轨的软件监控阈值，具体如下（证据[13]）：
    *   Min: 0.658V
    *   Max: 0.842V

**针对两个电源轨的通用配置要求：**

*   **ADC采样**：MCU的ADC采样模块需要对这两个电源轨进行电压采样和异常监控，以确保系统工作安全（证据[17]）。
*   **硬件滤波**：两个电源电压的ADC采样均要求硬件滤波，其截止频率 **≥ 121.7Hz**，硬件滤波时间 **≤ 1.6ms**（证据[6], [7]）。

**缺失信息说明：**
*   文档中未提供TPS62872和SA23002芯片的具体I2C寄存器配置值，仅说明通过I2C通信设置输出电压。
*   文档中未提供电路原理图（EDF文件）中的具体连接细节，当次检索未命中相关电路图证据。","[""\nNone：MCU外挂20MHz晶体; MCU Component ：F01/ MCU; None：B; None：M20; None：XTAL1; None：XTAL /VEXT; None：CLOCK; None：——; None：/; None：I; None：MCU的时钟信号输入; None：I; None：—; SW Variable Name or SW Function Name：— ——Port1\nMCU Component ：F01/ MCU; None：B; None：M19; None：XTAL2; None：XTAL /VEXT; None：CLOCK; None：——; None：/; None：O; None：MCU的时钟驱动信号输出; None：O; None：—; SW Variable Name or SW Function Name：— ——Port1\nHW Interface Component ：QM; None：F09/ETH and CAN power samp2; None：MCU采样CAN的VCC50电源电压，精度要求：5V±5%; MCU Component ：F01/ MCU; None：QM; None：U10; None：AN1; None：AN1/EVADC_G0CH1/EDSADC_EDS3NA; None：ADC，分辨率10bit; None：VCC50_ACQ; None：/; None：I; None：5V电压采样\nU5V0_ACQ=3.3*ADC值/1024\nU5V0=U5V0_ACQ/分压比，分压比=1/2\n精度要求：5V±10%; None：HI-Z; None：—; SW Variable Name or SW Function Name：— ——Port1\nNone：MCU采样以太网的VCC1V0_ETH电源电压\n精度要求：0.9V～1.1V\n（仅当使用千兆以太网时采样）; MCU Component ：F01/ MCU; None：QM; None：U7; None：AN9; None：AN9/EVADC_G11CH5/EVADC_G1CH1; None：ADC，分辨率10bit; None：1V0_ETH_ACQ; None：以太网1V0电压采样\nU1V1_ACQ=3.3*ADC值/1024\n精度：0.95~1.1V\n硬件滤波截止频率：≥121.7Hz\n硬件滤波时间：≤1.6ms; None：HI-Z; None：—; SW Variable Name or SW Function Name：— ——Port1"", ""ADC电压采集阈值 The ADC voltage acquisition thresholdWCCA计算结果如下，软件应按照如下过欠压阈值设置：The WCCA calculation results are as follows. The software should be set according to the following overvoltage and undervoltage thresholds:EQ6L上下电时序要求 EQ6L Power-on and power-off sequence requirements共享和独占的硬件资源 Shared and Exclusive Hardware ResourceECU-MCU信号对应关系 ECU-MCU Signal MappingMCU时钟配置 MCU Clock Configuration存储器配置 Memeory ConfigurationTable 4-5Memory Configuration其他芯片配置 Other IC Configuration其他芯片的通讯机制 Communication Mechanism with Other ICLP87702配置 LP87702 ConfigurationLP87702运行期间需要MCU通过I2C配置的寄存器如下所示：Table 5-2 LP87702 ConfigurationTPS62872配置 TPS62872 ConfigurationTPS62872运行期间需要MCU通过I2C配置的寄存器如下所示：Table 5-3 TPS62872 Configuration安全机制 Safety MechanismsSystem levelHW level硬件安全分析无新增安全机制IC level模板变更历史Template Change History填写说明Filling instructions：变更单号YYYYMM00X为记录顺序号，如：202203002，表示的是2022年03月的第二份此类文档。首次发布不分配变更单号，变更单号处填NA。The change order number YYYYMM00X is the record sequence number, such as 202203002, which represents the second such document in March 2022. No change order number will be allocated for the first release, and Na will be filled in the change order number.变更原因填写以客户审核需要变更为例：由于XX客户在客户审核时发现XX问题，需要调整模板。Fill in the revision note. Take the need for change in customer audit as an example: because XX customer found XX problem during customer audit, the template needs to be adjusted.变更内容填写以客户审核发现问题需要更改为例：由于XX客户在客户审核时发现XX问题，特增加XXX的变更内容。"", ""<table><tr><td>序号</td><td>模块序号</td><td>模块名称</td><td>功能定义</td><td>功能安全需求</td></tr><tr><td>1</td><td>F013</td><td>POWER</td><td>LP87702，VCC3V3电压输入，VCC1V1、VCC1V8、VCC50电压输出</td><td>QM(B)</td></tr><tr><td>1</td><td>F01</td><td>MCU</td><td>SAK-TC377TP-96F300S AA</td><td>B(B)</td></tr><tr><td>1</td><td>F08</td><td>EQ system power sample1</td><td>EQ6L系统供电电源电压ADC采样滤波、分压电路</td><td>B(B)</td></tr><tr><td>2</td><td>F14</td><td>POWER</td><td>TPS62872，VCC3V3电压输入，VCC0V75电压输出，EQ6L核电供电</td><td>QM(B)</td></tr><tr><td>2</td><td>F01</td><td>MCU</td><td>SAK-TC377TP-96F300S AA</td><td>B(B)</td></tr><tr><td>2</td><td>F08</td><td>EQ system power sample</td><td>EQ6L系统供电电源电压ADC采样滤波、分压电路</td><td>B(B)</td></tr><tr><td>3</td><td>F15</td><td>POWER</td><td>SA23002，VCC3V3输入，0V75_MIPI_DDR电压输出</td><td>QM(B)</td></tr><tr><td>3</td><td>F01</td><td>MCU</td><td>SAK-TC377TP-96F300S AA</td><td>B(B)</td></tr><tr><td>3</td><td>F08</td><td>EQ system power sample</td><td>EQ6L系统供电电源电压ADC采样滤波、分压电路</td><td>B(B)</td></tr><tr><td>4</td><td>F16</td><td>POWER</td><td>TPS22918负载开关，VCC3V3电压输入，VCC3V3_EQ输出</td><td>QM(B)</td></tr><tr><td>4</td><td>F01</td><td>MCU</td><td>SAK-TC377TP-96F300S AA</td><td>B(B)</td></tr><tr><td>4</td><td>F08</td><td>EQ system power sample</td><td>EQ6L系统供电电源电压ADC采样滤波、分压电路</td><td>B(B)</td></tr></table>"", ""<table><tr><td>模块序号\nModule number</td><td>模块名称\nModule name</td><td>功能定义\nFunction definition.</td><td>功能安全需求\nFunctional safety requirements</td></tr><tr><td>F01</td><td>MCU</td><td>SAK-TC377TP-96F300S AA</td><td>B(B)</td></tr><tr><td>F02</td><td>EYEQ6-L</td><td>EYEQ6-L，用于sensor的视频处理</td><td>B</td></tr><tr><td>F03</td><td>EYEQ6_LPDDR4</td><td>EQ6的1GB LPDDR4</td><td>B</td></tr><tr><td>F04</td><td>EYEQ6_NAND FLASH</td><td>EQ6的2Gb NAND FLASH</td><td>B</td></tr><tr><td>F05</td><td>CAM SENSOR</td><td>Sony 728摄像头模组</td><td>B</td></tr><tr><td>F06</td><td>KL30 sample</td><td>KL30电压采样</td><td>QM</td></tr><tr><td>F07</td><td>KL15 sample</td><td>KL15电压采样</td><td>QM</td></tr><tr><td>F08</td><td>EQ system power sample1</td><td>EQ6L系统供电电源电压ADC采样滤波、分压电路</td><td>B(B)</td></tr><tr><td>F09</td><td>ETH and CAN power sample2</td><td>CAN和ETH电源电压ADC采样滤波、分压电路</td><td>QM</td></tr><tr><td>F10</td><td>NTC temp sensor</td><td>NTC温度传感器，监控EQ6L/LPDDR4周边环境温度。</td><td>B</td></tr><tr><td>F11</td><td>KL30 EMI</td><td>KL30供电口EMI滤波电路.</td><td>B</td></tr><tr><td>F12</td><td>POWER</td><td>LN10046，KL30电源转VCC3V3电源</td><td>B</td></tr><tr><td>F13</td><td>POWER</td><td>LP87702，VCC3V3电压输入，VCC1V1、VCC1V8、VCC50电压输出</td><td>QM(B)</td></tr><tr><td>F14</td><td>POWER</td><td>TPS62872，VCC3V3电压输入，VCC0V75电压输出</td><td>QM(B)</td></tr><tr><td>F15</td><td>POWER</td><td>SA23002，VCC3V3输入，VCC0V75电压输出</td><td>QM(B)</td></tr><tr><td>F16</td><td>POWER</td><td>TPS22918负载开关，VCC3V3电压输入，VCC3V3_EQ输出</td><td>QM(B)</td></tr><tr><td>F17</td><td>POWER</td><td>TPS22918负载开关，VCC3V3输入，VCC3V3_ETH输出</td><td>QM</td></tr><tr><td>F18</td><td>overvoltage protect</td><td>用于MCU电源VCC3V3_MCU的外部过压保护</td><td>B</td></tr><tr><td>F19</td><td>POWER</td><td>TPS22918 负载开关，VCC1V8电压输入，VCC1V8_EQ电压输出</td><td>QM(B)</td></tr><tr><td>F20</td><td>CAN3</td><td>基于TCAN1145的CAN通讯，硬件支持特定报文唤醒</td><td>QM</td></tr><tr><td>F21</td><td>CAN2</td><td>基于TCAN1044A的CAN通讯.</td><td>QM</td></tr><tr><td>F22</td><td>CAN1</td><td>基于TCAN1044A的CAN通讯</td><td>QM</td></tr><tr><td>F23</td><td>CAN0</td><td>基于TCAN1044A的CAN通讯.</td><td>QM</td></tr><tr><td>F24</td><td>ETH</td><td>基于DP83TC812R的100BASE-T1通讯</td><td>QM</td></tr><tr><td>F25</td><td>Wake up</td><td>唤醒源和一级电源使能电路设计</td><td>QM</td></tr><tr><td>F26</td><td>watchdog</td><td>LP87702的看门狗功能，用于监控MCU运行状态</td><td>B</td></tr><tr><td>F27</td><td>POWER</td><td>VCC3V3_MCU转VCC1V25_MCU电压，由MCU的EVRC进行控制。</td><td>B</td></tr><tr><td>F28</td><td>level translation</td><td>3V3和1V8双向电压转换芯片</td><td>QM</td></tr></table>"", ""\nNone：MCU采样摄像头的1V8电源电压，精度要求：1.7~1.9V; MCU Component ：F01/ MCU; None：B; None：U6; None：AN14; None：AN14/EVADC_G1CH6/EDSADC_EDS3PB; None：ADC，分辨率10bit; None：VCC1V8_CAM_ACQ; None：/; None：I; None：索尼摄像头模组电源1.8V电压采样。\nU1V8_CAM_ACQ=3.3*ADC值/1024\n精度：1.7~1.9V\n硬件滤波截止频率：≥121.7Hz\n硬件滤波时间：≤1.5ms; None：HI-Z; None：—; SW Variable Name or SW Function Name：— ——Port1\nNone：Config; MCU Component ：F01/ MCU; None：QM; None：H19; None：P20.2; None：P20.2/TESTMODE; None：TESTMODE; None：—; None：/; None：I; None：TESTMODE：\n高：正常工作模式\n低：英飞凌内部测试模式; None：HI-Z，硬件外部上拉; None：—; SW Variable Name or SW Function Name：— ——Port1\nNone：Config; MCU Component ：F01/ MCU; None：B; None：A14; None：P14.5; None：P14.5/GTM_TIM1_IN0_4/GTM_TIM0_IN0_4/PMS_HWCFG1IN/GTM_DTMA2_0/GTM_TOUT85/ERAY0_TXD; None：PMS_HWCFG1IN; None：—; None：/; None：I; None：EVR33控制内部3.3V电压转换:\n高：内部使用5V转换为3.3V电压\n低：禁止5V转换为3.3V电压; None：HI-Z，硬件外部下拉; None：—; SW Variable Name or SW Function Name：— ——Port1"", ""\nNone：MCU采样EQ6l系统的VCC0V75_MIPI_DDR电源电压\n精度要求：0V75±5%; MCU Component ：F01/ MCU; None：B; None：W4; None：AN18; None：AN18/P40.11/SENT_SENT11A/EVADC_G11CH8/EVADC_G2CH2; None：ADC，分辨率10bit; None：0V75_MIPI_DDR_ACQ; None：/; None：I; None：0V75_MIPI_DDR电压采样\nU0V75_MIPI_DDR_ACQ=3.3*ADC值/1024\n硬件滤波截止频率：≥121.7Hz\n硬件滤波时间：≤1.6ms\n精度要求：0.75V±5%; None：HI-Z; None：—; SW Variable Name or SW Function Name：— ——Port1\nNone：MCU采样摄像头系统的3.3V电源电压，精度要求：3V3±5%; MCU Component ：F01/ MCU; None：B; None：T7; None：AN12; None：AN12/EVADC_G1CH4/EDSADC_EDS0PB; None：ADC，分辨率10bit; None：VCC3V3_CAM_ACQ; None：/; None：I; None：索尼摄像头模组电源3.3V电压采样。\nCAM 3V3电压采样\nU3V3_CAM_ACQ=3.3*ADC值/1024\nU3V3_CAM=U3V3_CAM_ACQ/分压比，分压比=1/2\n精度要求：3.3V±5%; None：HI-Z; None：—; SW Variable Name or SW Function Name：— ——Port1\nNone：MCU采样摄像头的1V1电源电压，精度要求：1~1.2V; MCU Component ：F01/ MCU; None：B; None：W6; None：AN13; None：AN13/EVADC_G1CH5/EDSADC_EDS0NB; None：ADC，分辨率10bit; None：VCC1V1_CAM_ACQ; None：/; None：I; None：索尼摄像头模组电源1.1V电压采样。\nU1V1_ACQ=3.3*ADC值/1024\n精度：1~1.2V\n硬件滤波截止频率：≥121.7Hz\n硬件滤波时间：≤1.6ms; None：HI-Z; None：—; SW Variable Name or SW Function Name：— ——Port1"", ""\nNone：MCU采样EQ6L系统的VCC1V8_EQ电源电压\n精度要求：1V8±5%; MCU Component ：F01/ MCU; None：B; None：Y9; None：AN5; None：AN5/EVADC_G11CH1/EVADC_G0CH5; None：ADC，分辨率10bit; None：1V8_EQ_ACQ; None：/; None：I; None：1V8_EQ电压采样\nU1V8_EQ_ACQ=3.3*ADC值/1024\n精度：1V8_EQ±5%\n硬件滤波截止频率：≥121.7Hz\n硬件滤波时间：≤1.6ms; None：HI-Z; None：—; SW Variable Name or SW Function Name：— ——Port1\nNone：MCU采样EQ6L系统的VCC1V1电源电压\n精度要求：1.06V～1.17V; MCU Component ：F01/ MCU; None：B; None：T9; None：AN4; None：AN4/EVADC_G11CH0/EVADC_G0CH4; None：ADC，分辨率10bit; None：1V1_ACQ; None：/; None：I; None：1V1电压采样\nU1V1_ACQ=3.3*ADC值/1024\n精度：1.06V～1.17V\n硬件滤波截止频率：≥121.7Hz\n硬件滤波时间：≤1.6ms; None：HI-Z; None：—; SW Variable Name or SW Function Name：— ——Port1\nNone：MCU采样EQ6l系统的VCC0V75电源电压\n精度要求：0V75±3%; MCU Component ：F01/ MCU; None：B; None：W3; None：AN19; None：AN19/EVADC_G11CH9/EVADC_G2CH3; None：ADC，分辨率10bit; None：0V75_ACQ; None：/; None：I; None：0V75电压采样\nU0V75_ACQ=3.3*ADC值/1024\n硬件滤波截止频率：≥121.7Hz\n硬件滤波时间：≤1.6ms\n精度要求：0.75V±3.3%; None：HI-Z; None：—; SW Variable Name or SW Function Name：— ——Port1"", ""<table><tr><td>HM ID</td><td>F13</td></tr><tr><td>运行模式\nOperation Mode</td><td>SHUTDOWN、READ OTP、STANDBY、ACTIVE</td></tr><tr><td>模式定义\nDefinition of Operation mode</td><td>SHUTDOWN\nNRST电压低于阈值。LP87702-Q1器件停止工作。\nREAD OTP\n电源电压VANA高于VANAUVLO电平，并且NRST电压高于阈值电平。电压转换器被禁用，LP87702-Q1的参考电平和偏置电路被启用。OTP配置被加载到寄存器。\nSTANDBY\n电源电压VANA高于VANAUVLO水平，NRST电压高于阈值水平。电压转换器被禁用，LP87702-Q1的参考电平、控制和偏压电路被启用。所有的寄存器都可以被主机处理器通过系统串口读写。电压转换器可以根据需要进行使能输出。\nACTIVE\n电源电压VANA高于VANAUVLO水平，NRST电压高于阈值水平。稳压DC/DC变换器处于使能状态。所有的寄存器都可以被MCU通过系统串口读写。\nSHUTDOWN\nAfter the enable signal MCU_OV75_MIPI_DDR_EN=L, the secondary power stops the 0V75_MIPI_DDR power supply. \nREADY OTP\nThe supply voltage VANA is above the VANAUVLO level, and the NRST voltage is above the threshold level. The voltage converter is disabled and the reference level and bias circuits of the LP87702-Q1 are enabled. The OTP configuration is loaded into the register.\nSTANDBY\nThe supply voltage VANA is above the VANAUVLO level and the NRST voltage is above the threshold level. The voltage converter is disabled and the reference level, control, and bias circuits of the LP87702-Q1 are enabled. All registers can be read and written by the host processor through the system serial port. The voltage converter can perform enabling output as needed.\nACTIVE\nThe supply voltage VANA is above the VANAUVLO level and the NRST voltage is above the threshold level. The regulated DC/DC converter is in the enabled state. All the registers can be read and written by the MCU through the system serial port. </td></tr><tr><td>模式切换接口\nMode switching interface</td><td></td></tr><tr><td>模式状态机\nMode state machine</td><td></td></tr><tr><td>模式切换条件\nMode switching condition</td><td>参考：\n产品系统需求规格说明\n产品系统方案设计说明书\nReference: \nProduct system requirement specification \nProduct system scheme design specification.</td></tr><tr><td>备注\nNote</td><td>1、VANAUVLO阈值电压\n\n2、NRST阈值电压\n</td></tr><tr><td>备注\nNote</td><td></td></tr></table>"", ""<table><tr><td>HM ID</td><td>F14</td></tr><tr><td>模块功能 \nModule Function</td><td>VCC3V3转VCC0V75应用于EQ6的内核供电，要求输出电流能力大，现选型TI的方案TPS62872。\nVCC3V3 to VCCOV75 is applied to the kernel power supply of EQ6, which requires large output current capacity. TI's scheme TPS62872 is selected.</td></tr><tr><td>模块框图\nModule diagram</td><td></td></tr><tr><td>模块方案\nModule solution</td><td>\t采用TPS62872电源芯片，将VCC3V3转换为VCC0V75，提供给EQ6核电供电。用MCU的P22.0引脚使能芯片，用MCU_SDA_P15.5，MCU_SCL_P15.4引脚I2C通信来设置输出电压和通信。\nTPS62872 power chip is used to convert VCC3V3 to VCCOV75, which is supplied to EQ nuclear power supply. P22.0 pin of MCU is used to enable chip, MCU_SDA_P15.5, MCU_SCL_P15.4 pin I2C communication is used to set output voltage and communication. +</td></tr></table>"", ""<table><tr><td>HM ID</td><td>F11/F12/F13/F14/F15/F16/F17/F18/F19/F25/F27</td></tr><tr><td>模块功能 \nModule Function</td><td>系统使用车载电池12V电压供电，经过EMI电路后输入至电源转换芯片，转换输出系统各模块所需电源。\nThe system uses 12V voltage power supply from the vehicle battery, which is input to the power conversion chip through the EMI circuit. Then the power conversion chip convert and output the power required by each module of the system.</td></tr><tr><td>模块框图\nModule diagram</td><td></td></tr><tr><td>模块方案\nModule solution</td><td>KL30 EMI (ASIL-B)\nKL30供电口处增加EMI电路，用于供电保护和滤波。硬件电路设计在UBD网络增加两个串联ESD电容，PCB布局靠近主连接器引脚处，用于吸收外部ESD信号，后端增加双向TVS管用于瞬态过压保护\nThe EMI circuit is added at the KL30 power supply port for power supply protection and filtering. The hardware circuit design adds two series ESD capacitors in the UBD network, the PCB layout is close to the main connector pin for absorbing external ESD signals, and the two-way TVS tube is added at the back end for transient overvoltage protection.\nKL30 to VCC3V3 (ASILB)\nKL30转VCC3V3是系统一级DC-DC，给MCU提供VCC3V3_MCU电源，所以系统要求其满足ASILB，确保MCU功能安全。\nKL30 to VCC3V3 is a system primary DC-DC chip, because the MCU needs VCC3V3_MCU power supply, so the system requires it to meet the ASILB to ensure the functional safety of the MCU.\nVCC3V3_MCU to VCC1V25_MCU(ASILB)\n3V3转1V25_MCU是使用MCU内置控制器进行控制的BUCK电源，用于MCU的核供电，功能安全需求达到ASILB，确保MCU功能安全。\n3V3 to 1V25_MCU is a BUCK power supply controlled by MCU built-in controller, which is used for MCU nuclear power supply. Functional safety requirements meet ASILB to ensure the functional safety of MCU.\nVCC3V3 to VCC0V75(QM(B))\nVCC3V3转VCC0V75应用于EQ6的内核供电，要求输出电流能力大，现选型TI的电源方案TPS62872。用MCU的P22.0引脚使能芯片，用MCU_SDA_P15.5，MCU_SCL_P15.4引脚I2C通信来设置输出电压和通信。\nVCC3V3 to VCC0V75 is applied to the core power supply of EQ6, which requires large output current capacity. The power supply scheme TPS62872 of TI is selected. P22.0 pin of MCU is used to enable the chip, and MCU_SDA_P15.5, MCU_SCL_P15.4 pin I2C communication is used to set the output voltage and communication. \nVCC3V3 to 0V75_MIPI_DDR(QM(B))\nVCC3V3转0V75_MIPI_DDR用于EQ6的IO口供电，现使用矽力杰的SA23002进行设计。用MCU的P22.1引脚使能该芯片。\nVCC3V3 to 0V75_MIPI_DDR for EQ6 IO port power supply, Silergy’s SA23002 is designed. The P22.1 pin of the MCU is used to enable the chip.\nVCC3V3转VCC1V8、VCC1V1、VCC50(QM(B))\nVCC1V8用于EQ6、CAM、DDR、FLASH供电，VCC1V1用于EQ6、DDR供电，VCC50用于CAN收发器供电，现选择LP87702 PMIC方案。用MCU的P15.3引脚使能该芯片的5V输出，用MCU_SCL_P15.4，MCU_SDA_P15.5 I2C通信来设置1.8V和1.1V输出电压和使能。\nVCC1V8 is used for EQ6, CAM, DDR, FLASH power supply, VCC1V1 is used for EQ6, DDR power supply, VCC50 is used for CAN transceiver  power supply, LP87702 PMIC scheme is selected. P15.3 pin of MCU is used to enable 5V output of the chip, and MCU_SCL_P15.4, MCU_SDA_P15.5 I2C communication is used to set 1.8V and 1.1V output voltage and enable it. \nVCC3V3 to VCC3V3_EQ(QM(B))\nVCC3V3转VCC3V3_EQ用于EQ6的IO和摄像头供电，现使用负载开关进行设计。用MCU的P20.3引脚使能该芯片。\nVCC3V3 to VCC3V3_EQ for EQ6’s IO and camera power supply, now using the load switch is designed. .The P20.3 pin of the MCU is used to enable the chip.\n\tVCC3V3 to VCC3V3_ETH(QM)\n3V3转3V3_ETH用于ETH供电，现选择负载开关方案。用MCU的P21.0引脚使能该芯片。\n3V3 to 3V3_ETH for ETH power supply, the load switch scheme is selected. . The P21.0 pin of the MCU is used to enable the chip.\n\tVCC1V8 to VCC1V8_EQ(QM(B))\nVCC1V8转VCC1V8_EQ用于EQ供电，现选择负载开关方案。用MCU的P20.0引脚使能该芯片。\nVCC1V8 to VCC1V8_EQ for EQ power supply, the load switch scheme is selected. . The P20.0 pin of the MCU is used to enable the chip.</td></tr><tr><td colspan='2'></td></tr></table>"", ""\nHW Interface Component ：QM（B）; None：F16/POWER; None：1、负载开关TPS22918，VCC3V3转VCC3V3_EQ。\n2、TPS22918由MCU进行使能和关断控制。; MCU Component ：F01/MCU; None：B; None：G20; None：P20.3; None：P20.3/GTM_TIM4_IN5_11/GTM_TIM3_IN4_5/GTM_TIM2_IN4_5/GTM_TOUT61/QSPI0_SLSO9/QSPI2_SLSO9/CAN03_TXD; None：GPIO; None：MCU_3V3_EQ_EN; None：/; None：O; None：VCC3V3_EQ电源使能控制信号\n高：使能VCC3V3_EQ电源\n低：关断VCC3V3_EQ电源; None：HI-Z,硬件外部下拉; None：—; SW Variable Name or SW Function Name：— ——Port1\nHW Interface Component ：QM; None：F17/POWER; None：1、负载开关TPS22918，VCC3V3转VCC3V3_ETH。\n2、TPS22918由MCU进行使能和关断控制。; MCU Component ：F01/MCU; None：QM; None：K17; None：P21.0; None：P21.0/GTM_TIM4_IN0_11/GTM_TIM3_IN4_6/GTM_TIM2_IN4_6/QSPI4_MRSTDN/DMU_FDEST/GTM_TOUT51/HSM_HSM1; None：GPIO; None：MCU_3V3_ETH_EN; None：/; None：O; None：VCC3V3_ETH电源使能控制信号\n高：使能VCC3V3_EQ电源\n低：关断VCC3V3_EQ电源; None：HI-Z, 硬件外部下拉; None：—; SW Variable Name or SW Function Name：— ——Port1\nHW Interface Component ：QM; None：F14/POWER; None：1、电源转换芯片TPS62872，VCC3V3转VCC0V75。\n2、TPS62872由MCU进行使能和关断控制。; MCU Component ：F01/MCU; None：QM; None：P20; None：P22.0; None：P22.0/GTM_TIM1_IN1_7/GTM_TIM0_IN1_7/QSPI4_MTSRB/GTM_TOUT47/QSPI4_MTSR/QSPI4_SCLKN; None：GPIO; None：MCU_VCC0V75_EN; None：/; None：O; None：VCC0V75电源使能控制信号\n高：使能VCC0V75电源\n低：关断VCC0V75电源; None：HI-Z, 硬件外部下拉; None：—; SW Variable Name or SW Function Name：— ——Port1"", ""\nHW Interface Component ：QM; None：F15/POWER; None：1、电源转换芯片SA23002，VCC3V3转VCC0V75_MIPI_DDR。\n2、SA23002由MCU进行使能和关断控制。; MCU Component ：F01/MCU; None：QM; None：P19; None：P22.1; None：P22.1/GTM_TIM1_IN0_8/GTM_TIM0_IN0_8/QSPI4_MRSTB/GTM_TOUT48/QSPI4_MRST/QSPI4_SCLKP; None：GPIO; None：MCU_VCC0V75_MIPI_DDR_EN; None：/; None：O; None：VCC0V75_MIPI_DDR电源使能控制信号\n高：使能VCC0V75_MIPI_DDR电源\n低：关断VCC0V75_MIPI_DDR电源; None：HI-Z, 硬件外部下拉; None：—; SW Variable Name or SW Function Name：— ——Port1\nECU Connector：X2000-54; None：SPI Communction; HW Interface Component ：B; None：F02/EYEQ6L; None：MCU_SPI0（slave）\nEQ6L_SPI0（master）\n速率：10Mbps; MCU Component ：F01/MCU; None：B; None：E20; None：P20.11; None：P20.11/GTM_TIM3_IN7_6/GTM_TIM2_IN7_6/QSPI0_SCLKA/GTM_TOUT67/QSPI0_SCLK; None：QSPI0_SCLKA; None：MCU_SPI0_CLK_P20.11; None：/; None：I; None：EQ发送SPI时钟信号到MCU\nMCU配置为内置下拉（SPI模式配置为：极性CPOL=0，相位CPHA=1）; None：HI-Z; None：—; SW Variable Name or SW Function Name：— ——Port1\nECU Connector：X2000-57; MCU Component ：F01/MCU; None：B; None：D20; None：P20.13; None：P20.13/GTM_TIM3_IN1_4/GTM_TIM2_IN1_4/QSPI0_SLSIA/GTM_TOUT69/QSPI0_SLSO2/QSPI1_SLSO2/QSPI0_SCLK; None：QSPI0_SLSIA; None：MCU_SPI0_CS_P20.13; None：/; None：I; None：EQ发送SPI片选信号到MCU\nMCU配置为内置上拉（SPI模式配置为：极性CPOL=0，相位CPHA=1）; None：HI-Z; None：—; SW Variable Name or SW Function Name：— ——Port1"", ""<table><tr><td>电源轨</td><td colspan='2'>软件设置阈值</td></tr><tr><td>电源轨</td><td>Min</td><td>Max</td></tr><tr><td>VCC3V3_EQ</td><td>2.884</td><td>3.782</td></tr><tr><td>VCC1V8</td><td>1.613</td><td>2.012</td></tr><tr><td>VCC1V8_EQ</td><td>1.613</td><td>2.012</td></tr><tr><td>VCC1V1</td><td>0.993</td><td>1.253</td></tr><tr><td>VCC0V75</td><td>0.673</td><td>0.836</td></tr><tr><td>0V75_MIPI_DDR</td><td>0.658</td><td>0.842</td></tr><tr><td>VCC3V3_CAM</td><td>2.884</td><td>3.782</td></tr><tr><td>VCC1V8_CAM</td><td>1.603</td><td>2.023</td></tr><tr><td>VCC1V1_CAM</td><td>0.9335</td><td>1.284</td></tr><tr><td>VCC50</td><td>4.379</td><td>5.721</td></tr><tr><td>VCC3V3_ETH</td><td>2.731</td><td>3.961</td></tr></table>"", ""<table><tr><td>HM ID</td><td>F17</td></tr><tr><td>模块功能 \nModule Function</td><td>3V3转3V3_ETH用于ETH供电，现选择负载开关方案。\n3V3 to 3V3_ETH is used for ETH power supply, and the load switching scheme is now selected.</td></tr><tr><td>模块框图\nModule diagram</td><td></td></tr><tr><td>模块方案\nModule solution</td><td>采用TPS22918负载开关，将VCC3V3系统电源转换为VCC3V3_ETH，提供给MCU的ETH供电。P21.0引脚使能该芯片。\nThe TPS22918 load switch is used to convert the VCC3V3 system power to VCC3V3-ETH to supply power to ETH of the MCU. The P21.0 pin of the MCU is used to enable the chip.\n</td></tr></table>"", ""<table><tr><td>HM ID</td><td>F15</td></tr><tr><td>模块功能 \nModule Function</td><td>VCC3V3转0V75_MIPI_DDR应用于EQ6的IO口供电，现使用矽力杰的SA23002进行设计。\nVCC3V3 to 0V75_MIPI_DDR for EQ6 IO port power supply, Silergy’s SA23002 is designed.</td></tr><tr><td>模块框图\nModule diagram</td><td></td></tr><tr><td>模块方案\nModule solution</td><td>采用SA23002电源芯片，将VCC3V3转换为0V75_MIPI_DDR，提供给EQ6的IO口供电。用MCU的P22.1引脚使能该芯片。\nSA23002 power chip is used to convert VCC3V3 to 0V75_MIPI_DDR to supply power to the I/O port of EQ6. The P22.1 pin of the MCU is used to enable the chip. \n</td></tr></table>"", ""<table><tr><td>HM ID</td><td>F20/F21/F22/F23</td></tr><tr><td>运行模式\nOperation Mode</td><td>运行模式、待机模式、Sleep模式、OFF模式、Overtemp模式\nRun mode, standby mode, Sleep mode, OFF mode, Overtemp mode.</td></tr><tr><td>模式定义\nDefinition of Operation mode</td><td>TCAN1044A：\n1、\t运行模式\nSTB设置为低电平使能Normal模式，收发器可以通过总线CANH和CANL发送接收数据。\n2、\t待机模式\nSTB设置为高电平使能Standby模式，收发器将不再发送接收数据。\n1.Run mode\nThe STB is set to low to enable Normal mode, and the transceiver can send and receive data through the bus CANH and CANL. \n2.Standby mode\nThe STB is set to high level enable Standby mode, and the transceiver will no longer send the received data.\nTCAN1145：\n1、Normal模式\n通过SPI3配置寄存器MC=111进入Normal模式，收发器可以通过总线CANH和CANL发送接收数据。\n2、Standby模式\n通过SPI3配置寄存器MC=100，使能Standby模式，收发器将不再发送接收数据，但INH引脚依然有效。\n3、Sleep模式\n   通过SPI3配置寄存器MC=001或者发生欠压事件，CAN收发器进入sleep模式。该模式下INH为高阻态。\n与TJA1145寄存器地址有差别，软件开发需要注意。\n4、Off模式\n当电源电压过低无法为IC供电，收发器进入Off模式，该模式下CAN引脚和INH引脚为高阻态。\n5、Overtemp模式\n当芯片整体温度高于阈值，会进入过温模式，该模式下收发器的发送端和接收端被禁用，INH引脚为高阻态。\nNormal mode\nThe Normal mode is entered through SPI3 configuration register MC=111, and the transceiver can send and receive data through buses CANH and CANL. \nStandby mode\nBy configuring the SPI3 register MC=100 to enable the Standby mode, the transceiver will no longer send the received data, but the INH pin will remain active. \nSleep mode\nThrough SPI3 configuration register MC=001 or an undervoltage event occurs, the CAN transceiver goes into sleep mode. In this mode, INH is in the high impedance state. \nOff mode\nWhen the supply voltage is too low to power the IC, the transceiver enters the Of mode, in which the CAN pin and INH pin are in the high resistance state. \nOvertemp mode\nWhen the overall chip temperature is higher than the threshold, it will enter the over-temperature mode, in which the transmitter and receiver of the transceiver are disabled, and the INH pin is in the high impedance state. </td></tr><tr><td>模式切换接口\nMode switching interface</td><td></td></tr><tr><td>模式状态机\nMode state machine</td><td>TCAN1044A：\n\nTCAN1145：\n\n</td></tr><tr><td>模式切换条件\nMode switching condition</td><td>参考：\n产品系统需求规格说明\n产品系统方案设计说明书\nReference: \nProduct system requirement specification \nProduct system scheme design specification.</td></tr><tr><td>备注\nNote</td><td></td></tr></table>"", ""<table><tr><td>HM ID</td><td>F01/F08/F09</td></tr><tr><td>模块功能 \nModule Function</td><td>系统需求需要板内电源电压进行ADC采样和异常监控，要求功能安全达到ASIL-B等级，确保EQ6系统工作安全。\nThe system requirements require the on-board power supply voltage for ADC sampling and anomaly monitoring, and the functional safety is required to reach ASIL-B level to ensure the working safety of EQ6 system.</td></tr><tr><td>模块框图\nModule diagram</td><td></td></tr><tr><td>模块方案\nModule solution</td><td>EQ6系统电源电压采样  \n系统需求需要MCU对LP87702、TPS62872、SA23002、TPS22918和摄像头端的电压VCC3V3_EQ，VCC1V8，VCC1V1，VCC0V75，0V75_MIPI_DDR、VCC3V3_CAM，VCC_1V8_CAM、VCC1V1_CAM进行ADC采样和异常监控。其中VCC1V8，VCC1V1，VCC0V75，0V75_MIPI_DDR，VCC_1V8_CAM、VCC1V1_CAM电压范围未超量程对电压直接采样。VCC3V3_EQ和VCC3V3_CAM经过两个10K 1%精度电阻分压后采样。VCC3V3_EQ用AN2引脚采样，VCC1V8用AN3引脚采样，VCC1V1用AN4引脚采样，VCC1V8_EQ用AN5引脚采样，VCC3V3_CAM用AN12引脚采样，VCC1V1_CAM用AN13引脚采样，VCC1V8_CAM用AN14引脚采样，VCC0V75_MIPI_DDR用AN18引脚采样，VCC0V75用AN19引脚采样。\nEQ6 system power supply voltage sampling\nThe system requirements specify that the MCU must perform ADC sampling and abnormal monitoring on the voltages VCC3V3_EQ, VCC1V8, VCC1V1, VCC0V75, 0V75_MIPI_DDR, VCC3V3_CAM, VCC_1V8_CAM, and VCC1V1_CAM for the LP87702, TPS62872, SA23002, TPS22918, and camera-side devices. Among these voltages, VCC1V8, VCC1V1, VCC0V75, 0V75_MIPI_DDR, VCC_1V8_CAM, and VCC1V1_CAM have voltage ranges within the measurement range and are directly sampled. VCC3V3_EQ and VCC3V3_CAM are sampled after being divided by two 10K resistors with 1% precision. Specifically, VCC3V3_EQ is sampled using AN2, VCC1V8 using AN3, VCC1V1 using AN4, VCC1V8_EQ using AN5, VCC3V3_CAM using AN12, VCC1V1_CAM using AN13, VCC_1V8_CAM using AN14, 0V75_MIPI_DDR using AN18, and VCC0V75 using AN19.\nCAN&ETH电源电压采样\n系统需求MCU对LP87702、TPS22918的输出电压VCC3V3_ETH，VCC50进行ADC采样和异常监控，VCC3V3_ETH和VCC50经过两个10K 1%精度电阻分压后采样。VCC3V3_ETH用AN8引脚采样，VCC50用AN1引脚采样。\nCAN&ETH power supply voltage sampling\nThe system requirements specify that the MCU must perform ADC sampling and abnormal monitoring on the output voltages VCC3V3_ETH and VCC50 from the LP87702 and TPS22918. Both VCC3V3_ETH and VCC50 are sampled after being divided by two 10K resistors with 1% precision. Specifically, VCC3V3_ETH is sampled using AN8, and VCC50 is sampled using AN1.</td></tr></table>"", ""\nNo.：86; Alarm ID：ALM9[0]; Alarm name：Temperature overflow; Related SMs：SM[HW]:DTS:TEMPERATURE_MONITOR; Safety related ?：Y; Fault Handling\n(Refer to Note)：Internal actions: \n• INTERRUPT REQUEST or NMI TRAP REQUEST\n• 中断触发后，软件在中断中保存SMU_AG到一片外狗复位不清除的RAM区，然后通过外狗进行复位\n• 软件在TRAP中，先判断SMU_AG是否为0。若SMU_AG≠0，则保存SMU_AG到一片外狗复位不清除的RAM区，然后通过外狗进行复位。若SMU_AG=0，则不保存SMU_AG。; Status：nan; Person in charge：nan; Comment：软件应该正确配置MCU过温保护阈值，过温阈值为150℃。 ——12.1 TC37X_HWSM\nNo.：87; Alarm ID：ALM9[1]; Alarm name：Temperature underflow; Related SMs：SM[HW]:DTS:TEMPERATURE_MONITOR; Safety related ?：Y; Fault Handling\n(Refer to Note)：Internal actions: \n• INTERRUPT REQUEST or NMI TRAP REQUEST\n• 中断触发后，软件在中断中保存SMU_AG到一片外狗复位不清除的RAM区，然后通过外狗进行复位\n• 软件在TRAP中，先判断SMU_AG是否为0。若SMU_AG≠0，则保存SMU_AG到一片外狗复位不清除的RAM区，然后通过外狗进行复位。若SMU_AG=0，则不保存SMU_AG。; Status：nan; Person in charge：nan; Comment：软件应该正确配置MCU欠温保护阈值，欠温阈值-50℃。 ——12.1 TC37X_HWSM\nNo.：88; Alarm ID：ALM9[3]; Alarm name：Over-voltage Alarm; Related SMs：SM[HW]:PMS:VDDM_MONITOR\nSM[HW]:PMS:VDDP3_MONITOR\nSM[HW]:PMS:VDDPD_MONITOR\nSM[HW]:PMS:VDD_MONITOR\nSM[HW]:PMS:VEVRSB_MONITOR\nSM[HW]:PMS:VEXT_MONITOR; Safety related ?：Y; Fault Handling\n(Refer to Note)：Internal actions: \n• INTERRUPT REQUEST or NMI TRAP REQUEST\n• 中断触发后，软件在中断中保存SMU_AG到一片外狗复位不清除的RAM区，然后通过外狗进行复位\n• 软件在TRAP中，先判断SMU_AG是否为0。若SMU_AG≠0，则保存SMU_AG到一片外狗复位不清除的RAM区，然后通过外狗进行复位。若SMU_AG=0，则不保存SMU_AG。; Status：nan; Person in charge：nan; Comment：nan ——12.1 TC37X_HWSM"", ""<table><tr><td>HM ID</td><td>F24</td></tr><tr><td>运行模式\nOperation Mode</td><td>正常模式、复位模式，待机模式，断电模式，休眠模式\nNormal mode, reset mode, standby mode, power off mode, sleep mode</td></tr><tr><td>模式定义\nDefinition of Operation mode</td><td>1、\t正常模式\n模块上电，正常运行模式，以太网收发正常。MDIO可以访问，Link处于连接状态。\n2、\t复位模式\nUV或Reset event时，PHY芯片将进行复位，在Reset期间将无法LINKUP，MDIO无法总线访问\n待机模式\n仅当PHY为MASTER且配置成管理模式时，上电自动进入待机模式。如果是自动模式，上电后自动进入正常模式。\n4、\t断电模式\n当任何一个电源轨低于POR阈值（0.6V）时，PHY处于断电状态，所有数字IO都将保持高阻态。\n休眠模式\n当有休眠指令且MDI总线空闲时，将进入休眠模式，除了能量检测外，禁用所有PHY模块。在睡眠模式下，所有寄存器配置都会丢失。\nNormal mode\nPower on，Normal Run mode, Ethernet transceiver is normal. MDIO is accessible and Link is in a connected state.\nReset mode\nUV or Reset event, the PHY chip will Reset, during reset will not be able to LINKUPMDIO cannot bus access.\nStandby mode\nThe device will automatically enter standby mode upon power-up only if*the PHY is configured in Master mode and set to managed mode. If the PHY operates in auto mode, it will automatically enter normal mode after power-on.\n4. Sleep mode\nThe PHY enters sleep mode when a sleep command is issued and the MDI bus is idle. In this mode, all PHY modules are disabled except for energy detection functionality. Note that all register configurations will be lost during sleep mode.</td></tr><tr><td>模式切换接口\nMode switching interface</td><td></td></tr><tr><td>模式状态机\nMode state machine</td><td></td></tr><tr><td>模式切换条件\nMode switching condition</td><td>参考：\n产品系统需求规格说明\n产品系统方案设计说明书\nReference: \nProduct system requirement specification \nProduct system scheme design specification.</td></tr><tr><td>备注\nNote</td><td></td></tr></table>"", ""D = 0.973.3 = 0.253\n0.75"", ""<table>\n<tr><td></td><td></td><td></td><td  >MIN</td><td  >NOM</td><td  >MAX</td><td  >UNIT</td></tr>\n<tr><td  >VIN</td><td  >Input voltage</td><td  >VIN SDA, SCL</td><td  >2.7</td><td></td><td  >6 5</td><td  >V</td></tr>\n<tr><td  >VouT</td><td  >Output voltage</td><td></td><td  >0.4</td><td></td><td  >3.35 V or (ViN - 1.4</td><td></td></tr>\n<tr><td></td><td></td><td></td><td></td><td></td><td  >V)(1)</td><td></td></tr>\n<tr><td></td><td></td><td  >TPS62870-Q1</td><td></td><td></td><td  >6</td><td></td></tr>\n<tr><td></td><td></td><td  >TPS62871-Q1</td><td></td><td></td><td  >9</td><td></td></tr>\n<tr><td  >loUT</td><td  >Output current</td><td  >TPS62872-Q1</td><td></td><td></td><td  >12</td><td  >A</td></tr>\n<tr><td></td><td></td><td  >TPS62873-Q1</td><td></td><td></td><td  >15</td><td></td></tr>\n<tr><td></td><td  >Inductance</td><td></td><td  >110</td><td></td><td  >330</td><td  >nH</td></tr>\n<tr><td></td><td></td><td  >fsw≥2.25MHz andVouT≤1.675V</td><td  >55</td><td></td><td  >330</td><td></td></tr>\n</table>"", ""<table><caption> Table9-5.DefaultOutputVoltageSetpoints</caption>\n<tr><td  >VSEL Pin(1)</td><td  >Device Number</td><td  >VSET[7:0]</td><td  >Output Voltage Setpoint</td></tr>\n<tr><td></td><td  >TPS6287x-Q1</td><td  >0x5a</td><td  >850 mV</td></tr>\n<tr><td></td><td  >TPS6287xY0-Q1</td><td  >0x50</td><td  >800 mV</td></tr>\n<tr><td></td><td  >TPS6287xY1-Q1</td><td  >0x14</td><td  >500 mV</td></tr>\n<tr><td></td><td  >TPS6287xY2-Q1</td><td  >0x64</td><td  >1800 mV</td></tr>\n<tr><td  >6.2 kQ to GND</td><td  >TPS6287xY3-Q1</td><td  >0x52</td><td  >810 mV</td></tr>\n<tr><td></td><td  >TPS6287xN0-Q1</td><td  >0x14</td><td  >500 mV</td></tr>\n<tr><td></td><td  >TPS6287xN1-Q1</td><td  >0x50</td><td  >800 mV</td></tr>\n<tr><td></td><td  >TPS6287xN2-Q1</td><td  >0x64</td><td  >1800 mV</td></tr>\n</table>"", ""<table><caption>  over operating junction temperature (TJ = -40 °C to 150 °C) and Vin = 2.7 V to 6 V. Typical values at Vin = 3.3 V and TJ = 25  °C (unless otherwise noted).</caption>\n<tr><th></th><th  >PARAMETER</th><th></th><th  >TEST CONDITIONS</th><th  >MIN</th><th  >TYP</th><th  >MAX</th><th  >UNIT</th></tr>\n<tr><th  >SUPPLY</th><th></th><th  >Operating</th><th  >EN = high, lout = 0 mA, V(sw) = 0 V,  primary operation, device not switching,</th><th></th><th  >1.75</th><th  >3</th><th  >mA</th></tr>\n<tr><th  >IQ</th><th  >Supply current (VIN) </th><th></th><th  >Tj=25°℃</th><th></th><th></th><th></th><th></th></tr>\n<tr><th></th><th></th><th  >Standby </th><th  >EN = low, V(sw) = 0 V, TJ = 25 °℃ </th><th></th><th  >16.5</th><th  >40</th><th  >μA</th></tr>\n<tr><td  >VIT+</td><td  >Positive-going UVLO threshold voltage (VIN)</td><td></td><td></td><td  >2.5</td><td  >2.6</td><td  >2.7</td><td  >V</td></tr>\n<tr><td  >ViT-</td><td  >Negative-going UVLO threshold voltage (VIN)</td><td></td><td></td><td  >2.4</td><td  >2.5</td><td  >2.6</td><td  >V</td></tr>\n<tr><th  >Vhys</th><th  >UVLO hysteresis voltage (VIN)</th><th></th><th></th><th  >90</th><th></th><th></th><th  >mV</th></tr>\n<tr><td  >VIT+</td><td  >Positive-going OVLO threshold voltage (VIN)</td><td></td><td></td><td  >6.1</td><td  >6.3</td><td  >6.5</td><td  >V</td></tr>\n<tr><td  >ViT-</td><td  >Negative-going OVLO threshold voltage (VIN)</td><td></td><td></td><td  >6.0</td><td  >6.2</td><td  >6.4</td><td  >V</td></tr>\n<tr><th  >Vhys</th><th  >OVLO hysteresis voltage (VIN)</th><th></th><th></th><th  >85</th><th></th><th></th><th  >mV</th></tr>\n<tr><th  >ViT-</th><th  >Negative-going power-on reset threshold</th><th></th><th></th><th  >1.4</th><th></th><th></th><th  >V</th></tr>\n</table>"", ""<table><caption> Table 9-3. Voltage Ranges</caption>\n<tr><td  >VRANGE[1:0]</td><td  >Voltage Range</td></tr>\n<tr><td  >Ob00</td><td  >0.4 V to 0.71875 V in 1.25-mV steps</td></tr>\n<tr><td  >0b01</td><td  >0.4 V to 1.0375 V in 2.5-mV steps</td></tr>\n<tr><td  >0b10</td><td  >0.4 V to 1.675 V in 5-mV steps</td></tr>\n<tr><td  >Ob11</td><td  >0.8 V to 3.35 V in 10-mV steps</td></tr>\n</table>"", ""<table><caption> Table 9-5. Default Output Voltage Setpoints (continued) For a reliable voltage setting, ensure there is no stray current path connected to the VSEL pin and that the parasitic capacitance(1) between the VSEL pin and GND is less than 100 pF.</caption>\n<tr><td  >VSEL Pin(1)</td><td  >Device Number</td><td  >VSET[7:0]</td><td  >Output Voltage Setpoint</td></tr>\n<tr><td  >Short Circuit to GND</td><td  >All, Except TPS6287xN2-Q1</td><td  >0x46</td><td  >750 mV</td></tr>\n<tr><td  >Short Circuit to GND</td><td  >TPS6287XN2-Q1</td><td  >0x4</td><td  >1500 mV</td></tr>\n<tr><td  >Short Circuit to VIN</td><td  >All, Except TPS6287XN2-Q1</td><td  >0x5f</td><td  >875 mV</td></tr>\n<tr><td  >Short Circuit to VIN</td><td  >TPS6287XN2-Q1</td><td  >0x5f</td><td  >1750 mV</td></tr>\n<tr><td></td><td  >TPS6287x-Q1</td><td  >0x78</td><td  >1.0 V</td></tr>\n<tr><td></td><td  >TPS6287xY0-Q1</td><td  >0x82</td><td  >1050</td></tr>\n<tr><td></td><td></td><td></td><td  >mV</td></tr>\n<tr><td></td><td  >TPS6287xY1-Q1</td><td  >0x50</td><td  >800 mV</td></tr>\n<tr><td  >47 kQ to VIn</td><td  >TPS6287xY2-Q1</td><td  >OxFA</td><td  >3300mV</td></tr>\n<tr><td></td><td  >TPS6287xY3-Q1</td><td  >0x78</td><td  >1000 mV</td></tr>\n<tr><td></td><td  >TPS6287XN0-Q1</td><td  >0x82</td><td  >1.050 V</td></tr>\n<tr><td></td><td  >TPS6287xN1-Q1</td><td  >0x58</td><td  >840 mV</td></tr>\n<tr><td></td><td  >TPS6287XN2-Q1</td><td  >0xFA</td><td  >3300 mV</td></tr>\n</table>"", ""Figure 10-6. Efficiency\nFigure 10-7. Load Regulation\n10.2.3ApplicationCurves\n100\n0.405\n90\n0.404\n0.403\n80\n0.402\n70\nM\n(%)\n0.401\n60\ntage\nEfficiency(\nVolt\n0.400\n50\n0.399\n40\n0.398\n5\n30\n0.397\n20\nVIn = 3.3 V\nVIn = 3.3 V\n0.396\n10\nVin = 5 V\nVIn = 5 V \n0.395\n1415\n2\n6\n8\n10\n12\n4\n10\n0\n1415\n6\n8\n12\nOutput Current (A)\nOutput Current (A)\nVout = 0.4 V\nVout = 0.4 V\nFigure 10-3.Load Regulation\nFigure 10-2. Efficiency\n100\n0.505\n0.504\n90\n0.503\n80\n70\n0.502\nM\nEfficiency (%)\n0.501\n60\n50\nVolta\n0.500\n0.499\n40\n0.498\n30\n0.497\n20\nVIn = 3.3 V\nVin = 3.3 V\n0.496\n10\nVin =5 V\nVIn = 5 V\n0.495\n6\n1415\n2\n8\n10\n12\n1415\n4\n6\n8\n10\n12\n0\n2\n4\nOutput Current (A)\nOutput Current (A)\nVout = 0.5 V\nVout = 0.5 V\nFigure 10-5. Load Regulation\nFigure 10-4. Efficiency\n0.755\n100\n90\n0.754\n80\n0.753\n70\n0.752\nM\nEfficiency (%)\n60\nVoltage\n0.751\n50\n0.750\n40\n0.749\nput\n0.748\n30\n0.747\n20\nVIN = 3.3 V\nVIn = 3.3 V\n0.746\n10\nVIn = 5 V\nVIn = 5 V\n0.745\n2\n8\n10\n1415\n0\n6\n12\n4\n10\n12\n1415\n6\n8\n0\n2\n4\nOutput Current (A)\n Output Current (A)\nVout = 0.75 V\nVout = 0.75 V"", ""<table><caption> Table 9-4. Start-UpVoltageSettings</caption>\n<tr><td  >VRANGE[1:0]</td><td  >Output Voltage Setpoint</td></tr>\n<tr><td  >Ob0o</td><td  >0.4 V + VSET[7:0] × 1.25 mV</td></tr>\n<tr><td  >0b01</td><td  >0.4 V + VSET[7:0] × 2.5 mV</td></tr>\n<tr><td  >0b10</td><td  >0.4 V + VSET[7:0] × 5 mV</td></tr>\n<tr><td  >Ob11</td><td  >0.8 V + VSET[7:0] × 10 mV</td></tr>\n</table>"", ""<table><caption> Table 9-13. VSET Register Field Descriptions</caption>\n<tr><td  >Bit</td><td  >Field</td><td  >Type</td><td  >Reset</td><td  >Description</td></tr>\n<tr><td  >7-0</td><td  >VSET</td><td  >R/W</td><td  >×</td><td  >Output voltage setpoint (see the range-setting bits in the CONTROL2</td></tr>\n<tr><td></td><td></td><td></td><td></td><td  >register.)</td></tr>\n<tr><td></td><td></td><td></td><td></td><td  >Range 1: Output voltage setpoint = 0.4 V + VSET[7:0] × 1.25 mV Range 2: Output voltage setpoint = 0.4 V + VSET[7:0] × 2.5 mV</td></tr>\n<tr><td></td><td></td><td></td><td></td><td  >Range 3: Output voltage setpoint = 0.4 V + VSET[7:0] × 5 mV</td></tr>\n<tr><td></td><td></td><td></td><td></td><td  >Range 4: Output voltage setpoint = 0.8 V + VSET[7:0] × 10 mV</td></tr>\n<tr><td></td><td></td><td></td><td></td><td  >The state of the VSEL pin during power up determines the reset</td></tr>\n<tr><td></td><td></td><td></td><td></td><td  >value.</td></tr>\n</table>"", ""<table><caption> *All dimensioons are nominal</caption>\n<tr><th  >Device</th><th  >Package Type</th><th  >Package Drawing</th><th  >Pins</th><th  >SPQ</th><th  >Length (mm)</th><th  >Width (mm)</th><th  >Height (mm)</th></tr>\n<tr><td  >TPS62870N0QWRXSRQ1</td><td  >VQFN-FCRLF</td><td  >RXS</td><td  >16</td><td  >3000</td><td  >338.0</td><td  >355.0</td><td  >50.0</td></tr>\n<tr><td  >TPS62870QWRXSRQ1</td><td  >VQFN-FCRLF</td><td  >RXS</td><td  >16</td><td  >3000</td><td  >338.0</td><td  >355.0</td><td  >50.0</td></tr>\n<tr><td  >TPS62870Y0QWRXSRQ1</td><td  >VQFN-FCRLF</td><td  >RXS</td><td  >16</td><td  >3000</td><td  >338.0</td><td  >355.0</td><td  >50.0</td></tr>\n<tr><td  >TPS62870Y1QWRXSRQ1</td><td  >VQFN-FCRLF</td><td  >RXS</td><td  >16</td><td  >3000</td><td  >338.0</td><td  >355.0</td><td  >50.0</td></tr>\n<tr><td  >TPS62870Y2QWRXSRQ1</td><td  >VQFN-FCRLF</td><td  >RXS</td><td  >16</td><td  >3000</td><td  >338.0</td><td  >355.0</td><td  >50.0</td></tr>\n<tr><td  >TPS62870Y3QWRXSRQ1</td><td  >VQFN-FCRLF</td><td  > RXS</td><td  >16</td><td  >3000</td><td  >338.0</td><td  >355.0</td><td  >50.0</td></tr>\n<tr><td  >TPS62871QWRXSRQ1</td><td  >VQFN-FCRLF</td><td  >RXS</td><td  >16</td><td  >3000</td><td  >338.0</td><td  >355.0</td><td  >50.0</td></tr>\n<tr><td  >TPS62871Y1QWRXSRQ1</td><td  >VQFN-FCRLF</td><td  >RXS</td><td  >16</td><td  >3000</td><td  >338.0</td><td  >355.0</td><td  >50.0</td></tr>\n<tr><td  >TPS62872N0QWRXSRQ1</td><td  >VQFN-FCRLF</td><td  > RXS</td><td  >16</td><td  >3000</td><td  >338.0</td><td  >355.0</td><td  >50.0</td></tr>\n<tr><td  >TPS62872QWRXSRQ1</td><td  >VQFN-FCRLF</td><td  >RXS</td><td  >16</td><td  >3000</td><td  >338.0</td><td  >355.0</td><td  >50.0</td></tr>\n<tr><td  >TPS62872Y1QWRXSRQ1</td><td  >VQFN-FCRLF</td><td  >RXS</td><td  >16</td><td  >3000</td><td  >338.0</td><td  >355.0</td><td  >50.0</td></tr>\n<tr><td  >TPS62873QWRXSRQ1</td><td  >VQFN-FCRLF</td><td  >RXS</td><td  >16</td><td  >3000</td><td  >338.0</td><td  >355.0</td><td  >50.0</td></tr>\n<tr><td  >TPS62873Y1QWRXSRQ1</td><td  >VQFN-FCRLF</td><td  >RXS</td><td  >16</td><td  >3000</td><td  >338.0</td><td  >355.0</td><td  >50.0</td></tr>\n</table>"", ""Figure 7-1. 16-Pin RXS VQFN Package (Top View)\nOUT\nNC\n16\n5-\n4\nCOMP\n13\nSCL\n（1\n2二\nGOSNS\n(12\nSDA\n[3\nVOSNS\n(11\nMODE/SYNC\n47\nThermal\n0]\nEN\nPG\nPad\n[5\n(9\nVIN\nVIN\nGND\nGND\n-'6!\n!8'\nSW\nNot to scale""]","{""original_context_count"": 30, ""original_context_characters"": 37549, ""scored_context_count"": 8, ""scored_context_characters"": 11237, ""contexts_truncated"": true, ""context_selection"": ""claim_coverage""}",0.2517567443019726,0.3917284381261554,0.6,not_applicable,0.4166666666458333,0.0,0.0,0.5909090909090909,not_applicable
hw-v1-joint-overvoltage,success,3.3V 电源有没有过压保护，是如何实现的？,HSI 2.3.12 节声明存在 3V3 过压保护电路；EDF 只能用于说明观察到的二极管或 TVS 连接拓扑，不能在没有数据手册证据时断言具体阈值或保护能力。,"根据提供的证据，关于3.3V电源的过压保护功能及实现方式，回答如下：

### 1. 3.3V电源是否设计有过压保护功能？

**是的，根据证据，3.3V电源（特指VCC3V3_MCU）设计有过压保护功能。**

*   **来源说明**：证据[1]明确指出：“AOU要求MCU需要硬件外部增加过压保护电路对3V3_MCU进行电压监控。” 这表明该功能是针对MCU的3.3V电源（VCC3V3_MCU）的特定要求。此外，证据[5]将“overvoltage protect”列为独立的功能模块（F18），用于“MCU电源VCC3V3_MCU的外部过压保护”。证据[7]和[8]的目录结构中也包含“3V3过压保护电路”章节。

### 2. 3.3V电源的过压保护是如何实现的？

**该过压保护是通过一个外部硬件电路实现的，该电路监控VCC3V3电压，并在电压超过阈值时切断对后级负载（VCC3V3_SW）的供电。**

*   **实现机制**：根据证据[1]的详细描述，该电路的工作原理如下：
    *   **正常/欠压状态**：当VCC3V3电压低于4.03V时，电路中的某个比较器（cathode引脚）输出高阻态。当VCC3V3电压同时高于一个NMOS管的VGS门限时，NMOS和PMOS均导通，使得VCC3V3_SW与VCC3V3直通，正常供电。
    *   **过压状态**：当VCC3V3电压超过4.03V时，比较器（cathode引脚）输出逻辑低电平，导致NMOS和PMOS均关闭，从而切断VCC3V3_SW的供电，对后级负载起到过压保护作用。

*   **其他相关保护**：
    *   证据[4]和[5]提到，在系统电源输入端（KL30）设计了双向TVS管，用于**瞬态过压保护**。这不是针对3.3V本身的稳态过压保护，而是对输入电源的浪涌保护。
    *   证据[2]提到某些电源芯片（如TPS62872-Q1）自身具有过压锁定（OVLO）功能，当输入电压过高时会停止工作。但这属于芯片自身的保护，并非针对3.3V输出的过压保护。

### 3. 缺失信息

*   **电路具体元件**：证据[1]仅描述了电路工作原理，未提供具体的电路原理图、元件型号（如比较器、MOSFET的型号）和参数。这些信息对于完整复现或分析保护电路是必要的。
*   **保护阈值精度**：证据中设定的过压触发阈值为4.03V，但未说明该阈值的精度或容差范围。
*   **其他3.3V分支的保护**：证据主要针对VCC3V3_MCU描述了过压保护。系统存在多个3.3V分支（如VCC3V3_EQ, VCC3V3_ETH, VCC3V3_CAM_FB等），检索到的证据未明确说明这些分支是否也具备类似的过压保护电路。

### 4. 证据冲突

在提供的证据中，存在以下冲突，无法合并为确定结论：

*   **VDD Over-voltage Alarm的归属**：
    *   证据[3]中，任务编号No.111的“VDD Over-voltage Alarm”与“VDD_MONITOR”相关，并指向“TC37X_HWSM”文档。该处的“VDD”可能指代MCU内部的VDD核心电压，而不是外部3.3V电源。
    *   证据[1]和[5]中描述的“VCC3V3_MCU”过压保护是一个独立的外部硬件电路模块（F18）。
    *   **结论**：证据[3]中的“VDD Over-voltage Alarm”与证据[1]中描述的3.3V外部过压保护电路是否为同一功能，无法确定。两者可能指向不同电压轨（MCU内部1.25V核电压 vs 外部3.3V I/O电压）的不同保护机制。

*   **VCC3V3_MCU的精度要求**：
    *   证据[6]中描述MCU电源VCC3V3_MCU的精度要求为“3.3V±10%”。
    *   证据[3]中任务No.111的“accuracy”字段值为“1.2-1.35v”，这与VCC3V3_MCU的电压范围不符，该字段可能对应的是VCC1V25_MCU（证据[6]中描述其精度为1.2-1.35V）。
    *   **结论**：证据[6]和[3]中关于VCC3V3_MCU精度要求的信息存在冲突，且证据[3]的“accuracy”字段值更可能指向其他电源轨。因此，无法将这两个值合并为VCC3V3_MCU的确定精度要求。","根据提供的证据，关于3.3V电源的过压保护功能及实现方式，回答如下：

### 1. 3.3V电源是否设计有过压保护功能？

**是的，根据证据，3.3V电源（特指VCC3V3_MCU）设计有过压保护功能。**

*   **来源说明**：证据[1]明确指出：“AOU要求MCU需要硬件外部增加过压保护电路对3V3_MCU进行电压监控。” 这表明该功能是针对MCU的3.3V电源（VCC3V3_MCU）的特定要求。此外，证据[5]将“overvoltage protect”列为独立的功能模块（F18），用于“MCU电源VCC3V3_MCU的外部过压保护”。证据[7]和[8]的目录结构中也包含“3V3过压保护电路”章节。

### 2. 3.3V电源的过压保护是如何实现的？

**该过压保护是通过一个外部硬件电路实现的，该电路监控VCC3V3电压，并在电压超过阈值时切断对后级负载（VCC3V3_SW）的供电。**

*   **实现机制**：根据证据[1]的详细描述，该电路的工作原理如下：
    *   **正常/欠压状态**：当VCC3V3电压低于4.03V时，电路中的某个比较器（cathode引脚）输出高阻态。当VCC3V3电压同时高于一个NMOS管的VGS门限时，NMOS和PMOS均导通，使得VCC3V3_SW与VCC3V3直通，正常供电。
    *   **过压状态**：当VCC3V3电压超过4.03V时，比较器（cathode引脚）输出逻辑低电平，导致NMOS和PMOS均关闭，从而切断VCC3V3_SW的供电，对后级负载起到过压保护作用。

*   **其他相关保护**：
    *   证据[4]和[5]提到，在系统电源输入端（KL30）设计了双向TVS管，用于**瞬态过压保护**。这不是针对3.3V本身的稳态过压保护，而是对输入电源的浪涌保护。
    *   证据[2]提到某些电源芯片（如TPS62872-Q1）自身具有过压锁定（OVLO）功能，当输入电压过高时会停止工作。但这属于芯片自身的保护，并非针对3.3V输出的过压保护。

### 3. 缺失信息

*   **电路具体元件**：证据[1]仅描述了电路工作原理，未提供具体的电路原理图、元件型号（如比较器、MOSFET的型号）和参数。这些信息对于完整复现或分析保护电路是必要的。
*   **保护阈值精度**：证据中设定的过压触发阈值为4.03V，但未说明该阈值的精度或容差范围。
*   **其他3.3V分支的保护**：证据主要针对VCC3V3_MCU描述了过压保护。系统存在多个3.3V分支（如VCC3V3_EQ, VCC3V3_ETH, VCC3V3_CAM_FB等），检索到的证据未明确说明这些分支是否也具备类似的过压保护电路。

### 4. 证据冲突

在提供的证据中，存在以下冲突，无法合并为确定结论：

*   **VDD Over-voltage Alarm的归属**：
    *   证据[3]中，任务编号No.111的“VDD Over-voltage Alarm”与“VDD_MONITOR”相关，并指向“TC37X_HWSM”文档。该处的“VDD”可能指代MCU内部的VDD核心电压，而不是外部3.3V电源。
    *   证据[1]和[5]中描述的“VCC3V3_MCU”过压保护是一个独立的外部硬件电路模块（F18）。
    *   **结论**：证据[3]中的“VDD Over-voltage Alarm”与证据[1]中描述的3.3V外部过压保护电路是否为同一功能，无法确定。两者可能指向不同电压轨（MCU内部1.25V核电压 vs 外部3.3V I/O电压）的不同保护机制。

*   **VCC3V3_MCU的精度要求**：
    *   证据[6]中描述MCU电源VCC3V3_MCU的精度要求为“3.3V±10%”。
    *   证据[3]中任务No.111的“accuracy”字段值为“1.2-1.35v”，这与VCC3V3_MCU的电压范围不符，该字段可能对应的是VCC1V25_MCU（证据[6]中描述其精度为1.2-1.35V）。
    *   **结论**：证据[6]和[3]中关于VCC3V3_MCU精度要求的信息存在冲突，且证据[3]的“accuracy”字段值更可能指向其他电源轨。因此，无法将这两个值合并为VCC3V3_MCU的确定精度要求。","[""Net VCC3V3 connects C1500.&1, C1617.&1, C1618.&1, C1621.&1, C1633.&2, C1700.&1, C1701.&1, C1702.&1, C1704.&1, C1709.&1, C1710.&1, C1711.&1, C1716.&1, C1800.&1, C1801.&1, C1802.&1, C1803.&1, C1804.&1, C1805.&1, C1811.&1, C1812.&1, C1821.&1, C1823.&1, C1828.&1, L1601.&2, L1701.&1, Q1700.S, R1622.&2, R1701.&1, R1706.&1, R1709.&1, R1710.&1, R1711.&2, R1712.&2, R1800.&2, TP1605.&1, TP1803.&1, U1500.VIN, U1600.VCCIN, U1700.VIN_B0_1, U1700.VIN_B1_1, U1700.VANA, U1700.VIN_B0_2, U1700.VIN_B1_2, U1800.VIN, U1800.VIN, U1800.MODE/SYNC, U1802.VIN, U1804.VIN, U1804.VIN, X2000.&1, X2000.&3."", ""Net VCC3V3_CAM_ACQ connects C1114.&2, R1143.&2, R1147.&2, TP1146.&1, U900A.AN12/EVADC_G1CH4/EDSADC_EDS0PB."", ""Net VCC3V3_CAM_FB connects R1143.&1, TP1913.&1, X1903.&4."", ""Net VCC3V3_EQ connects C1832.&1, C502.&1, C619.&1, C621.&1, C624.&1, C627.&1, C630.&1, R1108.&1, R1122.&1, R506.&2, R507.&2, R549.&2, R554.&2, R555.&2, R556.&2, R558.&2, R580.&2, R581.&2, TP1816.&1, U1802.QOD, U1802.VOUT, U400-2.VDD_RING_8_0-1, U400-2.VDD_RING_8_0-2, U400-2.VDD_RING_8_0-3, U400-2.VDD_RING_9_0, X1903.&10, Y500.VDD."", ""Net VCC3V3_ETH connects C1404.&1, C1410.&1, C1502.&1, C1503.&1, C1504.&1, L1400.&2, L1401.&2, R1110.&1, R1400.&2, R1401.&2, R1402.&2, R1403.&2, R1404.&2, R1405.&2, R1406.&2, R1407.&2, R1408.&2, R1409.&2, R1410.&2, TP1502.&1, U1500.QOD, U1500.VOUT, U1501.EN, U1501.IN."", ""Net VCC3V3_MCU connects C1109.&1, C1204.&1, C1221.&1, C1303.&1, C1308.&1, C509.&2, C835.&2, C906.&1, C909.&1, C910.&1, C911.&1, C913.&1, C914.&1, C915.&1, C929.&1, DP907.&1, L1703.&2, L901.&1, L902.&1, L903.&2, R1007.&2, R1009.&2, R1115.&2, R1205.&2, R1218.&2, R1229.&2, R1235.&2, R1240.&2, R1241.&2, R1300.&2, R1301.&2, R1309.&2, R1310.&2, R1322.&2, R1328.&2, R1703.&1, R805.&2, R900.&1, R903.&2, R904.&2, R906.&2, R909.&2, R913.&2, R915.&2, R919.&2, R920.&1, R921.&1, U1200.VI/O, U1203.VI/O, U1204.VI/O, U1205.VI/O, U1302.VI/O, U1303.VI/O, U1304.VI/O, U1305.VI/O, U503.VCCB, U900C.VEVRSB, U900C.VEXT, U900C.VEXT, U900C.VEXT, U900C.VEXT, U900C.VEXT, U900C.VFLEX, Y1100.std-by, Y1100.VCC."", ""Net VCC3V3_SW connects C1721.&2, C905.&1, L1703.&1, Q1700.D, R1709.&2, TP1714.&1, U901.S2."", ""Net MONITOR_CLK connects C503.&1, R546.&2, U400-9.GPIO_A30_EXT_CLK."", ""Instance D1601: Tvs5KP16CA, 130000089, SMBJ33CAHE3_B/H, diom544x356x213_bi."", ""Observed protection tvs component D1200 connects protected nets CAN0L, CAN0H and ground nets GND; this topology does not confirm short-circuit protection capability."", ""Observed protection tvs component D1201 connects protected nets CAN1L, CAN1H and ground nets GND; this topology does not confirm short-circuit protection capability."", ""Observed protection tvs component D1300 connects protected nets CAN2L, CAN2H and ground nets GND; this topology does not confirm short-circuit protection capability."", ""Observed protection tvs component D1301 connects protected nets CAN3L, CAN3H and ground nets GND; this topology does not confirm short-circuit protection capability."", ""Observed protection tvs component D1400 connects protected nets N22957741, N22957686 and ground nets GND; this topology does not confirm short-circuit protection capability."", ""Observed protection tvs component D1401 connects protected nets N23085748, N23085751 and ground nets GND; this topology does not confirm short-circuit protection capability."", ""Observed protection tvs component D1601 connects protected nets UBD and ground nets GND; this topology does not confirm short-circuit protection capability."", ""<table><tr><td>HM ID</td><td>F18</td></tr><tr><td>模块功能 \nModule Function</td><td>AOU要求MCU需要硬件外部增加过压保护电路对3V3_MCU进行电压监控。\nAOU requires MCU to increase the overvoltage protection circuit outside the hardware to monitor the voltage of 3V3_MCU. </td></tr><tr><td>模块框图\nModule diagram</td><td>\n\n</td></tr><tr><td>模块方案\nModule solution</td><td>1.当VCC3V3 <4.03V时，cathode引脚为高阻态, 当VCC3V3 <VGS门限（Q1701）时，NMOS关闭，PMOS关闭，VCC3V3_SW无电。\n2、当4.03V＞VCC3V3 > VGS门限（Q1701）时，NMOS打开，PMOS打开，VCC3V3_SW和VCC3V3直通。\n3、当VCC3V3＞4.03V时，cathode引脚输出逻辑低（最高1V），NMOS关闭，PMOS关闭，VCC3V3_SW无电，对后级负载起到过压保护作用。\n1. When VCC3V3 <4.03V, the cathode pin is in the high resistance state. When VCC3V3 <VGs threshold (Q1701), NMOS is off, PMOS is off, and VCC3V3_SW has no electricity.\n2.When 4.03V>VCC3V3>VGS threshold (Q1701), NMOS opens, PMOS opens, and VCC3V3_sw and VCC3V3 pass through.\n3.When VCC3V3>4.03V, the cathode pin output logic is low (up to 1V), NMOS is off, PMOS is off, and VCC3V3_Sw has no power, which plays an overvoltage protection role on the load of the later stage.\n</td></tr></table>"", ""\n9.3.11 Undervoltage Lockout (UVLO)\nThe device has an undervoltage lockout function that disables the device if the supply voltage is too low for correct operation. The negative-going threshold of the UVLO function is 2.5 V (typical). If the supply voltage decreases below this value, the device stops switching and, if DISCHEN = 1 in the CONTROL1 register, turns on the output discharge.\n9.3.12 Overvoltage Lockout (OVLO)\nThe device has an overvoltage lockout function that disables the DC/DC converter if the supply voltage is too high for correct operation. The positive-going threshold of the OVLO function is 6.3 V (typical). If the supply voltage increases above this value, the device stops switching and, if DISCHEN = 1 in the CONTROL1 register, turns on the output discharge.\nThe device automatically starts switching again - it begins a new soft-start sequence - when the supply voltage falls below 6.2 V (typical)\n9.3.13 Overcurrent Protection\n9.3.13.1 Cycle-by-Cycle Current Limiting\nIf the peak inductor current increases above the high-side current limit threshold, the device turns off the high-side switch and turns on the low-side switch to ramp down the inductor current. The device only turns on the high-side switch again if the inductor current has decreased below the low-side current limit threshold.\nNote that because of the propagation delay of the current limit comparator, the current limit threshold in practice can be greater than the DC value specified in the Electrical Characteristics. The current limit in practice is given by:\nwhere:\n· I, is the inductor current.\n·ILiMH is the high-side current limit threshold measured at DC\nProduct Folder Links: TPS62870-Q1TPS62871-Q1 TPS62872-Q1 TPS62873-Q1"", ""\nNo.：107; Alarm ID：ALM11[10]; Alarm name：(HSSL0) SRI Read Data Phase Error\n(HSSL0) EDC Read Phase Error; Related SMs：SM[HW]:HSSL:SRI_TRANSACTION_INTEGRITY\nSM[HW]:SRI:SRI_TRANSACTION_INTEGRITY; Safety related ?：N; Fault Handling\n(Refer to Note)：• NO ACTION; Status：nan; Person in charge：nan; Comment：nan ——12.1 TC37X_HWSM\nNo.：108; Alarm ID：ALM11[12] ; Alarm name：Phase Synchronizer Error\n(CONVERTER) Phase Synchronizer Error; Related SMs：SM[HW]:CONVCTRL:PHASE_SYNC_ERR\nSM[HW]:SRI:SRI_TRANSACTION_INTEGRITY; Safety related ?：N; Fault Handling\n(Refer to Note)：• NO ACTION; Status：nan; Person in charge：nan; Comment：nan ——12.1 TC37X_HWSM\nNo.：109; Alarm ID：ALM11[13] ; Alarm name： (CPU SOTA, SRI SOTA) SOTA Swap Error\nSRI0 SOTA swap error\nSRI1 SOTA swap error\nSRI2 SOTA swap error; Related SMs：SM[HW]:SRI:SRI_TRANSACTION_INTEGRITY\nSM[HW]:SRI:SWAP_CONFIGURATION_PROTECTION; Safety related ?：N; Fault Handling\n(Refer to Note)：• NO ACTION; Status：nan; Person in charge：nan; Comment：nan ——12.1 TC37X_HWSM\nNo.：110; Alarm ID：ALM20[x]; Alarm name： SMU_Stdby Alarms (x=3..15, 31); Related SMs：SM[HW]:SMU:CCF_MONITOR; Safety related ?：N; Fault Handling\n(Refer to Note)：• NO ACTION; Status：nan; Person in charge：nan; Comment：nan ——12.1 TC37X_HWSM\nNo.：111; Alarm ID：ALM20[4]; Alarm name：VDD Over-voltage Alarm; Related SMs：SM[HW]:PMS:VDD_MONITOR; Safety related ?：N; Fault Handling\n(Refer to Note)：• NO ACTION; Status：nan; Person in charge：nan; Comment：nan ——12.1 TC37X_HWSM"", ""<table><tr><td>HM ID</td><td>F11</td></tr><tr><td>模块功能 \nModule Function</td><td>KL30供电口处增加EMI电路，用于供电防反、保护和滤波。\nAn EMI circuit is added at the KL30 power supply port for power supply anti-reaction, protection and filtering.</td></tr><tr><td>模块框图\nModule diagram</td><td></td></tr><tr><td>模块方案\nModule solution</td><td>硬件电路设计在UBD网络增加两个串联ESD电容，PCB布局靠近主连接器引脚处，用于吸收外部ESD信号，后端增加双向TVS管用于瞬态过压保护，UBD供电口增加肖特基二极管，用于防反接保护，后级增加Π型滤波电路。\nThe hardware circuit design adds two series ESD capacitors to the UBD network, the PCB layout is near the main connector pin for absorbing external ESD signals, the bidirectional TVS tube is added to the back end for transient overvoltage protection, the Schottky diode is added to the UBD power supply port for anti-reverse connection protection, and the type 1 filter circuit is added to the rear stage.\n</td></tr></table>"", ""<table><tr><td>HM ID</td><td>F11/F12/F13/F14/F15/F16/F17/F18/F19/F25/F27</td></tr><tr><td>模块功能 \nModule Function</td><td>系统使用车载电池12V电压供电，经过EMI电路后输入至电源转换芯片，转换输出系统各模块所需电源。\nThe system uses 12V voltage power supply from the vehicle battery, which is input to the power conversion chip through the EMI circuit. Then the power conversion chip convert and output the power required by each module of the system.</td></tr><tr><td>模块框图\nModule diagram</td><td></td></tr><tr><td>模块方案\nModule solution</td><td>KL30 EMI (ASIL-B)\nKL30供电口处增加EMI电路，用于供电保护和滤波。硬件电路设计在UBD网络增加两个串联ESD电容，PCB布局靠近主连接器引脚处，用于吸收外部ESD信号，后端增加双向TVS管用于瞬态过压保护\nThe EMI circuit is added at the KL30 power supply port for power supply protection and filtering. The hardware circuit design adds two series ESD capacitors in the UBD network, the PCB layout is close to the main connector pin for absorbing external ESD signals, and the two-way TVS tube is added at the back end for transient overvoltage protection.\nKL30 to VCC3V3 (ASILB)\nKL30转VCC3V3是系统一级DC-DC，给MCU提供VCC3V3_MCU电源，所以系统要求其满足ASILB，确保MCU功能安全。\nKL30 to VCC3V3 is a system primary DC-DC chip, because the MCU needs VCC3V3_MCU power supply, so the system requires it to meet the ASILB to ensure the functional safety of the MCU.\nVCC3V3_MCU to VCC1V25_MCU(ASILB)\n3V3转1V25_MCU是使用MCU内置控制器进行控制的BUCK电源，用于MCU的核供电，功能安全需求达到ASILB，确保MCU功能安全。\n3V3 to 1V25_MCU is a BUCK power supply controlled by MCU built-in controller, which is used for MCU nuclear power supply. Functional safety requirements meet ASILB to ensure the functional safety of MCU.\nVCC3V3 to VCC0V75(QM(B))\nVCC3V3转VCC0V75应用于EQ6的内核供电，要求输出电流能力大，现选型TI的电源方案TPS62872。用MCU的P22.0引脚使能芯片，用MCU_SDA_P15.5，MCU_SCL_P15.4引脚I2C通信来设置输出电压和通信。\nVCC3V3 to VCC0V75 is applied to the core power supply of EQ6, which requires large output current capacity. The power supply scheme TPS62872 of TI is selected. P22.0 pin of MCU is used to enable the chip, and MCU_SDA_P15.5, MCU_SCL_P15.4 pin I2C communication is used to set the output voltage and communication. \nVCC3V3 to 0V75_MIPI_DDR(QM(B))\nVCC3V3转0V75_MIPI_DDR用于EQ6的IO口供电，现使用矽力杰的SA23002进行设计。用MCU的P22.1引脚使能该芯片。\nVCC3V3 to 0V75_MIPI_DDR for EQ6 IO port power supply, Silergy’s SA23002 is designed. The P22.1 pin of the MCU is used to enable the chip.\nVCC3V3转VCC1V8、VCC1V1、VCC50(QM(B))\nVCC1V8用于EQ6、CAM、DDR、FLASH供电，VCC1V1用于EQ6、DDR供电，VCC50用于CAN收发器供电，现选择LP87702 PMIC方案。用MCU的P15.3引脚使能该芯片的5V输出，用MCU_SCL_P15.4，MCU_SDA_P15.5 I2C通信来设置1.8V和1.1V输出电压和使能。\nVCC1V8 is used for EQ6, CAM, DDR, FLASH power supply, VCC1V1 is used for EQ6, DDR power supply, VCC50 is used for CAN transceiver  power supply, LP87702 PMIC scheme is selected. P15.3 pin of MCU is used to enable 5V output of the chip, and MCU_SCL_P15.4, MCU_SDA_P15.5 I2C communication is used to set 1.8V and 1.1V output voltage and enable it. \nVCC3V3 to VCC3V3_EQ(QM(B))\nVCC3V3转VCC3V3_EQ用于EQ6的IO和摄像头供电，现使用负载开关进行设计。用MCU的P20.3引脚使能该芯片。\nVCC3V3 to VCC3V3_EQ for EQ6’s IO and camera power supply, now using the load switch is designed. .The P20.3 pin of the MCU is used to enable the chip.\n\tVCC3V3 to VCC3V3_ETH(QM)\n3V3转3V3_ETH用于ETH供电，现选择负载开关方案。用MCU的P21.0引脚使能该芯片。\n3V3 to 3V3_ETH for ETH power supply, the load switch scheme is selected. . The P21.0 pin of the MCU is used to enable the chip.\n\tVCC1V8 to VCC1V8_EQ(QM(B))\nVCC1V8转VCC1V8_EQ用于EQ供电，现选择负载开关方案。用MCU的P20.0引脚使能该芯片。\nVCC1V8 to VCC1V8_EQ for EQ power supply, the load switch scheme is selected. . The P20.0 pin of the MCU is used to enable the chip.</td></tr><tr><td colspan='2'></td></tr></table>"", ""<table><tr><td>HM ID</td><td>F01</td></tr><tr><td>模块功能 \nModule Function</td><td>32位MCU芯片TC377最小系统模块有SAK-TC377TP-96F300S AA主控芯片和晶体、硬件配置组成，实现SAK-TC377TP-96F300S AA最小硬件系统工作单元，功能安全等级最高可达到ASIL-D，满足应用要求。\n32-bit MCU chip TC377 minimum system module has SAK-TC377TP-96F300S AA main control chip and crystal, hardware configuration, to achieve SAK-TC377TP-96F300S AA minimum hardware system work unit, functional safety level up to ASIL-D, meet the application requirements. </td></tr><tr><td>模块框图\nModule diagram</td><td></td></tr><tr><td>模块方案\nModule solution</td><td>处理器\n根据ADAS产品需求，综合评估选型为32位MCU芯片SAK-TC377TP-96F300S AA， MCU接口资源丰富，功能安全等级最高可达到ASIL-D，满足应用要求。\nProcessor \nAccording to ADAS product requirements, 32-bit MCU chip SAK-TC377TP-96F300S AA is selected through comprehensive evaluation, which has rich MCU interface resources and the highest functional safety level can reach ASIL-D to meet application requirements\n时钟设计\n硬件选型20MHz晶振给MCU提供时钟输入，由其内部PLL等电路完成倍频、分频，供其内核和各模块使用。\nClock design\nHardware selection of clock design 20MHz crystal oscillator provides clock input to MCU, and its internal PLL and other circuits complete frequency doubling and frequency division for its kernel and each module.\n复位及watchdog\n系统复位及看门狗芯片采用LP87702内部看门狗，喂狗方式为窗口喂狗，当喂狗窗口无有效喂狗次数超过OTP配置时，将触发整个系统复位。\na)\t上电时，看门狗芯片对MCU启动过程进行监控，同时对MCU的电源VCC3V3电压进行低压监控，异常时主动复位MCU。\nb)\t运行过程中由看门狗监控MCU运行状态，当MCU程序跑飞时看门狗超时触发复位信号主动复位MCU。\nReset and watchdog\nThe system reset and watchdog chip adopts LP87702 internal watchdog, and the feeding method is window feeding. When the number of effective dog feeding in the feeding window exceeds the OTP configuration, the whole system reset will be triggered. \n When powering on, the watchdog chip monitors the start-up process of MCU, and at the same time, it monitors the low voltage voltage of MCU's power supply VCC3V3, and actively resets MCU when abnormal. \n MCU running status is monitored by watchdog during operation. When MCU program runs, watchdog timeout triggers reset signal and actively reset MCU.\n电源需求\nMCU需要1路VCC3V3_MCU（精度：3.3V±10%）和1路VCC1V25_MCU（精度：1.2-1.35V）供电。\n4. Power demand\nThe MCU needs 1 channel VCC3V3_MCU (accuracy: 3.3V±10%) and 1 channel VCC1V25_MCU (accuracy: 1.2-1.35V) power supply.</td></tr></table>"", ""注：使用本模板时请先阅读填写说明页，形成工作产品时本页不可删除变更历史Change History目  录Table of Contents1\t概述 Introduction\t81.1 目的 Purpose\t81.2 适用范围 Range of Application\t81.3 读者对象 TReader\t81.4 术语及缩写解释 Terms and Abbreviations\t81.5 参考文档 Reference Document\t82\t硬件架构 Hardware Architecture\t92.1 系统概述 System overview\t92.2 硬件框图 Hardware block diagram\t102.3 模块电路 Module circuit\t122.3.1 KL30电源管理电路 KL30 supply management circuit\t122.3.2 唤醒电路 Wake Up circuit\t132.3.3 电源电路 power circuit\t152.3.4 TC377最小系统 TC377 minimum system\t232.3.5 EQ6最小系统 EQ6 minimum system\t252.3.6 摄像头最小系统 camera minimum system\t282.3.7 看门狗电路 Watchdog circuit\t302.3.8 温度采样电路 Temp Sample circuit\t302.3.9 系统内电源电压采样电源 The power System Voltage Sampling circuit\t312.3.10 ETH电路 ETH circuit\t332.3.11 CAN/CAN FD电路 CAN/CAN FD circuit\t342.3.12 3V3过压保护电路 3V3 overvoltage protection circuit\t353\t硬件运行模式 Hardware Operation Mode\t363.1 硬件运行模式 Hardware Operation Mode\t363.2 运行模式定义 Definition of Operation Mode\t373.3 运行模式转换条件 Transition Condition of Operation Mode\t393.3.1 KL30电源管理电路 KL30 supply management circuit\t393.3.2 唤醒电路 Wake Up circuit\t413.3.3 电源电路 Power Circuit\t423.3.4 TC377最小系统 TC377 minimum system\t53"", ""唤醒电路 Wake Up circuit电源电路 power circuitKL30 EMI电路 KL30 EMI circuitKL30 转VCC3V3 KL30 to VCC3V3VCC3V3_MCU转VCC1V25_MCU  VCC3V3_MCU to VCC1V25_MCUVCC3V3转VCC0V75  VCC3V3 to VCC0V75VCC3V3转0V75_MIPI_DDR  VCC3V3 to 0V75_MIPI_DDRVCC3V3转VCC1V8、VCC1V1、VCC50   VCC3V3 to VCC1V8、VCC1V1、VCC50VCC3V3转VCC3V3_EQ  VCC3V3 to VCC3V3_EQVCC3V3转VCC3V3_ETH  VCC3V3 to VCC3V3_ETHVCC1V8转VCC1V8_EQ  VCC1V8 to VCC1V8_EQTC377最小系统 TC377 minimum systemEQ6最小系统 EQ6 minimum system摄像头最小系统 camera minimum system看门狗电路 Watchdog circuit温度采样电路 Temp Sample circuit系统内电源电压采样电源 The power System Voltage Sampling circuitETH电路 ETH circuitCAN/CAN FD电路 CAN/CAN FD circuit3V3过压保护电路 3V3 overvoltage protection circuit硬件运行模式 Hardware Operation Mode主要用于描述当前ADAS硬件不同的运行模式（例如上电模式，下电模式，Sleep模式，运行模式等）。描述各个运行模式下的硬件模块功能，以及模式之间的切换条件。Describe the different operating mode of ADAS Hardware (e.g. power on mode, power off mode, Sleep mode，normal mode). Define the HW component functions in each operating mode, describe the transition condition between different modes.硬件运行模式 Hardware Operation Mode系统功能矩阵描述系统不同模式下各功能模块运行状态。The system function matrix describes the operation status of each function module in different modes of the system."", ""<table><tr><td>HM ID</td><td>F12</td></tr><tr><td>模块功能 \nModule Function</td><td>KL30转VCC3V3是系统一级DC-DC，基于LN10046设计，给系统提供电源。\nThe KL30 to VCC3V3 is a first-level DC-DC based on the LN10046 design and provides power to the system.</td></tr><tr><td>模块框图\nModule diagram</td><td></td></tr><tr><td>模块方案\nModule solution</td><td>采用LN10046电源DCDC芯片，将12V系统电源转换为3.3V，提供给系统供电使用。\nThe LN10046 power supply DCDC chip is used to convert the 12V system power supply to 3.3V and provide power supply to the system for use.\n</td></tr></table>"", ""\nNone：MCU采样摄像头的1V8电源电压，精度要求：1.7~1.9V; MCU Component ：F01/ MCU; None：B; None：U6; None：AN14; None：AN14/EVADC_G1CH6/EDSADC_EDS3PB; None：ADC，分辨率10bit; None：VCC1V8_CAM_ACQ; None：/; None：I; None：索尼摄像头模组电源1.8V电压采样。\nU1V8_CAM_ACQ=3.3*ADC值/1024\n精度：1.7~1.9V\n硬件滤波截止频率：≥121.7Hz\n硬件滤波时间：≤1.5ms; None：HI-Z; None：—; SW Variable Name or SW Function Name：— ——Port1\nNone：Config; MCU Component ：F01/ MCU; None：QM; None：H19; None：P20.2; None：P20.2/TESTMODE; None：TESTMODE; None：—; None：/; None：I; None：TESTMODE：\n高：正常工作模式\n低：英飞凌内部测试模式; None：HI-Z，硬件外部上拉; None：—; SW Variable Name or SW Function Name：— ——Port1\nNone：Config; MCU Component ：F01/ MCU; None：B; None：A14; None：P14.5; None：P14.5/GTM_TIM1_IN0_4/GTM_TIM0_IN0_4/PMS_HWCFG1IN/GTM_DTMA2_0/GTM_TOUT85/ERAY0_TXD; None：PMS_HWCFG1IN; None：—; None：/; None：I; None：EVR33控制内部3.3V电压转换:\n高：内部使用5V转换为3.3V电压\n低：禁止5V转换为3.3V电压; None：HI-Z，硬件外部下拉; None：—; SW Variable Name or SW Function Name：— ——Port1"", ""\nNone：MCU采样EQ6l系统的VCC0V75_MIPI_DDR电源电压\n精度要求：0V75±5%; MCU Component ：F01/ MCU; None：B; None：W4; None：AN18; None：AN18/P40.11/SENT_SENT11A/EVADC_G11CH8/EVADC_G2CH2; None：ADC，分辨率10bit; None：0V75_MIPI_DDR_ACQ; None：/; None：I; None：0V75_MIPI_DDR电压采样\nU0V75_MIPI_DDR_ACQ=3.3*ADC值/1024\n硬件滤波截止频率：≥121.7Hz\n硬件滤波时间：≤1.6ms\n精度要求：0.75V±5%; None：HI-Z; None：—; SW Variable Name or SW Function Name：— ——Port1\nNone：MCU采样摄像头系统的3.3V电源电压，精度要求：3V3±5%; MCU Component ：F01/ MCU; None：B; None：T7; None：AN12; None：AN12/EVADC_G1CH4/EDSADC_EDS0PB; None：ADC，分辨率10bit; None：VCC3V3_CAM_ACQ; None：/; None：I; None：索尼摄像头模组电源3.3V电压采样。\nCAM 3V3电压采样\nU3V3_CAM_ACQ=3.3*ADC值/1024\nU3V3_CAM=U3V3_CAM_ACQ/分压比，分压比=1/2\n精度要求：3.3V±5%; None：HI-Z; None：—; SW Variable Name or SW Function Name：— ——Port1\nNone：MCU采样摄像头的1V1电源电压，精度要求：1~1.2V; MCU Component ：F01/ MCU; None：B; None：W6; None：AN13; None：AN13/EVADC_G1CH5/EDSADC_EDS0NB; None：ADC，分辨率10bit; None：VCC1V1_CAM_ACQ; None：/; None：I; None：索尼摄像头模组电源1.1V电压采样。\nU1V1_ACQ=3.3*ADC值/1024\n精度：1~1.2V\n硬件滤波截止频率：≥121.7Hz\n硬件滤波时间：≤1.6ms; None：HI-Z; None：—; SW Variable Name or SW Function Name：— ——Port1"", ""<table><tr><td>模块序号\nModule number</td><td>模块名称\nModule name</td><td>功能定义\nFunction definition.</td><td>功能安全需求\nFunctional safety requirements</td></tr><tr><td>F01</td><td>MCU</td><td>SAK-TC377TP-96F300S AA</td><td>B(B)</td></tr><tr><td>F02</td><td>EYEQ6-L</td><td>EYEQ6-L，用于sensor的视频处理</td><td>B</td></tr><tr><td>F03</td><td>EYEQ6_LPDDR4</td><td>EQ6的1GB LPDDR4</td><td>B</td></tr><tr><td>F04</td><td>EYEQ6_NAND FLASH</td><td>EQ6的2Gb NAND FLASH</td><td>B</td></tr><tr><td>F05</td><td>CAM SENSOR</td><td>Sony 728摄像头模组</td><td>B</td></tr><tr><td>F06</td><td>KL30 sample</td><td>KL30电压采样</td><td>QM</td></tr><tr><td>F07</td><td>KL15 sample</td><td>KL15电压采样</td><td>QM</td></tr><tr><td>F08</td><td>EQ system power sample1</td><td>EQ6L系统供电电源电压ADC采样滤波、分压电路</td><td>B(B)</td></tr><tr><td>F09</td><td>ETH and CAN power sample2</td><td>CAN和ETH电源电压ADC采样滤波、分压电路</td><td>QM</td></tr><tr><td>F10</td><td>NTC temp sensor</td><td>NTC温度传感器，监控EQ6L/LPDDR4周边环境温度。</td><td>B</td></tr><tr><td>F11</td><td>KL30 EMI</td><td>KL30供电口EMI滤波电路.</td><td>B</td></tr><tr><td>F12</td><td>POWER</td><td>LN10046，KL30电源转VCC3V3电源</td><td>B</td></tr><tr><td>F13</td><td>POWER</td><td>LP87702，VCC3V3电压输入，VCC1V1、VCC1V8、VCC50电压输出</td><td>QM(B)</td></tr><tr><td>F14</td><td>POWER</td><td>TPS62872，VCC3V3电压输入，VCC0V75电压输出</td><td>QM(B)</td></tr><tr><td>F15</td><td>POWER</td><td>SA23002，VCC3V3输入，VCC0V75电压输出</td><td>QM(B)</td></tr><tr><td>F16</td><td>POWER</td><td>TPS22918负载开关，VCC3V3电压输入，VCC3V3_EQ输出</td><td>QM(B)</td></tr><tr><td>F17</td><td>POWER</td><td>TPS22918负载开关，VCC3V3输入，VCC3V3_ETH输出</td><td>QM</td></tr><tr><td>F18</td><td>overvoltage protect</td><td>用于MCU电源VCC3V3_MCU的外部过压保护</td><td>B</td></tr><tr><td>F19</td><td>POWER</td><td>TPS22918 负载开关，VCC1V8电压输入，VCC1V8_EQ电压输出</td><td>QM(B)</td></tr><tr><td>F20</td><td>CAN3</td><td>基于TCAN1145的CAN通讯，硬件支持特定报文唤醒</td><td>QM</td></tr><tr><td>F21</td><td>CAN2</td><td>基于TCAN1044A的CAN通讯.</td><td>QM</td></tr><tr><td>F22</td><td>CAN1</td><td>基于TCAN1044A的CAN通讯</td><td>QM</td></tr><tr><td>F23</td><td>CAN0</td><td>基于TCAN1044A的CAN通讯.</td><td>QM</td></tr><tr><td>F24</td><td>ETH</td><td>基于DP83TC812R的100BASE-T1通讯</td><td>QM</td></tr><tr><td>F25</td><td>Wake up</td><td>唤醒源和一级电源使能电路设计</td><td>QM</td></tr><tr><td>F26</td><td>watchdog</td><td>LP87702的看门狗功能，用于监控MCU运行状态</td><td>B</td></tr><tr><td>F27</td><td>POWER</td><td>VCC3V3_MCU转VCC1V25_MCU电压，由MCU的EVRC进行控制。</td><td>B</td></tr><tr><td>F28</td><td>level translation</td><td>3V3和1V8双向电压转换芯片</td><td>QM</td></tr></table>"", ""Figure 10-1. Typical ApplicationSchematic\n110 nH±20%\n0.75V\nV\nVIN\nSW\n3.3V\nVIN\nMODE/SYNC\n20 kQ\nC\nC\nVoO\nLoad\nVOSNS\nEN\nGOSNS\nSDA\nSCL\n>Rz\nVSEL\nFSEL\n3.3V\nCc\n6.2 kQ\n[cc\nM10 kQ\nCOMP\n1kQ\nOPG\nPG\nSYNC_OUT\nGND\n10pF\nGND\n""]","{""original_context_count"": 29, ""original_context_characters"": 21697, ""scored_context_count"": 8, ""scored_context_characters"": 12000, ""contexts_truncated"": true, ""context_selection"": ""claim_coverage""}",0.183367831633228,0.4664574358524682,0.25,not_applicable,0.14285714284285714,0.5,0.5,0.8529411764705882,not_applicable
hw-v1-circuit-tps22918-enumeration,success,板上用 TPS22918 做了哪些电源开关？逐个给出输入、输出和使能。,U1500：VCC3V3 到 VCC3V3_ETH，使能 MCU_3V3_ETH_EN；U1802：VCC3V3 到 VCC3V3_EQ，使能 MCU_3V3_EQ_EN；U1803：VCC1V8 到 VCC1V8_EQ，使能 MCU_1V8_EQ_EN。,"根据检索到的证据，电路板上共有3个TPS22918电源开关实例，分别如下：

### 1. 实例U1500
- **输入（VIN）**：VCC3V3  
- **输出（VOUT）**：VCC3V3_ETH  
- **使能（ON）**：MCU_3V3_ETH_EN  
- **来源**：证据[3]（引脚映射）和证据[4]（实例信息），均来自文件825504380_ADAS_SCH_TCN2.EDF。

### 2. 实例U1802
- **输入（VIN）**：VCC3V3  
- **输出（VOUT）**：VCC3V3_EQ  
- **使能（ON）**：MCU_3V3_EQ_EN  
- **来源**：证据[2]（引脚映射）和证据[5]（实例信息），均来自文件825504380_ADAS_SCH_TCN2.EDF。

### 3. 实例U1803
- **输入（VIN）**：VCC1V8  
- **输出（VOUT）**：VCC1V8_EQ  
- **使能（ON）**：MCU_1V8_EQ_EN  
- **来源**：证据[1]（引脚映射）和证据[6]（实例信息），均来自文件825504380_ADAS_SCH_TCN2.EDF。

### 缺失信息
本问题所有子问题均已被证据覆盖，无缺失项。","根据检索到的证据，电路板上共有3个TPS22918电源开关实例，分别如下：

### 1. 实例U1500
- **输入（VIN）**：VCC3V3  
- **输出（VOUT）**：VCC3V3_ETH  
- **使能（ON）**：MCU_3V3_ETH_EN  
- **来源**：证据[3]（引脚映射）和证据[4]（实例信息），均来自文件825504380_ADAS_SCH_TCN2.EDF。

### 2. 实例U1802
- **输入（VIN）**：VCC3V3  
- **输出（VOUT）**：VCC3V3_EQ  
- **使能（ON）**：MCU_3V3_EQ_EN  
- **来源**：证据[2]（引脚映射）和证据[5]（实例信息），均来自文件825504380_ADAS_SCH_TCN2.EDF。

### 3. 实例U1803
- **输入（VIN）**：VCC1V8  
- **输出（VOUT）**：VCC1V8_EQ  
- **使能（ON）**：MCU_1V8_EQ_EN  
- **来源**：证据[1]（引脚映射）和证据[6]（实例信息），均来自文件825504380_ADAS_SCH_TCN2.EDF。

### 缺失信息
本问题所有子问题均已被证据覆盖，无缺失项。","[""Pin mapping for U1803: VIN -> VCC1V8, GND -> GND, ON -> MCU_1V8_EQ_EN, CT -> N20146977, QOD -> VCC1V8_EQ, VOUT -> VCC1V8_EQ."", ""Pin mapping for U1802: VIN -> VCC3V3, GND -> GND, ON -> MCU_3V3_EQ_EN, CT -> N20145936, QOD -> VCC3V3_EQ, VOUT -> VCC3V3_EQ."", ""Pin mapping for U1500: VIN -> VCC3V3, GND -> GND, ON -> MCU_3V3_ETH_EN, CT -> N22963649, QOD -> VCC3V3_ETH, VOUT -> VCC3V3_ETH."", ""Instance U1500: TPS22918, 20181204001, TPS22918TDBVRQ1, SOT23X145-6."", ""Instance U1802: TPS22918, 20181204001, TPS22918TDBVRQ1, SOT23X145-6."", ""Instance U1803: TPS22918, 20181204001, TPS22918TDBVRQ1, SOT23X145-6.""]","{""original_context_count"": 6, ""original_context_characters"": 579, ""scored_context_count"": 6, ""scored_context_characters"": 579, ""contexts_truncated"": false, ""context_selection"": ""claim_coverage""}",0.7778164679974576,0.5353203603280946,1.0,not_applicable,0.9999999999666667,1.0,1.0,1.0,not_applicable
hw-v1-multihop-eth-power,success,以太网 PHY 的 1.0V 电源如何一级级供出来？,供电链路为 VCC3V3 → U1500（TPS22918，ON=MCU_3V3_ETH_EN）→ VCC3V3_ETH → U1501（TPS74501 LDO）→ VCC1V0_ETH。,"根据现有证据，关于“以太网 PHY 的 1.0V 电源如何一级级供出来”的问题，回答如下：

### 1. 该以太网 PHY 芯片的 1.0V 电源引脚（如 VDD10）在原理图上标注的网络名称是什么？

**状态：缺失**
**说明：** 当前检索到的原理图数据（`825504380_ADAS_SCH_TCN2.EDF`）中包含了以太网PHY芯片U1400的引脚映射信息，但**未包含**名为“VDD10”、 “VDD1V0”、 “1.0V”或类似含义的电源引脚定义。该芯片的电源引脚仅列出了`VDDA`、`VDDIO`、`VDDMAC`、`VSLEEP`，因此无法确定其1.0V电源引脚在原理图上的网络名称。
**来源：** [1] `825504380_ADAS_SCH_TCN2.EDF` 中U1400的引脚映射列表。

### 2. 从电源树文档或设计说明中，找到该网络名称对应的电源层级，包括前级转换器/稳压器型号、输入电压、以及后续各级转换的关系

**状态：部分覆盖，但存在关键信息缺失**
**说明：** 文档中提到了一个名为`VCC1V0_ETH`的网络，用于以太网1.0V电源电压采样，但**未提供**该1.0V电源的完整供电链路（即它是如何从上一级电源转换而来的，以及转换器型号等）。
**已知信息：**
*   **网络名称：** `VCC1V0_ETH`，用于MCU的ADC采样，以监控以太网1.0V电源电压。
*   **采样需求：** 精度要求为0.9V～1.1V。
*   **电源树背景：** 系统整体电源架构如下：
    *   车载12V电池经过EMI滤波后，由一级DC-DC转换为`VCC3V3`。
    *   `VCC3V3`通过负载开关TPS22918转换为`VCC3V3_ETH`，用于以太网供电。
    *   `VCC3V3`还通过电源转换芯片TPS62872转换为`VCC0V75`，用于EQ6内核供电。
    *   `VCC3V3`通过PMIC LP87702转换为`VCC1V8`、`VCC1V1`和`VCC50`。
*   **缺失环节：** **`VCC1V0_ETH`电源的供电来源和转换器型号**。文档中明确列出了其他电源的转换方案（如`VCC3V3`转`VCC3V3_ETH`、`VCC3V3`转`VCC0V75`等），但**未提及**`VCC1V0_ETH`（1.0V）是如何从`VCC3V3`或其他电源轨转换得到的。因此，无法确定其前级转换器/稳压器型号、输入电压及后续各级转换关系。

**来源：** 
*   [16] `600608964_ADAS_HSI_0506_1952_shoulin.wang.docx` 中提到了`VCC1V0_ETH`电源采样。
*   [17] `600608964_ADAS_HSI_0506_1952_shoulin.wang.docx` 中描述了系统电源树中其他电源的转换方案。

### 证据冲突

**状态：存在**
**说明：** 在文档`600608964_ADAS_HSI_0506_1952_shoulin.wang.docx`中，关于`HW Interface Component`字段，存在多个不同取值，例如：
*   同一字段在同一文档中既被标记为`b`，又被标记为`qm`。
*   此外，`none`字段下存在大量不同取值（如`1v0_eth_acq`, `1v8`, `3v3_eth_acq`, `5v`, `adc`, `flash`, `gpio`, `mcu`等）。
**来源：** `600608964_ADAS_HSI_0506_1952_shoulin.wang.docx`。

### 总结与建议

1.  **无法确认PHY的1.0V电源引脚网络名称**：原理图数据中未包含该引脚信息。
2.  **无法确定1.0V电源的供电层级**：虽然文档中提到了用于监控的`VCC1V0_ETH`网络，但未说明其供电来源和转换电路。电源树文档中详细描述了其他电源轨的转换方案，但唯独缺少了1.0V电源的转换链路。
3.  **建议**：为获取完整信息，建议：
    *   查阅更详细的原理图，定位以太网PHY芯片U1400的1.0V电源引脚及其连接的网络名称。
    *   查阅更完整的电源树设计文档，以找到`VCC1V0_ETH`或类似1.0V网络的具体供电方案（转换器型号、输入输出关系等）。","根据现有证据，关于“以太网 PHY 的 1.0V 电源如何一级级供出来”的问题，回答如下：

### 1. 该以太网 PHY 芯片的 1.0V 电源引脚（如 VDD10）在原理图上标注的网络名称是什么？

**状态：缺失**
**说明：** 当前检索到的原理图数据（`825504380_ADAS_SCH_TCN2.EDF`）中包含了以太网PHY芯片U1400的引脚映射信息，但**未包含**名为“VDD10”、 “VDD1V0”、 “1.0V”或类似含义的电源引脚定义。该芯片的电源引脚仅列出了`VDDA`、`VDDIO`、`VDDMAC`、`VSLEEP`，因此无法确定其1.0V电源引脚在原理图上的网络名称。
**来源：** [1] `825504380_ADAS_SCH_TCN2.EDF` 中U1400的引脚映射列表。

### 2. 从电源树文档或设计说明中，找到该网络名称对应的电源层级，包括前级转换器/稳压器型号、输入电压、以及后续各级转换的关系

**状态：部分覆盖，但存在关键信息缺失**
**说明：** 文档中提到了一个名为`VCC1V0_ETH`的网络，用于以太网1.0V电源电压采样，但**未提供**该1.0V电源的完整供电链路（即它是如何从上一级电源转换而来的，以及转换器型号等）。
**已知信息：**
*   **网络名称：** `VCC1V0_ETH`，用于MCU的ADC采样，以监控以太网1.0V电源电压。
*   **采样需求：** 精度要求为0.9V～1.1V。
*   **电源树背景：** 系统整体电源架构如下：
    *   车载12V电池经过EMI滤波后，由一级DC-DC转换为`VCC3V3`。
    *   `VCC3V3`通过负载开关TPS22918转换为`VCC3V3_ETH`，用于以太网供电。
    *   `VCC3V3`还通过电源转换芯片TPS62872转换为`VCC0V75`，用于EQ6内核供电。
    *   `VCC3V3`通过PMIC LP87702转换为`VCC1V8`、`VCC1V1`和`VCC50`。
*   **缺失环节：** **`VCC1V0_ETH`电源的供电来源和转换器型号**。文档中明确列出了其他电源的转换方案（如`VCC3V3`转`VCC3V3_ETH`、`VCC3V3`转`VCC0V75`等），但**未提及**`VCC1V0_ETH`（1.0V）是如何从`VCC3V3`或其他电源轨转换得到的。因此，无法确定其前级转换器/稳压器型号、输入电压及后续各级转换关系。

**来源：** 
*   [16] `600608964_ADAS_HSI_0506_1952_shoulin.wang.docx` 中提到了`VCC1V0_ETH`电源采样。
*   [17] `600608964_ADAS_HSI_0506_1952_shoulin.wang.docx` 中描述了系统电源树中其他电源的转换方案。

### 证据冲突

**状态：存在**
**说明：** 在文档`600608964_ADAS_HSI_0506_1952_shoulin.wang.docx`中，关于`HW Interface Component`字段，存在多个不同取值，例如：
*   同一字段在同一文档中既被标记为`b`，又被标记为`qm`。
*   此外，`none`字段下存在大量不同取值（如`1v0_eth_acq`, `1v8`, `3v3_eth_acq`, `5v`, `adc`, `flash`, `gpio`, `mcu`等）。
**来源：** `600608964_ADAS_HSI_0506_1952_shoulin.wang.docx`。

### 总结与建议

1.  **无法确认PHY的1.0V电源引脚网络名称**：原理图数据中未包含该引脚信息。
2.  **无法确定1.0V电源的供电层级**：虽然文档中提到了用于监控的`VCC1V0_ETH`网络，但未说明其供电来源和转换电路。电源树文档中详细描述了其他电源轨的转换方案，但唯独缺少了1.0V电源的转换链路。
3.  **建议**：为获取完整信息，建议：
    *   查阅更详细的原理图，定位以太网PHY芯片U1400的1.0V电源引脚及其连接的网络名称。
    *   查阅更完整的电源树设计文档，以找到`VCC1V0_ETH`或类似1.0V网络的具体供电方案（转换器型号、输入输出关系等）。","[""Pin mapping for U1400: CLKOUT/GPIO_2 -> N22957239, EP_GND -> GND, INH -> ETH_INH, INT_N -> MCU_ETH_INTB_P20.10, LED_0/GPIO_0 -> N22956596, LED_1/GPIO_1 -> N22956594, MDC -> MCU_ETH_MDC_P21.2, MDIO -> MCU_ETH_MDIO_P21.3, PIN_21 -> N22957266, PIN_9 -> N22957266, RESET_N -> PHY_RESET_N_P22.3, RX_CLK -> N22957105, RX_D0 -> N22956588, RX_D1 -> N22956586, RX_D2 -> N22956584, RX_D3 -> N22956582, RX_DV/CRS_DV/RX_CTRL -> N22956590, RX_ER -> N22956592, TRD_M -> PHY_MDIN, TRD_P -> PHY_MDIP, TX_CLK -> N22956845, TX_D0 -> MCU_MII_TXD0, TX_D1 -> MCU_MII_TXD1, TX_D2 -> MCU_MII_TXD2, TX_D3 -> MCU_MII_TXD3, TX_EN/TX_CTRL -> MCU_MII_TXEN, VDDA -> N22956977, VDDIO -> N22956687, VDDMAC -> N22956687, VSLEEP -> VSLEEP, WAKE -> PHY_WAKE_P21.5, XI -> N22957465, XO -> N22957404."", ""Net PHY_MDIN connects R1434.&1, R1435.&1, U1400.TRD_M."", ""Net PHY_MDIP connects R1432.&1, R1433.&1, U1400.TRD_P."", ""Net PHY_RESET_N_P22.3 connects C1422.&2, R1402.&1, TP1401.&1, U1400.RESET_N, U900E.P22.3/ASCLIN5_ARXC/QSPI3_SCLKD/QSPI3_SCLK."", ""Net PHY_WAKE_P21.5 connects R1421.&1, R1439.&2, TP1402.&1, U1400.WAKE, U900E.P21.5/ASCLIN11_ARXF/ASCLIN3_ASCLK/ASCLIN11_ATX/HSCT0_TXDP."", ""Instance U1400: DP83TC812R-Q1, 2025020711161, DP83TC812RRHARQ1, PQFN50P600X600X100-36."", ""Instance D1606: S1J, 20190402010, BAS521-Q, SOD523X65-2_V01."", ""Instance D1608: S1J, 20190402010, BAS521-Q, SOD523X65-2_V01."", ""Instance D1609: S1J, 20190402010, BAS521-Q, SOD523X65-2_V01."", ""Instance D1611: S1J, 20190402010, BAS521-Q, SOD523X65-2_V01."", ""Instance D1612: S1J, 20190402010, BAS521-Q, SOD523X65-2_V01."", ""Instance D1613: S1J, 20190402010, BAS521-Q, SOD523X65-2_V01."", ""Instance D1614: S1J, 20190402010, BAS521-Q, SOD523X65-2_V01."", ""Module Group 14 · Ethernet/PHY uses net B_D_ETH_1000_N."", ""Module Group 14 · Ethernet/PHY uses net B_D_ETH_1000_P."", ""Module Group 14 · Ethernet/PHY uses net B_D_ETH_100_N."", ""Module Group 14 · Ethernet/PHY uses net B_D_ETH_100_P."", ""\nHW Interface Component ：QM; None：F15/POWER; None：1、电源转换芯片SA23002，VCC3V3转VCC0V75_MIPI_DDR。\n2、SA23002由MCU进行使能和关断控制。; MCU Component ：F01/MCU; None：QM; None：P19; None：P22.1; None：P22.1/GTM_TIM1_IN0_8/GTM_TIM0_IN0_8/QSPI4_MRSTB/GTM_TOUT48/QSPI4_MRST/QSPI4_SCLKP; None：GPIO; None：MCU_VCC0V75_MIPI_DDR_EN; None：/; None：O; None：VCC0V75_MIPI_DDR电源使能控制信号\n高：使能VCC0V75_MIPI_DDR电源\n低：关断VCC0V75_MIPI_DDR电源; None：HI-Z, 硬件外部下拉; None：—; SW Variable Name or SW Function Name：— ——Port1\nECU Connector：X2000-54; None：SPI Communction; HW Interface Component ：B; None：F02/EYEQ6L; None：MCU_SPI0（slave）\nEQ6L_SPI0（master）\n速率：10Mbps; MCU Component ：F01/MCU; None：B; None：E20; None：P20.11; None：P20.11/GTM_TIM3_IN7_6/GTM_TIM2_IN7_6/QSPI0_SCLKA/GTM_TOUT67/QSPI0_SCLK; None：QSPI0_SCLKA; None：MCU_SPI0_CLK_P20.11; None：/; None：I; None：EQ发送SPI时钟信号到MCU\nMCU配置为内置下拉（SPI模式配置为：极性CPOL=0，相位CPHA=1）; None：HI-Z; None：—; SW Variable Name or SW Function Name：— ——Port1\nECU Connector：X2000-57; MCU Component ：F01/MCU; None：B; None：D20; None：P20.13; None：P20.13/GTM_TIM3_IN1_4/GTM_TIM2_IN1_4/QSPI0_SLSIA/GTM_TOUT69/QSPI0_SLSO2/QSPI1_SLSO2/QSPI0_SCLK; None：QSPI0_SLSIA; None：MCU_SPI0_CS_P20.13; None：/; None：I; None：EQ发送SPI片选信号到MCU\nMCU配置为内置上拉（SPI模式配置为：极性CPOL=0，相位CPHA=1）; None：HI-Z; None：—; SW Variable Name or SW Function Name：— ——Port1"", ""<table><tr><td>HM ID</td><td>F19</td></tr><tr><td>模块功能 \nModule Function</td><td>1V8转1V8_EQ用于EQ6供电，现选择负载开关方案。\n1V8 to 1V8_EQ is used for the EQ6 power supply, now choose the load switch scheme.\n</td></tr><tr><td>模块框图\nModule diagram</td><td></td></tr><tr><td>模块方案\nModule solution</td><td>采用TPS22918负载开关，将VCC1V8电源转换为VCC1V8_EQ，给EQ6供电。用MCU的P20.0引脚使能该芯片。\nThe TPS22918 load switch chip is used to convert the VCC1V8 to VCC1V8_EQ to power EQ6. The P20.0 pin of the MCU is used to enable the chip.\n</td></tr></table>"", ""<table><tr><td>HM ID</td><td>F16</td></tr><tr><td>模块功能 \nModule Function</td><td>VCC3V3转VCC3V3_EQ用于EQ6的IO和摄像头供电，现使用负载开关TPS22918进行设计。\nVCC3V3 to VCC3V3-EQ is used for the IO and camera power supply of EQ6, and the load switch TPS22918 is used for the design.</td></tr><tr><td>模块框图\nModule diagram</td><td></td></tr><tr><td>模块方案\nModule solution</td><td>采用TPS22918负载开关，将VCC3V3系统电源转换为VCC3V3_EQ，提供给EQ6和摄像头供电。用MCU的P20.3引脚使能该芯片。\nThe TPS22918 load switch is used to convert the VCC3V3 system power to VCC3V3-EQ to supply power to EQ6 and the camera. The P20.3 pin of the MCU is used to enable the chip.\n</td></tr></table>"", ""\nHW Interface Component ：QM（B）; None：F16/POWER; None：1、负载开关TPS22918，VCC3V3转VCC3V3_EQ。\n2、TPS22918由MCU进行使能和关断控制。; MCU Component ：F01/MCU; None：B; None：G20; None：P20.3; None：P20.3/GTM_TIM4_IN5_11/GTM_TIM3_IN4_5/GTM_TIM2_IN4_5/GTM_TOUT61/QSPI0_SLSO9/QSPI2_SLSO9/CAN03_TXD; None：GPIO; None：MCU_3V3_EQ_EN; None：/; None：O; None：VCC3V3_EQ电源使能控制信号\n高：使能VCC3V3_EQ电源\n低：关断VCC3V3_EQ电源; None：HI-Z,硬件外部下拉; None：—; SW Variable Name or SW Function Name：— ——Port1\nHW Interface Component ：QM; None：F17/POWER; None：1、负载开关TPS22918，VCC3V3转VCC3V3_ETH。\n2、TPS22918由MCU进行使能和关断控制。; MCU Component ：F01/MCU; None：QM; None：K17; None：P21.0; None：P21.0/GTM_TIM4_IN0_11/GTM_TIM3_IN4_6/GTM_TIM2_IN4_6/QSPI4_MRSTDN/DMU_FDEST/GTM_TOUT51/HSM_HSM1; None：GPIO; None：MCU_3V3_ETH_EN; None：/; None：O; None：VCC3V3_ETH电源使能控制信号\n高：使能VCC3V3_EQ电源\n低：关断VCC3V3_EQ电源; None：HI-Z, 硬件外部下拉; None：—; SW Variable Name or SW Function Name：— ——Port1\nHW Interface Component ：QM; None：F14/POWER; None：1、电源转换芯片TPS62872，VCC3V3转VCC0V75。\n2、TPS62872由MCU进行使能和关断控制。; MCU Component ：F01/MCU; None：QM; None：P20; None：P22.0; None：P22.0/GTM_TIM1_IN1_7/GTM_TIM0_IN1_7/QSPI4_MTSRB/GTM_TOUT47/QSPI4_MTSR/QSPI4_SCLKN; None：GPIO; None：MCU_VCC0V75_EN; None：/; None：O; None：VCC0V75电源使能控制信号\n高：使能VCC0V75电源\n低：关断VCC0V75电源; None：HI-Z, 硬件外部下拉; None：—; SW Variable Name or SW Function Name：— ——Port1"", ""<table><tr><td>HM ID</td><td>F17</td></tr><tr><td>模块功能 \nModule Function</td><td>3V3转3V3_ETH用于ETH供电，现选择负载开关方案。\n3V3 to 3V3_ETH is used for ETH power supply, and the load switching scheme is now selected.</td></tr><tr><td>模块框图\nModule diagram</td><td></td></tr><tr><td>模块方案\nModule solution</td><td>采用TPS22918负载开关，将VCC3V3系统电源转换为VCC3V3_ETH，提供给MCU的ETH供电。P21.0引脚使能该芯片。\nThe TPS22918 load switch is used to convert the VCC3V3 system power to VCC3V3-ETH to supply power to ETH of the MCU. The P21.0 pin of the MCU is used to enable the chip.\n</td></tr></table>"", ""\nNone：MCU采样以太网的VCC3V3_ETH电源电压\n精度要求：3.135V～3.465V; MCU Component ：F01/ MCU; None：QM; None：W8; None：AN8; None：AN8/EVADC_G11CH4/EVADC_G1CH0; None：ADC，分辨率10bit; None：3V3_ETH_ACQ; None：/; None：I; None：ETH 3V3电压采样\nU3V3_ETH_ACQ=3.3*ADC值/1024\nU3V3_ETH=U3V3_ETH_ACQ/分压比，分压比=1/2\n精度要求：3.3V±10%; None：HI-Z; None：—; SW Variable Name or SW Function Name：— ——Port1\nHW Interface Component ：B; None：F08/EQ system power sample1; None：MCU采样EQ6L系统的VCC3V3_EQ电源电压\n精度要求：3V3±5%; MCU Component ：F01/ MCU; None：B; None：W9; None：AN2; None：AN2/EVADC_G0CH2/EDSADC_EDS0PA; None：ADC，分辨率10bit; None：3V3_EQ_ACQ; None：/; None：I; None：EQ 3V3电压采样\nU3V3_EQ_ACQ=3.3*ADC值/1024\nU3V3_EQ=U3V3_EQ_ACQ/分压比，分压比=1/2\n精度要求：3.3V±5%; None：HI-Z; None：—; SW Variable Name or SW Function Name：— ——Port1\nNone：MCU采样EQ6L系统的VCC1V8电源电压\n精度要求：1V8±5%; MCU Component ：F01/ MCU; None：B; None：U9; None：AN3; None：AN3/EVADC_G0CH3/EDSADC_EDS0NA; None：ADC，分辨率10bit; None：1V8_ACQ; None：/; None：I; None：1V8电压采样\nU1V8_ACQ=3.3*ADC值/1024\n精度：1V8±5%\n硬件滤波截止频率：≥121.7Hz\n硬件滤波时间：≤1.6ms; None：HI-Z; None：—; SW Variable Name or SW Function Name：— ——Port1"", ""\nNone：MCU外挂20MHz晶体; MCU Component ：F01/ MCU; None：B; None：M20; None：XTAL1; None：XTAL /VEXT; None：CLOCK; None：——; None：/; None：I; None：MCU的时钟信号输入; None：I; None：—; SW Variable Name or SW Function Name：— ——Port1\nMCU Component ：F01/ MCU; None：B; None：M19; None：XTAL2; None：XTAL /VEXT; None：CLOCK; None：——; None：/; None：O; None：MCU的时钟驱动信号输出; None：O; None：—; SW Variable Name or SW Function Name：— ——Port1\nHW Interface Component ：QM; None：F09/ETH and CAN power samp2; None：MCU采样CAN的VCC50电源电压，精度要求：5V±5%; MCU Component ：F01/ MCU; None：QM; None：U10; None：AN1; None：AN1/EVADC_G0CH1/EDSADC_EDS3NA; None：ADC，分辨率10bit; None：VCC50_ACQ; None：/; None：I; None：5V电压采样\nU5V0_ACQ=3.3*ADC值/1024\nU5V0=U5V0_ACQ/分压比，分压比=1/2\n精度要求：5V±10%; None：HI-Z; None：—; SW Variable Name or SW Function Name：— ——Port1\nNone：MCU采样以太网的VCC1V0_ETH电源电压\n精度要求：0.9V～1.1V\n（仅当使用千兆以太网时采样）; MCU Component ：F01/ MCU; None：QM; None：U7; None：AN9; None：AN9/EVADC_G11CH5/EVADC_G1CH1; None：ADC，分辨率10bit; None：1V0_ETH_ACQ; None：以太网1V0电压采样\nU1V1_ACQ=3.3*ADC值/1024\n精度：0.95~1.1V\n硬件滤波截止频率：≥121.7Hz\n硬件滤波时间：≤1.6ms; None：HI-Z; None：—; SW Variable Name or SW Function Name：— ——Port1"", ""<table><tr><td>HM ID</td><td>F11/F12/F13/F14/F15/F16/F17/F18/F19/F25/F27</td></tr><tr><td>模块功能 \nModule Function</td><td>系统使用车载电池12V电压供电，经过EMI电路后输入至电源转换芯片，转换输出系统各模块所需电源。\nThe system uses 12V voltage power supply from the vehicle battery, which is input to the power conversion chip through the EMI circuit. Then the power conversion chip convert and output the power required by each module of the system.</td></tr><tr><td>模块框图\nModule diagram</td><td></td></tr><tr><td>模块方案\nModule solution</td><td>KL30 EMI (ASIL-B)\nKL30供电口处增加EMI电路，用于供电保护和滤波。硬件电路设计在UBD网络增加两个串联ESD电容，PCB布局靠近主连接器引脚处，用于吸收外部ESD信号，后端增加双向TVS管用于瞬态过压保护\nThe EMI circuit is added at the KL30 power supply port for power supply protection and filtering. The hardware circuit design adds two series ESD capacitors in the UBD network, the PCB layout is close to the main connector pin for absorbing external ESD signals, and the two-way TVS tube is added at the back end for transient overvoltage protection.\nKL30 to VCC3V3 (ASILB)\nKL30转VCC3V3是系统一级DC-DC，给MCU提供VCC3V3_MCU电源，所以系统要求其满足ASILB，确保MCU功能安全。\nKL30 to VCC3V3 is a system primary DC-DC chip, because the MCU needs VCC3V3_MCU power supply, so the system requires it to meet the ASILB to ensure the functional safety of the MCU.\nVCC3V3_MCU to VCC1V25_MCU(ASILB)\n3V3转1V25_MCU是使用MCU内置控制器进行控制的BUCK电源，用于MCU的核供电，功能安全需求达到ASILB，确保MCU功能安全。\n3V3 to 1V25_MCU is a BUCK power supply controlled by MCU built-in controller, which is used for MCU nuclear power supply. Functional safety requirements meet ASILB to ensure the functional safety of MCU.\nVCC3V3 to VCC0V75(QM(B))\nVCC3V3转VCC0V75应用于EQ6的内核供电，要求输出电流能力大，现选型TI的电源方案TPS62872。用MCU的P22.0引脚使能芯片，用MCU_SDA_P15.5，MCU_SCL_P15.4引脚I2C通信来设置输出电压和通信。\nVCC3V3 to VCC0V75 is applied to the core power supply of EQ6, which requires large output current capacity. The power supply scheme TPS62872 of TI is selected. P22.0 pin of MCU is used to enable the chip, and MCU_SDA_P15.5, MCU_SCL_P15.4 pin I2C communication is used to set the output voltage and communication. \nVCC3V3 to 0V75_MIPI_DDR(QM(B))\nVCC3V3转0V75_MIPI_DDR用于EQ6的IO口供电，现使用矽力杰的SA23002进行设计。用MCU的P22.1引脚使能该芯片。\nVCC3V3 to 0V75_MIPI_DDR for EQ6 IO port power supply, Silergy’s SA23002 is designed. The P22.1 pin of the MCU is used to enable the chip.\nVCC3V3转VCC1V8、VCC1V1、VCC50(QM(B))\nVCC1V8用于EQ6、CAM、DDR、FLASH供电，VCC1V1用于EQ6、DDR供电，VCC50用于CAN收发器供电，现选择LP87702 PMIC方案。用MCU的P15.3引脚使能该芯片的5V输出，用MCU_SCL_P15.4，MCU_SDA_P15.5 I2C通信来设置1.8V和1.1V输出电压和使能。\nVCC1V8 is used for EQ6, CAM, DDR, FLASH power supply, VCC1V1 is used for EQ6, DDR power supply, VCC50 is used for CAN transceiver  power supply, LP87702 PMIC scheme is selected. P15.3 pin of MCU is used to enable 5V output of the chip, and MCU_SCL_P15.4, MCU_SDA_P15.5 I2C communication is used to set 1.8V and 1.1V output voltage and enable it. \nVCC3V3 to VCC3V3_EQ(QM(B))\nVCC3V3转VCC3V3_EQ用于EQ6的IO和摄像头供电，现使用负载开关进行设计。用MCU的P20.3引脚使能该芯片。\nVCC3V3 to VCC3V3_EQ for EQ6’s IO and camera power supply, now using the load switch is designed. .The P20.3 pin of the MCU is used to enable the chip.\n\tVCC3V3 to VCC3V3_ETH(QM)\n3V3转3V3_ETH用于ETH供电，现选择负载开关方案。用MCU的P21.0引脚使能该芯片。\n3V3 to 3V3_ETH for ETH power supply, the load switch scheme is selected. . The P21.0 pin of the MCU is used to enable the chip.\n\tVCC1V8 to VCC1V8_EQ(QM(B))\nVCC1V8转VCC1V8_EQ用于EQ供电，现选择负载开关方案。用MCU的P20.0引脚使能该芯片。\nVCC1V8 to VCC1V8_EQ for EQ power supply, the load switch scheme is selected. . The P20.0 pin of the MCU is used to enable the chip.</td></tr><tr><td colspan='2'></td></tr></table>"", ""<table><tr><td>HM ID</td><td>F24</td></tr><tr><td>运行模式\nOperation Mode</td><td>正常模式、复位模式，待机模式，断电模式，休眠模式\nNormal mode, reset mode, standby mode, power off mode, sleep mode</td></tr><tr><td>模式定义\nDefinition of Operation mode</td><td>1、\t正常模式\n模块上电，正常运行模式，以太网收发正常。MDIO可以访问，Link处于连接状态。\n2、\t复位模式\nUV或Reset event时，PHY芯片将进行复位，在Reset期间将无法LINKUP，MDIO无法总线访问\n待机模式\n仅当PHY为MASTER且配置成管理模式时，上电自动进入待机模式。如果是自动模式，上电后自动进入正常模式。\n4、\t断电模式\n当任何一个电源轨低于POR阈值（0.6V）时，PHY处于断电状态，所有数字IO都将保持高阻态。\n休眠模式\n当有休眠指令且MDI总线空闲时，将进入休眠模式，除了能量检测外，禁用所有PHY模块。在睡眠模式下，所有寄存器配置都会丢失。\nNormal mode\nPower on，Normal Run mode, Ethernet transceiver is normal. MDIO is accessible and Link is in a connected state.\nReset mode\nUV or Reset event, the PHY chip will Reset, during reset will not be able to LINKUPMDIO cannot bus access.\nStandby mode\nThe device will automatically enter standby mode upon power-up only if*the PHY is configured in Master mode and set to managed mode. If the PHY operates in auto mode, it will automatically enter normal mode after power-on.\n4. Sleep mode\nThe PHY enters sleep mode when a sleep command is issued and the MDI bus is idle. In this mode, all PHY modules are disabled except for energy detection functionality. Note that all register configurations will be lost during sleep mode.</td></tr><tr><td>模式切换接口\nMode switching interface</td><td></td></tr><tr><td>模式状态机\nMode state machine</td><td></td></tr><tr><td>模式切换条件\nMode switching condition</td><td>参考：\n产品系统需求规格说明\n产品系统方案设计说明书\nReference: \nProduct system requirement specification \nProduct system scheme design specification.</td></tr><tr><td>备注\nNote</td><td></td></tr></table>"", ""<table><tr><td>HM ID</td><td>F02/F03/F04/F28</td></tr><tr><td>模块功能 \nModule Function</td><td>EYEQ6-L最小系统组成：外部30MHz晶体给EYEQ6-L提供基本时钟输入，外部20MHz有源晶振提供监控时钟，外扩OSPI接口的2Gb NAND FLASH存储程序，外扩1GB的LPDDR4运存。NXB0104是用于MCU的3V3_SPI和NAND FLASH的1V8_SPI进行电平转换，用于MCU读写NAND FLASH。\nEYEQ6-L minimum system components: an external 30MHz crystal provides the basic clock input for EYEQ6-L, an external 20MHz active crystal provides the monitoring clock, an external 2GbNAND FLASH memory program for OSPI interface, and an external 1GB LPDDR4 operation memory. NXB0104 is used for level conversion of 3V3_SPI of MCU and 1V8-SPI of NAND FLASH for MCU to read and write NAND FLASH.</td></tr><tr><td>模块框图\nModule diagram</td><td></td></tr><tr><td>模块方案\nModule solution</td><td>\n1、处理器\n根据ADAS产品需求图像处理SOC功能安全需要达到ASIL-B，经综合评估选择Mobileye产品EYEQ6-L，最高功能安全可达到ASIL-B，接口资源丰富。\n1.Processor\nAccording to the requirements of ADAS products, the functional safety of image processing SOC needs to reach ASIL-B. After comprehensive evaluation, Mobileye product EYEQ6-L is selected, and the highest functional safety can reach ASIL-B with abundant interface resources. +\n2、时钟\n硬件选型30MHz晶振给EYEQ6-L提供时钟输入，由其内部PLL等电路完成倍频、分频，供其内核和各模块使用。外部20MHz有源晶振作为内部监控时钟。\n2.Clock\nThe 30MHz crystal provides clock input to the EYEQ6-L, and its internal PLL circuit completes frequency multiplication and frequency division for the EyeQ6-L core and each module. The external 20MHz active crystal is energized as an internal monitoring clock.\n3、DDR\nEYEQ6在外扩的DDR中运行程序和存储临时数据，其DDR控制器可支持32bits位宽的LPDDR4 SDRAM，最大读写速率4266 Mb/s/pin 。本设计中选用1片32bit的LPDDR4 SDRAM，型号为车规级器件K4F8E3S4HD-GHCL02V，以充分利用数据带宽，保证EYEQ6的处理速度，LPDDR4工作环境温度为-40℃~105℃，单片总容量1GB。\n3.DDR\nEYEQ6 runs programs and stores temporary data in the extended DDR. Its DDR controller supports LPDDR4 SDRAM with 32bits wide and a maximum read/write rate of 4266Mb/s/pin. In this design, a 32bit LPDDR4 SDRAM is selected, the model is car grade device K4F8E3S4HD-GHCLO2V, in order to make full use of the data bandwidth and ensure the processing speed of EYEQ6. The working environment temperature of LPDDR4 is -40℃-105℃, and the total capacity of a single chip is 1GB.\n\n\n4、NAND FLASH\n选择ME推荐的WinBond公司产品W35N02JWTBKF，容量2Gb，FLASH支持CRC安全机制。\nNXB0104是用于MCU的3V3_ SPI和NAND FLASH的1V8_ SPI进行电平转换，通过MCU_SPI1_CS片选电平转换芯片，实现MCU对NAND FLASH的读写操作，转换芯片在本应用场景下支持最大传输速率80Mbps。\nNAND FLASH\nChoose the WinBond company product W35N02JWTBKF recommended by ME, with a capacity of 2Gb and FLASH supporting CRC security mechanism. \nNXB0104 is used for the level conversion of 3V3_SPI of MCU and 1V8_SPI of NAND FLASH. The level conversion chip is selected by MCU_SPI1_CS chip to realize the reading and writing operation of MCU to NAND FLASH. The converter chip supports a maximum transmission rate of 80Mbps in this application scenario. \n5、电源和复位\nEYEQ6-L需要6路电源：VCC3V3_EQ、VCC0V75、0V75_MIPI_DDR、VCC1V8、VCC1V1、VCC1V8_EQ，其中VCC0V75用于给内核供电。复位信号由MCU通过P02.4口进行控制。\nPower and reset\nEYEQ6-L requires six power sources: VCC3V3-EQ, VCCOV75, OV75_MIPI_DDR, VCC1V8, VCC1V1, VCC1V8_EQ, where VCCOV75 is used to power the core. The reset signal is controlled by the MCU through the P02.4 pin.</td></tr></table>"", ""<table><tr><td>HM ID</td><td>F13</td></tr><tr><td>运行模式\nOperation Mode</td><td>SHUTDOWN、READ OTP、STANDBY、ACTIVE</td></tr><tr><td>模式定义\nDefinition of Operation mode</td><td>SHUTDOWN\nNRST电压低于阈值。LP87702-Q1器件停止工作。\nREAD OTP\n电源电压VANA高于VANAUVLO电平，并且NRST电压高于阈值电平。电压转换器被禁用，LP87702-Q1的参考电平和偏置电路被启用。OTP配置被加载到寄存器。\nSTANDBY\n电源电压VANA高于VANAUVLO水平，NRST电压高于阈值水平。电压转换器被禁用，LP87702-Q1的参考电平、控制和偏压电路被启用。所有的寄存器都可以被主机处理器通过系统串口读写。电压转换器可以根据需要进行使能输出。\nACTIVE\n电源电压VANA高于VANAUVLO水平，NRST电压高于阈值水平。稳压DC/DC变换器处于使能状态。所有的寄存器都可以被MCU通过系统串口读写。\nSHUTDOWN\nAfter the enable signal MCU_OV75_MIPI_DDR_EN=L, the secondary power stops the 0V75_MIPI_DDR power supply. \nREADY OTP\nThe supply voltage VANA is above the VANAUVLO level, and the NRST voltage is above the threshold level. The voltage converter is disabled and the reference level and bias circuits of the LP87702-Q1 are enabled. The OTP configuration is loaded into the register.\nSTANDBY\nThe supply voltage VANA is above the VANAUVLO level and the NRST voltage is above the threshold level. The voltage converter is disabled and the reference level, control, and bias circuits of the LP87702-Q1 are enabled. All registers can be read and written by the host processor through the system serial port. The voltage converter can perform enabling output as needed.\nACTIVE\nThe supply voltage VANA is above the VANAUVLO level and the NRST voltage is above the threshold level. The regulated DC/DC converter is in the enabled state. All the registers can be read and written by the MCU through the system serial port. </td></tr><tr><td>模式切换接口\nMode switching interface</td><td></td></tr><tr><td>模式状态机\nMode state machine</td><td></td></tr><tr><td>模式切换条件\nMode switching condition</td><td>参考：\n产品系统需求规格说明\n产品系统方案设计说明书\nReference: \nProduct system requirement specification \nProduct system scheme design specification.</td></tr><tr><td>备注\nNote</td><td>1、VANAUVLO阈值电压\n\n2、NRST阈值电压\n</td></tr><tr><td>备注\nNote</td><td></td></tr></table>"", ""\nNone：U20; None：P23.2; None：P23.2/GTM_TIM1_IN6_5/GTM_TIM0_IN6_5/GTM_TOUT43/CAN12_TXD; None：GPIO; None：MCU_RST_FLASH_P23.2; None：/; None：O; None：FLASH复位信号\n低：FLASH复位\n高：FLASH进入工作状态; None：HI-Z，硬件外部下拉; None：—; SW Variable Name or SW Function Name：— ——Port1\nNone：未使用; MCU Component ：F01/ MCU; None：NA; None：/; None：D7; None：P11.14; None：P11.14/GTM_TIM4_IN7_4/GTM_TIM2_IN7_8/GETH_CRSDVB/GETH_RXDVB/GETH_CRSA/GTM_TOUT126; None：GPIO; None：MCU_ETH_CFG1_P11.14; None：/; None：I; None：CFG1：BOM配置，判断是否有以太网\n高：TBD\n低：TBD; None：HI-Z; None：—; SW Variable Name or SW Function Name：— ——Port1\nNone：未使用; MCU Component ：F01/ MCU; None：NA; None：/; None：D6; None：P11.15; None：P11.15/GTM_TIM4_IN7_5/GTM_TIM0_IN7_8/GETH_COLA/GTM_TOUT127; None：GPIO; None：MCU_ETH_CFG2_P11.15; None：/; None：I; None：CFG2：BOM配置，判断以太网接口类型\n高：TBD\n低：TBD; None：HI-Z; None：—; SW Variable Name or SW Function Name：— ——Port1\nHW Interface Component ：QM(B); None：F13/POWER; None：1、LP87702实现VCC3V3转VCC1V8、VCC1V1、VCC50三路电源输出\n2、LP87702的VCC50由MCU的GPIO控制使能和关断，VCC1V8、VCC1V1由MCU的I2C控制使能和关断。\n3、预留中断信号用于MCU辅助监控LP87702的工作状态。\n4、MCU可以通过I2C监控和管理LP87702的状态。; MCU Component ：F01/ MCU; None：QM; None：B17; None：P15.3; None：P15.3/GTM_TIM3_IN6_4/GTM_TIM2_IN6_4/CAN01_RXDA/QSPI2_SCLKA/GTM_TOUT74/QSPI2_SCLK/MSC0_EN1; None：GPIO; None：MCU_5V_EN; None：/; None：O; None：VCC50（LP87702）电源使能控制信号\n高：使能VCC50电压输出\n低：关断VCC50电压输出; None：HI-Z，硬件外部下拉; None：—; SW Variable Name or SW Function Name：— ——Port1"", ""Figure 10-24. Layout Example\nFigure 10-24 shows the top layer of one of the evaluation modules for this device. It demonstrates the practical\nGND\nVIN\nVOUT\nVIN\nGND\n""]","{""original_context_count"": 30, ""original_context_characters"": 20014, ""scored_context_count"": 8, ""scored_context_characters"": 1296, ""contexts_truncated"": true, ""context_selection"": ""claim_coverage""}",0.2534887930747415,0.0,0.5,not_applicable,0.0,0.0,1.0,0.35,not_applicable
hw-v1-missing-u1700-price,success,U1700 的替代料和采购单价是多少？,当前知识库只有电路和 HSI 文档，没有 BOM、替代料或价格表证据；只能确认 U1700 的已知料号为 20200424007，不能编造替代料或单价。,"根据现有证据，关于U1700的替代料和采购单价，回答如下：

### 1. U1700有哪些替代料？
**部分覆盖**。目前仅从电路设计文件（825504380_ADAS_SCH_TCN2.EDF）中查得U1700的实例信息为：LP87702-Q1，具体型号为LP87702RRHBRQ1（封装pqfn50p5x5x90-32）。**未找到任何替代料信息**。其他文档（如TPS6287x系列）虽涉及电源管理器件，但未与U1700建立关联，不能作为替代料证据。

**来源**：电路设计文件实例U1700（evidence_id: circuit:21:instance:U1700）。

**缺失信息**：未找到任何替代料型号或推荐列表。

### 2. 这些替代料的采购单价是多少？
**完全缺失**。所有检索到的证据（包括文档、表格、电路设计）均未提供任何采购单价信息。缺乏电子表格（spreadsheet_table）或价格清单等关键证据。

**来源**：无。

**缺失信息**：所有替代料（实际未找到）的采购单价均无数据。

### 综合结论
- **U1700的替代料**：目前已知U1700本身型号为LP87702RRHBRQ1，但无任何替代料记录。
- **采购单价**：无任何证据支持。

**建议**：如需获取替代料及单价，建议查阅BOM清单（spreadsheet）或询价系统。","根据现有证据，关于U1700的替代料和采购单价，回答如下：

### 1. U1700有哪些替代料？
**部分覆盖**。目前仅从电路设计文件（825504380_ADAS_SCH_TCN2.EDF）中查得U1700的实例信息为：LP87702-Q1，具体型号为LP87702RRHBRQ1（封装pqfn50p5x5x90-32）。**未找到任何替代料信息**。其他文档（如TPS6287x系列）虽涉及电源管理器件，但未与U1700建立关联，不能作为替代料证据。

**来源**：电路设计文件实例U1700（evidence_id: circuit:21:instance:U1700）。

**缺失信息**：未找到任何替代料型号或推荐列表。

### 2. 这些替代料的采购单价是多少？
**完全缺失**。所有检索到的证据（包括文档、表格、电路设计）均未提供任何采购单价信息。缺乏电子表格（spreadsheet_table）或价格清单等关键证据。

**来源**：无。

**缺失信息**：所有替代料（实际未找到）的采购单价均无数据。

### 综合结论
- **U1700的替代料**：目前已知U1700本身型号为LP87702RRHBRQ1，但无任何替代料记录。
- **采购单价**：无任何证据支持。

**建议**：如需获取替代料及单价，建议查阅BOM清单（spreadsheet）或询价系统。","[""Instance U1700: LP87702-Q1, 20200424007, LP87702RRHBRQ1, pqfn50p5x5x90-32."", ""<table><caption> Device Information</caption>\n<tr><td colspan=3 rowspan=3 >Part Number Current Rating Package TPS62870-Q1 6A TPS62871-Q1 9A RXS (VQFN-FCRLF, TPS62872-Q1 12 A 16) TPS62873-Q1 15 A</td></tr>\n\n</table>"", ""<table><caption> *All dimensics are nominal</caption>\n<tr><th  >Device</th><th  >Package</th><th  >Package</th><th  >Pins</th><th  >SPQ</th><th  >Reel</th><th  >Reel</th><th  >A0</th><th  >BO</th><th  >K0</th><th  >P1</th><th  >W</th><th  >Pin1</th></tr>\n<tr><th></th><th  >Type</th><th  >Drawing</th><th></th><th></th><th  >Diameter</th><th  >Width</th><th  >(mm)</th><th  >(mm)</th><th  >(mm)</th><th  >(mm)</th><th  >(mm)</th><th  >Quadrant</th></tr>\n<tr><th></th><th></th><th></th><th></th><th></th><th  >(mm)</th><th  >W1(mm)</th><th></th><th></th><th></th><th></th><th></th><th></th></tr>\n<tr><td  >TPS62870N0QWRXSRQ1</td><td  >VQFN-</td><td  >RXS</td><td  >16</td><td  >3000</td><td  >330.0</td><td  >12.4</td><td  >2.8</td><td  >3.8</td><td  >1.2</td><td  >4.0</td><td  >12.0</td><td  >Q1</td></tr>\n<tr><th></th><th  >FCRLF</th><th></th><th></th><th></th><th></th><th></th><th></th><th></th><th></th><th></th><th></th><th></th></tr>\n<tr><td  >TPS62870QWRXSRQ1</td><td  >VQFN-</td><td  >RXS</td><td  >16</td><td  >3000</td><td  >330.0</td><td  >12.4</td><td  >2.8</td><td  >3.8</td><td  >1.2</td><td  >4.0</td><td  >12.0</td><td  >Q1</td></tr>\n<tr><td  >TPS62870Y0QWRXSRQ1</td><td  >VQFN-</td><td  >RXS</td><td  >16</td><td  >3000</td><td  >330.0</td><td  >12.4</td><td  >2.8</td><td  >3.8</td><td  >1.2</td><td  >4.0</td><td  >12.0</td><td  >Q1</td></tr>\n<tr><td  >TPS62870Y1QWRXSRQ1</td><td  >VQFN-</td><td  >RXS</td><td  >16</td><td  >3000</td><td  >330.0</td><td  >12.4</td><td  >2.8</td><td  >3.8</td><td  >1.2</td><td  >4.0</td><td  >12.0</td><td  >Q1</td></tr>\n<tr><td  >TPS62870Y2QWRXSRQ1</td><td  >VQFN-</td><td  >RXS</td><td  >16</td><td  >3000</td><td  >330.0</td><td  >12.4</td><td  >2.8</td><td  >3.8</td><td  >1.2</td><td  >4.0</td><td  >12.0</td><td  >Q1</td></tr>\n<tr><td  >TPS62870Y3QWRXSRQ1</td><td  >VQFN-</td><td  >RXS</td><td  >16</td><td  >3000</td><td  >330.0</td><td  >12.4</td><td  >2.8</td><td  >3.8</td><td  >1.2</td><td  >4.0</td><td  >12.0</td><td  >Q1</td></tr>\n<tr><td  >TPS62871QWRXSRQ1</td><td  >VQFN-</td><td  >RXS</td><td  >16</td><td  >3000</td><td  >330.0</td><td  >12.4</td><td  >2.8</td><td  >3.8</td><td  >1.2</td><td  >4.0</td><td  >12.0</td><td  >Q1</td></tr>\n<tr><td  >TPS62871Y1QWRXSRQ1</td><td  >VQFN-</td><td  >RXS</td><td  >16</td><td  >3000</td><td  >330.0</td><td  >12.4</td><td  >2.8</td><td  >3.8</td><td  >1.2</td><td  >4.0</td><td  >12.0</td><td  >Q1</td></tr>\n<tr><td  >TPS62872N0QWRXSRQ1</td><td  >VQFN-</td><td  >RXS</td><td  >16</td><td  >3000</td><td  >330.0</td><td  >12.4</td><td  >2.8</td><td  >3.8</td><td  >1.2</td><td  >4.0</td><td  >12.0</td><td  >Q1</td></tr>\n<tr><th  >Device</th><th  >Package</th><th  >Package</th><th  >Pins</th><th  >SPQ</th><th  >Reel</th><th  >Reel</th><th  >A0</th><th  >BO</th><th  >KO</th><th  >P1</th><th  >W</th><th  >Pin1</th></tr>\n<tr><th></th><th  >Type</th><th  >Drawing</th><th></th><th></th><th  >Diameter</th><th  >Width</th><th  >(mm)</th><th  >(mm)</th><th  >(mm)</th><th  >(mm)</th><th  >(mm)</th><th  >[Quadrant</th></tr>\n<tr><th></th><th></th><th></th><th></th><th></th><th  >(mm)</th><th  >W1 (mm)]</th><th></th><th></th><th></th><th></th><th></th><th></th></tr>\n<tr><td  >TPS62872QWRXSRQ1</td><td  >VQFN-</td><td  >RXS</td><td  >16</td><td  >3000</td><td  >330.0</td><td  >12.4</td><td  >2.8</td><td  >3.8</td><td  >1.2</td><td  >4.0</td><td  >12.0</td><td  >Q1</td></tr>\n<tr><th></th><th  > FCRLF</th><th></th><th></th><th></th><th></th><th></th><th></th><th></th><th></th><th></th><th></th><th></th></tr>\n<tr><td  >TPS62872Y1QWRXSRQ1</td><td  >VQFN-</td><td  >RXS</td><td  >16</td><td  >3000</td><td  >330.0</td><td  >12.4</td><td  >2.8</td><td  >3.8</td><td  >1.2</td><td  >4.0</td><td  >12.0</td><td  >Q1</td></tr>\n<tr><td  >TPS62873QWRXSRQ1</td><td  >VQFN-</td><td  >RXS</td><td  >16</td><td  >3000</td><td  >330.0</td><td  >12.4</td><td  >2.8</td><td  >3.8</td><td  >1.2</td><td  >4.0</td><td  >12.0</td><td  >Q1</td></tr>\n<tr><td  >TPS62873Y1QWRXSRQ1</td><td  >VQFN-</td><td  >RXS</td><td  >16</td><td  >3000</td><td  >330.0</td><td  >12.4</td><td  >2.8</td><td  >3.8</td><td  >1.2</td><td  >4.0</td><td  >12.0</td><td  >Q1</td></tr>\n</table>"", ""<table><caption> Table9-5.DefaultOutputVoltageSetpoints</caption>\n<tr><td  >VSEL Pin(1)</td><td  >Device Number</td><td  >VSET[7:0]</td><td  >Output Voltage Setpoint</td></tr>\n<tr><td></td><td  >TPS6287x-Q1</td><td  >0x5a</td><td  >850 mV</td></tr>\n<tr><td></td><td  >TPS6287xY0-Q1</td><td  >0x50</td><td  >800 mV</td></tr>\n<tr><td></td><td  >TPS6287xY1-Q1</td><td  >0x14</td><td  >500 mV</td></tr>\n<tr><td></td><td  >TPS6287xY2-Q1</td><td  >0x64</td><td  >1800 mV</td></tr>\n<tr><td  >6.2 kQ to GND</td><td  >TPS6287xY3-Q1</td><td  >0x52</td><td  >810 mV</td></tr>\n<tr><td></td><td  >TPS6287xN0-Q1</td><td  >0x14</td><td  >500 mV</td></tr>\n<tr><td></td><td  >TPS6287xN1-Q1</td><td  >0x50</td><td  >800 mV</td></tr>\n<tr><td></td><td  >TPS6287xN2-Q1</td><td  >0x64</td><td  >1800 mV</td></tr>\n</table>"", ""\nOTHERQUALIFIEDVERSIONSOFTPS62872-Q1,TPS62873-Q1:\n·Catalog :TPS62872,TPS62873\nNOTE: Qualified Version Definitions:\n·Catalog - Tl's standard catalog product\nTAPEANDREELINFORMATION\nPACKAGE MATERIALSINFORMATION\nPLASTIC QUAD FLAT PACK- NO LEAD\nNOTES:\n All linear dimensions are in millimeters. Any dimensions in parenthesis are for reference only. Dimensioning and tolerancing 1.\nper ASME Y14.5M.\nThis drawing is subject to change without notice.2.\nThe package thermal pad must be soldered to the printed circuit board for optimal thermal and mechanical performance.3.\nPLASTICQUADFLATPACK-NOLEAD\n4226093/E 09/2022\nNOTES: (continued)\nThis package is designed to be soldered to a thermal pad on the board. For more information, see Texas Instruments literature4.\nnumberSLUA271(www.ti.com/lit/slua271).\nVias are optional depending on application, refer to device data sheet. If any vias are implemented, refer to their locations shown5.\non this view. It is recommended that vias under paste be flled, plugged or tented.\nSCALE: 15X\nNOTES:(continued)\nLaser cutting apertures with trapezoidal walls and rounded corners may offer better paste release. IPC-7525 may have alternate6.\ndesign recommendations."", ""Figure 9-14. Two TPS6287x-Q1 Devices in a Stacked Configuration\nFigure 9-14 shows the recommended interconnections in a stack of two TPS6287x-Q1 devices.\nPrimary Device\nCLOAD\n100 nH\nVIN\nVIN\nSW\n2.7Vto6V\nVIN\nMODE/SYNC\nVio\nREr\nLoad\nVOSNS\nEN\nGOSNS\nSDA\n2\nSCL\nRcoM\nVSEL\nFSEL\n10pF\nCcOMP\nREsEL\n>RySEI\nCOMP\nPG\nSYNC_OUT\nGND\nGND\nSecondary Device\n100 nH\nVIN\nSW\n333\nVIN\nCIN\nMODE/SYNC\nVOSNS\nEN\nGOSNS\nSDA\nSCL\nVSEL\nVIc\n10 pF\nFSEL\nCOMP\nkQ\nPG\nPG\nSYNC_OUT\nGND\nGND\n47kO""]","{""original_context_count"": 6, ""original_context_characters"": 6894, ""scored_context_count"": 6, ""scored_context_characters"": 6894, ""contexts_truncated"": false, ""context_selection"": ""claim_coverage""}",0.43188598854081073,0.0,0.5,not_applicable,0.0,0.0,1.0,0.3333333333333333,1.0
hw-v1-conflict-main-mcu,success,主控 MCU 是哪颗，型号是什么？,EDF 中 U900 为 SAK-TC367DP-64F300S，即 AURIX TC367；HSI 章节名称写作 TC377 最小系统。回答应披露 TC367 与 TC377 的来源差异，不能合并为无冲突的单一型号。,"根据现有证据，主控MCU的型号为 **SAK-TC377TP-96F300S AA**。

**来源说明**：
- 证据[10]明确说明：“32位MCU芯片TC377最小系统模块有SAK-TC377TP-96F300S AA主控芯片”。
- 证据[15]中“模块名称”为“MCU”的“功能定义”列直接填写了“SAK-TC377TP-96F300S AA”。

**缺失信息**：无。","根据现有证据，主控MCU的型号为 **SAK-TC377TP-96F300S AA**。

**来源说明**：
- 证据[10]明确说明：“32位MCU芯片TC377最小系统模块有SAK-TC377TP-96F300S AA主控芯片”。
- 证据[15]中“模块名称”为“MCU”的“功能定义”列直接填写了“SAK-TC377TP-96F300S AA”。

**缺失信息**：无。","[""Net CAN0_STB_MCU_SPI3_CS5_P02.8 connects R1126.&1, R1228.&2, R1241.&1, TP1217.&1, U1200.SCSN, U1202.STB, U1203.NSTB."", ""Net CAN1_STB_MCU_SPI3_CS4_P00.2 connects R1233.&2, R1240.&1, TP1227.&1, U1201.STB, U1204.SCSN, U1205.NSTB, U900D.P00.2/SENT_SENT1B/EVADC_G9CH10/ASCLIN3_ASCLK/PSI5_TX0/CAN03_TXD/QSPI3_SLSO4."", ""Net CAN2_STB_MCU_SPI3_CS3_P00.5 connects R1301.&1, R1320.&2, TP1304.&1, U1300.STB, U1302.SCSN, U1303.NSTB, U900D.P00.5/EDSADC_DSCIN2A/SENT_SENT4B/CAN11_RXDB/EVADC_G9CH7/EDSADC_CGPWMN/QSPI3_SLSO3/EDSADC_DSCOUT2/EVADC_FC0BFLOUT/SENT_SPC4."", ""Net CAN3_STB_MCU_SPI3_CS6_P00.8 connects R1310.&1, R1326.&2, TP1310.&1, U1301.STB, U1304.SCSN, U1305.NSTB, U900D.P00.8/SENT_SENT7B/GPT120_T2EUDA/ASCLIN10_ARXB/EVADC_G9CH4/QSPI3_SLSO6/ASCLIN10_ATX/EVADC_EMUX12/SENT_SPC7."", ""Net CAN_EN_MCU_SPI3_MRST_P02.5 connects R1213.&1, R1231.&1, R1318.&1, R1324.&1, TP1119.&1, U900D.P02.5/I2C0_SCLA/PSI5_RX1B/PSI5S_RXB/QSPI3_MRSTA/SENT_SENT3C/CAN0_ECTT2/CAN11_TXD/QSPI3_MRST/I2C0_SCL/ERAY0_TXENB."", ""Net CAN_ERR_MCU_SPI3_CLK_P02.7 connects R1125.&1, TP1216.&1, U1200.SCK, U1203.NERR, U1204.SCK, U1205.NERR, U1302.SCK, U1303.NERR, U1304.SCK, U1305.NERR."", ""Net MCU_1V8_EQ_EN connects R1817.&2, TP1819.&1, U1803.ON, U900E.P20.0/CAN03_RXDC/CBS_TGI0/SCU_E_REQ6_0/GPT120_T6EUDA/ASCLIN3_ATX/ASCLIN3_ASCLK/HSCT0_SYSCLK_OUT/CBS_TGO0."", ""Net MCU_3V3_EQ_EN connects R1818.&2, TP1822.&1, U1802.ON, U900E.P20.3/ASCLIN3_ARXC/GPT120_T6INA/ASCLIN3_ATX/QSPI0_SLSO9/QSPI2_SLSO9/CAN03_TXD, X2000.&13."", ""<table><tr><td>HM ID</td><td>F02/F03/F04/F28</td></tr><tr><td>模块功能 \nModule Function</td><td>EYEQ6-L最小系统组成：外部30MHz晶体给EYEQ6-L提供基本时钟输入，外部20MHz有源晶振提供监控时钟，外扩OSPI接口的2Gb NAND FLASH存储程序，外扩1GB的LPDDR4运存。NXB0104是用于MCU的3V3_SPI和NAND FLASH的1V8_SPI进行电平转换，用于MCU读写NAND FLASH。\nEYEQ6-L minimum system components: an external 30MHz crystal provides the basic clock input for EYEQ6-L, an external 20MHz active crystal provides the monitoring clock, an external 2GbNAND FLASH memory program for OSPI interface, and an external 1GB LPDDR4 operation memory. NXB0104 is used for level conversion of 3V3_SPI of MCU and 1V8-SPI of NAND FLASH for MCU to read and write NAND FLASH.</td></tr><tr><td>模块框图\nModule diagram</td><td></td></tr><tr><td>模块方案\nModule solution</td><td>\n1、处理器\n根据ADAS产品需求图像处理SOC功能安全需要达到ASIL-B，经综合评估选择Mobileye产品EYEQ6-L，最高功能安全可达到ASIL-B，接口资源丰富。\n1.Processor\nAccording to the requirements of ADAS products, the functional safety of image processing SOC needs to reach ASIL-B. After comprehensive evaluation, Mobileye product EYEQ6-L is selected, and the highest functional safety can reach ASIL-B with abundant interface resources. +\n2、时钟\n硬件选型30MHz晶振给EYEQ6-L提供时钟输入，由其内部PLL等电路完成倍频、分频，供其内核和各模块使用。外部20MHz有源晶振作为内部监控时钟。\n2.Clock\nThe 30MHz crystal provides clock input to the EYEQ6-L, and its internal PLL circuit completes frequency multiplication and frequency division for the EyeQ6-L core and each module. The external 20MHz active crystal is energized as an internal monitoring clock.\n3、DDR\nEYEQ6在外扩的DDR中运行程序和存储临时数据，其DDR控制器可支持32bits位宽的LPDDR4 SDRAM，最大读写速率4266 Mb/s/pin 。本设计中选用1片32bit的LPDDR4 SDRAM，型号为车规级器件K4F8E3S4HD-GHCL02V，以充分利用数据带宽，保证EYEQ6的处理速度，LPDDR4工作环境温度为-40℃~105℃，单片总容量1GB。\n3.DDR\nEYEQ6 runs programs and stores temporary data in the extended DDR. Its DDR controller supports LPDDR4 SDRAM with 32bits wide and a maximum read/write rate of 4266Mb/s/pin. In this design, a 32bit LPDDR4 SDRAM is selected, the model is car grade device K4F8E3S4HD-GHCLO2V, in order to make full use of the data bandwidth and ensure the processing speed of EYEQ6. The working environment temperature of LPDDR4 is -40℃-105℃, and the total capacity of a single chip is 1GB.\n\n\n4、NAND FLASH\n选择ME推荐的WinBond公司产品W35N02JWTBKF，容量2Gb，FLASH支持CRC安全机制。\nNXB0104是用于MCU的3V3_ SPI和NAND FLASH的1V8_ SPI进行电平转换，通过MCU_SPI1_CS片选电平转换芯片，实现MCU对NAND FLASH的读写操作，转换芯片在本应用场景下支持最大传输速率80Mbps。\nNAND FLASH\nChoose the WinBond company product W35N02JWTBKF recommended by ME, with a capacity of 2Gb and FLASH supporting CRC security mechanism. \nNXB0104 is used for the level conversion of 3V3_SPI of MCU and 1V8_SPI of NAND FLASH. The level conversion chip is selected by MCU_SPI1_CS chip to realize the reading and writing operation of MCU to NAND FLASH. The converter chip supports a maximum transmission rate of 80Mbps in this application scenario. \n5、电源和复位\nEYEQ6-L需要6路电源：VCC3V3_EQ、VCC0V75、0V75_MIPI_DDR、VCC1V8、VCC1V1、VCC1V8_EQ，其中VCC0V75用于给内核供电。复位信号由MCU通过P02.4口进行控制。\nPower and reset\nEYEQ6-L requires six power sources: VCC3V3-EQ, VCCOV75, OV75_MIPI_DDR, VCC1V8, VCC1V1, VCC1V8_EQ, where VCCOV75 is used to power the core. The reset signal is controlled by the MCU through the P02.4 pin.</td></tr></table>"", ""<table><tr><td>HM ID</td><td>F01</td></tr><tr><td>模块功能 \nModule Function</td><td>32位MCU芯片TC377最小系统模块有SAK-TC377TP-96F300S AA主控芯片和晶体、硬件配置组成，实现SAK-TC377TP-96F300S AA最小硬件系统工作单元，功能安全等级最高可达到ASIL-D，满足应用要求。\n32-bit MCU chip TC377 minimum system module has SAK-TC377TP-96F300S AA main control chip and crystal, hardware configuration, to achieve SAK-TC377TP-96F300S AA minimum hardware system work unit, functional safety level up to ASIL-D, meet the application requirements. </td></tr><tr><td>模块框图\nModule diagram</td><td></td></tr><tr><td>模块方案\nModule solution</td><td>处理器\n根据ADAS产品需求，综合评估选型为32位MCU芯片SAK-TC377TP-96F300S AA， MCU接口资源丰富，功能安全等级最高可达到ASIL-D，满足应用要求。\nProcessor \nAccording to ADAS product requirements, 32-bit MCU chip SAK-TC377TP-96F300S AA is selected through comprehensive evaluation, which has rich MCU interface resources and the highest functional safety level can reach ASIL-D to meet application requirements\n时钟设计\n硬件选型20MHz晶振给MCU提供时钟输入，由其内部PLL等电路完成倍频、分频，供其内核和各模块使用。\nClock design\nHardware selection of clock design 20MHz crystal oscillator provides clock input to MCU, and its internal PLL and other circuits complete frequency doubling and frequency division for its kernel and each module.\n复位及watchdog\n系统复位及看门狗芯片采用LP87702内部看门狗，喂狗方式为窗口喂狗，当喂狗窗口无有效喂狗次数超过OTP配置时，将触发整个系统复位。\na)\t上电时，看门狗芯片对MCU启动过程进行监控，同时对MCU的电源VCC3V3电压进行低压监控，异常时主动复位MCU。\nb)\t运行过程中由看门狗监控MCU运行状态，当MCU程序跑飞时看门狗超时触发复位信号主动复位MCU。\nReset and watchdog\nThe system reset and watchdog chip adopts LP87702 internal watchdog, and the feeding method is window feeding. When the number of effective dog feeding in the feeding window exceeds the OTP configuration, the whole system reset will be triggered. \n When powering on, the watchdog chip monitors the start-up process of MCU, and at the same time, it monitors the low voltage voltage of MCU's power supply VCC3V3, and actively resets MCU when abnormal. \n MCU running status is monitored by watchdog during operation. When MCU program runs, watchdog timeout triggers reset signal and actively reset MCU.\n电源需求\nMCU需要1路VCC3V3_MCU（精度：3.3V±10%）和1路VCC1V25_MCU（精度：1.2-1.35V）供电。\n4. Power demand\nThe MCU needs 1 channel VCC3V3_MCU (accuracy: 3.3V±10%) and 1 channel VCC1V25_MCU (accuracy: 1.2-1.35V) power supply.</td></tr></table>"", ""\nSheet名称：0_Instruction Manual; 内容摘要：使用说明; 项目适配说明：nan ——0_Instruction Manual\nSheet名称：1_Face; 内容摘要：文档封面页; 项目适配说明：需要根据实际项目更新编号，\n明确并修改xxx的型号 ——0_Instruction Manual\nSheet名称：2_Sign; 内容摘要：本文档的当前状态、编制、审核和批准人员的信息; 项目适配说明：需要根据具体项目，更新文档\n的当前状态，编制、审核和批准人员的信息等 ——0_Instruction Manual\nSheet名称：3_Overview; 内容摘要：说明本文档的目的，适用对象和应用范围; 项目适配说明：无须确认和更新，仅用于了解 ——0_Instruction Manual\nSheet名称：4_Change History1; 内容摘要：本文档模板的变更履历; 项目适配说明：填写本文档模板的变更内容 ——0_Instruction Manual\nSheet名称：5_Change History2; 内容摘要：结合实际项目，安全机制的变更履历; 项目适配说明：填写本文档安全机制的变更内容 ——0_Instruction Manual\nSheet名称：6_Reference Document; 内容摘要：导出安全机制的参考文档; 项目适配说明：根据实际项目，需参考最新的\n数据手册和安全手册 ——0_Instruction Manual\nSheet名称：7_Definition&Arch; 内容摘要：xxx系列产品的定义及架构; 项目适配说明：需要需求开发人员在开发需求之前了解xxx系列产品的定义及架构 ——0_Instruction Manual\nSheet名称：8_SG&FSR; 内容摘要：xxx系列产品的假设\n安全目标和FSR; 项目适配说明：需要需求开发人员在开发需求\n前了解xxx系列产品的安全目标和FSR ——0_Instruction Manual"", ""\nECU Connector：X2000-59; MCU Component ：F01/MCU; None：B; None：D19; None：P20.12; None：P20.12/GTM_TIM3_IN0_5/GTM_TIM2_IN0_5/QSPI0_MRSTA/GTM_TOUT68/QSPI0_MRST/QSPI0_MTSR; None：QSPI0_MRST; None：MCU_SPI0_MRST_P20.12; None：/; None：O; None：MCU向EQ发送数据\nMCU配置为内置下拉（SPI模式配置为：极性CPOL=0，相位CPHA=1）\n; None：HI-Z; None：—; SW Variable Name or SW Function Name：— ——Port1\nECU Connector：X2000-53; MCU Component ：F01/MCU; None：B; None：C20; None：P20.14; None：P20.14/GTM_TIM3_IN2_4/GTM_TIM2_IN2_4/QSPI0_MTSRA/GTM_TOUT70/QSPI0_MTSR; None：QSPI0_MTSRA; None：MCU_SPI0_MTSR_P20.14; None：/; None：I; None：EQ向MCU发送数据\nMCU配置为内置下拉（SPI模式配置为：极性CPOL=0，相位CPHA=1）; None：HI-Z; None：—; SW Variable Name or SW Function Name：— ——Port1\nECU Connector：X2000-58; None：SPI Communction; HW Interface Component ：B; None：F02/EYEQ6L; None：MCU_SPI2（master）\nEQ6L_SPI1（slave）\n速率：10Mbps; MCU Component ：F01/MCU; None：B; None：D15; None：P15.7; None：P15.7/GTM_TIM1_IN1_5/GTM_TIM0_IN1_5/QSPI2_MRSTB/GTM_TOUT78/QSPI2_MRST; None：QSPI2_MRSTB; None：MCU_SPI2_MRST_P15.7; None：/; None：I; None：EQ向MCU发送数据\nMCU配置为内置下拉（SPI模式配置为：极性CPOL=0，相位CPHA=1）; None：HI-Z; None：—; SW Variable Name or SW Function Name：— ——Port1"", ""\nMCU Component ：F01/MCU; None：B; None：T1; None：VAREF2; None：VAREF2; None：POWER; None：VCC3V3_MCU; None：/; None：/; None：3V3供电，MCU ADC参考电源; None：/; None：—; SW Variable Name or SW Function Name：— ——Port1\nMCU Component ：F01/MCU; None：B; None：T11; None：VEVRSB; None：VEVRSB; None：POWER; None：VCC3V3_MCU; None：/; None：/; None：3V3供电，备用域电源; None：/; None：—; SW Variable Name or SW Function Name：— ——Port1\nNone：GND; None：POWER; None：MCU的GND; MCU Component ：F01/MCU; None：NA; None：Y4; None：VSSM; None：VSSM; None：GND; None：GND; None：/; None：/; None：/; None：/; None：—; SW Variable Name or SW Function Name：— ——Port1\nMCU Component ：F01/MCU; None：NA; None：Y7; None：VAGND1; None：VAGND1; None：GND; None：GND; None：/; None：/; None：/; None：/; None：—; SW Variable Name or SW Function Name：— ——Port1\nMCU Component ：F01/MCU; None：NA; None：T2; None：VAGND2; None：VAGND2; None：GND; None：GND; None：/; None：/; None：/; None：/; None：—; SW Variable Name or SW Function Name：— ——Port1\nMCU Component ：F01/MCU; None：NA; None：B2; None：VSS1; None：VSS1; None：GND; None：GND; None：/; None：/; None：/; None：/; None：—; SW Variable Name or SW Function Name：— ——Port1\nMCU Component ：F01/MCU; None：NA; None：D4; None：VSS2; None：VSS2; None：GND; None：GND; None：/; None：/; None：/; None：/; None：—; SW Variable Name or SW Function Name：— ——Port1"", ""\nUnnamed: 0：SM[HW]:VMT:MBIST; Unnamed: 1：6.499; Unnamed: 2：nan; Unnamed: 3：SMC[SW]:VMT:MBIST; Unnamed: 4：ESM[SW]:VMT:MBIST; Unnamed: 5：nan; Unnamed: 6：nan; Unnamed: 7：nan; Unnamed: 8：nan; Unnamed: 9：nan; Unnamed: 10：nan; Unnamed: 11：nan; Unnamed: 12：nan; Unnamed: 13：nan; Unnamed: 14：nan; Unnamed: 15：nan ——12.1TC3XXX_SM\nUnnamed: 0：2 Functional Blocks; Unnamed: 1：nan; Unnamed: 2：nan; Unnamed: 3：nan; Unnamed: 4：nan; Unnamed: 5：nan; Unnamed: 6：nan; Unnamed: 7：nan; Unnamed: 8：nan; Unnamed: 9：nan; Unnamed: 10：nan; Unnamed: 11：nan; Unnamed: 12：nan; Unnamed: 13：nan; Unnamed: 14：nan; Unnamed: 15：nan ——12.1TC3XXX_SM\nUnnamed: 0：2.1 MCU Function - Processing; Unnamed: 1：nan; Unnamed: 2：nan; Unnamed: 3：nan; Unnamed: 4：nan; Unnamed: 5：nan; Unnamed: 6：nan; Unnamed: 7：nan; Unnamed: 8：nan; Unnamed: 9：nan; Unnamed: 10：nan; Unnamed: 11：nan; Unnamed: 12：nan; Unnamed: 13：nan; Unnamed: 14：nan; Unnamed: 15：nan ——12.1TC3XXX_SM\nUnnamed: 0：2.1.1 CPU; Unnamed: 1：nan; Unnamed: 2：nan; Unnamed: 3：nan; Unnamed: 4：nan; Unnamed: 5：nan; Unnamed: 6：nan; Unnamed: 7：nan; Unnamed: 8：nan; Unnamed: 9：nan; Unnamed: 10：nan; Unnamed: 11：nan; Unnamed: 12：nan; Unnamed: 13：nan; Unnamed: 14：nan; Unnamed: 15：nan ——12.1TC3XXX_SM"", ""<table><tr><td>模块序号\nModule number</td><td>模块名称\nModule name</td><td>功能定义\nFunction definition.</td><td>功能安全需求\nFunctional safety requirements</td></tr><tr><td>F01</td><td>MCU</td><td>SAK-TC377TP-96F300S AA</td><td>B(B)</td></tr><tr><td>F02</td><td>EYEQ6-L</td><td>EYEQ6-L，用于sensor的视频处理</td><td>B</td></tr><tr><td>F03</td><td>EYEQ6_LPDDR4</td><td>EQ6的1GB LPDDR4</td><td>B</td></tr><tr><td>F04</td><td>EYEQ6_NAND FLASH</td><td>EQ6的2Gb NAND FLASH</td><td>B</td></tr><tr><td>F05</td><td>CAM SENSOR</td><td>Sony 728摄像头模组</td><td>B</td></tr><tr><td>F06</td><td>KL30 sample</td><td>KL30电压采样</td><td>QM</td></tr><tr><td>F07</td><td>KL15 sample</td><td>KL15电压采样</td><td>QM</td></tr><tr><td>F08</td><td>EQ system power sample1</td><td>EQ6L系统供电电源电压ADC采样滤波、分压电路</td><td>B(B)</td></tr><tr><td>F09</td><td>ETH and CAN power sample2</td><td>CAN和ETH电源电压ADC采样滤波、分压电路</td><td>QM</td></tr><tr><td>F10</td><td>NTC temp sensor</td><td>NTC温度传感器，监控EQ6L/LPDDR4周边环境温度。</td><td>B</td></tr><tr><td>F11</td><td>KL30 EMI</td><td>KL30供电口EMI滤波电路.</td><td>B</td></tr><tr><td>F12</td><td>POWER</td><td>LN10046，KL30电源转VCC3V3电源</td><td>B</td></tr><tr><td>F13</td><td>POWER</td><td>LP87702，VCC3V3电压输入，VCC1V1、VCC1V8、VCC50电压输出</td><td>QM(B)</td></tr><tr><td>F14</td><td>POWER</td><td>TPS62872，VCC3V3电压输入，VCC0V75电压输出</td><td>QM(B)</td></tr><tr><td>F15</td><td>POWER</td><td>SA23002，VCC3V3输入，VCC0V75电压输出</td><td>QM(B)</td></tr><tr><td>F16</td><td>POWER</td><td>TPS22918负载开关，VCC3V3电压输入，VCC3V3_EQ输出</td><td>QM(B)</td></tr><tr><td>F17</td><td>POWER</td><td>TPS22918负载开关，VCC3V3输入，VCC3V3_ETH输出</td><td>QM</td></tr><tr><td>F18</td><td>overvoltage protect</td><td>用于MCU电源VCC3V3_MCU的外部过压保护</td><td>B</td></tr><tr><td>F19</td><td>POWER</td><td>TPS22918 负载开关，VCC1V8电压输入，VCC1V8_EQ电压输出</td><td>QM(B)</td></tr><tr><td>F20</td><td>CAN3</td><td>基于TCAN1145的CAN通讯，硬件支持特定报文唤醒</td><td>QM</td></tr><tr><td>F21</td><td>CAN2</td><td>基于TCAN1044A的CAN通讯.</td><td>QM</td></tr><tr><td>F22</td><td>CAN1</td><td>基于TCAN1044A的CAN通讯</td><td>QM</td></tr><tr><td>F23</td><td>CAN0</td><td>基于TCAN1044A的CAN通讯.</td><td>QM</td></tr><tr><td>F24</td><td>ETH</td><td>基于DP83TC812R的100BASE-T1通讯</td><td>QM</td></tr><tr><td>F25</td><td>Wake up</td><td>唤醒源和一级电源使能电路设计</td><td>QM</td></tr><tr><td>F26</td><td>watchdog</td><td>LP87702的看门狗功能，用于监控MCU运行状态</td><td>B</td></tr><tr><td>F27</td><td>POWER</td><td>VCC3V3_MCU转VCC1V25_MCU电压，由MCU的EVRC进行控制。</td><td>B</td></tr><tr><td>F28</td><td>level translation</td><td>3V3和1V8双向电压转换芯片</td><td>QM</td></tr></table>"", ""\nMCU Component ：F01/MCU; None：B; None：N14; None：VDD; None：VDD; None：POWER; None：VCC1V25_MCU; None：/; None：/; None：1V25供电，MCU核电源域; None：/; None：—; SW Variable Name or SW Function Name：— ——Port1\nMCU Component ：F01/MCU; None：B; None：E15; None：VDD; None：VDD; None：POWER; None：VCC1V25_MCU; None：/; None：/; None：1V25供电，MCU核电源域; None：/; None：—; SW Variable Name or SW Function Name：— ——Port1\nMCU Component ：F01/MCU; None：B; None：H14; None：VDD; None：VDD; None：POWER; None：VCC1V25_MCU; None：/; None：/; None：1V25供电，MCU核电源域; None：/; None：—; SW Variable Name or SW Function Name：— ——Port1\nMCU Component ：F01/MCU; None：B; None：D16; None：VDD; None：VDD; None：POWER; None：VCC1V25_MCU; None：/; None：/; None：1V25供电，MCU核电源域; None：/; None：—; SW Variable Name or SW Function Name：— ——Port1\nMCU Component ：F01/MCU; None：B; None：G13; None：VDD; None：VDD; None：POWER; None：VCC1V25_MCU; None：/; None：/; None：1V25供电，MCU核电源域; None：/; None：—; SW Variable Name or SW Function Name：— ——Port1\nMCU Component ：F01/MCU; None：B; None：G8; None：VDD; None：VDD; None：POWER; None：VCC1V25_MCU; None：/; None：/; None：1V25供电，MCU核电源域; None：/; None：—; SW Variable Name or SW Function Name：— ——Port1"", ""<table><caption> Device Information</caption>\n<tr><td colspan=3 rowspan=3 >Part Number Current Rating Package TPS62870-Q1 6A TPS62871-Q1 9A RXS (VQFN-FCRLF, TPS62872-Q1 12 A 16) TPS62873-Q1 15 A</td></tr>\n\n</table>"", ""<table><caption> Figure 9-22. CONTROL1 Register</caption>\n<tr><td colspan=2 >7 6 RESET SSCEN R/W-0b R/W-0b</td><td colspan=4 >5 3 2 SWEN FPWMEN DISCHEN HICCUPEN R/W-1b R/W-0b R/W-1b R/W-0b</td><td  >VRAMP R/W-10b</td></tr>\n</table>"", ""<table><caption> Table 9-1 shows the function table of the MODE/SYNC pin and the FPWMEN bit in the CONTROL1 register, Table 9-1. FPWM Mode and Power-Save Mode Selection Note</caption>\n<tr><td  >MODE/SYNCPin</td><td  >FPWMEN Bit</td><td  >OperatingMode</td><td  >Remark</td></tr>\n<tr><td  >Low</td><td  >0</td><td  >PSM</td><td  >Do not use in a stacked configuration.</td></tr>\n<tr><td></td><td  >1</td><td  >FPWM</td><td></td></tr>\n<tr><td  >High</td><td  >X</td><td  >FPWM</td><td></td></tr>\n<tr><td  >Sync Clock</td><td  >X</td><td  >FPWM</td><td></td></tr>\n</table>"", ""1. In device variants without IC the SDA and SCL pins are internally connected, but their functionality is disabled.\nVIN\nSW\nVIN\nBias\nGate Drive and Control\nRegulator\nEN\nGND\nGND\nRampandSlope\nCompensation\nPG\nControl\nGOSNS\nFSEL[\nVSEL[\nOscillator\nCOMP\nSCL1[\nSDA1[\nThermal\nShutdown\nSYNCOUT\nMODE/SYNC\nM"", ""<table><caption> Table 7-1. Pin Functions (continued) I = input, O = output, P = power, GND = ground(1)</caption>\n<tr><td  >Pin</td><td></td><td></td><td></td></tr>\n<tr><td  >Name</td><td  >No.</td><td  >Type(1)</td><td  >Description</td></tr>\n<tr><td></td><td></td><td></td><td  >Internal clock output pin for synchronization in stacked mode. Leave this pin floating for single </td></tr>\n<tr><td></td><td></td><td></td><td  >device operation. Connect this pin to the MODE/SYNC pin of the next device in the daisy-chain in </td></tr>\n<tr><td  >SYNC_OUT</td><td  >14</td><td></td><td  >stacked operation. Do not use this pin to connect to a non-TPS6287x-Q1 device.  During start-up, this pin is used to identify if a device must operate as a secondary converter in</td></tr>\n<tr><td></td><td></td><td></td><td  >stacked operation. Connect a 47-kQ resistor from this pin to GND to define a secondary converter</td></tr>\n<tr><td></td><td></td><td></td><td  > in stacked operation. See Section 9.3.17 for a detailed description.</td></tr>\n<tr><td  >VSEL</td><td  >15</td><td  >一</td><td  > Start-up output voltage select pin. A resistor or short circuit to GND or Vin defines the selected output voltage. See Section 9.3.6.2.</td></tr>\n<tr><td  >FSEL</td><td  >16</td><td  >一</td><td  >Frequency select pin. A resistor or a short circuit to GND or Vin determines the free-running switching frequency. See Section 9.3.6.2.</td></tr>\n<tr><td  >Exposed Thermal Pad</td><td></td><td  >一</td><td  >The thermal pad must be soldered to GND to achieve an appropriate thermal resistance and for mechanical stability.</td></tr>\n</table>"", ""<table><caption> Table 10-4. List of Recommended Output Capacitors See the Third-Party Products Disclaimer.(1) (17) (18) (19) (20) (21)</caption>\n<tr><td  >Capacitance</td><td  > Dimensions mm (Inch)</td><td  >Voltage Rating</td><td  > Manufacturer, Part Number(1)</td></tr>\n<tr><td  >22 μF ±20%</td><td  >2012 (0805)</td><td  >6.3 V</td><td  >TDK, CGA4J1X7T0J226M125AC</td></tr>\n<tr><td  >22 μF ±10%</td><td  >2012 (0805)</td><td  >6.3 V</td><td  >Murata, GCM31CR71A226KE02</td></tr>\n<tr><td  >47 μF ±20%</td><td  >3216 (1206)</td><td  >4V</td><td  >TDK, CGA5L1X7T0G476M160AC</td></tr>\n<tr><td  >47 μF ±20%</td><td  >2012 (1210)</td><td  >6.3 V</td><td  >Murata, GCM32ER70J476ME19</td></tr>\n<tr><td  >100μF ±20%</td><td  >3225 (1210)</td><td  >4V</td><td  >TDK, CGA6P1X7T0G107M250AC</td></tr>\n<tr><td  >100μF ±20%</td><td  >3216 (1210)</td><td  >6.3 V</td><td  >Murata, GRT32EC70J107ME13</td></tr>\n</table>"", ""VOUT(VIN - VoUT\nIL(PP) = VU(NxLxW)"", ""<table><caption> Table 6-2. Devices Without I²C Interface (continued) Unless otherwise noted, device variants without I2C operate with the same default settings as device variants with 12C.</caption>\n<tr><td  >DeviceNumber</td><td  >OutputCurrent</td><td  >Start-UpVoltage(2)</td><td  >VSEL Settings</td><td  > Spread Spectrum Clocking</td><td  > Soft-Start Time</td></tr>\n<tr><td  >TPS62870N1QWRXSRQ1</td><td  >6A</td><td  >0.800 V</td><td  >6.2kQ to GND</td><td></td><td></td></tr>\n<tr><td  >TPS62871N1QWRXSRQ1</td><td  >9A</td><td  >0.750V</td><td  >Short to GND</td><td></td><td></td></tr>\n<tr><td  >TPS62872N1QWRXSRQ1</td><td  >12 A</td><td  >0.875V</td><td  >Short to VIN</td><td  >On</td><td></td></tr>\n<tr><td  >TPS62873N1QWRXSRQ1</td><td  >15 A</td><td  >0.840V</td><td  >47 kQ to VIN </td><td></td><td  >1 ms</td></tr>\n<tr><td></td><td></td><td  >1.800 V</td><td  >6.2 kQ to GND</td><td></td><td></td></tr>\n<tr><td  >TPS62872N2QWRXSRQ1</td><td  >12 A</td><td  >1.500 V 1.750 V</td><td  >Short to GND Short to VIN </td><td  >Off</td><td></td></tr>\n<tr><td></td><td></td><td  >3.300 V</td><td  >47kQ to VIN</td><td></td><td></td></tr>\n</table>""]","{""original_context_count"": 24, ""original_context_characters"": 19934, ""scored_context_count"": 8, ""scored_context_characters"": 1444, ""contexts_truncated"": true, ""context_selection"": ""claim_coverage""}",0.19651689640068917,0.3439244166230041,0.2,0.0,0.19999999998,0.0,0.5,0.0,not_applicable
hw-v1-permission-empty-scope,success,U1700 连接到哪些网络？,在无 ADAS 部门权限的上下文中，不应检索到该电路；回答应说明当前知识库中未找到可支撑证据，且不得串库。,当前知识库中未找到可支撑回答的证据。,当前知识库中未找到可支撑回答的证据。,[],"{""original_context_count"": 0, ""original_context_characters"": 0, ""scored_context_count"": 0, ""scored_context_characters"": 0, ""contexts_truncated"": false, ""context_selection"": ""original_order""}",0.5131104882354587,0.0,1.0,not_applicable,not_applicable,not_applicable,not_applicable,not_applicable,1.0
hw-v1-direct-capabilities,success,你好，你能做什么？,应直接介绍自己是硬件资料助手，可协助查询文档、表格和电路信息；不应触发知识库检索。,"你好！我是硬件领域的智能助手，可以为你提供以下帮助：

1. **硬件选型与推荐**：根据你的需求（如性能、预算、功耗等）推荐合适的CPU、GPU、内存、主板、存储设备等。
2. **硬件故障排查**：分析常见硬件问题（如无法开机、蓝屏、过热、外设异常等），并提供排查步骤和解决方案。
3. **性能优化与升级建议**：评估现有配置瓶颈，给出升级方案或超频、散热优化建议。
4. **技术原理与规格解读**：解释硬件参数（如制程、架构、接口标准、内存时序等），比较不同产品的优劣。
5. **组装与兼容性检查**：协助确认配件是否兼容，并提供装机注意事项。
6. **行业趋势与新品信息**：分享最新硬件发布、技术进展和市场动态。

请随时提出具体问题，我会尽力为你解答！","你好！我是硬件领域的智能助手，可以为你提供以下帮助：

1. **硬件选型与推荐**：根据你的需求（如性能、预算、功耗等）推荐合适的CPU、GPU、内存、主板、存储设备等。
2. **硬件故障排查**：分析常见硬件问题（如无法开机、蓝屏、过热、外设异常等），并提供排查步骤和解决方案。
3. **性能优化与升级建议**：评估现有配置瓶颈，给出升级方案或超频、散热优化建议。
4. **技术原理与规格解读**：解释硬件参数（如制程、架构、接口标准、内存时序等），比较不同产品的优劣。
5. **组装与兼容性检查**：协助确认配件是否兼容，并提供装机注意事项。
6. **行业趋势与新品信息**：分享最新硬件发布、技术进展和市场动态。

请随时提出具体问题，我会尽力为你解答！",[],"{""original_context_count"": 0, ""original_context_characters"": 0, ""scored_context_count"": 0, ""scored_context_characters"": 0, ""contexts_truncated"": false, ""context_selection"": ""original_order""}",0.12115089599936157,0.3850137198008695,1.0,not_applicable,not_applicable,not_applicable,not_applicable,not_applicable,not_applicable
hw-v1-joint-main-pmic-paraphrase,success,板上最主要的电源管理芯片是谁？说清楚输入、三路输出和软件配置出处。,U1700 LP87702-Q1 从 VCC3V3 取电，关键输出为 VCC1V1、VCC1V8、VCC50，软件配置出处为 HSI 7.2 节。,"好的，根据您提供的证据，以下是对您问题的回答。

### 板上最主要的电源管理芯片

**芯片型号：** LP87702

**来源说明：**
*   证据[3]（表格）中明确列出模块F13为“POWER”，功能定义为“LP87702，VCC3V3电压输入，VCC1V1、VCC1V8、VCC50电压输出”。
*   证据[9]（表格）同样将F13模块定义为“POWER”，并说明是“LP87702，VCC3V3电压输入，VCC1V1、VCC1V8、VCC50电压输出”。
*   证据[1]、[4]、[11]均在描述中明确指出LP87702是核心电源管理芯片，负责将VCC3V3转换为三路输出电压。

### 输入电压规格

**输入电压：** VCC3V3 (3.3V)

**来源说明：**
*   证据[3]、[4]、[9]、[11]中均明确说明LP87702的输入电压为“VCC3V3”。例如，证据[3]功能定义栏写明“LP87702，VCC3V3电压输入”。

### 三路输出电压规格

**三路输出电压：**
1.  **VCC1V8 (1.8V)**
2.  **VCC1V1 (1.1V)**
3.  **VCC50 (5.0V)**

**来源说明：**
*   证据[1]、[3]、[4]、[9]、[11]均明确说明LP87702的三路输出为VCC1V8、VCC1V1、VCC50。例如，证据[1]描述：“1、LP87702实现VCC3V3转VCC1V8、VCC1V1、VCC50三路电源输出”。
*   证据[4]和[11]进一步说明了各路的用途：VCC1V8用于EQ6、CAM、DDR、FLASH供电；VCC1V1用于EQ6、DDR供电；VCC50用于CAN收发器供电。

### 软件配置出处

**软件配置出处：** 文档 `600608964_ADAS_HSI_0506_1952_shoulin.wang.docx` 中的 **“LP87702配置”** 章节，具体为 **“Table 5-2 LP87702 Configuration”**。

**来源说明：**
*   证据[2]明确指出：“LP87702运行期间需要MCU通过I2C配置的寄存器如下所示：**Table 5-2 LP87702 Configuration**”。该章节位于文档的“其他芯片配置 Other IC Configuration”部分。
*   证据[1]和[4]描述了其控制方式：VCC50由MCU的GPIO（P15.3引脚）控制使能和关断，VCC1V8和VCC1V1由MCU的I2C（MCU_SCL_P15.4, MCU_SDA_P15.5）控制使能和设置输出电压。
*   证据[6]提供了LP87702相关寄存器配置的片段，例如`FS_I_OVUV_SAFE_REACTION1`、`VMON_LDO1_OV_FS_REACTION`等，这些内容均来自文档的`13_Registers Bit Description`部分，进一步佐证了软件配置的出处为该文档。

### 缺失信息

根据提供的证据，您所询问的四个子问题（芯片型号、输入电压、三路输出电压、软件配置出处）均已得到覆盖。**无缺失信息。**

### 证据冲突说明

根据检索账本中的`coverage_matrix.conflicts`，存在以下证据冲突，请注意这些冲突值**不能合并为确定结论**：

*   **字段: `tcan1044a`**
    *   冲突值1: `1`
    *   冲突值2: `tcan1145`
    *   来源：`600608964_ADAS_HSI_0506_1952_shoulin.wang.docx`
    *   冲突原因：关于CAN收发器型号，同一文档中出现了`TCAN1044A`和`TCAN1145`两个不同的值。

*   **字段: `mc`**
    *   冲突值1: `001`
    *   冲突值2: `100`
    *   冲突值3: `111`
    *   来源：`600608964_ADAS_HSI_0506_1952_shoulin.wang.docx`
    *   冲突原因：关于TCAN1145的寄存器配置，文档中出现了`001`、`100`、`111`三个不同的值。

*   **其他字段冲突：** 在`register`、`symbol`、`description`、`unnamed`、`register.1`等字段，文档中存在`nan`、`register`、`symbol`、`description`等多种不同取值，表明文档中相关表格数据存在不一致或不完整的情况。","好的，根据您提供的证据，以下是对您问题的回答。

### 板上最主要的电源管理芯片

**芯片型号：** LP87702

### 输入电压规格

**输入电压：** VCC3V3 (3.3V)

### 三路输出电压规格

**三路输出电压：**
1.  **VCC1V8 (1.8V)**
2.  **VCC1V1 (1.1V)**
3.  **VCC50 (5.0V)**

### 软件配置出处

**软件配置出处：** 文档 `600608964_ADAS_HSI_0506_1952_shoulin.wang.docx` 中的 **“LP87702配置”** 章节，具体为 **“Table 5-2 LP87702 Configuration”**。

### 缺失信息

根据提供的证据，您所询问的四个子问题（芯片型号、输入电压、三路输出电压、软件配置出处）均已得到覆盖。**无缺失信息。**

### 证据冲突说明

根据检索账本中的`coverage_matrix.conflicts`，存在以下证据冲突，请注意这些冲突值**不能合并为确定结论**：

*   **字段: `tcan1044a`**
    *   冲突值1: `1`
    *   冲突值2: `tcan1145`
    *   来源：`600608964_ADAS_HSI_0506_1952_shoulin.wang.docx`
    *   冲突原因：关于CAN收发器型号，同一文档中出现了`TCAN1044A`和`TCAN1145`两个不同的值。

*   **字段: `mc`**
    *   冲突值1: `001`
    *   冲突值2: `100`
    *   冲突值3: `111`
    *   来源：`600608964_ADAS_HSI_0506_1952_shoulin.wang.docx`
    *   冲突原因：关于TCAN1145的寄存器配置，文档中出现了`001`、`100`、`111`三个不同的值。

*   **其他字段冲突：** 在`register`、`symbol`、`description`、`unnamed`、`register.1`等字段，文档中存在`nan`、`register`、`symbol`、`description`等多种不同取值，表明文档中相关表格数据存在不一致或不完整的情况。","[""\nNone：U20; None：P23.2; None：P23.2/GTM_TIM1_IN6_5/GTM_TIM0_IN6_5/GTM_TOUT43/CAN12_TXD; None：GPIO; None：MCU_RST_FLASH_P23.2; None：/; None：O; None：FLASH复位信号\n低：FLASH复位\n高：FLASH进入工作状态; None：HI-Z，硬件外部下拉; None：—; SW Variable Name or SW Function Name：— ——Port1\nNone：未使用; MCU Component ：F01/ MCU; None：NA; None：/; None：D7; None：P11.14; None：P11.14/GTM_TIM4_IN7_4/GTM_TIM2_IN7_8/GETH_CRSDVB/GETH_RXDVB/GETH_CRSA/GTM_TOUT126; None：GPIO; None：MCU_ETH_CFG1_P11.14; None：/; None：I; None：CFG1：BOM配置，判断是否有以太网\n高：TBD\n低：TBD; None：HI-Z; None：—; SW Variable Name or SW Function Name：— ——Port1\nNone：未使用; MCU Component ：F01/ MCU; None：NA; None：/; None：D6; None：P11.15; None：P11.15/GTM_TIM4_IN7_5/GTM_TIM0_IN7_8/GETH_COLA/GTM_TOUT127; None：GPIO; None：MCU_ETH_CFG2_P11.15; None：/; None：I; None：CFG2：BOM配置，判断以太网接口类型\n高：TBD\n低：TBD; None：HI-Z; None：—; SW Variable Name or SW Function Name：— ——Port1\nHW Interface Component ：QM(B); None：F13/POWER; None：1、LP87702实现VCC3V3转VCC1V8、VCC1V1、VCC50三路电源输出\n2、LP87702的VCC50由MCU的GPIO控制使能和关断，VCC1V8、VCC1V1由MCU的I2C控制使能和关断。\n3、预留中断信号用于MCU辅助监控LP87702的工作状态。\n4、MCU可以通过I2C监控和管理LP87702的状态。; MCU Component ：F01/ MCU; None：QM; None：B17; None：P15.3; None：P15.3/GTM_TIM3_IN6_4/GTM_TIM2_IN6_4/CAN01_RXDA/QSPI2_SCLKA/GTM_TOUT74/QSPI2_SCLK/MSC0_EN1; None：GPIO; None：MCU_5V_EN; None：/; None：O; None：VCC50（LP87702）电源使能控制信号\n高：使能VCC50电压输出\n低：关断VCC50电压输出; None：HI-Z，硬件外部下拉; None：—; SW Variable Name or SW Function Name：— ——Port1"", ""ADC电压采集阈值 The ADC voltage acquisition thresholdWCCA计算结果如下，软件应按照如下过欠压阈值设置：The WCCA calculation results are as follows. The software should be set according to the following overvoltage and undervoltage thresholds:EQ6L上下电时序要求 EQ6L Power-on and power-off sequence requirements共享和独占的硬件资源 Shared and Exclusive Hardware ResourceECU-MCU信号对应关系 ECU-MCU Signal MappingMCU时钟配置 MCU Clock Configuration存储器配置 Memeory ConfigurationTable 4-5Memory Configuration其他芯片配置 Other IC Configuration其他芯片的通讯机制 Communication Mechanism with Other ICLP87702配置 LP87702 ConfigurationLP87702运行期间需要MCU通过I2C配置的寄存器如下所示：Table 5-2 LP87702 ConfigurationTPS62872配置 TPS62872 ConfigurationTPS62872运行期间需要MCU通过I2C配置的寄存器如下所示：Table 5-3 TPS62872 Configuration安全机制 Safety MechanismsSystem levelHW level硬件安全分析无新增安全机制IC level模板变更历史Template Change History填写说明Filling instructions：变更单号YYYYMM00X为记录顺序号，如：202203002，表示的是2022年03月的第二份此类文档。首次发布不分配变更单号，变更单号处填NA。The change order number YYYYMM00X is the record sequence number, such as 202203002, which represents the second such document in March 2022. No change order number will be allocated for the first release, and Na will be filled in the change order number.变更原因填写以客户审核需要变更为例：由于XX客户在客户审核时发现XX问题，需要调整模板。Fill in the revision note. Take the need for change in customer audit as an example: because XX customer found XX problem during customer audit, the template needs to be adjusted.变更内容填写以客户审核发现问题需要更改为例：由于XX客户在客户审核时发现XX问题，特增加XXX的变更内容。"", ""<table><tr><td>序号</td><td>模块序号</td><td>模块名称</td><td>功能定义</td><td>功能安全需求</td></tr><tr><td>1</td><td>F013</td><td>POWER</td><td>LP87702，VCC3V3电压输入，VCC1V1、VCC1V8、VCC50电压输出</td><td>QM(B)</td></tr><tr><td>1</td><td>F01</td><td>MCU</td><td>SAK-TC377TP-96F300S AA</td><td>B(B)</td></tr><tr><td>1</td><td>F08</td><td>EQ system power sample1</td><td>EQ6L系统供电电源电压ADC采样滤波、分压电路</td><td>B(B)</td></tr><tr><td>2</td><td>F14</td><td>POWER</td><td>TPS62872，VCC3V3电压输入，VCC0V75电压输出，EQ6L核电供电</td><td>QM(B)</td></tr><tr><td>2</td><td>F01</td><td>MCU</td><td>SAK-TC377TP-96F300S AA</td><td>B(B)</td></tr><tr><td>2</td><td>F08</td><td>EQ system power sample</td><td>EQ6L系统供电电源电压ADC采样滤波、分压电路</td><td>B(B)</td></tr><tr><td>3</td><td>F15</td><td>POWER</td><td>SA23002，VCC3V3输入，0V75_MIPI_DDR电压输出</td><td>QM(B)</td></tr><tr><td>3</td><td>F01</td><td>MCU</td><td>SAK-TC377TP-96F300S AA</td><td>B(B)</td></tr><tr><td>3</td><td>F08</td><td>EQ system power sample</td><td>EQ6L系统供电电源电压ADC采样滤波、分压电路</td><td>B(B)</td></tr><tr><td>4</td><td>F16</td><td>POWER</td><td>TPS22918负载开关，VCC3V3电压输入，VCC3V3_EQ输出</td><td>QM(B)</td></tr><tr><td>4</td><td>F01</td><td>MCU</td><td>SAK-TC377TP-96F300S AA</td><td>B(B)</td></tr><tr><td>4</td><td>F08</td><td>EQ system power sample</td><td>EQ6L系统供电电源电压ADC采样滤波、分压电路</td><td>B(B)</td></tr></table>"", ""<table><tr><td>HM ID</td><td>F11/F12/F13/F14/F15/F16/F17/F18/F19/F25/F27</td></tr><tr><td>模块功能 \nModule Function</td><td>系统使用车载电池12V电压供电，经过EMI电路后输入至电源转换芯片，转换输出系统各模块所需电源。\nThe system uses 12V voltage power supply from the vehicle battery, which is input to the power conversion chip through the EMI circuit. Then the power conversion chip convert and output the power required by each module of the system.</td></tr><tr><td>模块框图\nModule diagram</td><td></td></tr><tr><td>模块方案\nModule solution</td><td>KL30 EMI (ASIL-B)\nKL30供电口处增加EMI电路，用于供电保护和滤波。硬件电路设计在UBD网络增加两个串联ESD电容，PCB布局靠近主连接器引脚处，用于吸收外部ESD信号，后端增加双向TVS管用于瞬态过压保护\nThe EMI circuit is added at the KL30 power supply port for power supply protection and filtering. The hardware circuit design adds two series ESD capacitors in the UBD network, the PCB layout is close to the main connector pin for absorbing external ESD signals, and the two-way TVS tube is added at the back end for transient overvoltage protection.\nKL30 to VCC3V3 (ASILB)\nKL30转VCC3V3是系统一级DC-DC，给MCU提供VCC3V3_MCU电源，所以系统要求其满足ASILB，确保MCU功能安全。\nKL30 to VCC3V3 is a system primary DC-DC chip, because the MCU needs VCC3V3_MCU power supply, so the system requires it to meet the ASILB to ensure the functional safety of the MCU.\nVCC3V3_MCU to VCC1V25_MCU(ASILB)\n3V3转1V25_MCU是使用MCU内置控制器进行控制的BUCK电源，用于MCU的核供电，功能安全需求达到ASILB，确保MCU功能安全。\n3V3 to 1V25_MCU is a BUCK power supply controlled by MCU built-in controller, which is used for MCU nuclear power supply. Functional safety requirements meet ASILB to ensure the functional safety of MCU.\nVCC3V3 to VCC0V75(QM(B))\nVCC3V3转VCC0V75应用于EQ6的内核供电，要求输出电流能力大，现选型TI的电源方案TPS62872。用MCU的P22.0引脚使能芯片，用MCU_SDA_P15.5，MCU_SCL_P15.4引脚I2C通信来设置输出电压和通信。\nVCC3V3 to VCC0V75 is applied to the core power supply of EQ6, which requires large output current capacity. The power supply scheme TPS62872 of TI is selected. P22.0 pin of MCU is used to enable the chip, and MCU_SDA_P15.5, MCU_SCL_P15.4 pin I2C communication is used to set the output voltage and communication. \nVCC3V3 to 0V75_MIPI_DDR(QM(B))\nVCC3V3转0V75_MIPI_DDR用于EQ6的IO口供电，现使用矽力杰的SA23002进行设计。用MCU的P22.1引脚使能该芯片。\nVCC3V3 to 0V75_MIPI_DDR for EQ6 IO port power supply, Silergy’s SA23002 is designed. The P22.1 pin of the MCU is used to enable the chip.\nVCC3V3转VCC1V8、VCC1V1、VCC50(QM(B))\nVCC1V8用于EQ6、CAM、DDR、FLASH供电，VCC1V1用于EQ6、DDR供电，VCC50用于CAN收发器供电，现选择LP87702 PMIC方案。用MCU的P15.3引脚使能该芯片的5V输出，用MCU_SCL_P15.4，MCU_SDA_P15.5 I2C通信来设置1.8V和1.1V输出电压和使能。\nVCC1V8 is used for EQ6, CAM, DDR, FLASH power supply, VCC1V1 is used for EQ6, DDR power supply, VCC50 is used for CAN transceiver  power supply, LP87702 PMIC scheme is selected. P15.3 pin of MCU is used to enable 5V output of the chip, and MCU_SCL_P15.4, MCU_SDA_P15.5 I2C communication is used to set 1.8V and 1.1V output voltage and enable it. \nVCC3V3 to VCC3V3_EQ(QM(B))\nVCC3V3转VCC3V3_EQ用于EQ6的IO和摄像头供电，现使用负载开关进行设计。用MCU的P20.3引脚使能该芯片。\nVCC3V3 to VCC3V3_EQ for EQ6’s IO and camera power supply, now using the load switch is designed. .The P20.3 pin of the MCU is used to enable the chip.\n\tVCC3V3 to VCC3V3_ETH(QM)\n3V3转3V3_ETH用于ETH供电，现选择负载开关方案。用MCU的P21.0引脚使能该芯片。\n3V3 to 3V3_ETH for ETH power supply, the load switch scheme is selected. . The P21.0 pin of the MCU is used to enable the chip.\n\tVCC1V8 to VCC1V8_EQ(QM(B))\nVCC1V8转VCC1V8_EQ用于EQ供电，现选择负载开关方案。用MCU的P20.0引脚使能该芯片。\nVCC1V8 to VCC1V8_EQ for EQ power supply, the load switch scheme is selected. . The P20.0 pin of the MCU is used to enable the chip.</td></tr><tr><td colspan='2'></td></tr></table>"", ""<table><tr><td>HM ID</td><td>F20/F21/F22/F23</td></tr><tr><td>运行模式\nOperation Mode</td><td>运行模式、待机模式、Sleep模式、OFF模式、Overtemp模式\nRun mode, standby mode, Sleep mode, OFF mode, Overtemp mode.</td></tr><tr><td>模式定义\nDefinition of Operation mode</td><td>TCAN1044A：\n1、\t运行模式\nSTB设置为低电平使能Normal模式，收发器可以通过总线CANH和CANL发送接收数据。\n2、\t待机模式\nSTB设置为高电平使能Standby模式，收发器将不再发送接收数据。\n1.Run mode\nThe STB is set to low to enable Normal mode, and the transceiver can send and receive data through the bus CANH and CANL. \n2.Standby mode\nThe STB is set to high level enable Standby mode, and the transceiver will no longer send the received data.\nTCAN1145：\n1、Normal模式\n通过SPI3配置寄存器MC=111进入Normal模式，收发器可以通过总线CANH和CANL发送接收数据。\n2、Standby模式\n通过SPI3配置寄存器MC=100，使能Standby模式，收发器将不再发送接收数据，但INH引脚依然有效。\n3、Sleep模式\n   通过SPI3配置寄存器MC=001或者发生欠压事件，CAN收发器进入sleep模式。该模式下INH为高阻态。\n与TJA1145寄存器地址有差别，软件开发需要注意。\n4、Off模式\n当电源电压过低无法为IC供电，收发器进入Off模式，该模式下CAN引脚和INH引脚为高阻态。\n5、Overtemp模式\n当芯片整体温度高于阈值，会进入过温模式，该模式下收发器的发送端和接收端被禁用，INH引脚为高阻态。\nNormal mode\nThe Normal mode is entered through SPI3 configuration register MC=111, and the transceiver can send and receive data through buses CANH and CANL. \nStandby mode\nBy configuring the SPI3 register MC=100 to enable the Standby mode, the transceiver will no longer send the received data, but the INH pin will remain active. \nSleep mode\nThrough SPI3 configuration register MC=001 or an undervoltage event occurs, the CAN transceiver goes into sleep mode. In this mode, INH is in the high impedance state. \nOff mode\nWhen the supply voltage is too low to power the IC, the transceiver enters the Of mode, in which the CAN pin and INH pin are in the high resistance state. \nOvertemp mode\nWhen the overall chip temperature is higher than the threshold, it will enter the over-temperature mode, in which the transmitter and receiver of the transceiver are disabled, and the INH pin is in the high impedance state. </td></tr><tr><td>模式切换接口\nMode switching interface</td><td></td></tr><tr><td>模式状态机\nMode state machine</td><td>TCAN1044A：\n\nTCAN1145：\n\n</td></tr><tr><td>模式切换条件\nMode switching condition</td><td>参考：\n产品系统需求规格说明\n产品系统方案设计说明书\nReference: \nProduct system requirement specification \nProduct system scheme design specification.</td></tr><tr><td>备注\nNote</td><td></td></tr></table>"", ""\nRegister：nan; Symbol：nan; Description：nan; Unnamed: 3：nan; Register.1：nan; Symbol.1：nan; Description.1：111 Closed Window : 50 % / Open Window : 50 % ——13_Registers Bit Description\nRegister：Register; Symbol：Symbol; Description：Description; Unnamed: 3：nan; Register.1：nan; Symbol.1：nan; Description.1：Reset on Power On Reset (POR) ——13_Registers Bit Description\nRegister：FS_I_OVUV_SAFE_\nREACTION1; Symbol：VMON_LDO1_OV_\nFS_REACTION; Description：00 No effect on RSTB and FS0B; Unnamed: 3：nan; Register.1：nan; Symbol.1：nan; Description.1：nan ——13_Registers Bit Description\nRegister：nan; Symbol：nan; Description：01 VMON_LDO1 OV asserts FS0B only; Unnamed: 3：nan; Register.1：nan; Symbol.1：nan; Description.1：nan ——13_Registers Bit Description\nRegister：nan; Symbol：nan; Description：10 VMON_LDO1 OV asserts RSTB and FS0B; Unnamed: 3：nan; Register.1：nan; Symbol.1：nan; Description.1：nan ——13_Registers Bit Description\nRegister：nan; Symbol：nan; Description：11 VMON_LDO1 OV asserts RSTB and FS0B; Unnamed: 3：nan; Register.1：Note:本页均为配置寄存器，以支持需求开发人员快速确定具体项目需要配置的bits; Symbol.1：nan; Description.1：nan ——13_Registers Bit Description\nRegister：nan; Symbol：nan; Description：Reset on Power On Reset (POR); Unnamed: 3：nan; Register.1：nan; Symbol.1：nan; Description.1：nan ——13_Registers Bit Description\nRegister：nan; Symbol：VMON_LDO1_UV_\nFS_REACTION; Description：00 No effect on RSTB and FS0B; Unnamed: 3：nan; Register.1：nan; Symbol.1：nan; Description.1：nan ——13_Registers Bit Description\nRegister：nan; Symbol：nan; Description：01 VMON_LDO1 OV asserts FS0B only; Unnamed: 3：nan; Register.1：nan; Symbol.1：nan; Description.1：nan ——13_Registers Bit Description"", ""<table><tr><td>HM ID</td><td>F14</td></tr><tr><td>模块功能 \nModule Function</td><td>VCC3V3转VCC0V75应用于EQ6的内核供电，要求输出电流能力大，现选型TI的方案TPS62872。\nVCC3V3 to VCCOV75 is applied to the kernel power supply of EQ6, which requires large output current capacity. TI's scheme TPS62872 is selected.</td></tr><tr><td>模块框图\nModule diagram</td><td></td></tr><tr><td>模块方案\nModule solution</td><td>\t采用TPS62872电源芯片，将VCC3V3转换为VCC0V75，提供给EQ6核电供电。用MCU的P22.0引脚使能芯片，用MCU_SDA_P15.5，MCU_SCL_P15.4引脚I2C通信来设置输出电压和通信。\nTPS62872 power chip is used to convert VCC3V3 to VCCOV75, which is supplied to EQ nuclear power supply. P22.0 pin of MCU is used to enable chip, MCU_SDA_P15.5, MCU_SCL_P15.4 pin I2C communication is used to set output voltage and communication. +</td></tr></table>"", ""<table><tr><td>HM ID</td><td>F18</td></tr><tr><td>模块功能 \nModule Function</td><td>AOU要求MCU需要硬件外部增加过压保护电路对3V3_MCU进行电压监控。\nAOU requires MCU to increase the overvoltage protection circuit outside the hardware to monitor the voltage of 3V3_MCU. </td></tr><tr><td>模块框图\nModule diagram</td><td>\n\n</td></tr><tr><td>模块方案\nModule solution</td><td>1.当VCC3V3 <4.03V时，cathode引脚为高阻态, 当VCC3V3 <VGS门限（Q1701）时，NMOS关闭，PMOS关闭，VCC3V3_SW无电。\n2、当4.03V＞VCC3V3 > VGS门限（Q1701）时，NMOS打开，PMOS打开，VCC3V3_SW和VCC3V3直通。\n3、当VCC3V3＞4.03V时，cathode引脚输出逻辑低（最高1V），NMOS关闭，PMOS关闭，VCC3V3_SW无电，对后级负载起到过压保护作用。\n1. When VCC3V3 <4.03V, the cathode pin is in the high resistance state. When VCC3V3 <VGs threshold (Q1701), NMOS is off, PMOS is off, and VCC3V3_SW has no electricity.\n2.When 4.03V>VCC3V3>VGS threshold (Q1701), NMOS opens, PMOS opens, and VCC3V3_sw and VCC3V3 pass through.\n3.When VCC3V3>4.03V, the cathode pin output logic is low (up to 1V), NMOS is off, PMOS is off, and VCC3V3_Sw has no power, which plays an overvoltage protection role on the load of the later stage.\n</td></tr></table>"", ""<table><tr><td>模块序号\nModule number</td><td>模块名称\nModule name</td><td>功能定义\nFunction definition.</td><td>功能安全需求\nFunctional safety requirements</td></tr><tr><td>F01</td><td>MCU</td><td>SAK-TC377TP-96F300S AA</td><td>B(B)</td></tr><tr><td>F02</td><td>EYEQ6-L</td><td>EYEQ6-L，用于sensor的视频处理</td><td>B</td></tr><tr><td>F03</td><td>EYEQ6_LPDDR4</td><td>EQ6的1GB LPDDR4</td><td>B</td></tr><tr><td>F04</td><td>EYEQ6_NAND FLASH</td><td>EQ6的2Gb NAND FLASH</td><td>B</td></tr><tr><td>F05</td><td>CAM SENSOR</td><td>Sony 728摄像头模组</td><td>B</td></tr><tr><td>F06</td><td>KL30 sample</td><td>KL30电压采样</td><td>QM</td></tr><tr><td>F07</td><td>KL15 sample</td><td>KL15电压采样</td><td>QM</td></tr><tr><td>F08</td><td>EQ system power sample1</td><td>EQ6L系统供电电源电压ADC采样滤波、分压电路</td><td>B(B)</td></tr><tr><td>F09</td><td>ETH and CAN power sample2</td><td>CAN和ETH电源电压ADC采样滤波、分压电路</td><td>QM</td></tr><tr><td>F10</td><td>NTC temp sensor</td><td>NTC温度传感器，监控EQ6L/LPDDR4周边环境温度。</td><td>B</td></tr><tr><td>F11</td><td>KL30 EMI</td><td>KL30供电口EMI滤波电路.</td><td>B</td></tr><tr><td>F12</td><td>POWER</td><td>LN10046，KL30电源转VCC3V3电源</td><td>B</td></tr><tr><td>F13</td><td>POWER</td><td>LP87702，VCC3V3电压输入，VCC1V1、VCC1V8、VCC50电压输出</td><td>QM(B)</td></tr><tr><td>F14</td><td>POWER</td><td>TPS62872，VCC3V3电压输入，VCC0V75电压输出</td><td>QM(B)</td></tr><tr><td>F15</td><td>POWER</td><td>SA23002，VCC3V3输入，VCC0V75电压输出</td><td>QM(B)</td></tr><tr><td>F16</td><td>POWER</td><td>TPS22918负载开关，VCC3V3电压输入，VCC3V3_EQ输出</td><td>QM(B)</td></tr><tr><td>F17</td><td>POWER</td><td>TPS22918负载开关，VCC3V3输入，VCC3V3_ETH输出</td><td>QM</td></tr><tr><td>F18</td><td>overvoltage protect</td><td>用于MCU电源VCC3V3_MCU的外部过压保护</td><td>B</td></tr><tr><td>F19</td><td>POWER</td><td>TPS22918 负载开关，VCC1V8电压输入，VCC1V8_EQ电压输出</td><td>QM(B)</td></tr><tr><td>F20</td><td>CAN3</td><td>基于TCAN1145的CAN通讯，硬件支持特定报文唤醒</td><td>QM</td></tr><tr><td>F21</td><td>CAN2</td><td>基于TCAN1044A的CAN通讯.</td><td>QM</td></tr><tr><td>F22</td><td>CAN1</td><td>基于TCAN1044A的CAN通讯</td><td>QM</td></tr><tr><td>F23</td><td>CAN0</td><td>基于TCAN1044A的CAN通讯.</td><td>QM</td></tr><tr><td>F24</td><td>ETH</td><td>基于DP83TC812R的100BASE-T1通讯</td><td>QM</td></tr><tr><td>F25</td><td>Wake up</td><td>唤醒源和一级电源使能电路设计</td><td>QM</td></tr><tr><td>F26</td><td>watchdog</td><td>LP87702的看门狗功能，用于监控MCU运行状态</td><td>B</td></tr><tr><td>F27</td><td>POWER</td><td>VCC3V3_MCU转VCC1V25_MCU电压，由MCU的EVRC进行控制。</td><td>B</td></tr><tr><td>F28</td><td>level translation</td><td>3V3和1V8双向电压转换芯片</td><td>QM</td></tr></table>"", ""<table><tr><td>HM ID</td><td>F01/F06/F11</td></tr><tr><td>运行模式\nOperation Mode</td><td>上电模式、下电模式、运行模式、复位模式、OTA模式\nPower on mode, power off mode, run mode, reset mode, OTA mode</td></tr><tr><td>模式定义\nDefinition of Operation mode</td><td>上电模式 Power on\n当唤醒信号有效后，系统一级电源输出VCC3V3电源，MCU开始工作，MCU_UB_SW_P00.10信号输出逻辑高，使能KL30电压采样电路，之后UBSW_ACQ输出分压后的模拟信号，MCU开始通过ADC采样UBSW_ACQ信号。\n1. Power on\nWhen the wake-up signal becomes active, the system's primary power supply outputs the VCC3V3 voltage, and the MCU starts operating. The MCU_UB_SW_P00.10 signal then outputs a logic high level to enable the KL30 voltage sampling circuit. Subsequently, UBSW_ACQ outputs a divided analog signal, after which the MCU begins ADC sampling of the UBSW_ACQ signal.运行模式\nMCU实时采样UBSW_ACQ用于电源管理功能。\n2.Run mode\nMCU real-time sampling UBSW_ACQ is used for power management functions.\n下电模式 \n唤醒信号无效后，MCU在off delay期间将MCU_UB_SW_P00.10信号配置为逻辑低，关闭KL30采样功能，系统下电。\n3. Power off\nAfter the wake-up signal is invalid, the MCU will configure the MCU_UB_Sw_P00.10 signal to logic low during offdelay, turn off the KL30 sampling function, and power down the system. </td></tr><tr><td>模式切换接口\nMode switching interface</td><td></td></tr><tr><td>模式状态机\nMode state machine</td><td>\n\n</td></tr><tr><td>模式切换条件\nMode switching condition</td><td>\n参考：\n产品系统需求规格说明\n产品系统方案设计说明书\nReference: \nProduct system requirements specification.\nProduct system design specification</td></tr><tr><td>备注\nNote</td><td></td></tr></table>"", ""<table><tr><td>HM ID</td><td>F13</td></tr><tr><td>模块功能 \nModule Function</td><td>VCC1V8用于EQ6、CAM、DDR、FLASH供电。VCC1V1用于EQ6、DDR供电。VCC50用于CAN收发器供电，现选择LP87702 PMIC方案。\nVCCIV8 is used to power EQ6, CAM, DDR, FLASH.VCC1V1 is used to power EQ6,DDR. VCC50 is used for CAN transceiver power supply, now choose LP87702 PMIC scheme. \n</td></tr><tr><td>模块框图\nModule diagram</td><td></td></tr><tr><td>模块方案\nModule solution</td><td>\n采用LP87702芯片，将VCC3V3转换为VCC1V8、VCC1V1、VCC50，其中VCC1V8用于EQ6、CAM、DDR、FLASH供电，VCC1V1用于EQ6、DDR供电，VCC50用于CAN收发器供电。用MCU的P15.3引脚使能该芯片的5V输出，用MCU_SCL_P15.4，MCU_SDA_P15.5 I2C通信来设置1.8V和1.1输出电压和使能。用MCU的P12.1引脚复位该芯片。\nLP87702 chip is used to convert VCC3V3 into VCC1V8, VCC1V1 and VCC50, in which VCC1V8 is used for EQ6, CAM, DDR and FLASH power supply, VCC1V1 is used for EQ6 and DDR power supply, and VCC50 is used for CAN transceiver power supplyP15.3 pin of MCU is used to enable 5V output of the chip, and MCU_SCL_P15.4, MCU_SDA_P15.5 I2C communication is used to set 1.8V and 1.1 output voltage and enable it. Reset the chip with P12.1 pin of the MCU. </td></tr></table>"", ""<table><tr><td>HM ID</td><td>F01/F08/F09</td></tr><tr><td>模块功能 \nModule Function</td><td>系统需求需要板内电源电压进行ADC采样和异常监控，要求功能安全达到ASIL-B等级，确保EQ6系统工作安全。\nThe system requirements require the on-board power supply voltage for ADC sampling and anomaly monitoring, and the functional safety is required to reach ASIL-B level to ensure the working safety of EQ6 system.</td></tr><tr><td>模块框图\nModule diagram</td><td></td></tr><tr><td>模块方案\nModule solution</td><td>EQ6系统电源电压采样  \n系统需求需要MCU对LP87702、TPS62872、SA23002、TPS22918和摄像头端的电压VCC3V3_EQ，VCC1V8，VCC1V1，VCC0V75，0V75_MIPI_DDR、VCC3V3_CAM，VCC_1V8_CAM、VCC1V1_CAM进行ADC采样和异常监控。其中VCC1V8，VCC1V1，VCC0V75，0V75_MIPI_DDR，VCC_1V8_CAM、VCC1V1_CAM电压范围未超量程对电压直接采样。VCC3V3_EQ和VCC3V3_CAM经过两个10K 1%精度电阻分压后采样。VCC3V3_EQ用AN2引脚采样，VCC1V8用AN3引脚采样，VCC1V1用AN4引脚采样，VCC1V8_EQ用AN5引脚采样，VCC3V3_CAM用AN12引脚采样，VCC1V1_CAM用AN13引脚采样，VCC1V8_CAM用AN14引脚采样，VCC0V75_MIPI_DDR用AN18引脚采样，VCC0V75用AN19引脚采样。\nEQ6 system power supply voltage sampling\nThe system requirements specify that the MCU must perform ADC sampling and abnormal monitoring on the voltages VCC3V3_EQ, VCC1V8, VCC1V1, VCC0V75, 0V75_MIPI_DDR, VCC3V3_CAM, VCC_1V8_CAM, and VCC1V1_CAM for the LP87702, TPS62872, SA23002, TPS22918, and camera-side devices. Among these voltages, VCC1V8, VCC1V1, VCC0V75, 0V75_MIPI_DDR, VCC_1V8_CAM, and VCC1V1_CAM have voltage ranges within the measurement range and are directly sampled. VCC3V3_EQ and VCC3V3_CAM are sampled after being divided by two 10K resistors with 1% precision. Specifically, VCC3V3_EQ is sampled using AN2, VCC1V8 using AN3, VCC1V1 using AN4, VCC1V8_EQ using AN5, VCC3V3_CAM using AN12, VCC1V1_CAM using AN13, VCC_1V8_CAM using AN14, 0V75_MIPI_DDR using AN18, and VCC0V75 using AN19.\nCAN&ETH电源电压采样\n系统需求MCU对LP87702、TPS22918的输出电压VCC3V3_ETH，VCC50进行ADC采样和异常监控，VCC3V3_ETH和VCC50经过两个10K 1%精度电阻分压后采样。VCC3V3_ETH用AN8引脚采样，VCC50用AN1引脚采样。\nCAN&ETH power supply voltage sampling\nThe system requirements specify that the MCU must perform ADC sampling and abnormal monitoring on the output voltages VCC3V3_ETH and VCC50 from the LP87702 and TPS22918. Both VCC3V3_ETH and VCC50 are sampled after being divided by two 10K resistors with 1% precision. Specifically, VCC3V3_ETH is sampled using AN8, and VCC50 is sampled using AN1.</td></tr></table>"", ""<table><caption> over operating junction temperature (Tj = -40 °℃ to 150 °C) and Vin = 2.7 V to 6 V. Typical values at Vin = 3.3 V and Tj = 25</caption>\n<tr><th  >°C (unless otherwise noted).</th><th  >PARAMETER</th><th  > TEST CONDITIONS</th><th  >MIN</th><th  >TYP</th><th  >MAX</th><th  >UNIT</th></tr>\n<tr><th  >loH</th><th  >High-level output current (PG)</th><th  >VoH = 3.3 V</th><th></th><th></th><th  >200</th><th  >nA</th></tr>\n<tr><th  >VIH</th><th  >High-level input voltage (PG)</th><th  >Device configured as a secondary device  in stacked operation</th><th  >0.8</th><th></th><th></th><th  >V</th></tr>\n<tr><th  >VIL</th><th  >Low-level input voltage (PG)</th><th  >Device configured as a secondary device  in stacked operation </th><th></th><th></th><th  >0.4</th><th  >V</th></tr>\n<tr><th  >liH</th><th  >High-level input current (PG)</th><th  > Device configured as a secondary device in stacked operation</th><th></th><th></th><th></th><th  >μA</th></tr>\n<tr><th  >IL</th><th  >Low-level input current (PG)</th><th  > Device configured as a secondary device in stacked operation </th><th  >-1</th><th></th><th></th><th  >μA</th></tr>\n<tr><th  >td(PG)</th><th  >Deglitch time (PG)</th><th  > High-to-low or low-to-high transition on  the PG pin </th><th  >34</th><th  >40</th><th  >46</th><th  >μs</th></tr>\n<tr><th  >OUTPUT</th><th></th><th></th><th></th><th></th><th></th><th></th></tr>\n<tr><td  >VouT</td><td  >Output accuracy</td><td  >VIn ≥ Vout + 1.4 V</td><td  >-1</td><td></td><td  >1</td><td  >% </td></tr>\n<tr><th  >IB</th><th  >Input bias current (GOSNS)</th><th  >V(GosNs) = -100 mV to 100 mV </th><th  >-6</th><th></th><th></th><th  >μA</th></tr>\n<tr><th  >IB</th><th  >Input bias current (VOSNS)</th><th  >V(vosns) = 3.3 v, Vin = 6 V</th><th></th><th></th><th  >6</th><th  >μA</th></tr>\n<tr><th  >VicR</th><th  >Input common-mode range (GOSNS)</th><th></th><th  >-100</th><th></th><th  >100</th><th  >mV</th></tr>\n<tr><td></td><td></td><td  >fsw = 1.5 MHz, PWM operation, VIn 3.3 V, Vout = 0.75 V</td><td  >1.35</td><td  >1.5</td><td  >1.65</td><td></td></tr>\n<tr><td></td><td></td><td  >fsw = 2.25 MHz, PWM operation, VIn 3.3 V, Vout = 0.75 V</td><td  >2.025</td><td  >2.25</td><td  >2.475</td><td></td></tr>\n<tr><th  >fsw</th><th  >Switching frequency (SW)</th><th  >fsw = 2.5 MHz, PWM operation, VIn 3.3 V, Vout = 0.75 V</th><th  >2.25</th><th  >2.5</th><th  >2.75</th><th  >MHz</th></tr>\n<tr><td></td><td></td><td  >fsw = 3 MHz, PWM operation, VIn 3.3 V, Vout = 0.75 V</td><td  >2.7</td><td  >3</td><td  >3.3</td><td></td></tr>\n<tr><th  >fmod</th><th  >Frequency of the spread-spectrum sweep</th><th></th><th></th><th  >fsw/2048</th><th></th><th  >kHz</th></tr>\n<tr><th  >△fsw</th><th  > Switching frequency variation during  spread-spectrum operation</th><th></th><th></th><th  >±10%</th><th></th><th></th></tr>\n<tr><th  >T</th><th  >Emulated current time constant</th><th></th><th></th><th  >12.5</th><th></th><th  >μS</th></tr>\n<tr><th  >[DS(on) </th><th  >High-side FET static on-state resistance</th><th  >VIn = 3.3 V</th><th></th><th></th><th  >16</th><th  >mQ</th></tr>\n<tr><th  >[DS(on) </th><th  >Low-side FET static on-state resistance</th><th  >VIn = 3.3 V</th><th></th><th  >4.1</th><th  >9.4</th><th  >mQ</th></tr>\n<tr><th  >I(sw)(off)</th><th  >High-side FET off-state current Low-side FET off-state current</th><th  >VIn = 6 V, V(sw) = 0 v, TJ= 25 °℃ VIn = 6 V, V(sw) = 6 V, T= 25 °℃</th><th  >-1</th><th></th><th  >100</th><th  >μA</th></tr>\n<tr><td></td><td  >TPS62870-Q1</td><td></td><td  >9</td><td  >12</td><td  >14</td><td></td></tr>\n<tr><td  >ILIM</td><td  >High-side FET forward TPS62871-Q1 switch current limit, DC  TPS62872-Q1</td><td></td><td  >12 15</td><td  >16 20</td><td  >18 22</td><td  >A</td></tr>\n<tr><td></td><td  >TPS62873-Q1</td><td></td><td  >18</td><td  >24</td><td  >26</td><td></td></tr>\n<tr><td></td><td  >Low-side FET negative current limit, DC </td><td></td><td  >7.5</td><td></td><td  >12</td><td  >A</td></tr>\n</table>"", ""<table><caption> over operating junction temperature (Tj = -40 °C to 150 °C) and Vin = 2.7 V to 6 V. Typical values at Vin = 3.3 V and Tj = 25</caption>\n<tr><th  >°C (unless otherwise noted).</th><th  >PARAMETER</th><th  >TEST CONDITIONS</th><th  >MIN</th><th  >TYP</th><th  >MAX</th><th  >UNIT</th></tr>\n<tr><th></th><th  >Thermal shutdown threshold temperatureT; rising</th><th></th><th></th><th  >170</th><th></th><th  >℃</th></tr>\n<tr><th  >TsD</th><th  >Thermal shutdown hysteresis</th><th></th><th></th><th  >20</th><th></th><th  >°℃</th></tr>\n<tr><th></th><th  >Thermal warning threshold temperature</th><th  >Tj rising </th><th></th><th  >150</th><th></th><th  >°℃</th></tr>\n<tr><th  >Tw</th><th  >Thermal warning hysteresis</th><th></th><th></th><th  >20</th><th></th><th  >℃</th></tr>\n<tr><th  >CONTROL and INTERFACE</th><th></th><th></th><th></th><th></th><th></th><th></th></tr>\n<tr><td  >VIT+</td><td  >Positive-going input threshold voltage (EN)</td><td></td><td  >0.97</td><td  >1.0</td><td  >1.03</td><td  >V</td></tr>\n<tr><td  >VIT-</td><td  >Negative-going input threshold voltage (EN)</td><td></td><td  >0.87</td><td  >0.9</td><td  >0.93</td><td  >V</td></tr>\n<tr><th  >Vhys.</th><th  >Hysteresis voltage (EN)</th><th></th><th  >95</th><th></th><th></th><th  >mV</th></tr>\n<tr><th  >liH</th><th  >High-level input current (EN)</th><th  >ViH = Vin, internal pulldown resistor  disabled</th><th></th><th></th><th  >200</th><th  >nA</th></tr>\n<tr><th></th><th  >Low-level input current (EN)</th><th  >ViL = 0 V, internal pulldown resistor disabled</th><th  >-200</th><th></th><th></th><th  >nA</th></tr>\n<tr><th  >VIH</th><th  >High-level input voltage (SDA, SCL, MODE/SYNC,VSEL,FSEL,SYNC_OUT)</th><th></th><th  >0.8</th><th></th><th></th><th  >V</th></tr>\n<tr><th  >VIL</th><th  >Low-level input voltage (SDA, SCL, MODE/SYNC, VSEL, FSEL, SYNC_OUT)</th><th></th><th></th><th></th><th  >0.4</th><th  >V</th></tr>\n<tr><th></th><th></th><th  >loL = 3 mA</th><th></th><th></th><th  >0.4</th><th  >V</th></tr>\n<tr><th  >VoL</th><th  >Low-level output voltage (SDA)</th><th  >loL = 9 mA</th><th></th><th></th><th  >0.4</th><th  >V</th></tr>\n<tr><th></th><th></th><th  >loL = 5 mA</th><th></th><th></th><th  >0.2</th><th  >V</th></tr>\n<tr><th  >lOH</th><th  >High-level output current (SDA, SCL)</th><th  >VoH = 3.3 V</th><th></th><th></th><th  >200</th><th  >nA</th></tr>\n<tr><th></th><th  >Low-level input current (MODE/SYNC)</th><th  >VIL =0 V</th><th  >-150</th><th></th><th  >150</th><th  >nA</th></tr>\n<tr><th  >IIH</th><th  >High-level input current (MODE/SYNC)</th><th  >ViH = VIN</th><th></th><th></th><th  >3</th><th  >μA</th></tr>\n<tr><th  >IL</th><th  >Low-level input current (SYNC_OUT)</th><th  >[VIL = 0 V</th><th  >-250</th><th></th><th></th><th  >nA</th></tr>\n<tr><th  >liH</th><th  >High-level input current (SYNC_OUT) </th><th  >ViH = 2 V</th><th></th><th></th><th  >150</th><th  >nA</th></tr>\n<tr><th></th><th></th><th  >Measured from when EN goes high to</th><th></th><th></th><th></th><th></th></tr>\n<tr><th  >td(EN)1</th><th  >Enable delay time when EN tied to VIN</th><th  >when device starts switching  SRvIN= 1 V/us</th><th></th><th  >175</th><th  >500</th><th  >μS</th></tr>\n<tr><th  >td(EN)2</th><th  >Enable delay time when Vin already applied</th><th  >Measured from when EN goes high to when device starts switching </th><th></th><th></th><th  >100</th><th  >μs</th></tr>\n<tr><td></td><td></td><td></td><td  >0.35</td><td  >0.5</td><td  >0.65</td><td  >ms</td></tr>\n<tr><th  >td(RAMP)</th><th  >Output voltage ramp time</th><th  >Measured from when device starts switching to rising edge of PG</th><th  >0.7 1.4</th><th  >1 2</th><th  >1.3 2.6</th><th  >ms ms</th></tr>\n<tr><td></td><td></td><td></td><td  >2.8</td><td  >4</td><td  >5.2</td><td  >ms</td></tr>\n<tr><th></th><th  >Time to lock external frequency</th><th></th><th></th><th  >50</th><th></th><th  >μs</th></tr>\n<tr><td></td><td  >Internal pullup resistance (VSEL, FSEL)</td><td></td><td  >5.5</td><td></td><td  >9</td><td  >kΩ</td></tr>\n<tr><td></td><td  >Internal pulldown resistance (VSEL, FSEL)</td><td></td><td  >1.3</td><td></td><td  >2.2</td><td  >kΩ</td></tr>\n<tr><td  >VT+</td><td  > Positive-going power good threshold voltage (output undervoltage) </td><td></td><td  >94</td><td  >96</td><td  >98</td><td  >%VoUT</td></tr>\n<tr><td  >VT-</td><td  >Negative-going power good threshold voltage (output undervoltage) </td><td></td><td  >92</td><td  >94</td><td  >96</td><td  >%VoUT </td></tr>\n<tr><td  >VT+</td><td  > Positive-going power good threshold voltage (output overvoltage)</td><td></td><td  >104</td><td  >106</td><td  >108</td><td  >%VouT</td></tr>\n<tr><td  >VT-</td><td  >Negative-going power good threshold voltage (output overvoltage)</td><td></td><td  >102</td><td  >104</td><td  >106</td><td  >%VoUT </td></tr>\n<tr><th  >VoL</th><th  >Low-level output voltage (PG)</th><th  >loL = 1 mA</th><th></th><th></th><th  >0.3</th><th></th></tr>\n</table>"", ""\n10.4PowerSupplyRecommendations\nThe TPS6287x-Q1 family has no special requirements for its input power supply. The output current rating of the input power supply must be rated according to the supply voltage and current requirements of the TPS6287X-Q1\n10.5Layout\n10.5.1 Layout Guidelines\nAchieving the performance the TPS6287x-Q1 devices are capable of requires proper PDN and PCB design.\nTI therefore recommends the user perform a power integrity analysis on their design. There are a number of commercially available power integrity software tools, and the user can use these tools to model the effects on performance of the PCB layout and passive components.\nIn addition to the use of power integrity tools, Tl recommends the following basic principles:\n· Place the input capacitors close to the VIN and GND pins. Position the input capacitors in order of increasing size, starting with the smallest capacitors closest to the VIN and GND pins. Use an identical layout for both\nVIN-GND pin pairs of the package, to gain maximum benefit from the butterfly configuration.\n·Place the inductor close to the device and keep the SW node small.\n· Connect the exposed thermal pad and the GND pins of the device together. Use multiple thermal vias to\nconnect the exposed thermal pad of the device to one or more ground planes (Tl's EVM uses nine 150-μm\nthermal vias).\n·Use multiple power and ground planes.\n· Route the VOSNS and GOSNS remote sense lines as a differential pair and connect them to the lowest- impedance point of the PDN. If the desired connection point is not the lowest impedance point of the PDN, optimize the PDN until it is. Do not route the VOSNS and GOSNS close to any of the switch nodes.\n· Connect the compensation components between VOSNS and GOSNS. Do not connect the compensation components directly to power ground.\n· If possible, distribute the output capacitors evenly between the TPS6287x-Q1 device and the point-of-load, rather than placing them altogether in one place.\n· Use multiple vias to connect each capacitor pad to the power and ground planes (TI's EVM typically uses four vias per pad).\nUse plenty of stitching vias to ensure a low impedance connection between different power and ground· planes.\nProduct Folder Links: TPS62870-Q1TPS62871-Q1 TPS62872-Q1 TPS62873-Q1"", ""\nNone：MCU外挂20MHz晶体; MCU Component ：F01/ MCU; None：B; None：M20; None：XTAL1; None：XTAL /VEXT; None：CLOCK; None：——; None：/; None：I; None：MCU的时钟信号输入; None：I; None：—; SW Variable Name or SW Function Name：— ——Port1\nMCU Component ：F01/ MCU; None：B; None：M19; None：XTAL2; None：XTAL /VEXT; None：CLOCK; None：——; None：/; None：O; None：MCU的时钟驱动信号输出; None：O; None：—; SW Variable Name or SW Function Name：— ——Port1\nHW Interface Component ：QM; None：F09/ETH and CAN power samp2; None：MCU采样CAN的VCC50电源电压，精度要求：5V±5%; MCU Component ：F01/ MCU; None：QM; None：U10; None：AN1; None：AN1/EVADC_G0CH1/EDSADC_EDS3NA; None：ADC，分辨率10bit; None：VCC50_ACQ; None：/; None：I; None：5V电压采样\nU5V0_ACQ=3.3*ADC值/1024\nU5V0=U5V0_ACQ/分压比，分压比=1/2\n精度要求：5V±10%; None：HI-Z; None：—; SW Variable Name or SW Function Name：— ——Port1\nNone：MCU采样以太网的VCC1V0_ETH电源电压\n精度要求：0.9V～1.1V\n（仅当使用千兆以太网时采样）; MCU Component ：F01/ MCU; None：QM; None：U7; None：AN9; None：AN9/EVADC_G11CH5/EVADC_G1CH1; None：ADC，分辨率10bit; None：1V0_ETH_ACQ; None：以太网1V0电压采样\nU1V1_ACQ=3.3*ADC值/1024\n精度：0.95~1.1V\n硬件滤波截止频率：≥121.7Hz\n硬件滤波时间：≤1.6ms; None：HI-Z; None：—; SW Variable Name or SW Function Name：— ——Port1"", ""<table><tr><td>HM ID</td><td>F02/F03/F04/F28</td></tr><tr><td>模块功能 \nModule Function</td><td>EYEQ6-L最小系统组成：外部30MHz晶体给EYEQ6-L提供基本时钟输入，外部20MHz有源晶振提供监控时钟，外扩OSPI接口的2Gb NAND FLASH存储程序，外扩1GB的LPDDR4运存。NXB0104是用于MCU的3V3_SPI和NAND FLASH的1V8_SPI进行电平转换，用于MCU读写NAND FLASH。\nEYEQ6-L minimum system components: an external 30MHz crystal provides the basic clock input for EYEQ6-L, an external 20MHz active crystal provides the monitoring clock, an external 2GbNAND FLASH memory program for OSPI interface, and an external 1GB LPDDR4 operation memory. NXB0104 is used for level conversion of 3V3_SPI of MCU and 1V8-SPI of NAND FLASH for MCU to read and write NAND FLASH.</td></tr><tr><td>模块框图\nModule diagram</td><td></td></tr><tr><td>模块方案\nModule solution</td><td>\n1、处理器\n根据ADAS产品需求图像处理SOC功能安全需要达到ASIL-B，经综合评估选择Mobileye产品EYEQ6-L，最高功能安全可达到ASIL-B，接口资源丰富。\n1.Processor\nAccording to the requirements of ADAS products, the functional safety of image processing SOC needs to reach ASIL-B. After comprehensive evaluation, Mobileye product EYEQ6-L is selected, and the highest functional safety can reach ASIL-B with abundant interface resources. +\n2、时钟\n硬件选型30MHz晶振给EYEQ6-L提供时钟输入，由其内部PLL等电路完成倍频、分频，供其内核和各模块使用。外部20MHz有源晶振作为内部监控时钟。\n2.Clock\nThe 30MHz crystal provides clock input to the EYEQ6-L, and its internal PLL circuit completes frequency multiplication and frequency division for the EyeQ6-L core and each module. The external 20MHz active crystal is energized as an internal monitoring clock.\n3、DDR\nEYEQ6在外扩的DDR中运行程序和存储临时数据，其DDR控制器可支持32bits位宽的LPDDR4 SDRAM，最大读写速率4266 Mb/s/pin 。本设计中选用1片32bit的LPDDR4 SDRAM，型号为车规级器件K4F8E3S4HD-GHCL02V，以充分利用数据带宽，保证EYEQ6的处理速度，LPDDR4工作环境温度为-40℃~105℃，单片总容量1GB。\n3.DDR\nEYEQ6 runs programs and stores temporary data in the extended DDR. Its DDR controller supports LPDDR4 SDRAM with 32bits wide and a maximum read/write rate of 4266Mb/s/pin. In this design, a 32bit LPDDR4 SDRAM is selected, the model is car grade device K4F8E3S4HD-GHCLO2V, in order to make full use of the data bandwidth and ensure the processing speed of EYEQ6. The working environment temperature of LPDDR4 is -40℃-105℃, and the total capacity of a single chip is 1GB.\n\n\n4、NAND FLASH\n选择ME推荐的WinBond公司产品W35N02JWTBKF，容量2Gb，FLASH支持CRC安全机制。\nNXB0104是用于MCU的3V3_ SPI和NAND FLASH的1V8_ SPI进行电平转换，通过MCU_SPI1_CS片选电平转换芯片，实现MCU对NAND FLASH的读写操作，转换芯片在本应用场景下支持最大传输速率80Mbps。\nNAND FLASH\nChoose the WinBond company product W35N02JWTBKF recommended by ME, with a capacity of 2Gb and FLASH supporting CRC security mechanism. \nNXB0104 is used for the level conversion of 3V3_SPI of MCU and 1V8_SPI of NAND FLASH. The level conversion chip is selected by MCU_SPI1_CS chip to realize the reading and writing operation of MCU to NAND FLASH. The converter chip supports a maximum transmission rate of 80Mbps in this application scenario. \n5、电源和复位\nEYEQ6-L需要6路电源：VCC3V3_EQ、VCC0V75、0V75_MIPI_DDR、VCC1V8、VCC1V1、VCC1V8_EQ，其中VCC0V75用于给内核供电。复位信号由MCU通过P02.4口进行控制。\nPower and reset\nEYEQ6-L requires six power sources: VCC3V3-EQ, VCCOV75, OV75_MIPI_DDR, VCC1V8, VCC1V1, VCC1V8_EQ, where VCCOV75 is used to power the core. The reset signal is controlled by the MCU through the P02.4 pin.</td></tr></table>"", ""<table><tr><td>HM ID</td><td>F01</td></tr><tr><td>模块功能 \nModule Function</td><td>32位MCU芯片TC377最小系统模块有SAK-TC377TP-96F300S AA主控芯片和晶体、硬件配置组成，实现SAK-TC377TP-96F300S AA最小硬件系统工作单元，功能安全等级最高可达到ASIL-D，满足应用要求。\n32-bit MCU chip TC377 minimum system module has SAK-TC377TP-96F300S AA main control chip and crystal, hardware configuration, to achieve SAK-TC377TP-96F300S AA minimum hardware system work unit, functional safety level up to ASIL-D, meet the application requirements. </td></tr><tr><td>模块框图\nModule diagram</td><td></td></tr><tr><td>模块方案\nModule solution</td><td>处理器\n根据ADAS产品需求，综合评估选型为32位MCU芯片SAK-TC377TP-96F300S AA， MCU接口资源丰富，功能安全等级最高可达到ASIL-D，满足应用要求。\nProcessor \nAccording to ADAS product requirements, 32-bit MCU chip SAK-TC377TP-96F300S AA is selected through comprehensive evaluation, which has rich MCU interface resources and the highest functional safety level can reach ASIL-D to meet application requirements\n时钟设计\n硬件选型20MHz晶振给MCU提供时钟输入，由其内部PLL等电路完成倍频、分频，供其内核和各模块使用。\nClock design\nHardware selection of clock design 20MHz crystal oscillator provides clock input to MCU, and its internal PLL and other circuits complete frequency doubling and frequency division for its kernel and each module.\n复位及watchdog\n系统复位及看门狗芯片采用LP87702内部看门狗，喂狗方式为窗口喂狗，当喂狗窗口无有效喂狗次数超过OTP配置时，将触发整个系统复位。\na)\t上电时，看门狗芯片对MCU启动过程进行监控，同时对MCU的电源VCC3V3电压进行低压监控，异常时主动复位MCU。\nb)\t运行过程中由看门狗监控MCU运行状态，当MCU程序跑飞时看门狗超时触发复位信号主动复位MCU。\nReset and watchdog\nThe system reset and watchdog chip adopts LP87702 internal watchdog, and the feeding method is window feeding. When the number of effective dog feeding in the feeding window exceeds the OTP configuration, the whole system reset will be triggered. \n When powering on, the watchdog chip monitors the start-up process of MCU, and at the same time, it monitors the low voltage voltage of MCU's power supply VCC3V3, and actively resets MCU when abnormal. \n MCU running status is monitored by watchdog during operation. When MCU program runs, watchdog timeout triggers reset signal and actively reset MCU.\n电源需求\nMCU需要1路VCC3V3_MCU（精度：3.3V±10%）和1路VCC1V25_MCU（精度：1.2-1.35V）供电。\n4. Power demand\nThe MCU needs 1 channel VCC3V3_MCU (accuracy: 3.3V±10%) and 1 channel VCC1V25_MCU (accuracy: 1.2-1.35V) power supply.</td></tr></table>"", ""\n数量统计：4; ID：86; SM Name：Processor mechanism for SPF; SM TSR：The ECU shall integrate the processing platform safety mechanism for SPF._x000D_\nWhen the processor SPF is confirmed, the ECU shall:_x000D_\n1. stop outputing ADAS request and;_x000D_\n2. disable the CAN communication and;_x000D_\n3. reset processing platform._x000D_\nFHTI < 300 ms._x000D_\nWhen the processor SPF is no longer detected after the processor reset, the ECU shall clear the processor SPF.  ——SYS SM \nID：SWRS_TC3XX_006; SM Name：COMMON; SM TSR：In initialization process, the SW shall configure SMU reset type to system reset. ——SYS SM \nID：SWRS_TC3XX_018; SM Name：COMMON; SM TSR：The SW shall enable the lockstep. ——SYS SM \nID：SWRS_TC3XX_020; SM Name：COMMON; SM TSR：软件应该避免PLFASH中出现全0或者全1。如果可能出现全0情况，软件应该使用0x36填充，不能写全1填充。 ——SYS SM \nID：SWRS_TC3XX_021; SM Name：COMMON; SM TSR：软件应保证受CPU0 ENDINIT保护的寄存器被写操作时，正确解开CPU ENDINIT保护，写完寄存器后，再次锁上CPU ENDINIT保护。\n解开CPU ENDINIT保护前，软件应屏蔽中断，防止写寄存器时间超时。\n解开CPU ENDINIT保护后，写寄存器的时间小于1us ——SYS SM \nID：SWRS_TC3XX_016; SM Name：COMMON; SM TSR：After SMU reset, the SW shall read the SMU fault status register and store SMU fault DTC and Snapshot in NVM. \n\nThe SW can clear SMU fault DTC and Snapshot by the diagnostic sevice. （备注：恒润下线时清除Snapshot信息）\n\nThe SW can clear SMU fault DTC and Snapshot if no SMU fault for consecutive TBD ignition cycle .  ——SYS SM "", ""\nID：SWRS_TC3XX_030; SM Name：SMC[SW]:MCU:LBIST_CFG; SM TSR：In initialization process, the SW shall configure LBIST parameters via LBISTCTRL0, LBISTCTRL1, LBISTCTRL2 and start LBIST execution. Detailed LBIST parameters configuration can refer to <FusaCoderRequirement>. ——SYS SM \nID：SWRS_TC3XX_040; SM TSR：The SW shall configure \""SW trigger LBIST\"" by via UCB.  ——SYS SM \nID：SWRS_TC3XX_031; SM Name：SMC[SW]:PMS:MONBIST_CFG; SM TSR：In initialization process, the SW shall configure MONBIST parameters and start MONBIST execution according to the User Manual description. Detailed MONBIST parameters configuration can refer to <FusaCoderRequirement>. ——SYS SM \nID：SWRS_TC3XX_032; SM Name：SMC[SW]:VMT:MBIST; SM TSR：In initialization process, the SW shall configure the MTU for performing MBIST by setting MCx_CONFIG0, MCx_CONFIG1 and MCx_MCONTROL registers, where x identifies the SRAM instance. Detailed MBIST parameters configuration can refer to <FusaCoderRequirement>. ——SYS SM \nID：同SWRS_TC3XX_030; SM Name：SMC[SW]:PMS:MONBIST_CFG; SM TSR：同SWRS_TC3XX_031 ——SYS SM \n数量统计：6; ID：88; SM Name：Watch Dog; SM TSR：ECU shall provide a watchdog independent from processor. _x000D_\nIf processor do not feed watchdog, according to chip-LP87702 datasheet's specification, the watchdog shall reset processor. _x000D_\nAfter the reset , if processor can feed the watchdog successfully, processor will recover to normal run._x000D_\nFHTI <300ms. ——SYS SM \n数量统计：7; ID：91; SM Name：limitation on AEB by <EscStEscSt>; SM TSR：ECU shall provide a safety mechanism independent from AEB intended function._x000D_\nSM shall monitor signal <EscStEscSt> in real time，during system normal run._x000D_\nWhen the signal <EscStEscSt> ≠ EscSt1_Ok or EscSt1_UsrOff , and AEB intended function output signal <SftyDecelGroupSafeAsySftyEnaDecel>=OnOff1_On , SM shall shut off signal <SftyDecelGroupSafeAsySftyEnaDecel>._x000D_\nWhen the signal <EscStEscSt> = EscSt1_Ok or EscSt1_UsrOff, SM shall allow signal <SftyDecelGroupSafeAsySftyEnaDecel> to be output._x000D_\nFHTI < 500ms ——SYS SM "", ""\nNo.：70; Alarm ID：ALM8[12]; Alarm name：CPU2 Watchdog time-out; Related SMs：SM[HW]:SCU:ENDINIT_WATCHDOG; Safety related ?：N; Fault Handling\n(Refer to Note)：• NO ACTION; Status：nan; Person in charge：nan; Comment：1. ENDINIT Timeout：\n1.1 受CPU2 ENDINIT保护的寄存器被写操作时，需要正确解开CPU ENDINIT保护，写完寄存器后，再次锁上CPU ENDINIT保护。\n1.2. 解开CPU ENDINIT保护前，软件应屏蔽中断，防止写寄存器时间超时。\n1.3. 解开CPU ENDINIT保护后，写寄存器的时间小于1us\n2. Watchdog Timeout\n软件应该按照功能要求，在规定时间内进行喂狗操作。 ——12.1 TC37X_HWSM\nNo.：71; Alarm ID：ALM8[16]; Alarm name：Safety Watchdog time-out; Related SMs：SM[HW]:SCU:SAFETY_WATCHDOG; Safety related ?：N; Fault Handling\n(Refer to Note)：• NO ACTION; Status：nan; Person in charge：nan; Comment：Safety ENDINIT Timeout：\n1.1 受Safety ENDINIT保护的寄存器被写操作时，需要正确解开Safety ENDINIT保护，写完寄存器后，再次锁上Safety ENDINIT保护。\n1.2. 解开Safety ENDINIT保护前，软件应屏蔽中断，防止写寄存器时间超时。\n1.3. 解开Safety ENDINIT保护后，写寄存器的时间小于1us ——12.1 TC37X_HWSM\nNo.：72; Alarm ID：ALM8[17]; Alarm name：All Watchdogs watchdog time-out. This alarm is a logical OR over all watchdog time-out alarms.; Related SMs：SM[HW]:SCU:ENDINIT_WATCHDOG; Safety related ?：N; Fault Handling\n(Refer to Note)：• NO ACTION; Status：nan; Person in charge：nan; Comment：nan ——12.1 TC37X_HWSM"", ""\nNo.：67; Alarm ID：ALM8[9]; Alarm name：External Request Unit Alarm 3; Related SMs：SM[HW]:SCU.ERU:EXT_ALARM_GENERATION; Safety related ?：N; Fault Handling\n(Refer to Note)：• NO ACTION; Status：nan; Person in charge：nan; Comment：nan ——12.1 TC37X_HWSM\nNo.：68; Alarm ID：ALM8[10]; Alarm name：CPU0 Watchdog time-out; Related SMs：SM[HW]:SCU:ENDINIT_WATCHDOG; Safety related ?：N; Fault Handling\n(Refer to Note)：• NO ACTION; Status：nan; Person in charge：nan; Comment：1. ENDINIT Timeout：\n1.1 受CPU0 ENDINIT保护的寄存器被写操作时，需要正确解开CPU ENDINIT保护，写完寄存器后，再次锁上CPU ENDINIT保护。\n1.2. 解开CPU ENDINIT保护前，软件应屏蔽中断，防止写寄存器时间超时。\n1.3. 解开CPU ENDINIT保护后，写寄存器的时间小于1us\n2. Watchdog Timeout\n软件应该按照功能要求，在规定时间内进行喂狗操作。 ——12.1 TC37X_HWSM\nNo.：69; Alarm ID：ALM8[11]; Alarm name：CPU1 Watchdog time-out; Related SMs：SM[HW]:SCU:ENDINIT_WATCHDOG; Safety related ?：N; Fault Handling\n(Refer to Note)：• NO ACTION; Status：nan; Person in charge：nan; Comment：1. ENDINIT Timeout：\n1.1 受CPU1 ENDINIT保护的寄存器被写操作时，需要正确解开CPU ENDINIT保护，写完寄存器后，再次锁上CPU ENDINIT保护。\n1.2. 解开CPU ENDINIT保护前，软件应屏蔽中断，防止写寄存器时间超时。\n1.3. 解开CPU ENDINIT保护后，写寄存器的时间小于1us\n2. Watchdog Timeout\n软件应该按照功能要求，在规定时间内进行喂狗操作。 ——12.1 TC37X_HWSM"", ""\nNone：YYYY年MM月DD日发布\nReleased on DD/MM/YYYY; 文件编号File No：6XXXXXXXX_BBB_HW_IP_00X\n保存期限：产品生命周期加1个日历年；如属安全件，保存15个日历年以上\nRetention period:Product life cycle +1 calendar year.\nIf it is a safety part, keep it for more than 15 calendar years\n密级：内部\nSecurity level：Internal：YYYY年MM月DD日实施\nImplemented on DD/MM/YYYY ——封面Cover\nNone：北京经纬恒润科技股份有限公司\nBeijing Jingwei Hirain Technologies Co., Inc. ——封面Cover\nECU Connector：Pin No.; None：Pin Desc.; None：Signal Type; HW Interface Component ：ASIL; None：HW ID / Name; None：Characteristic; MCU Component ：HW ID; None：Pin ASIL; None：Trace; None：MCU Pin; None：Port Pin; None：Pin Name; None：Pin Function; None：Peripheral; None：Register; None：Direction; None：Function\nDescription; None：Default status after reset release; None：Standby/sleep state Settings ——Port1\nMCU Component ：/ Name; None：Solution ID; None：No.; None：Group; None：Name / Channel; None：Name ——Port1\nECU Connector：X1900-1; None：UBD; None：POWER; HW Interface Component ：QM; None：F06/KL30 sample; None：UBD供电要求范围：9~16VDC，要求MCU通过ADC对UBD电源电压进行采样和监控，实现电源管理功能。; MCU Component ：F01/ MCU; None：QM; None：K5; None：P00.10; None：P00.10/GTM_TIM4_IN1_11/GTM_TIM1_IN1_1/GTM_TIM0_IN1_1/GTM_TOUT19/EVADC_G9CH2; None：GPIO; None：MCU_UB_SW_P00.10; None：/; None：O; None：KL30电源电压ADC采样控制信号\n高：打开通道，ADC可以采集\n低：关闭通道，ADC不可以采集; None：HI-Z，硬件外部下拉; None：—; SW Variable Name or SW Function Name：— ——Port1"", ""\nHW Interface Component ：QM（B）; None：F16/POWER; None：1、负载开关TPS22918，VCC3V3转VCC3V3_EQ。\n2、TPS22918由MCU进行使能和关断控制。; MCU Component ：F01/MCU; None：B; None：G20; None：P20.3; None：P20.3/GTM_TIM4_IN5_11/GTM_TIM3_IN4_5/GTM_TIM2_IN4_5/GTM_TOUT61/QSPI0_SLSO9/QSPI2_SLSO9/CAN03_TXD; None：GPIO; None：MCU_3V3_EQ_EN; None：/; None：O; None：VCC3V3_EQ电源使能控制信号\n高：使能VCC3V3_EQ电源\n低：关断VCC3V3_EQ电源; None：HI-Z,硬件外部下拉; None：—; SW Variable Name or SW Function Name：— ——Port1\nHW Interface Component ：QM; None：F17/POWER; None：1、负载开关TPS22918，VCC3V3转VCC3V3_ETH。\n2、TPS22918由MCU进行使能和关断控制。; MCU Component ：F01/MCU; None：QM; None：K17; None：P21.0; None：P21.0/GTM_TIM4_IN0_11/GTM_TIM3_IN4_6/GTM_TIM2_IN4_6/QSPI4_MRSTDN/DMU_FDEST/GTM_TOUT51/HSM_HSM1; None：GPIO; None：MCU_3V3_ETH_EN; None：/; None：O; None：VCC3V3_ETH电源使能控制信号\n高：使能VCC3V3_EQ电源\n低：关断VCC3V3_EQ电源; None：HI-Z, 硬件外部下拉; None：—; SW Variable Name or SW Function Name：— ——Port1\nHW Interface Component ：QM; None：F14/POWER; None：1、电源转换芯片TPS62872，VCC3V3转VCC0V75。\n2、TPS62872由MCU进行使能和关断控制。; MCU Component ：F01/MCU; None：QM; None：P20; None：P22.0; None：P22.0/GTM_TIM1_IN1_7/GTM_TIM0_IN1_7/QSPI4_MTSRB/GTM_TOUT47/QSPI4_MTSR/QSPI4_SCLKN; None：GPIO; None：MCU_VCC0V75_EN; None：/; None：O; None：VCC0V75电源使能控制信号\n高：使能VCC0V75电源\n低：关断VCC0V75电源; None：HI-Z, 硬件外部下拉; None：—; SW Variable Name or SW Function Name：— ——Port1"", ""\nHW Interface Component ：QM; None：F15/POWER; None：1、电源转换芯片SA23002，VCC3V3转VCC0V75_MIPI_DDR。\n2、SA23002由MCU进行使能和关断控制。; MCU Component ：F01/MCU; None：QM; None：P19; None：P22.1; None：P22.1/GTM_TIM1_IN0_8/GTM_TIM0_IN0_8/QSPI4_MRSTB/GTM_TOUT48/QSPI4_MRST/QSPI4_SCLKP; None：GPIO; None：MCU_VCC0V75_MIPI_DDR_EN; None：/; None：O; None：VCC0V75_MIPI_DDR电源使能控制信号\n高：使能VCC0V75_MIPI_DDR电源\n低：关断VCC0V75_MIPI_DDR电源; None：HI-Z, 硬件外部下拉; None：—; SW Variable Name or SW Function Name：— ——Port1\nECU Connector：X2000-54; None：SPI Communction; HW Interface Component ：B; None：F02/EYEQ6L; None：MCU_SPI0（slave）\nEQ6L_SPI0（master）\n速率：10Mbps; MCU Component ：F01/MCU; None：B; None：E20; None：P20.11; None：P20.11/GTM_TIM3_IN7_6/GTM_TIM2_IN7_6/QSPI0_SCLKA/GTM_TOUT67/QSPI0_SCLK; None：QSPI0_SCLKA; None：MCU_SPI0_CLK_P20.11; None：/; None：I; None：EQ发送SPI时钟信号到MCU\nMCU配置为内置下拉（SPI模式配置为：极性CPOL=0，相位CPHA=1）; None：HI-Z; None：—; SW Variable Name or SW Function Name：— ——Port1\nECU Connector：X2000-57; MCU Component ：F01/MCU; None：B; None：D20; None：P20.13; None：P20.13/GTM_TIM3_IN1_4/GTM_TIM2_IN1_4/QSPI0_SLSIA/GTM_TOUT69/QSPI0_SLSO2/QSPI1_SLSO2/QSPI0_SCLK; None：QSPI0_SLSIA; None：MCU_SPI0_CS_P20.13; None：/; None：I; None：EQ发送SPI片选信号到MCU\nMCU配置为内置上拉（SPI模式配置为：极性CPOL=0，相位CPHA=1）; None：HI-Z; None：—; SW Variable Name or SW Function Name：— ——Port1"", ""\nIMPORTANTNOTICEANDDISCLAIMER\nTI PROVIDES TECHNICAL AND RELIABILITY DATA (INCLUDING DATA SHEETS), DESIGN RESOURCES (INCLUDING REFERENCE DESIGNS), APPLICATION OR OTHER DESIGN ADVICE, WEB TOOLS, SAFETY INFORMATION, AND OTHER RESOURCES “AS IS\"" AND WITH ALL FAULTS, AND DISCLAIMS ALL WARRANTIES, EXPRESS AND IMPLIED, INCLUDING WITHOUT LIMITATION ANY IMPLIED WARRANTIES OF MERCHANTABILITY, FITNESS FOR A PARTICULAR PURPOSE OR NON-INFRINGEMENT OF THIRD PARTY INTELLECTUAL PROPERTY RIGHTS.\nThese resources are intended for skilled developers designing with TI products. You are solely responsible for (1) selecting the appropriate TI products for your application, (2) designing, validating and testing your application, and (3) ensuring your application meets applicable standards, and any other safety, security, regulatory or other requirements.\nThese resources are subject to change without notice. Tl grants you permission to use these resources only for development of an application that uses the Tl products described in the resource. Other reproduction and display of these resources is prohibited. No license is granted to any other Tl intellectual property right or to any third party intellectual property right. TI disclaims responsibility for, and you wil fully indemnify Tl and its representatives against, any claims, damages, costs, losses, and liabilities arising out of your use of these resources.\nTl's products are provided subject to TI's Terms of Sale or other applicable terms available either on ti.com or provided in conjunction with such TI products. TI's provision of these resources does not expand or otherwise alter Tl's applicable warranties or warranty disclaimers for TIproducts.\n TIl objects to and rejects any additional or different terms you may have proposed.\nMailing Address: Texas Instruments, Post Office Box 655303, Dallas, Texas 75265 Copyright @ 2023, Texas Instruments Incorporated"", ""\nUnnamed: 0：SM[HW]:SRI:SWAP_CONFIGURATION_PROTECTION; Unnamed: 1：6.479; Unnamed: 2：The safety mechanism checks for unintentional SWAP configuration change. For an unintentional change an alarm is generated for the SMU.; Unnamed: 3：nan; Unnamed: 4：nan; Unnamed: 5：nan; Unnamed: 6：SMU Alarm ALM11[13] - SRI0 SOTA swap error\nSMU Alarm ALM11[13] - SRI1 SOTA swap error\nSMU Alarm ALM11[13] - SRI2 SOTA swap error; Unnamed: 7：nan; Unnamed: 8：nan; Unnamed: 9：nan; Unnamed: 10：nan; Unnamed: 11：nan; Unnamed: 12：nan; Unnamed: 13：nan; Unnamed: 14：nan; Unnamed: 15：nan ——12.1TC3XXX_SM\nUnnamed: 0：SM[HW]:SRI:CFG_AS_AP; Unnamed: 1：6.473; Unnamed: 2：The safety mechanism checks if an individual master tag identifier is enabled to access an SFR in the address space Segment F. With this safety mechanism all the registers can only be written by selected masters. Write accesses from forbidden masters are blocked and cause an Alarm.\nNote: Alarms or Interrupts from Safety Mechanisms which control Software Failures (e.g. access protection, MPU) shall not be ignored, but treated according to application needs. If application is not intended to violate access protection, a reasonable Alarm or Interrupt reaction could be application reset to control the software causing the violation. One violation per driving cycle shall be assumed as normal behaviour (caused by soft\nerrors or unintended access protection violations). Alternatively, the application could execute cyclic (once per DTI) software checks to verify that the configured safety mechanisms are effective and functional.; Unnamed: 3：nan; Unnamed: 4：nan; Unnamed: 5：nan; Unnamed: 6：SMU Alarm ALM7[17] - SRI0 Bus Error Event\nSMU Alarm ALM7[18] - SRI1 Bus Error Event\nSMU Alarm ALM7[19] - SRI2 Bus Error Event; Unnamed: 7：nan; Unnamed: 8：nan; Unnamed: 9：nan; Unnamed: 10：nan; Unnamed: 11：nan; Unnamed: 12：nan; Unnamed: 13：nan; Unnamed: 14：nan; Unnamed: 15：nan ——12.1TC3XXX_SM"", ""\nID：SWRS_TC3XX_013; SM Name：ESM[SW]:PMS:MONBIST_RESULT; SM TSR：In initialization process, the SW shall perform MONBIST_RESULT_CHECK by SafeTBase or SafeTpack and  the MBIST case shall refer to \""MTU_MEMTEST 367\"", or \""MTU_MEMTEST 377\"" or \""MTU_MEMTEST 387\"" according to the project chip select. Detailed MONBIST_RESULT_CHECK can refer to <FusaCoderRequirement>.\nIf MONBIST_RESULT_CHECK fails, the SW shall increase the \""MONBIST_RESULT_CHECK\"" fault error counter +1. After next iginition cycle, if the MONBIST_RESULT_CHECK pass, the SW shall set the \""MONBIST_RESULT_CHECK\"" fault error counter to 0. \nWhen the fault error counter ≥ 3, the software shall warn the driver ([CamStatus0] = RsdsMsts_Fault) and store DTC and Snapshot. When the fault error counter < 3, the software shall output [CamStatus0] = original value.\n\nThe \""MONBIST_RESULT_CHECK\"" fault error counter shall be stored in E2 immediately when MONBIST_RESULT_CHECK fails.\n\nNote: The requirement about \""Store DTC and Snapshot\"" is QM ——SYS SM \nID：SWRS_TC3XX_014; SM Name：ESM[SW]:VMT:MBIST; SM TSR：In initialization process, the SW shall perform MBIST_RESULT_CHECK by SafeTBase or SafeTpack. Detailed MBIST_RESULT_CHECK can refer to <FusaCoderRequirement>.\nIf MBIST_RESULT_CHECK fails, the SW shall increase the \""MBIST_RESULT_CHECK\"" fault error counter +1. After next iginition cycle, if the MBIST_RESULT_CHECK pass, the SW shall set the \""MBIST_RESULT_CHECK\"" fault error counter to 0. \nWhen the fault error counter ≥ 3, the software shall warn the driver ([CamStatus0] = RsdsMsts_Fault） and store DTC and Snapshot. When the fault error counter < 3, the software shall output [CamStatus0] = original value.\n\nThe \""MBIST_RESULT_CHECK\"" fault error counter shall be stored in E2 immediately when MBIST_RESULT_CHECK fails.\n\nNote: The requirement about \""Store DTC and Snapshot\"" is QM ——SYS SM \nID：SWRS_TC3XX_019; SM Name：ESM[SW]:SYS:MCU_STARTUP; SM TSR：In initialization process, the SW shall perform safety-related configuration registers by MCAL_InitCheck. MCAL_InitCheck includes Adc_InitCheck, Port_InitCheck, Mcu_InitCheck, WdgInitCheck, Scu_InitCheck, Smu_InitCheck. \nIf XXX_ InitCheck fails, the SW shall increase the \""XXX_ InitCheck\"" fault error counter +1. After next iginition cycle, if the XXX_ InitCheck pass, the SW shall set the \""XXX_ InitCheck\"" fault error counter to 0. \nWhen the XXX_ InitCheck fault counter ≥ 3, the SW shall warn the driver ([CamStatus0] = RsdsMsts_Fault) and store DTC and Snapshot. When the fault error counter < 3, the software shall output [CamStatus0] = original value.\n\nThe XXX_ InitCheck fault counter shall be stored in E2 immediately when the XXX_ InitCheck fails.\n\nNote: \n1. The requirement about \""Store DTC and Snapshot\"" is QM ——SYS SM "", ""<table><tr><td>HM ID</td><td>F13</td></tr><tr><td>运行模式\nOperation Mode</td><td>SHUTDOWN、READ OTP、STANDBY、ACTIVE</td></tr><tr><td>模式定义\nDefinition of Operation mode</td><td>SHUTDOWN\nNRST电压低于阈值。LP87702-Q1器件停止工作。\nREAD OTP\n电源电压VANA高于VANAUVLO电平，并且NRST电压高于阈值电平。电压转换器被禁用，LP87702-Q1的参考电平和偏置电路被启用。OTP配置被加载到寄存器。\nSTANDBY\n电源电压VANA高于VANAUVLO水平，NRST电压高于阈值水平。电压转换器被禁用，LP87702-Q1的参考电平、控制和偏压电路被启用。所有的寄存器都可以被主机处理器通过系统串口读写。电压转换器可以根据需要进行使能输出。\nACTIVE\n电源电压VANA高于VANAUVLO水平，NRST电压高于阈值水平。稳压DC/DC变换器处于使能状态。所有的寄存器都可以被MCU通过系统串口读写。\nSHUTDOWN\nAfter the enable signal MCU_OV75_MIPI_DDR_EN=L, the secondary power stops the 0V75_MIPI_DDR power supply. \nREADY OTP\nThe supply voltage VANA is above the VANAUVLO level, and the NRST voltage is above the threshold level. The voltage converter is disabled and the reference level and bias circuits of the LP87702-Q1 are enabled. The OTP configuration is loaded into the register.\nSTANDBY\nThe supply voltage VANA is above the VANAUVLO level and the NRST voltage is above the threshold level. The voltage converter is disabled and the reference level, control, and bias circuits of the LP87702-Q1 are enabled. All registers can be read and written by the host processor through the system serial port. The voltage converter can perform enabling output as needed.\nACTIVE\nThe supply voltage VANA is above the VANAUVLO level and the NRST voltage is above the threshold level. The regulated DC/DC converter is in the enabled state. All the registers can be read and written by the MCU through the system serial port. </td></tr><tr><td>模式切换接口\nMode switching interface</td><td></td></tr><tr><td>模式状态机\nMode state machine</td><td></td></tr><tr><td>模式切换条件\nMode switching condition</td><td>参考：\n产品系统需求规格说明\n产品系统方案设计说明书\nReference: \nProduct system requirement specification \nProduct system scheme design specification.</td></tr><tr><td>备注\nNote</td><td>1、VANAUVLO阈值电压\n\n2、NRST阈值电压\n</td></tr><tr><td>备注\nNote</td><td></td></tr></table>"", ""\nSheet名称：9_SA; 内容摘要：xxx系列产品系统层级假设; 项目适配说明：需要需求开发人员确认本sheet的\nD列是否被满足，并填写确认结果 ——0_Instruction Manual\nSheet名称：10_Recognition Unit; 内容摘要：xxx的硬件组件图; 项目适配说明：需要根据实际的项目需要，\n确认硬件架构图 ——0_Instruction Manual\nSheet名称：11_xxxxxB(D)_HWFMEA; 内容摘要：xxx的硬件FMEA; 项目适配说明：须要需求开发人员结合项目的硬件原理图和安全需求，完善FMEA内容，以判断xxx中的硬件组件在本项目中是否安全相关，并与TSR建立追溯关系 ——0_Instruction Manual\nSheet名称：12_xxxxxB(D)_SIR; 内容摘要：xxx的安全机制及分配给\n软硬件的需求; 项目适配说明：基于FMEA结果，在确认需求后，需要结合客户释放的安全需求和\""Registers Bit Description_13\""sheet页check需求，并明确本sheet中红色字体部分的内容 ——0_Instruction Manual\nSheet名称：13_Registers Bit Description; 内容摘要：需求确认中所需的相关寄存器信息汇总列表; 项目适配说明：需要需求开发人员在确认需求时\n了解相关寄存器 ——0_Instruction Manual\nSheet名称：14_xxxxxB(D)_DTCAndDID Table; 内容摘要：不同故障的DTC和DID; 项目适配说明：对于每一种故障，需要明确DTC和DID为多少 ——0_Instruction Manual\nUnnamed: 0：nan; Unnamed: 1：nan; Unnamed: 2：nan; 文件编号：：ID: ; APXXXXXX_XXX_FS_SM_XXX：APXXXXXX_XXX_FS_SM_XXX ——1_Face""]","{""original_context_count"": 30, ""original_context_characters"": 57259, ""scored_context_count"": 7, ""scored_context_characters"": 12000, ""contexts_truncated"": true, ""context_selection"": ""claim_coverage""}",0.6128707303465637,0.5379029113344648,0.5714285714285714,not_applicable,0.8055555555287036,0.0,0.0,0.09090909090909091,not_applicable
hw-v1-circuit-u1800-control,success,U1800 的输入、输出检测、使能和 I²C 控制网络分别是什么？,U1800 是 TPS62872，VIN 为 VCC3V3，VOSNS 为 VCC0V75，EN 接 N19888813，并通过连接到 MCU 的 SDA/SCL 进行 I²C 控制。,"根据提供的证据，U1800（型号为 TPS62872Y1QWRXSRQ1）的输入、输出检测、使能和 I²C 控制网络详情如下：

### 1. U1800 的输入接口是什么？
*   **输入接口**：U1800的电源输入引脚为 **VIN**，连接到 **VCC3V3** 网络（3.3V 电源）。
*   **来源**：电路设计引脚映射（证据[1]）。

### 2. U1800 的输出检测功能是什么？
*   **输出检测功能**：U1800通过 **VOSNS** 和 **GOSNS** 引脚实现差分输出电压检测。
    *   **VOSNS**（输出电压检测引脚）连接到 **VCC0V75** 网络。
    *   **GOSNS**（输出地检测引脚）连接到 **GND**。
*   **来源**：电路设计引脚映射（证据[1]）。

### 3. U1800 的使能功能是什么？
*   **使能功能**：U1800的使能引脚为 **EN**，连接到 **N19888813** 网络。根据数据手册，该引脚用于控制芯片的开启与关闭（高电平使能，低电平禁用）。
*   **来源**：电路设计引脚映射（证据[1]）及数据手册（证据[8]，描述EN引脚为“enable pin”）。

### 4. U1800 的 I²C 控制网络是什么？
*   **I²C 控制网络**：U1800的I²C控制接口由以下引脚组成：
    *   **SDA**（串行数据线）：连接到 **MCU_SDA_P15.5** 网络。
    *   **SCL**（串行时钟线）：连接到 **MCU_SCL_P15.4** 网络。
*   **来源**：电路设计引脚映射（证据[1]）。

### 缺失信息与冲突说明
*   **缺失信息**：所有子问题均已覆盖，无缺失项。
*   **证据冲突**：在提供的证据覆盖度中，存在字段冲突（如 `fsw`, `ob`, `load`, `swen` 等），但这些冲突值均涉及芯片的 **内部配置或电气特性参数**（如开关频率、负载阻值、过流模式等），与用户问题要求的 **“输入、输出检测、使能和 I²C 控制网络”** 这些特定引脚功能无关。因此，这些冲突不影响当前问题的回答。","根据提供的证据，U1800（型号为 TPS62872Y1QWRXSRQ1）的输入、输出检测、使能和 I²C 控制网络详情如下：

### 1. U1800 的输入接口是什么？
*   **输入接口**：U1800的电源输入引脚为 **VIN**，连接到 **VCC3V3** 网络（3.3V 电源）。
*   **来源**：电路设计引脚映射（证据[1]）。

### 2. U1800 的输出检测功能是什么？
*   **输出检测功能**：U1800通过 **VOSNS** 和 **GOSNS** 引脚实现差分输出电压检测。
    *   **VOSNS**（输出电压检测引脚）连接到 **VCC0V75** 网络。
    *   **GOSNS**（输出地检测引脚）连接到 **GND**。
*   **来源**：电路设计引脚映射（证据[1]）。

### 3. U1800 的使能功能是什么？
*   **使能功能**：U1800的使能引脚为 **EN**，连接到 **N19888813** 网络。根据数据手册，该引脚用于控制芯片的开启与关闭（高电平使能，低电平禁用）。
*   **来源**：电路设计引脚映射（证据[1]）及数据手册（证据[8]，描述EN引脚为“enable pin”）。

### 4. U1800 的 I²C 控制网络是什么？
*   **I²C 控制网络**：U1800的I²C控制接口由以下引脚组成：
    *   **SDA**（串行数据线）：连接到 **MCU_SDA_P15.5** 网络。
    *   **SCL**（串行时钟线）：连接到 **MCU_SCL_P15.4** 网络。
*   **来源**：电路设计引脚映射（证据[1]）。

### 缺失信息与冲突说明
*   **缺失信息**：所有子问题均已覆盖，无缺失项。
*   **证据冲突**：在提供的证据覆盖度中，存在字段冲突（如 `fsw`, `ob`, `load`, `swen` 等），但这些冲突值均涉及芯片的 **内部配置或电气特性参数**（如开关频率、负载阻值、过流模式等），与用户问题要求的 **“输入、输出检测、使能和 I²C 控制网络”** 这些特定引脚功能无关。因此，这些冲突不影响当前问题的回答。","[""Pin mapping for U1800: COMP -> N19809013, GOSNS -> GND, VOSNS -> VCC0V75, EN -> N19888813, VIN -> VCC3V3, GND -> GND, SW -> N19808656, GND -> GND, VIN -> VCC3V3, MODE/SYNC -> VCC3V3, SDA -> MCU_SDA_P15.5, SCL -> MCU_SCL_P15.4, VSEL -> N19808994, FSEL -> N19808812, TAB -> GND."", ""Instance U1800: TPS62872Y1QWRXSRQ1, 202308165398, TPS62872Y1QWRXSRQ1, PQFN50P355X255X105-16."", ""\n10.4PowerSupplyRecommendations\nThe TPS6287x-Q1 family has no special requirements for its input power supply. The output current rating of the input power supply must be rated according to the supply voltage and current requirements of the TPS6287X-Q1\n10.5Layout\n10.5.1 Layout Guidelines\nAchieving the performance the TPS6287x-Q1 devices are capable of requires proper PDN and PCB design.\nTI therefore recommends the user perform a power integrity analysis on their design. There are a number of commercially available power integrity software tools, and the user can use these tools to model the effects on performance of the PCB layout and passive components.\nIn addition to the use of power integrity tools, Tl recommends the following basic principles:\n· Place the input capacitors close to the VIN and GND pins. Position the input capacitors in order of increasing size, starting with the smallest capacitors closest to the VIN and GND pins. Use an identical layout for both\nVIN-GND pin pairs of the package, to gain maximum benefit from the butterfly configuration.\n·Place the inductor close to the device and keep the SW node small.\n· Connect the exposed thermal pad and the GND pins of the device together. Use multiple thermal vias to\nconnect the exposed thermal pad of the device to one or more ground planes (Tl's EVM uses nine 150-μm\nthermal vias).\n·Use multiple power and ground planes.\n· Route the VOSNS and GOSNS remote sense lines as a differential pair and connect them to the lowest- impedance point of the PDN. If the desired connection point is not the lowest impedance point of the PDN, optimize the PDN until it is. Do not route the VOSNS and GOSNS close to any of the switch nodes.\n· Connect the compensation components between VOSNS and GOSNS. Do not connect the compensation components directly to power ground.\n· If possible, distribute the output capacitors evenly between the TPS6287x-Q1 device and the point-of-load, rather than placing them altogether in one place.\n· Use multiple vias to connect each capacitor pad to the power and ground planes (TI's EVM typically uses four vias per pad).\nUse plenty of stitching vias to ensure a low impedance connection between different power and ground· planes.\nProduct Folder Links: TPS62870-Q1TPS62871-Q1 TPS62872-Q1 TPS62873-Q1"", ""\nwindow comparator monitors the output voltage, and the output of the comparator goes high if the output voltage is either less than 95% (typical) or greater than 105% (typical) of the nominal output voltage. The output of the window comparator is deglitched - the typical deglitch time is 40 μs - and then used to drive the open-drain PG pin.\nDuring DVS activity, when the DC/DC converter transitions from one output voltage setting to another, the output voltage can temporarily exceed the limits of the window comparator and pull the PG pin low. The device has a feature to disable this behavior. If PGBLNKDVS = 1 in the CONTROL3 register, the device ignores the output of the power-good window comparator while DvS is active.\nNote that the PG pin is always low, regardless of the output of the window comparator, when:\n· The device is in thermal shutdown.\nThe device is disabled.\nThe device is in undervoltage lockout.· The device is in soft start.\n9.3.14.2 Secondary Device Behavior\ninitialization, the device presets FF1 and FF2, which pulls down the PG pin and forces the device to operate in DCM. When the device completes its soft start, it resets FF2, which turns off Q1. However, in a stacked configuration, all devices share the same PG signal, and therefore the PG pin stays low until all devices in the stack have completed their soft start. When that happens, FF1 is reset and the converters operate in CCM.\n9.3.15 Remote Sense\nThe device has two pins, VOSNS and GOSNS, to remotely sense the output voltage. Remote sensing lets the converter sense the output voltage directly at the point-of-load and increases the accuracy of the output voltage regulation.\n9.3.16 Thermal Warning and Shutdown\nThe device has a two-level overtemperature detection function.\nIf the junction temperature rises above the thermal warning threshold of 150°C (typical), the device sets the TWARN bit in the STATUS register. The device clears the TWARN bit if the user reads the STATUS register when the junction temperature is below the TWARN threshold of 130°C (typical).\nIf the junction temperature rises above the thermal shutdown threshold of 170°C (typical), the device:\n· Stops switching · Pulls down the EN pin (if SINGLE = 0 in the CONTROL3 register) · Enables the output discharge (if DISCHEN = 1 in the CONTROL1 register) ·Sets the TSHUT bit in the STATUS register · Pulls the PG pin low"", ""\nIf the junction temperature falls below the thermal shutdown threshold of 150°C (typical), the device:\n· Starts switching again, starting with a new soft-start sequence · Sets the EN pin to high impedance ·Sets the PG pin to high-impedance\nThe device clears the TSHUT bit if the user reads the STATUS register when the junction temperature is below the TSHUT threshold of 150°C (typical).\nIn a stacked configuration, in which all devices share a common enable signal, a thermal shutdown condition in one device disables the entire stack. When the hot device cools down, the whole stack automatically starts switching again.\n9.3.17 Stacked Operation\nThe user can connect multiple devices in parallel in what is known as a \""stack\""; for example, to increase output current capability or reduce device junction temperature. A stack comprises one primary device and one or more secondary devices. During initialization, each device monitors its SYNC_OUT pin to determine if must operate as a primary device or a secondary device:\n· If there is a 47-kQ resistor between the SYNC_OUT pin and ground, the device operates as a secondary device.\n· If the SYNC_OUT pin is high impedance, the device operates as a primary device.\nProduct Folder Links: TPS62870-Q1TPS62871-Q1 TPS62872-Q1 TPS62873-Q1\nThe key points to note are:\nAll the devices in the stack share a common enable signal, which must be pulled up with a resistance of at least 15 kQ.\n All the devices in the stack share a common power-good signal.\n All the devices in the stack share a common compensation signal.\n All secondary devices must connect a 47-kQ resistor between the SYNC_OUT pin and ground.\nThe remote sense pins (VOSNS and GOSNS) of each device must be connected (do not leave these pins floating).\nEach device must be configured for the same switching frequency.·\nThe primary device must be configured for forced PwM operation (secondary devices are automatically configured for forcedPwM operation).\nA stacked configuration can support synchronization to an external clock or spread-spectrum clocking.· Only the VSEL pin of the primary device is used to set the default output voltage. The VSEL pin of secondary·\ndevices is not used and must be connected to ground.\n The SDA and SCL pins of secondary devices are not used and must be connected to ground."", ""<table><caption> over operating junction temperature (Tj = -40 °℃ to 150 °C) and Vin = 2.7 V to 6 V. Typical values at Vin = 3.3 V and Tj = 25</caption>\n<tr><th  >°C (unless otherwise noted).</th><th  >PARAMETER</th><th  > TEST CONDITIONS</th><th  >MIN</th><th  >TYP</th><th  >MAX</th><th  >UNIT</th></tr>\n<tr><th  >loH</th><th  >High-level output current (PG)</th><th  >VoH = 3.3 V</th><th></th><th></th><th  >200</th><th  >nA</th></tr>\n<tr><th  >VIH</th><th  >High-level input voltage (PG)</th><th  >Device configured as a secondary device  in stacked operation</th><th  >0.8</th><th></th><th></th><th  >V</th></tr>\n<tr><th  >VIL</th><th  >Low-level input voltage (PG)</th><th  >Device configured as a secondary device  in stacked operation </th><th></th><th></th><th  >0.4</th><th  >V</th></tr>\n<tr><th  >liH</th><th  >High-level input current (PG)</th><th  > Device configured as a secondary device in stacked operation</th><th></th><th></th><th></th><th  >μA</th></tr>\n<tr><th  >IL</th><th  >Low-level input current (PG)</th><th  > Device configured as a secondary device in stacked operation </th><th  >-1</th><th></th><th></th><th  >μA</th></tr>\n<tr><th  >td(PG)</th><th  >Deglitch time (PG)</th><th  > High-to-low or low-to-high transition on  the PG pin </th><th  >34</th><th  >40</th><th  >46</th><th  >μs</th></tr>\n<tr><th  >OUTPUT</th><th></th><th></th><th></th><th></th><th></th><th></th></tr>\n<tr><td  >VouT</td><td  >Output accuracy</td><td  >VIn ≥ Vout + 1.4 V</td><td  >-1</td><td></td><td  >1</td><td  >% </td></tr>\n<tr><th  >IB</th><th  >Input bias current (GOSNS)</th><th  >V(GosNs) = -100 mV to 100 mV </th><th  >-6</th><th></th><th></th><th  >μA</th></tr>\n<tr><th  >IB</th><th  >Input bias current (VOSNS)</th><th  >V(vosns) = 3.3 v, Vin = 6 V</th><th></th><th></th><th  >6</th><th  >μA</th></tr>\n<tr><th  >VicR</th><th  >Input common-mode range (GOSNS)</th><th></th><th  >-100</th><th></th><th  >100</th><th  >mV</th></tr>\n<tr><td></td><td></td><td  >fsw = 1.5 MHz, PWM operation, VIn 3.3 V, Vout = 0.75 V</td><td  >1.35</td><td  >1.5</td><td  >1.65</td><td></td></tr>\n<tr><td></td><td></td><td  >fsw = 2.25 MHz, PWM operation, VIn 3.3 V, Vout = 0.75 V</td><td  >2.025</td><td  >2.25</td><td  >2.475</td><td></td></tr>\n<tr><th  >fsw</th><th  >Switching frequency (SW)</th><th  >fsw = 2.5 MHz, PWM operation, VIn 3.3 V, Vout = 0.75 V</th><th  >2.25</th><th  >2.5</th><th  >2.75</th><th  >MHz</th></tr>\n<tr><td></td><td></td><td  >fsw = 3 MHz, PWM operation, VIn 3.3 V, Vout = 0.75 V</td><td  >2.7</td><td  >3</td><td  >3.3</td><td></td></tr>\n<tr><th  >fmod</th><th  >Frequency of the spread-spectrum sweep</th><th></th><th></th><th  >fsw/2048</th><th></th><th  >kHz</th></tr>\n<tr><th  >△fsw</th><th  > Switching frequency variation during  spread-spectrum operation</th><th></th><th></th><th  >±10%</th><th></th><th></th></tr>\n<tr><th  >T</th><th  >Emulated current time constant</th><th></th><th></th><th  >12.5</th><th></th><th  >μS</th></tr>\n<tr><th  >[DS(on) </th><th  >High-side FET static on-state resistance</th><th  >VIn = 3.3 V</th><th></th><th></th><th  >16</th><th  >mQ</th></tr>\n<tr><th  >[DS(on) </th><th  >Low-side FET static on-state resistance</th><th  >VIn = 3.3 V</th><th></th><th  >4.1</th><th  >9.4</th><th  >mQ</th></tr>\n<tr><th  >I(sw)(off)</th><th  >High-side FET off-state current Low-side FET off-state current</th><th  >VIn = 6 V, V(sw) = 0 v, TJ= 25 °℃ VIn = 6 V, V(sw) = 6 V, T= 25 °℃</th><th  >-1</th><th></th><th  >100</th><th  >μA</th></tr>\n<tr><td></td><td  >TPS62870-Q1</td><td></td><td  >9</td><td  >12</td><td  >14</td><td></td></tr>\n<tr><td  >ILIM</td><td  >High-side FET forward TPS62871-Q1 switch current limit, DC  TPS62872-Q1</td><td></td><td  >12 15</td><td  >16 20</td><td  >18 22</td><td  >A</td></tr>\n<tr><td></td><td  >TPS62873-Q1</td><td></td><td  >18</td><td  >24</td><td  >26</td><td></td></tr>\n<tr><td></td><td  >Low-side FET negative current limit, DC </td><td></td><td  >7.5</td><td></td><td  >12</td><td  >A</td></tr>\n</table>"", ""<table><caption> Table 9-17. STATUS Register Field Descriptions</caption>\n<tr><td  >Bit</td><td  >Field</td><td  >Type</td><td  >Reset</td><td  >Description</td></tr>\n<tr><td  >7-6</td><td  >RESERVED</td><td  >R</td><td  >o0b</td><td  >Reserved for future use. For compatibility with future device variants,</td></tr>\n<tr><td></td><td></td><td></td><td></td><td  >ignore these bits.</td></tr>\n<tr><td  >5</td><td  >HICCUP</td><td  >R</td><td  >Ob</td><td  >Hiccup. This bit reports whether a hiccup event occurred since the</td></tr>\n<tr><td></td><td></td><td></td><td></td><td  >last time the STATUS register was read.</td></tr>\n<tr><td></td><td></td><td></td><td></td><td  >Ob = No hiccup event occurred</td></tr>\n<tr><td></td><td></td><td></td><td></td><td  >1b = A hiccup event occurred </td></tr>\n<tr><td  >4</td><td  >ILIM</td><td  >R</td><td  >Ob</td><td  >Current limit. This bit reports whether an current limit event occurred </td></tr>\n<tr><td></td><td></td><td></td><td></td><td  >since the last time the STATUS register was read.</td></tr>\n<tr><td></td><td></td><td></td><td></td><td  >Ob = No current limit event occurred </td></tr>\n<tr><td></td><td></td><td></td><td></td><td  > 1b = An current limit event occurred </td></tr>\n<tr><td  >3</td><td  >TWARN</td><td  >R</td><td  >Ob</td><td  >Thermal warning. This bit reports whether a thermal warning event </td></tr>\n<tr><td></td><td></td><td></td><td></td><td  >occurred since the last time the STATUS register was read.</td></tr>\n<tr><td></td><td></td><td></td><td></td><td  >Ob = No thermal warning event occurred 1b = A thermal warning event occurred </td></tr>\n<tr><td  >2</td><td  >TSHUT</td><td  >R</td><td  >Ob</td><td  >Thermal shutdown. This bit reports whether a thermal shutdown </td></tr>\n<tr><td></td><td></td><td></td><td></td><td  >event occurred since the last time the STATUS register was read.</td></tr>\n<tr><td></td><td></td><td></td><td></td><td  >Ob = No thermal shutdown event occurred </td></tr>\n<tr><td></td><td></td><td></td><td></td><td  >1b = A thermal shutdown event occurred </td></tr>\n<tr><td  >1</td><td  >PBUV</td><td  >R</td><td  >1b</td><td  >Power-bad undervoltage. This bit reports whether a power-bad event </td></tr>\n<tr><td></td><td></td><td></td><td></td><td  >(output voltage too low) occurred since the last time the STATUS</td></tr>\n<tr><td></td><td></td><td></td><td></td><td  >register was read.</td></tr>\n<tr><td></td><td></td><td></td><td></td><td  >Ob = No power-bad undervoltage event occurred</td></tr>\n<tr><td></td><td></td><td></td><td></td><td  >1b = A power-bad undervoltage event occurred </td></tr>\n<tr><td  >0</td><td  >PBOV</td><td  >R</td><td  >ob</td><td  >Power-bad overvoltage. This bit reports whether a power-bad event</td></tr>\n<tr><td></td><td></td><td></td><td></td><td  >(output voltage too high) occurred since the last time the STATUS </td></tr>\n<tr><td></td><td></td><td></td><td></td><td  >register was read.</td></tr>\n<tr><td></td><td></td><td></td><td></td><td  >Ob = No power-bad overvoltage event occurred</td></tr>\n<tr><td></td><td></td><td></td><td></td><td  >1b = A power-bad overvoltage event occurred</td></tr>\n</table>"", ""<table><caption> Table 7-1. Pin Functions</caption>\n<tr><td  >Pin</td><td></td><td></td><td></td></tr>\n<tr><td  >Name</td><td  >No.</td><td  >Type(1)</td><td  >Description</td></tr>\n<tr><td></td><td></td><td></td><td  >Device compensation input. A resistor and capacitor from this pin to GOSNS define the </td></tr>\n<tr><td  >COMP</td><td  >1</td><td></td><td  >compensation of the control loop. In stacked operation, connect the CoMP pins of all stacked devices together and connect a</td></tr>\n<tr><td></td><td></td><td></td><td  >resistor and capacitor between the common COMP node and GOSNS.</td></tr>\n<tr><td  >GOSNS</td><td  >2</td><td></td><td  > Output ground sense (differential output voltage sensing)</td></tr>\n<tr><td  >VOSNS</td><td></td><td></td><td  >Output voltage sense (differential output voltage sensing)</td></tr>\n<tr><td></td><td></td><td></td><td  >This is the enable pin of the device. The user must connect to this pin using a series resistor of </td></tr>\n<tr><td></td><td></td><td></td><td  >at least 15 kQ. A low logic level on this pin disables the device and a high logic level on this pin</td></tr>\n<tr><td  >EN</td><td  >4</td><td></td><td  >enables the device. Do not leave this pin unconnected.</td></tr>\n<tr><td></td><td></td><td></td><td  >For stacked operation, interconnect EN pins of all stacked devices with a resistor to the supply</td></tr>\n<tr><td></td><td></td><td></td><td  >voltage or a GPlO of a processor. See Section 9.3.17 for a detailed description.</td></tr>\n<tr><td  >VIN</td><td  >5.9</td><td  >P</td><td  > Power supply input. Connect the input capacitor as close as possible between VIN and GND.</td></tr>\n<tr><td  >GND</td><td  >6,8</td><td  >GND</td><td  >Ground pin</td></tr>\n<tr><td  >SW</td><td  >7</td><td></td><td  >This pin is the switch pin of the converter and is connected to the internal power MOSFETs.</td></tr>\n<tr><td></td><td></td><td></td><td  > Open-drain power-good output. Low impedance when not \""power good,\"" high impedance when </td></tr>\n<tr><td></td><td></td><td></td><td  >\""power good.\"" This pin can be left open or be tied to GND when not used in single device </td></tr>\n<tr><td></td><td></td><td></td><td  >operation.</td></tr>\n<tr><td  >PG</td><td  >10</td><td  >I/0</td><td  > In stacked operation, interconnect the PG pins of all stacked devices. Only the PG pin of the </td></tr>\n<tr><td></td><td></td><td></td><td  > primary converter in stacked operation is an open-drain output. For devices that are defined as</td></tr>\n<tr><td></td><td></td><td></td><td  >secondary converters in stacked mode, this pin is an input pin. See Section 9.3.17 for a detailed</td></tr>\n<tr><td></td><td></td><td></td><td  >description.</td></tr>\n<tr><td></td><td></td><td></td><td  >The device runs in power save mode when this pin is pulled low. If the pin is pulled high, the</td></tr>\n<tr><td  >MODE/SYNC</td><td  >11</td><td></td><td  >device runs in forced-PWM mode. If unused, this pin can be left floating and an internal pulldown resistor will pull it low. The mode pin can also be used to synchronize the device to an external </td></tr>\n<tr><td></td><td></td><td></td><td  >clock.</td></tr>\n<tr><td  >SDA</td><td  >12</td><td  >I/0</td><td  >I2C serial data pin. Do not leave floating. Connect a pullup resistor to a logic high level. Connect to GND for secondary devices in stacked operation and for device variants without I2C.</td></tr>\n<tr><td></td><td></td><td></td><td  >I2C serial clock pin. Do not leave this pin floating. Connect a pullup resistor to a logic high level.</td></tr>\n<tr><td  >SCL</td><td  >13</td><td  >1/0</td><td  >Connect this pin to GND for secondary devices in stacked operation and for device variants</td></tr>\n<tr><td></td><td></td><td></td><td  >without I2C.</td></tr>\n</table>"", ""<table><caption> Table9-5.DefaultOutputVoltageSetpoints</caption>\n<tr><td  >VSEL Pin(1)</td><td  >Device Number</td><td  >VSET[7:0]</td><td  >Output Voltage Setpoint</td></tr>\n<tr><td></td><td  >TPS6287x-Q1</td><td  >0x5a</td><td  >850 mV</td></tr>\n<tr><td></td><td  >TPS6287xY0-Q1</td><td  >0x50</td><td  >800 mV</td></tr>\n<tr><td></td><td  >TPS6287xY1-Q1</td><td  >0x14</td><td  >500 mV</td></tr>\n<tr><td></td><td  >TPS6287xY2-Q1</td><td  >0x64</td><td  >1800 mV</td></tr>\n<tr><td  >6.2 kQ to GND</td><td  >TPS6287xY3-Q1</td><td  >0x52</td><td  >810 mV</td></tr>\n<tr><td></td><td  >TPS6287xN0-Q1</td><td  >0x14</td><td  >500 mV</td></tr>\n<tr><td></td><td  >TPS6287xN1-Q1</td><td  >0x50</td><td  >800 mV</td></tr>\n<tr><td></td><td  >TPS6287xN2-Q1</td><td  >0x64</td><td  >1800 mV</td></tr>\n</table>"", ""\nVin is the input voltage\nVout is the output voltage.·\n· L is the effective inductance at the peak current level.\n tpd is the propagation delay of the current limit comparator (typically 50 ns).\n9.3.13.2HiccupMode\nTo enable hiccup operation, ensure that HICCUPEN = 1 in the CONTROL1 register.\nIf hiccup operation is enabled and the high-side switch current exceeds the current limit threshold on 32\nconsecutive switching cycles, the device:\nStops switching for 128 clock cycles, after which it automatically starts switching again (it starts a new soft-start sequence) · Sets the HICCUP bit in the STATUS register Pulls the PG pin low. The PG pin stays low until the overload condition goes away and the device can start up correctly and regulate the output voltage. Note that power-good function has a deglitch circuit, which delays the rising edge of the power-good signal by 40 μs (typical).\nHiccup operation continues in a repeating sequence of 32 cycles in current limit, followed by a pause of 128 cycles, followed by a soft-start attempt for as long as the output overload condition exists.\nThe device clears the HICCUP bit if the user reads the STATUS register when the overload condition has been removed.\n9.3.13.3CurrentLimitMode\nTo enable current limit mode, ensure that HICCUPEN = 0 in the CONTROL1 register.\nWhen current limit operation is enabled, the device limits the high-side switch current cycle-by-cycle for as long as the overload condition exists. If the device limits the high-side switch current for four or more consecutive switching cycles, the device sets ILIM = 1 in the STATUS register.\nThe device clears the ILIM bit if the user reads the STATUS register when the overload condition no longer exits.\n9.3.14 Power Good (PG)\nThe power good (PG) pin is bidirectional and has two functions:\n· In a standalone configuration and in the primary device of a stacked configuration, the PG pin is an open- drain output that indicates the status of the converter or stack.\n· In a secondary device of a stacked configuration, the PG pin is an input that indicates when the soft-start sequence is complete and all converters in the stack can change from DCM switching to CCM switching.\n9.3.14.1 Standalone orPrimaryDeviceBehavior\nThe primary purpose of the PG pin is to indicate if the output voltage is in regulation, but it also indicates if the device is in thermal shutdown or disabled. Table 9-7 summarizes the behavior of the PG pin in a standalone or primary device."", ""<table><caption> Figure 9-25. STATUS Register</caption>\n<tr><td  >7</td><td></td><td  >6</td><td  >5</td><td  >4</td><td  >3</td><td  >2</td><td></td><td  >0</td></tr>\n<tr><th></th><th  >RESERVED</th><th></th><th  >HICCUP</th><th  >ILIM</th><th  >TWARN</th><th  >TSHUT</th><th  >PBUV</th><th  >PBOV</th></tr>\n<tr><th></th><th  >R-00b</th><th></th><th  >R-0b</th><th  >R-0b</th><th  >R-0b</th><th  >R-0b</th><th  >R-1b</th><th  >R-0b</th></tr>\n</table>"", ""Figure 9-13 shows a functional block diagram of the power-good function in a secondary device. During\nFigure 9-12. Power-Good Functional Block Diagram (Standalone or Primary Device)\nFigure 9-12 shows a functional block diagram of the power-good function in a standalone or primary device. A\nCONTROL1:HICCUPEN\nHiccup\nToconverter\nHICCUP\nControl\ncontrol logic\n4 Consecutive\nSTATUS\n Current\n Register\nPulses\n→ILIM\n(sw)\n Comparator\nDetection\n→PBOV\nPBUV\nSoft-Start Complete ·\nPG\n40-us\n Deglitch\nWindow\n Blanking\nVouT\nComparator\nThermal Shutdown\n95% VouT\nVin < VIT-{UVLO) \n105% VouT\nDVS Active\nV(EN)<VIT(EN)\nCONTROL3:PGBLNKDVS"", ""<table><caption> Table 7-1. Pin Functions (continued) I = input, O = output, P = power, GND = ground(1)</caption>\n<tr><td  >Pin</td><td></td><td></td><td></td></tr>\n<tr><td  >Name</td><td  >No.</td><td  >Type(1)</td><td  >Description</td></tr>\n<tr><td></td><td></td><td></td><td  >Internal clock output pin for synchronization in stacked mode. Leave this pin floating for single </td></tr>\n<tr><td></td><td></td><td></td><td  >device operation. Connect this pin to the MODE/SYNC pin of the next device in the daisy-chain in </td></tr>\n<tr><td  >SYNC_OUT</td><td  >14</td><td></td><td  >stacked operation. Do not use this pin to connect to a non-TPS6287x-Q1 device.  During start-up, this pin is used to identify if a device must operate as a secondary converter in</td></tr>\n<tr><td></td><td></td><td></td><td  >stacked operation. Connect a 47-kQ resistor from this pin to GND to define a secondary converter</td></tr>\n<tr><td></td><td></td><td></td><td  > in stacked operation. See Section 9.3.17 for a detailed description.</td></tr>\n<tr><td  >VSEL</td><td  >15</td><td  >一</td><td  > Start-up output voltage select pin. A resistor or short circuit to GND or Vin defines the selected output voltage. See Section 9.3.6.2.</td></tr>\n<tr><td  >FSEL</td><td  >16</td><td  >一</td><td  >Frequency select pin. A resistor or a short circuit to GND or Vin determines the free-running switching frequency. See Section 9.3.6.2.</td></tr>\n<tr><td  >Exposed Thermal Pad</td><td></td><td  >一</td><td  >The thermal pad must be soldered to GND to achieve an appropriate thermal resistance and for mechanical stability.</td></tr>\n</table>"", ""<table><caption> *All dimensioons are nominal</caption>\n<tr><th  >Device</th><th  >Package Type</th><th  >Package Drawing</th><th  >Pins</th><th  >SPQ</th><th  >Length (mm)</th><th  >Width (mm)</th><th  >Height (mm)</th></tr>\n<tr><td  >TPS62870N0QWRXSRQ1</td><td  >VQFN-FCRLF</td><td  >RXS</td><td  >16</td><td  >3000</td><td  >338.0</td><td  >355.0</td><td  >50.0</td></tr>\n<tr><td  >TPS62870QWRXSRQ1</td><td  >VQFN-FCRLF</td><td  >RXS</td><td  >16</td><td  >3000</td><td  >338.0</td><td  >355.0</td><td  >50.0</td></tr>\n<tr><td  >TPS62870Y0QWRXSRQ1</td><td  >VQFN-FCRLF</td><td  >RXS</td><td  >16</td><td  >3000</td><td  >338.0</td><td  >355.0</td><td  >50.0</td></tr>\n<tr><td  >TPS62870Y1QWRXSRQ1</td><td  >VQFN-FCRLF</td><td  >RXS</td><td  >16</td><td  >3000</td><td  >338.0</td><td  >355.0</td><td  >50.0</td></tr>\n<tr><td  >TPS62870Y2QWRXSRQ1</td><td  >VQFN-FCRLF</td><td  >RXS</td><td  >16</td><td  >3000</td><td  >338.0</td><td  >355.0</td><td  >50.0</td></tr>\n<tr><td  >TPS62870Y3QWRXSRQ1</td><td  >VQFN-FCRLF</td><td  > RXS</td><td  >16</td><td  >3000</td><td  >338.0</td><td  >355.0</td><td  >50.0</td></tr>\n<tr><td  >TPS62871QWRXSRQ1</td><td  >VQFN-FCRLF</td><td  >RXS</td><td  >16</td><td  >3000</td><td  >338.0</td><td  >355.0</td><td  >50.0</td></tr>\n<tr><td  >TPS62871Y1QWRXSRQ1</td><td  >VQFN-FCRLF</td><td  >RXS</td><td  >16</td><td  >3000</td><td  >338.0</td><td  >355.0</td><td  >50.0</td></tr>\n<tr><td  >TPS62872N0QWRXSRQ1</td><td  >VQFN-FCRLF</td><td  > RXS</td><td  >16</td><td  >3000</td><td  >338.0</td><td  >355.0</td><td  >50.0</td></tr>\n<tr><td  >TPS62872QWRXSRQ1</td><td  >VQFN-FCRLF</td><td  >RXS</td><td  >16</td><td  >3000</td><td  >338.0</td><td  >355.0</td><td  >50.0</td></tr>\n<tr><td  >TPS62872Y1QWRXSRQ1</td><td  >VQFN-FCRLF</td><td  >RXS</td><td  >16</td><td  >3000</td><td  >338.0</td><td  >355.0</td><td  >50.0</td></tr>\n<tr><td  >TPS62873QWRXSRQ1</td><td  >VQFN-FCRLF</td><td  >RXS</td><td  >16</td><td  >3000</td><td  >338.0</td><td  >355.0</td><td  >50.0</td></tr>\n<tr><td  >TPS62873Y1QWRXSRQ1</td><td  >VQFN-FCRLF</td><td  >RXS</td><td  >16</td><td  >3000</td><td  >338.0</td><td  >355.0</td><td  >50.0</td></tr>\n</table>"", ""<table><tr><td>HM ID</td><td>F11/F12/F13/F14/F15/F16/F17/F18/F19/F25/F27</td></tr><tr><td>模块功能 \nModule Function</td><td>系统使用车载电池12V电压供电，经过EMI电路后输入至电源转换芯片，转换输出系统各模块所需电源。\nThe system uses 12V voltage power supply from the vehicle battery, which is input to the power conversion chip through the EMI circuit. Then the power conversion chip convert and output the power required by each module of the system.</td></tr><tr><td>模块框图\nModule diagram</td><td></td></tr><tr><td>模块方案\nModule solution</td><td>KL30 EMI (ASIL-B)\nKL30供电口处增加EMI电路，用于供电保护和滤波。硬件电路设计在UBD网络增加两个串联ESD电容，PCB布局靠近主连接器引脚处，用于吸收外部ESD信号，后端增加双向TVS管用于瞬态过压保护\nThe EMI circuit is added at the KL30 power supply port for power supply protection and filtering. The hardware circuit design adds two series ESD capacitors in the UBD network, the PCB layout is close to the main connector pin for absorbing external ESD signals, and the two-way TVS tube is added at the back end for transient overvoltage protection.\nKL30 to VCC3V3 (ASILB)\nKL30转VCC3V3是系统一级DC-DC，给MCU提供VCC3V3_MCU电源，所以系统要求其满足ASILB，确保MCU功能安全。\nKL30 to VCC3V3 is a system primary DC-DC chip, because the MCU needs VCC3V3_MCU power supply, so the system requires it to meet the ASILB to ensure the functional safety of the MCU.\nVCC3V3_MCU to VCC1V25_MCU(ASILB)\n3V3转1V25_MCU是使用MCU内置控制器进行控制的BUCK电源，用于MCU的核供电，功能安全需求达到ASILB，确保MCU功能安全。\n3V3 to 1V25_MCU is a BUCK power supply controlled by MCU built-in controller, which is used for MCU nuclear power supply. Functional safety requirements meet ASILB to ensure the functional safety of MCU.\nVCC3V3 to VCC0V75(QM(B))\nVCC3V3转VCC0V75应用于EQ6的内核供电，要求输出电流能力大，现选型TI的电源方案TPS62872。用MCU的P22.0引脚使能芯片，用MCU_SDA_P15.5，MCU_SCL_P15.4引脚I2C通信来设置输出电压和通信。\nVCC3V3 to VCC0V75 is applied to the core power supply of EQ6, which requires large output current capacity. The power supply scheme TPS62872 of TI is selected. P22.0 pin of MCU is used to enable the chip, and MCU_SDA_P15.5, MCU_SCL_P15.4 pin I2C communication is used to set the output voltage and communication. \nVCC3V3 to 0V75_MIPI_DDR(QM(B))\nVCC3V3转0V75_MIPI_DDR用于EQ6的IO口供电，现使用矽力杰的SA23002进行设计。用MCU的P22.1引脚使能该芯片。\nVCC3V3 to 0V75_MIPI_DDR for EQ6 IO port power supply, Silergy’s SA23002 is designed. The P22.1 pin of the MCU is used to enable the chip.\nVCC3V3转VCC1V8、VCC1V1、VCC50(QM(B))\nVCC1V8用于EQ6、CAM、DDR、FLASH供电，VCC1V1用于EQ6、DDR供电，VCC50用于CAN收发器供电，现选择LP87702 PMIC方案。用MCU的P15.3引脚使能该芯片的5V输出，用MCU_SCL_P15.4，MCU_SDA_P15.5 I2C通信来设置1.8V和1.1V输出电压和使能。\nVCC1V8 is used for EQ6, CAM, DDR, FLASH power supply, VCC1V1 is used for EQ6, DDR power supply, VCC50 is used for CAN transceiver  power supply, LP87702 PMIC scheme is selected. P15.3 pin of MCU is used to enable 5V output of the chip, and MCU_SCL_P15.4, MCU_SDA_P15.5 I2C communication is used to set 1.8V and 1.1V output voltage and enable it. \nVCC3V3 to VCC3V3_EQ(QM(B))\nVCC3V3转VCC3V3_EQ用于EQ6的IO和摄像头供电，现使用负载开关进行设计。用MCU的P20.3引脚使能该芯片。\nVCC3V3 to VCC3V3_EQ for EQ6’s IO and camera power supply, now using the load switch is designed. .The P20.3 pin of the MCU is used to enable the chip.\n\tVCC3V3 to VCC3V3_ETH(QM)\n3V3转3V3_ETH用于ETH供电，现选择负载开关方案。用MCU的P21.0引脚使能该芯片。\n3V3 to 3V3_ETH for ETH power supply, the load switch scheme is selected. . The P21.0 pin of the MCU is used to enable the chip.\n\tVCC1V8 to VCC1V8_EQ(QM(B))\nVCC1V8转VCC1V8_EQ用于EQ供电，现选择负载开关方案。用MCU的P20.0引脚使能该芯片。\nVCC1V8 to VCC1V8_EQ for EQ power supply, the load switch scheme is selected. . The P20.0 pin of the MCU is used to enable the chip.</td></tr><tr><td colspan='2'></td></tr></table>"", ""<table><caption> *All dimensics are nominal</caption>\n<tr><th  >Device</th><th  >Package</th><th  >Package</th><th  >Pins</th><th  >SPQ</th><th  >Reel</th><th  >Reel</th><th  >A0</th><th  >BO</th><th  >K0</th><th  >P1</th><th  >W</th><th  >Pin1</th></tr>\n<tr><th></th><th  >Type</th><th  >Drawing</th><th></th><th></th><th  >Diameter</th><th  >Width</th><th  >(mm)</th><th  >(mm)</th><th  >(mm)</th><th  >(mm)</th><th  >(mm)</th><th  >Quadrant</th></tr>\n<tr><th></th><th></th><th></th><th></th><th></th><th  >(mm)</th><th  >W1(mm)</th><th></th><th></th><th></th><th></th><th></th><th></th></tr>\n<tr><td  >TPS62870N0QWRXSRQ1</td><td  >VQFN-</td><td  >RXS</td><td  >16</td><td  >3000</td><td  >330.0</td><td  >12.4</td><td  >2.8</td><td  >3.8</td><td  >1.2</td><td  >4.0</td><td  >12.0</td><td  >Q1</td></tr>\n<tr><th></th><th  >FCRLF</th><th></th><th></th><th></th><th></th><th></th><th></th><th></th><th></th><th></th><th></th><th></th></tr>\n<tr><td  >TPS62870QWRXSRQ1</td><td  >VQFN-</td><td  >RXS</td><td  >16</td><td  >3000</td><td  >330.0</td><td  >12.4</td><td  >2.8</td><td  >3.8</td><td  >1.2</td><td  >4.0</td><td  >12.0</td><td  >Q1</td></tr>\n<tr><td  >TPS62870Y0QWRXSRQ1</td><td  >VQFN-</td><td  >RXS</td><td  >16</td><td  >3000</td><td  >330.0</td><td  >12.4</td><td  >2.8</td><td  >3.8</td><td  >1.2</td><td  >4.0</td><td  >12.0</td><td  >Q1</td></tr>\n<tr><td  >TPS62870Y1QWRXSRQ1</td><td  >VQFN-</td><td  >RXS</td><td  >16</td><td  >3000</td><td  >330.0</td><td  >12.4</td><td  >2.8</td><td  >3.8</td><td  >1.2</td><td  >4.0</td><td  >12.0</td><td  >Q1</td></tr>\n<tr><td  >TPS62870Y2QWRXSRQ1</td><td  >VQFN-</td><td  >RXS</td><td  >16</td><td  >3000</td><td  >330.0</td><td  >12.4</td><td  >2.8</td><td  >3.8</td><td  >1.2</td><td  >4.0</td><td  >12.0</td><td  >Q1</td></tr>\n<tr><td  >TPS62870Y3QWRXSRQ1</td><td  >VQFN-</td><td  >RXS</td><td  >16</td><td  >3000</td><td  >330.0</td><td  >12.4</td><td  >2.8</td><td  >3.8</td><td  >1.2</td><td  >4.0</td><td  >12.0</td><td  >Q1</td></tr>\n<tr><td  >TPS62871QWRXSRQ1</td><td  >VQFN-</td><td  >RXS</td><td  >16</td><td  >3000</td><td  >330.0</td><td  >12.4</td><td  >2.8</td><td  >3.8</td><td  >1.2</td><td  >4.0</td><td  >12.0</td><td  >Q1</td></tr>\n<tr><td  >TPS62871Y1QWRXSRQ1</td><td  >VQFN-</td><td  >RXS</td><td  >16</td><td  >3000</td><td  >330.0</td><td  >12.4</td><td  >2.8</td><td  >3.8</td><td  >1.2</td><td  >4.0</td><td  >12.0</td><td  >Q1</td></tr>\n<tr><td  >TPS62872N0QWRXSRQ1</td><td  >VQFN-</td><td  >RXS</td><td  >16</td><td  >3000</td><td  >330.0</td><td  >12.4</td><td  >2.8</td><td  >3.8</td><td  >1.2</td><td  >4.0</td><td  >12.0</td><td  >Q1</td></tr>\n<tr><th  >Device</th><th  >Package</th><th  >Package</th><th  >Pins</th><th  >SPQ</th><th  >Reel</th><th  >Reel</th><th  >A0</th><th  >BO</th><th  >KO</th><th  >P1</th><th  >W</th><th  >Pin1</th></tr>\n<tr><th></th><th  >Type</th><th  >Drawing</th><th></th><th></th><th  >Diameter</th><th  >Width</th><th  >(mm)</th><th  >(mm)</th><th  >(mm)</th><th  >(mm)</th><th  >(mm)</th><th  >[Quadrant</th></tr>\n<tr><th></th><th></th><th></th><th></th><th></th><th  >(mm)</th><th  >W1 (mm)]</th><th></th><th></th><th></th><th></th><th></th><th></th></tr>\n<tr><td  >TPS62872QWRXSRQ1</td><td  >VQFN-</td><td  >RXS</td><td  >16</td><td  >3000</td><td  >330.0</td><td  >12.4</td><td  >2.8</td><td  >3.8</td><td  >1.2</td><td  >4.0</td><td  >12.0</td><td  >Q1</td></tr>\n<tr><th></th><th  > FCRLF</th><th></th><th></th><th></th><th></th><th></th><th></th><th></th><th></th><th></th><th></th><th></th></tr>\n<tr><td  >TPS62872Y1QWRXSRQ1</td><td  >VQFN-</td><td  >RXS</td><td  >16</td><td  >3000</td><td  >330.0</td><td  >12.4</td><td  >2.8</td><td  >3.8</td><td  >1.2</td><td  >4.0</td><td  >12.0</td><td  >Q1</td></tr>\n<tr><td  >TPS62873QWRXSRQ1</td><td  >VQFN-</td><td  >RXS</td><td  >16</td><td  >3000</td><td  >330.0</td><td  >12.4</td><td  >2.8</td><td  >3.8</td><td  >1.2</td><td  >4.0</td><td  >12.0</td><td  >Q1</td></tr>\n<tr><td  >TPS62873Y1QWRXSRQ1</td><td  >VQFN-</td><td  >RXS</td><td  >16</td><td  >3000</td><td  >330.0</td><td  >12.4</td><td  >2.8</td><td  >3.8</td><td  >1.2</td><td  >4.0</td><td  >12.0</td><td  >Q1</td></tr>\n</table>"", ""<table><caption> PACKAGINGINFORMATION (1) The markting status values aredefined a fllows: ACTivE: Product device recommended for new designs. LIFEBuY: TI has announced that the device will be discontinued, and a lifetime-buy period is in effect.  NRND: Not recommended for new designs. Device is in production to support existing customers, but TI does not recommend using this part in a new design. PREVIEW: Device has been announced but is not in production. Samples may or may not be available. OBsoLETE: TI has discontinued the production of the device.</caption>\n<tr><td  > Orderable Device</td><td  > Status (1)</td><td  >Package Type</td><td  >Package Pins Package Drawing</td><td></td><td  >Qty</td><td  >Eco Plan (2)</td><td  >Lead finish/ Ball material</td><td  > MSL Peak Temp (3)</td><td  >Op Temp (°C)</td><td  >Device Marking (4/5)</td><td  >Samples</td></tr>\n<tr><td></td><td></td><td></td><td></td><td></td><td></td><td></td><td  >(6)</td><td></td><td></td><td></td><td></td></tr>\n<tr><td  >TPS62870N0QWRXSRQ1</td><td  >ACTIVE</td><td  >VQFN-FCRLF</td><td  >RXS</td><td  >16</td><td  >3000</td><td  >RoHS & Green</td><td  >NIPDAU </td><td  >Level-2-260C-1 YEAR</td><td  >-40 to 125</td><td  >870NOB</td><td  >Samples</td></tr>\n<tr><td  >TPS62870QWRXSRQ1</td><td  >ACTIVE</td><td  >VQFN-FCRLF</td><td  >RXS</td><td  >16</td><td  >3000</td><td  >RoHS & Green</td><td  >NIPDAU</td><td  >Level-2-260C-1 YEAR</td><td  >-40 to 125</td><td  >870B</td><td  >Samples</td></tr>\n<tr><td  >TPS62870Y0QWRXSRQ1</td><td  >ACTIVE</td><td  >VQFN-FCRLF</td><td  >RXS</td><td  >16</td><td  >3000</td><td  >RoHS & Green</td><td  >NIPDAU</td><td  >Level-2-260C-1 YEAR</td><td  >-40 to 125</td><td  >870Y0B</td><td  > Samples</td></tr>\n<tr><td  >TPS62870Y1QWRXSRQ1</td><td  >ACTIVE</td><td  >VQFN-FCRLF</td><td  >RXS</td><td  >16</td><td  >3000</td><td  >RoHS & Green</td><td  >NIPDAU</td><td  >Level-2-260C-1 YEAR</td><td  >-40 to 125</td><td  >870Y1B</td><td  >Samples</td></tr>\n<tr><td  >TPS62870Y2QWRXSRQ1</td><td  >ACTIVE</td><td  >VQFN-FCRLF</td><td  >RXS</td><td  >16</td><td  >3000</td><td  >RoHS & Green</td><td  >NIPDAU</td><td  >Level-2-260C-1 YEAR</td><td  >-40 to 125</td><td  >870Y2B</td><td  > Samples</td></tr>\n<tr><td  >TPS62870Y3QWRXSRQ1</td><td  >ACTIVE</td><td  >VQFN-FCRLF</td><td  >RXS</td><td  >16</td><td  >3000</td><td  >RoHS & Green</td><td  >NIPDAU</td><td  >Level-2-260C-1 YEAR</td><td  >-40 to 125 </td><td  >870Y3B</td><td  >Samples </td></tr>\n<tr><td  >TPS62871QWRXSRQ1</td><td  >ACTIVE</td><td  >VQFN-FCRLF</td><td  >RXS</td><td  >16</td><td  >3000</td><td  >RoHS & Green</td><td  >NIPDAU</td><td  >Level-2-260C-1 YEAR</td><td  >-40 to 125 </td><td  >871B</td><td  >Samples</td></tr>\n<tr><td  >TPS62871Y1QWRXSRQ1</td><td  >ACTIVE</td><td  >VQFN-FCRLF</td><td  >RXS</td><td  >16</td><td  >3000</td><td  >RoHS & Green</td><td  >NIPDAU</td><td  >Level-2-260C-1 YEAR</td><td  >-40 to 125</td><td  >871Y1B</td><td  >Samples</td></tr>\n<tr><td  >TPS62872N0QWRXSRQ1</td><td  >ACTIVE</td><td  >VQFN-FCRLF</td><td  >RXS</td><td  >16</td><td  >3000</td><td  >RoHS & Green</td><td  >NIPDAU</td><td  >Level-2-260C-1 YEAR</td><td  >-40 to 125 </td><td  >872NOB</td><td  > Samples</td></tr>\n<tr><td  >TPS62872QWRXSRQ1</td><td  >ACTIVE</td><td  >VQFN-FCRLF</td><td  >RXS</td><td  >16</td><td  >3000</td><td  >RoHS &Green</td><td  >NIPDAU</td><td  >Level-2-260C-1 YEAR</td><td  >-40 to 125</td><td  >872B</td><td  >Samples </td></tr>\n<tr><td  >TPS62872Y1QWRXSRQ1</td><td  >ACTIVE</td><td  >VQFN-FCRLF</td><td  >RXS</td><td  >16</td><td  >3000</td><td  >RoHS & Green</td><td  >NIPDAU</td><td  >Level-2-260C-1 YEAR</td><td  >-40 to 125 </td><td  >872Y1B</td><td  >Samples</td></tr>\n<tr><td  >TPS62873QWRXSRQ1</td><td  >ACTIVE</td><td  >VQFN-FCRLF</td><td  >RXS</td><td  >16</td><td  >3000</td><td  >RoHS& Green</td><td  >NIPDAU</td><td  >Level-2-260C-1 YEAR</td><td  >-40 to 125</td><td  >873B</td><td  >Samples</td></tr>\n<tr><td  >TPS62873Y1QWRXSRQ1</td><td  >ACTIVE </td><td  >VQFN-FCRLF</td><td  >RXS</td><td  >16</td><td  >3000</td><td  >RoHS & Green</td><td  >NIPDAU</td><td  >Level-2-260C-1 YEAR</td><td  >-40 to 125</td><td  >873Y1B</td><td  >Samples</td></tr>\n</table>"", ""10.3 Best Design Practices\nFigure 10-22.Shutdown (Discharge Enabled)\n10.2.3 Application Curves (continued)\n100MS/s\n250MS/'s\n3.30\n3.30 V\n→3.0000ms\nT+600.000s\nLoad = 0.75 Ω\nLoad = 7.5 Q\nFigure 10-20. Start-Up Using the EN Pin\nFigure 10-21. Shutdown Using the EN Pin (Discharge Enabled)\nMMMMN\n1.00m.0000ms \n3.30 V\n1Mpoints\n.06V\nT+13.3800m\n1M points\n3.30 V\nLoad = 7.5 Ω\nFigure 10-23. Current Limit (Hiccup)\nINCORRECT\nCORRECT\nTPS6287x-Q1\nTPS6287x-Q1\n2.7 V to 6 V\n2.7Vto6 V\nVIN\n≥ 15 kQ\nEN\nINCORRECT\nCORRECT\nTPS6287x-Q1\nTPS6287x-Q1\n2.7V to 6 V\n2.7V to 6 V\nVIN\n≥15 kΩ\nENABLE\nENABLE\nEN"", ""\n9.4.4 0n\nThe device operates in on mode when the supply voltage is greater than the UVLO threshold and all of the following conditions are true:\n·A high-level is applied to the EN pin.\n SWEN = 1 in the CONTROL1 register.\nThe device junction temperature is below the thermal shutdown threshold.· · The supply voltage is below the OVLO threshold.\nAll functions are available in on mode.\nThe device leaves on mode and enters UVLO mode when the supply voltage decreases below the UVLO threshold. The device leaves on mode and enters standby mode when any of the following conditions is true:\n· A low level is applied to the EN pin.\n· SWEN = 0 in the CONTROL1 register.\n· The device junction temperature is greater than the thermal shutdown threshold.\n·The supply voltage is greater than the OVLO threshold.\n9.5 Programming\n9.5.1 Serial Interface Description\nI2C is a 2-wire serial interface developed by Philips Semiconductor, now NXP Semiconductors (see I2C-Bus Specification and User Manual, Revision 6, 4 April 2014). The bus consists of a data line (SDA) and a clock line (SCL) with pullup structures. When the bus is idle, both SDA and SCL lines are pulled high. All I2C-compatible devices connect to the I2C bus through open-drain I/O pins, SDA and SCL. A controller, usually a microcontroller or a digital signal processor, controls the bus. The controller is responsible for generating the SCL signal and device addresses. The controller also generates specific conditions that indicate the START and STOP of data transfer. A target receives data, transmits data, or both on the bus under control of the controller.\nThe TPS6287x-Q1 device operates as a target and supports the following data transfer modes, as defined in the I2C-Bus Specification: standard mode (100 kbps), fast mode (400 kbps), and fast mode plus (1 Mbps). The interface adds flexibility to the power supply solution, enabling most functions to be programmed to new values depending on the instantaneous application requirements. Register contents remain intact as long as the input voltage remains above 1.4 V.\nThe data transfer protocol for standard and fast modes is exactly the same, therefore, they are referred to as F/S-mode in this document. The device supports 7-bit addressing; general call addresses are not supported."", ""<table><caption> Table 9-16. CONTROL3 Register Field Descriptions</caption>\n<tr><td  >Bit</td><td  >Field</td><td  >Type</td><td  >Reset</td><td  >Description</td></tr>\n<tr><td  >7-2</td><td  >RESERVED</td><td  >R</td><td  >00000Ob</td><td  >Reserved for future use. For compatibility with future device variants,</td></tr>\n<tr><td></td><td></td><td></td><td></td><td  >program these bits to 0.</td></tr>\n<tr><td  >1</td><td  >SINGLE</td><td  >R/W</td><td  >Ob</td><td  >Single operation. This bit controls the internal EN pulldown and</td></tr>\n<tr><td></td><td></td><td></td><td></td><td  >SYNCOUT functions.</td></tr>\n<tr><td></td><td></td><td></td><td></td><td  >Ob = EN pin pulldown and SYNCOUT enabled 1b = EN pin pulldown and SYNCOUT disabled. Do not use during </td></tr>\n<tr><td></td><td></td><td></td><td></td><td  >stacked operation.</td></tr>\n<tr><td  >0</td><td  >PGBLNKDVS</td><td  >R/W</td><td  >Ob</td><td  >Power-good blanking during DvS </td></tr>\n<tr><td></td><td></td><td></td><td></td><td  >Ob = PG pin reflects the output of the window comparator.</td></tr>\n<tr><td></td><td></td><td></td><td></td><td  > 1b = PG pin is high impedance during DVS.</td></tr>\n</table>"", ""\n9.4 Device Functional Modes\n9.4.1 Power-On Reset\nThe device operates in POR mode when the supply voltage is less than the POR threshold, 1.4 V (typical).\nIn POR mode, no functions are available and the content of the device registers is not valid.\nThe device leaves POR mode and enters UVLO mode when the supply voltage increases above the POR threshold\n9.4.2 Undervoltage Lockout\nThe device operates in UVLO mode when the supply voltage is between the POR and UVLO thresholds.\nIf the device enters UVLO mode from POR mode, no functions are available. If the device enters UVLO mode from standby mode, the output discharge function is available. The content of the device registers is valid in UVLO mode.\nThe device leaves UVLO mode and enters POR mode when the supply voltage decreases below the POR threshold. The device leaves UVLO mode and enters standby mode when the supply voltage increases above the UVLO threshold.\n9.4.3 Standby\nThe device operates in standby mode when the supply voltage is greater than the UVLO threshold (and the device has completed its initialization) and any of the following conditions is true:\n· A low level is applied to the EN pin.\nSWEN = 0 in the CONTROL1 register.· The device junction temperature is greater than the thermal shutdown threshold.\n·The supply voltage is greater than the OVLO threshold.\nThe device initializes for 4o0 μs (typical) after the supply voltage increases above the UVLO threshold voltage following a device power-on reset. If the supply voltage decreases below the UVLO threshold but not below the POR threshold, the device does not reinitialize when the supply voltage increases again. During initialization, the device reads the state of the FSEL, VSEL, and SYNC_OUT pins.\nThe following functions are available in standby mode:\n· I2C interface ·Output discharge ·Power good\nProduct Folder Links: TPS62870-Q1TPS62871-Q1 TPS62872-Q1 TPS62873-Q1\nThe device leaves standby mode and enters UVLO mode when the supply voltage decreases below the UVLO threshold. The device leaves standby mode and enters on mode when all of the following conditions are true:\n· A high-level is applied to the EN pin.\n· SWEN = 1 in the CONTROL1 register.\nThe device junction temperature is below the thermal shutdown threshold.· · The supply voltage is below the OVLO threshold."", ""\nIf the user applies a valid clock signal to the MODE/SYNC pin, the device synchronizes its switching cycles to the external clock and automatically selects forced PwM operation.\nThe MODE/SYNC pin is logically ORed with the FPWMEN bit in the CONTROL1 register (see Table 9-1).\nWhen multiple devices are used together in a stacked configuration, the MODE/SYNC pin of the secondary devices is the input for the clock signal (see Section 9.3.17).\n9.3.9 Spread Spectrum Clocking (SSC)\nThe device has a spread spectrum clocking function that can reduce electromagnetic interference (EMl). When the SSC function is active, the device modulates the switching frequency to approximately ±10% the nominal value. The frequency modulation has a triangular characteristic (see Figure 9-11).\nTo use the SSC function, make sure that:\n· SSCEN = 1 in the CONTROL1 register.\n· Forced PWM operation is selected (MODE pin is high or FPWMEN = 1 in the CONTROL1 register).\nProduct Folder Links: TPS62870-Q1TPS62871-Q1 TPS62872-Q1 TPS62873-Q1\n·The device is not synchronized to an external clock.\nTo disable the SSC function, ensure that SCCEN = 0 in the CONTROL1 register.\nTo use the SSC function with multiple devices in a stacked configuration, ensure that the primary converter runs from its internal oscillator and synchronize all secondary converters to the primary clock (see Figure 9-14).\n9.3.10 Output Discharge\nThe device has an output discharge function that ensures a defined ramp down of the output voltage when the device is disabled and keeps the output voltage close to 0 V while the device is off. The output discharge function is enabled when DISCHEN = 1 in the CONTROL1 register. The output discharge function is enabled by default.\nIf enabled, the device discharges the output under the following conditions:\n· A low level is applied to the EN pin.\n· SWEN = O in the CONTROL1 register.\n· A thermal shutdown event occurs.\n· A UVLO event occurs.\n· An OVLO event occurs.\nThe output discharge function is not available until the user has enabled the device at least once after power up During power down, the device continues to discharge the output for as long as the internal supply voltage is greater than approximately 1.8 V."", ""\nall operating conditions.\nI2C-compatible interface up to 1-MHz Differential remote sensing Optional stacked operation for increased output current capability Thermal warning and thermal shutdown Precise enable input Active output discharge Optional spread-spectrum clocking\n Power-good output with a window comparator·\nAvailable in 2.55-mm × 3.55-mm × 1-mm VQFN package with wettable flanks -40°C to 150°C junction temperature, Tj\n2 Applications\nInfotainment and cluster ADAS FPGA, ASIC, and digital core supply DDR memory supply\nTPS6287x-Q1 Simplified Schematic\nTable of Contents\n9.4 Device Functional Modes.\n30\n1Features.\n 2 Applications.\n9.5 Programming.\n31\n3 Description.\n9.6 Register Map..\n35\n1\n4 Revision History.\n10 Application and Implementation..\n41\n2\n41.\n 5 Description (continued)..\n10.1 Application Information.\n3\n41\n6 Device Options\n10.2 Typical Application.\n3\n7 Pin Configuration and Functions.\n10.3 Best Design Practices.\n49\n.5\n8 Specifications.\n10.4 Power Supply Recommendations...\n50\n..\n8.1 Absolute Maximum Ratings..\n50\n10.5 Layout..\n7\n 11 Device and Documentation Support.\n8.2 ESD Ratings...\n52\n7\n8.3 Recommended Operating Conditions....\n11.1 Device Support..\n.52\n.7\n8.4 Thermal Information..\n11.2 Documentation Support\n52\n.8\n8.5 Electrical Characteristics.\n..8\n11.3 Receiving Notification of Documentation Updates.\n.52\n8.6 I2C Interface Timing Characteristics...\n10\n11.4 Support Resources.\n52\n11.5 Trademarks.\n8.7 Timing Requirements.\n11\n52\n11.6 Electrostatic Discharge Caution..\n8.8 Typical Characteristics.\n12\n52\n11.7 Glossary.\n9 Detailed. Description.......\n.13\n.52.....\n13\n12 Mechanical, Packaging, and Orderable\n9.1 Overview.\n 9.2 Functional Block Diagram..\n14\nInformation....\n52\n 9.3 Feature Description.\n.15\n4 Revision History\nNOTE: Page numbers for previous revisions may differ from page numbers in the current version.\nPage\nChanges from Revision A (July 2022) to Revision B (January 2023)"", ""\nTPS6287x-Q1 2.7-V to 6-V Input, 6-A, 9-A, 12-A, 15-A, Stackable, Synchronous Step- Down Converters with Fast Transient Response\n3 Description\n1 Features\n AEC-Q100 qualified for automotive applications\nThe TPS6287x-Q1 is a family of pin-to-pin 6-A, 9-\nTemperature grade 1: -40°C to +125°C, TA\nA, 12-A, and 15-A synchronous step-down DC/DC converters with differential remote sensing. For each\nFunctional Safety-Capable\ncurrent rating, there are full-featured device variants\nDocumentation available to aid functional safety\nwith I²C interface and limited-featured device variants\nsystem design\nwithout I2C interface. All devices offer high efficiency\nDocumentation available to aid functional safety\nand ease of use. Low-resistance power switches\nsystem design\nallow up to 15-A continuous output current at high\nDocumentation available to aid functional safety\nambient temperatures.\nsystem design 2.7-V to 6-V input voltage range\nThe devices can operate in stacked mode to deliver\nFamily of pin-to-pin compatible devices: 6-A, 9-A,\nhigher output currents or to spread the power\n12-A, and 15-A\ndissipation across multiple devices.\n Four output voltage ranges:\nThe TPS6287x-Q1 family implements an enhanced\n0.4-V to 0.71875-V in 1.25-mV steps\nDCS control scheme that supports fast transients with\n 0.4-V to 1.0375-V in 2.5-mV steps\nfixed-frequency operation.  Devices can operatein\n0.4-V to 1.675-V in 5-mV steps\npower save mode for maximum efficiency, or forced-\n0.8-V to 3.35-V in 10-mV steps\nPWM mode for the best transient performance and\n Output voltage accuracy ±1%\nlowest output voltage ripple.\n7-mQ and 4.5-mQ internal power MOSFETs Adjustable external compensation\nAn optional remote sensing feature maximizes voltage\n Resistor-selectable start-up output voltage\n and  the device\nregulation at the point-of-load,\nResistor-selectable switching frequency\nachieves better than ±1% DC voltage accuracy under\nPower-save or forced-PwM operation"", ""\nNone：POWER; HW Interface Component ：QM; None：F19/POWER; None：使能TPS22918的1V8_EQ输出和关断; MCU Component ：F01/MCU; None：QM; None：H20; None：P20.0; None：P20.0/GTM_TIM1_IN6_7CAN03_RXDC/CBS_TGI0/SCU_E_REQ6_0/GPT120_T6EUDA/GTM_TOUT59; None：GPIO; None：MCU_1V8_EQ_EN; None：/; None：O; None：EQ 1V8供电的使能信号; None：HI-Z，硬件外部下拉; None：—; SW Variable Name or SW Function Name：— ——Port1\nNone：RESET; HW Interface Component ：B; None：F02/EYEQ6L; None：EQ6L的复位信号，由MCU进行控制EQ6L的工作和复位。; MCU Component ：F01/ MCU; None：B; None：D1; None：P02.4; None：P02.4/GTM_TIM1_IN4_1/QSPI3_SLSIA/I2C0_SDAA/CAN11_RXDA/CAN0_ECTT1/GTM_TOUT4/QSPI3_SLSO0; None：GPIO; None：MCU_RESET_EQ_P02.4; None：/; None：O; None：MCU输出用于控制EQ复位\n高：EQ6L复位信号无效\n低：EQ6L复位信号有效\n\n注意EQ上下电时序。; None：HI-Z，硬件外部下拉; None：—; SW Variable Name or SW Function Name：— ——Port1\nNone：EQ6L的中断信号，由MCU输入触发EQ6L的中断。; MCU Component ：F01/ MCU; None：B; None：H2; None：P00.3; None：P00.3/GTM_TIM5_IN7_10/GTM_TIM3_IN2_1/GTM_TIM2_IN2_1/CAN03_RXDA/GTM_TOUT12/EVADC_G9CH9; None：INT; None：EYEQ6_XINT_OSCBYP_P00.3; None：/; None：O; None：EQ6时钟模式采集\n高：外部晶振\n低：外部晶体; None：HI-Z, 硬件外部下拉; None：—; SW Variable Name or SW Function Name：— ——Port1"", ""<table><tr><td>模块序号\nModule number</td><td>模块名称\nModule name</td><td>功能定义\nFunction definition.</td><td>功能安全需求\nFunctional safety requirements</td></tr><tr><td>F01</td><td>MCU</td><td>SAK-TC377TP-96F300S AA</td><td>B(B)</td></tr><tr><td>F02</td><td>EYEQ6-L</td><td>EYEQ6-L，用于sensor的视频处理</td><td>B</td></tr><tr><td>F03</td><td>EYEQ6_LPDDR4</td><td>EQ6的1GB LPDDR4</td><td>B</td></tr><tr><td>F04</td><td>EYEQ6_NAND FLASH</td><td>EQ6的2Gb NAND FLASH</td><td>B</td></tr><tr><td>F05</td><td>CAM SENSOR</td><td>Sony 728摄像头模组</td><td>B</td></tr><tr><td>F06</td><td>KL30 sample</td><td>KL30电压采样</td><td>QM</td></tr><tr><td>F07</td><td>KL15 sample</td><td>KL15电压采样</td><td>QM</td></tr><tr><td>F08</td><td>EQ system power sample1</td><td>EQ6L系统供电电源电压ADC采样滤波、分压电路</td><td>B(B)</td></tr><tr><td>F09</td><td>ETH and CAN power sample2</td><td>CAN和ETH电源电压ADC采样滤波、分压电路</td><td>QM</td></tr><tr><td>F10</td><td>NTC temp sensor</td><td>NTC温度传感器，监控EQ6L/LPDDR4周边环境温度。</td><td>B</td></tr><tr><td>F11</td><td>KL30 EMI</td><td>KL30供电口EMI滤波电路.</td><td>B</td></tr><tr><td>F12</td><td>POWER</td><td>LN10046，KL30电源转VCC3V3电源</td><td>B</td></tr><tr><td>F13</td><td>POWER</td><td>LP87702，VCC3V3电压输入，VCC1V1、VCC1V8、VCC50电压输出</td><td>QM(B)</td></tr><tr><td>F14</td><td>POWER</td><td>TPS62872，VCC3V3电压输入，VCC0V75电压输出</td><td>QM(B)</td></tr><tr><td>F15</td><td>POWER</td><td>SA23002，VCC3V3输入，VCC0V75电压输出</td><td>QM(B)</td></tr><tr><td>F16</td><td>POWER</td><td>TPS22918负载开关，VCC3V3电压输入，VCC3V3_EQ输出</td><td>QM(B)</td></tr><tr><td>F17</td><td>POWER</td><td>TPS22918负载开关，VCC3V3输入，VCC3V3_ETH输出</td><td>QM</td></tr><tr><td>F18</td><td>overvoltage protect</td><td>用于MCU电源VCC3V3_MCU的外部过压保护</td><td>B</td></tr><tr><td>F19</td><td>POWER</td><td>TPS22918 负载开关，VCC1V8电压输入，VCC1V8_EQ电压输出</td><td>QM(B)</td></tr><tr><td>F20</td><td>CAN3</td><td>基于TCAN1145的CAN通讯，硬件支持特定报文唤醒</td><td>QM</td></tr><tr><td>F21</td><td>CAN2</td><td>基于TCAN1044A的CAN通讯.</td><td>QM</td></tr><tr><td>F22</td><td>CAN1</td><td>基于TCAN1044A的CAN通讯</td><td>QM</td></tr><tr><td>F23</td><td>CAN0</td><td>基于TCAN1044A的CAN通讯.</td><td>QM</td></tr><tr><td>F24</td><td>ETH</td><td>基于DP83TC812R的100BASE-T1通讯</td><td>QM</td></tr><tr><td>F25</td><td>Wake up</td><td>唤醒源和一级电源使能电路设计</td><td>QM</td></tr><tr><td>F26</td><td>watchdog</td><td>LP87702的看门狗功能，用于监控MCU运行状态</td><td>B</td></tr><tr><td>F27</td><td>POWER</td><td>VCC3V3_MCU转VCC1V25_MCU电压，由MCU的EVRC进行控制。</td><td>B</td></tr><tr><td>F28</td><td>level translation</td><td>3V3和1V8双向电压转换芯片</td><td>QM</td></tr></table>"", ""<table><tr><td>HM ID</td><td>F01/F06/F11</td></tr><tr><td>模块功能\nModule Function</td><td>ADAS正常工作电压范围9~16VDC，系统需求需要对产品供电KL30进行电源管理，硬件电路对UBD电源网络进行ADC采样。\nADAS normal operating voltage range is 9~16VDC. System requirements require power management for the product power supply KL30. The hardware circuit performs ADC sampling on the UBD power supply.</td></tr><tr><td>模块框图\nModule diagram</td><td></td></tr><tr><td>模块方案\nModule solution</td><td>MCU_UB_SW_P00.10信号是由MCU I/O控制的数字信号，用于使能KL30电压采样功能。\n  MCU_UB_SW_P00.10 signal is a digital signal controlled by MCU I/O, used to enable KL30 voltage sampling function.\nUBSW_ACQ_AN6信号是UBD经过100K 1%、10K 1%电阻分压后的模拟信号。\n  UBSW_ACQ_AN6 signal is an analog signal of UBD divided by 100K 1%、10K 1% resistors. Which is connected to the ADC pin of MCU for sampling. \nMCU的ADC采集到UBD后进行电源管理，当软件诊断到UBD电压范围异常时，MCU会关断EQ和其他负载工作电源，确保ADAS功能安全。\n  The ADC of MCU collects UBD for power management. When the software detects that UBD voltage range is abnormal, the MCU will turn off EQ and other load power supplies to ensure the functional safety of ADAS.</td></tr></table>"", ""<table><caption> Table 9-1 shows the function table of the MODE/SYNC pin and the FPWMEN bit in the CONTROL1 register, Table 9-1. FPWM Mode and Power-Save Mode Selection Note</caption>\n<tr><td  >MODE/SYNCPin</td><td  >FPWMEN Bit</td><td  >OperatingMode</td><td  >Remark</td></tr>\n<tr><td  >Low</td><td  >0</td><td  >PSM</td><td  >Do not use in a stacked configuration.</td></tr>\n<tr><td></td><td  >1</td><td  >FPWM</td><td></td></tr>\n<tr><td  >High</td><td  >X</td><td  >FPWM</td><td></td></tr>\n<tr><td  >Sync Clock</td><td  >X</td><td  >FPWM</td><td></td></tr>\n</table>"", ""\nNone：U20; None：P23.2; None：P23.2/GTM_TIM1_IN6_5/GTM_TIM0_IN6_5/GTM_TOUT43/CAN12_TXD; None：GPIO; None：MCU_RST_FLASH_P23.2; None：/; None：O; None：FLASH复位信号\n低：FLASH复位\n高：FLASH进入工作状态; None：HI-Z，硬件外部下拉; None：—; SW Variable Name or SW Function Name：— ——Port1\nNone：未使用; MCU Component ：F01/ MCU; None：NA; None：/; None：D7; None：P11.14; None：P11.14/GTM_TIM4_IN7_4/GTM_TIM2_IN7_8/GETH_CRSDVB/GETH_RXDVB/GETH_CRSA/GTM_TOUT126; None：GPIO; None：MCU_ETH_CFG1_P11.14; None：/; None：I; None：CFG1：BOM配置，判断是否有以太网\n高：TBD\n低：TBD; None：HI-Z; None：—; SW Variable Name or SW Function Name：— ——Port1\nNone：未使用; MCU Component ：F01/ MCU; None：NA; None：/; None：D6; None：P11.15; None：P11.15/GTM_TIM4_IN7_5/GTM_TIM0_IN7_8/GETH_COLA/GTM_TOUT127; None：GPIO; None：MCU_ETH_CFG2_P11.15; None：/; None：I; None：CFG2：BOM配置，判断以太网接口类型\n高：TBD\n低：TBD; None：HI-Z; None：—; SW Variable Name or SW Function Name：— ——Port1\nHW Interface Component ：QM(B); None：F13/POWER; None：1、LP87702实现VCC3V3转VCC1V8、VCC1V1、VCC50三路电源输出\n2、LP87702的VCC50由MCU的GPIO控制使能和关断，VCC1V8、VCC1V1由MCU的I2C控制使能和关断。\n3、预留中断信号用于MCU辅助监控LP87702的工作状态。\n4、MCU可以通过I2C监控和管理LP87702的状态。; MCU Component ：F01/ MCU; None：QM; None：B17; None：P15.3; None：P15.3/GTM_TIM3_IN6_4/GTM_TIM2_IN6_4/CAN01_RXDA/QSPI2_SCLKA/GTM_TOUT74/QSPI2_SCLK/MSC0_EN1; None：GPIO; None：MCU_5V_EN; None：/; None：O; None：VCC50（LP87702）电源使能控制信号\n高：使能VCC50电压输出\n低：关断VCC50电压输出; None：HI-Z，硬件外部下拉; None：—; SW Variable Name or SW Function Name：— ——Port1"", ""\nNone：EYEQ6L 边界位置检测输出; MCU Component ：F01/ MCU; None：QM; None：A7; None：P10.0; None：P10.0/GTM_TIM4_IN0_12/GTM_TIM1_IN4_2/GTM_TIM0_IN4_2/GETH_RXERC/GTM_TOUT102/QSPI1_SLSO10; None：GPIO; None：EQ_DAISY_CHAIN_IN_P10.0; None：/; None：O; None：EYEQ6L 边界位置检测输出; None：HI-Z; None：—; SW Variable Name or SW Function Name：— ——Port1\nNone：EYEQ6L 关键性错误指示信号; MCU Component ：F01/ MCU; None：QM; None：B4; None：P10.8; None：P10.8/GTM_TIM4_IN0_13/GTM_TIM1_IN5_2/CAN12_RXDB/QSPI3_SCLKB/GTM_TOUT110/QSPI3_SCLK; None：GPIO; None：EYEQ6_CRERR_N_P10.8; None：/; None：I; None：EYEQ6L 关键性错误指示信号\n高：未发生错误\n低：发生错误; None：HI-Z，硬件外部上拉; None：—; SW Variable Name or SW Function Name：— ——Port1\nNone：FCMU RESET ENABLE\n低有效; MCU Component ：F01/ MCU; None：B; None：E6; None：P11.13; None：P11.13/GTM_TIM4_IN6_5/GTM_TIM2_IN6_7/GETH_RXERA/CAN13_RXDD/GTM_TOUT125; None：GPIO; None：EYEQ6_FCMU_RSTEN_N_P11.13; None：/; None：O; None：FCMU RESET ENABLE\n低有效; None：HI-Z，硬件外部下拉; None：—; SW Variable Name or SW Function Name：— ——Port1\nNone：MCU和EQ6的GPIO信号; MCU Component ：F01/ MCU; None：QM; None：J17; None：P21.1; None：P21.1/GTM_TIM4_IN1_13/GTM_TIM3_IN5_6/GTM_TIM2_IN5_6/QSPI4_MRSTDP/GTM_DTMA4_1/GTM_TOUT52/HSM_HSM2; None：UBOOT; None：EQ6L_GPIO_A14_UBOOT; None：/; None：O; None：UBOOT; None：HI-Z; None：—; SW Variable Name or SW Function Name：— ——Port1""]","{""original_context_count"": 30, ""original_context_characters"": 58717, ""scored_context_count"": 7, ""scored_context_characters"": 12000, ""contexts_truncated"": true, ""context_selection"": ""claim_coverage""}",0.7163753671243871,0.45156033560970243,1.0,not_applicable,0.9999999999,1.0,1.0,0.9166666666666666,not_applicable
hw-v1-circuit-vcc1v8-switch,success,VCC1V8 到 EQ 的 1.8V 电源经过哪颗负载开关，使能信号是什么？,VCC1V8 经 U1803（TPS22918）输出为 VCC1V8_EQ，使能信号为 MCU_1V8_EQ_EN。,"## 答案

### 子问题 1：从 VCC1V8 到 EQ 的 1.8V 电源路径中，经过的负载开关是哪一颗？

**结论**：存在一个负载开关将 VCC1V8 转换为 VCC1V8_EQ 用于 EQ 供电，但该负载开关的**具体器件型号**在现有证据中未明确给出。

**支撑证据**：
- 文档 [18] 明确说明：“VCC1V8 to VCC1V8_EQ for EQ power supply, now using the load switch scheme is selected.”  
- 原理图 [13] 显示了网络 VCC1V8_EQ（连接 C1830、C664、C667、L600‑L604、R1141、TP1817、U1803.QOD、U1803.VOUT 等），但未直接标识负载开关的器件编号。U1803 与其他电源相关，但未标明为负载开关。

**缺失信息**：负载开关的具体型号（如 Ux 编号）。

---

### 子问题 2：该负载开关的使能信号是什么？

**状态**：根据检索账本，该子问题被标记为 **missing**（未覆盖），但我在检索到的文档 [18] 中找到了明确信息，请谨慎参考。

**可参考证据**：  
文档 [18] 中写道：“VCC1V8 to VCC1V8_EQ for EQ power supply, ... 用MCU的P20.0引脚使能该芯片。”  
即使能信号为 **MCU_P20.0**（或称为 EQ6L_GPIO_A0_P23.0？注意原理图中 P23.0 与 P20.0 不同，此处以文档为准）。

**缺口说明**：  
- 检索账本中 sq_2 的 supporting_evidence_ids 为空，未将任何电路或表格证据直接关联到该使能信号。  
- 文档 [18] 属于文本描述，并非原理图连接或管脚定义，其可靠性低于直接电路证据。  
- 原理图 [3] 中网络 EQ6L_GPIO_A0_P23.0 连接至 R541、TP1024、U900E.P23.0，但未显示与负载开关的直接连接，因此无法确认该 GPIO 实际用于使能该负载开关。

**建议**：需要进一步查阅原理图或表格中关于负载开关使能引脚的连接，以确认 MCU_P20.0 是否确实连接到该负载开关的 EN 引脚。

---

### 缺失信息汇总

| 缺失项 | 说明 |
|--------|------|
| 负载开关的具体器件型号 | 仅知存在负载开关，但未识别出 Ux 编号 |
| 使能信号的直接连接证据 | 文档提供了使能引脚（MCU_P20.0），但缺乏原理图或表格中的直接连接确认 |

### 说明
- 以上分析严格基于给定证据，未编造任何信息。  
- 证据冲突列表中的字段（如 mcu_0v75_mipi_ddr_en、mcu_vcc0v75_en、ecu_en）与本题无关，故未列出。  
- 如需进一步确认，建议使用电路查询工具，以“负载开关+使能信号”为关键词，在原理图文件 825504380_ADAS_SCH_TCN2.EDF 中搜索相关连接。","## 答案

### 子问题 1：从 VCC1V8 到 EQ 的 1.8V 电源路径中，经过的负载开关是哪一颗？

**结论**：存在一个负载开关将 VCC1V8 转换为 VCC1V8_EQ 用于 EQ 供电，但该负载开关的**具体器件型号**在现有证据中未明确给出。

**支撑证据**：
- 文档 [18] 明确说明：“VCC1V8 to VCC1V8_EQ for EQ power supply, now using the load switch scheme is selected.”  
- 原理图 [13] 显示了网络 VCC1V8_EQ（连接 C1830、C664、C667、L600‑L604、R1141、TP1817、U1803.QOD、U1803.VOUT 等），但未直接标识负载开关的器件编号。U1803 与其他电源相关，但未标明为负载开关。

**缺失信息**：负载开关的具体型号（如 Ux 编号）。

---

### 子问题 2：该负载开关的使能信号是什么？

**状态**：根据检索账本，该子问题被标记为 **missing**（未覆盖），但我在检索到的文档 [18] 中找到了明确信息，请谨慎参考。

**可参考证据**：  
文档 [18] 中写道：“VCC1V8 to VCC1V8_EQ for EQ power supply, ... 用MCU的P20.0引脚使能该芯片。”  
即使能信号为 **MCU_P20.0**（或称为 EQ6L_GPIO_A0_P23.0？注意原理图中 P23.0 与 P20.0 不同，此处以文档为准）。

**缺口说明**：  
- 检索账本中 sq_2 的 supporting_evidence_ids 为空，未将任何电路或表格证据直接关联到该使能信号。  
- 文档 [18] 属于文本描述，并非原理图连接或管脚定义，其可靠性低于直接电路证据。  
- 原理图 [3] 中网络 EQ6L_GPIO_A0_P23.0 连接至 R541、TP1024、U900E.P23.0，但未显示与负载开关的直接连接，因此无法确认该 GPIO 实际用于使能该负载开关。

**建议**：需要进一步查阅原理图或表格中关于负载开关使能引脚的连接，以确认 MCU_P20.0 是否确实连接到该负载开关的 EN 引脚。

---

### 缺失信息汇总

| 缺失项 | 说明 |
|--------|------|
| 负载开关的具体器件型号 | 仅知存在负载开关，但未识别出 Ux 编号 |
| 使能信号的直接连接证据 | 文档提供了使能引脚（MCU_P20.0），但缺乏原理图或表格中的直接连接确认 |

### 说明
- 以上分析严格基于给定证据，未编造任何信息。  
- 证据冲突列表中的字段（如 mcu_0v75_mipi_ddr_en、mcu_vcc0v75_en、ecu_en）与本题无关，故未列出。  
- 如需进一步确认，建议使用电路查询工具，以“负载开关+使能信号”为关键词，在原理图文件 825504380_ADAS_SCH_TCN2.EDF 中搜索相关连接。","[""Net &1V8_EQ_ACQ connects C1111.&2, R1141.&2, TP1139.&1, U900A.AN5/EVADC_G0CH5."", ""Net &3V3_EQ_ACQ connects C1102.&2, R1108.&2, R1113.&2, TP1109.&1, U900A.AN2/EVADC_G0CH2/EDSADC_EDS0PA."", ""Net EQ6L_GPIO_A0_P23.0 connects R541.&1, TP1024.&1, U900E.P23.0/CAN10_RXDC."", ""Net EQ6L_GPIO_A14_UBOOT connects R545.&1, TP1031.&1, U900E.P21.1/ASCLIN11_ARXD/HSM_HSM2."", ""Net EQ6L_GPIO_A1_P23.1 connects R542.&1, TP1025.&1, U900E.P23.1/ASCLIN6_ARXF/ASCLIN1_ARTS/CAN10_TXD/ASCLIN6_ASCLK."", ""Net EQ6L_GPIO_A2_P23.4 connects R535.&1, TP1026.&1, U900E.P23.4/ASCLIN6_ASLSO."", ""Net EQ6L_GPIO_A3_P23.5 connects R543.&1, TP1027.&1, U900E.P23.5/ASCLIN6_ATX."", ""Net EQ6L_PCBVERSION0 connects R550.&2, R556.&1, R564.&2, U400-9.GPIO_A24_SPI_1_DO."", ""Net UBSW_SWITCH connects C1629.&1, Q1600.&5, Q1600.&6, TP1622.&1."", ""Net VCC1V8 connects C1712.&1, C1714.&1, C1715.&2, C1829.&1, C507.&2, C508.&2, C510.&2, C615.&1, C618.&1, C623.&1, C626.&1, C629.&1, C632.&1, C634.&1, C636.&1, C638.&1, C640.&1, C641.&1, C642.&1, C801.&1, C803.&1, C806.&1, C810.&1, C811.&1, C812.&1, C813.&1, C815.&1, C817.&1, C819.&1, C822.&1, C824.&1, L1702.&2, R1111.&1, R1722.&2, R500.&2, R501.&2, R503.&2, R504.&2, R505.&2, R509.&2, R533.&1, R534.&1, R574.&2, TP1725.&1, U1700.FB_B1, U1803.VIN, U400-2.VDD_RING_I2C_4, U400-2.VDD_RING_3_0_0-1, U400-2.VDD_RING_2_0-1, U400-2.VDD_RING_3_1_0-1, U400-2.VDD_RING_3_1_0-2, U400-2.VDD_RING_10_0_0-1, U400-2.VDD_RING_10_0_0-2, U400-2.VDD_RING_2_0-2, U400-2.VDD_RING_3_0_0-2, U400-2.VDD_RING_3_1_0-3, U502.VCC, U502.VCC, U502.VCC, U503.VCCA, U800-2.VDD1_1, U800-2.VDD1_2, U800-2.VDD1_3, U800-2.VDD1_4, U800-2.VDD1_5, U800-2.VDD1_6, U800-2.VDD1_7, U800-2.VDD1_8, X1903.&12, X2000.&2."", ""Net VCC1V8_CAM_ACQ connects C1112.&2, R1145.&2, TP1145.&1, U900A.AN14/EVADC_G1CH6/EDSADC_EDS3PB."", ""Net VCC1V8_CAM_FB connects R1145.&1, TP1914.&1, X1903.&3."", ""Net VCC1V8_EQ connects C1830.&1, C664.&1, C667.&1, L600.&2, L601.&2, L602.&2, L603.&2, L604.&2, R1141.&1, TP1817.&1, U1803.QOD, U1803.VOUT, U400-10.VDD_MIPI_VPH1, U400-10.VDD_MIPI_VPH2."", ""Module Group 15 · Power/PMIC connects to Group 17 · Power/PMIC through net GND."", ""Module Group 15 · Power/PMIC connects to Group 18 · Power/PMIC through net GND."", ""Module Group 15 · Power/PMIC connects to Group 6 · Power/PMIC through net GND."", ""<table><tr><td>HM ID</td><td>F13</td></tr><tr><td>模块功能 \nModule Function</td><td>VCC1V8用于EQ6、CAM、DDR、FLASH供电。VCC1V1用于EQ6、DDR供电。VCC50用于CAN收发器供电，现选择LP87702 PMIC方案。\nVCCIV8 is used to power EQ6, CAM, DDR, FLASH.VCC1V1 is used to power EQ6,DDR. VCC50 is used for CAN transceiver power supply, now choose LP87702 PMIC scheme. \n</td></tr><tr><td>模块框图\nModule diagram</td><td></td></tr><tr><td>模块方案\nModule solution</td><td>\n采用LP87702芯片，将VCC3V3转换为VCC1V8、VCC1V1、VCC50，其中VCC1V8用于EQ6、CAM、DDR、FLASH供电，VCC1V1用于EQ6、DDR供电，VCC50用于CAN收发器供电。用MCU的P15.3引脚使能该芯片的5V输出，用MCU_SCL_P15.4，MCU_SDA_P15.5 I2C通信来设置1.8V和1.1输出电压和使能。用MCU的P12.1引脚复位该芯片。\nLP87702 chip is used to convert VCC3V3 into VCC1V8, VCC1V1 and VCC50, in which VCC1V8 is used for EQ6, CAM, DDR and FLASH power supply, VCC1V1 is used for EQ6 and DDR power supply, and VCC50 is used for CAN transceiver power supplyP15.3 pin of MCU is used to enable 5V output of the chip, and MCU_SCL_P15.4, MCU_SDA_P15.5 I2C communication is used to set 1.8V and 1.1 output voltage and enable it. Reset the chip with P12.1 pin of the MCU. </td></tr></table>"", ""<table><tr><td>HM ID</td><td>F11/F12/F13/F14/F15/F16/F17/F18/F19/F25/F27</td></tr><tr><td>模块功能 \nModule Function</td><td>系统使用车载电池12V电压供电，经过EMI电路后输入至电源转换芯片，转换输出系统各模块所需电源。\nThe system uses 12V voltage power supply from the vehicle battery, which is input to the power conversion chip through the EMI circuit. Then the power conversion chip convert and output the power required by each module of the system.</td></tr><tr><td>模块框图\nModule diagram</td><td></td></tr><tr><td>模块方案\nModule solution</td><td>KL30 EMI (ASIL-B)\nKL30供电口处增加EMI电路，用于供电保护和滤波。硬件电路设计在UBD网络增加两个串联ESD电容，PCB布局靠近主连接器引脚处，用于吸收外部ESD信号，后端增加双向TVS管用于瞬态过压保护\nThe EMI circuit is added at the KL30 power supply port for power supply protection and filtering. The hardware circuit design adds two series ESD capacitors in the UBD network, the PCB layout is close to the main connector pin for absorbing external ESD signals, and the two-way TVS tube is added at the back end for transient overvoltage protection.\nKL30 to VCC3V3 (ASILB)\nKL30转VCC3V3是系统一级DC-DC，给MCU提供VCC3V3_MCU电源，所以系统要求其满足ASILB，确保MCU功能安全。\nKL30 to VCC3V3 is a system primary DC-DC chip, because the MCU needs VCC3V3_MCU power supply, so the system requires it to meet the ASILB to ensure the functional safety of the MCU.\nVCC3V3_MCU to VCC1V25_MCU(ASILB)\n3V3转1V25_MCU是使用MCU内置控制器进行控制的BUCK电源，用于MCU的核供电，功能安全需求达到ASILB，确保MCU功能安全。\n3V3 to 1V25_MCU is a BUCK power supply controlled by MCU built-in controller, which is used for MCU nuclear power supply. Functional safety requirements meet ASILB to ensure the functional safety of MCU.\nVCC3V3 to VCC0V75(QM(B))\nVCC3V3转VCC0V75应用于EQ6的内核供电，要求输出电流能力大，现选型TI的电源方案TPS62872。用MCU的P22.0引脚使能芯片，用MCU_SDA_P15.5，MCU_SCL_P15.4引脚I2C通信来设置输出电压和通信。\nVCC3V3 to VCC0V75 is applied to the core power supply of EQ6, which requires large output current capacity. The power supply scheme TPS62872 of TI is selected. P22.0 pin of MCU is used to enable the chip, and MCU_SDA_P15.5, MCU_SCL_P15.4 pin I2C communication is used to set the output voltage and communication. \nVCC3V3 to 0V75_MIPI_DDR(QM(B))\nVCC3V3转0V75_MIPI_DDR用于EQ6的IO口供电，现使用矽力杰的SA23002进行设计。用MCU的P22.1引脚使能该芯片。\nVCC3V3 to 0V75_MIPI_DDR for EQ6 IO port power supply, Silergy’s SA23002 is designed. The P22.1 pin of the MCU is used to enable the chip.\nVCC3V3转VCC1V8、VCC1V1、VCC50(QM(B))\nVCC1V8用于EQ6、CAM、DDR、FLASH供电，VCC1V1用于EQ6、DDR供电，VCC50用于CAN收发器供电，现选择LP87702 PMIC方案。用MCU的P15.3引脚使能该芯片的5V输出，用MCU_SCL_P15.4，MCU_SDA_P15.5 I2C通信来设置1.8V和1.1V输出电压和使能。\nVCC1V8 is used for EQ6, CAM, DDR, FLASH power supply, VCC1V1 is used for EQ6, DDR power supply, VCC50 is used for CAN transceiver  power supply, LP87702 PMIC scheme is selected. P15.3 pin of MCU is used to enable 5V output of the chip, and MCU_SCL_P15.4, MCU_SDA_P15.5 I2C communication is used to set 1.8V and 1.1V output voltage and enable it. \nVCC3V3 to VCC3V3_EQ(QM(B))\nVCC3V3转VCC3V3_EQ用于EQ6的IO和摄像头供电，现使用负载开关进行设计。用MCU的P20.3引脚使能该芯片。\nVCC3V3 to VCC3V3_EQ for EQ6’s IO and camera power supply, now using the load switch is designed. .The P20.3 pin of the MCU is used to enable the chip.\n\tVCC3V3 to VCC3V3_ETH(QM)\n3V3转3V3_ETH用于ETH供电，现选择负载开关方案。用MCU的P21.0引脚使能该芯片。\n3V3 to 3V3_ETH for ETH power supply, the load switch scheme is selected. . The P21.0 pin of the MCU is used to enable the chip.\n\tVCC1V8 to VCC1V8_EQ(QM(B))\nVCC1V8转VCC1V8_EQ用于EQ供电，现选择负载开关方案。用MCU的P20.0引脚使能该芯片。\nVCC1V8 to VCC1V8_EQ for EQ power supply, the load switch scheme is selected. . The P20.0 pin of the MCU is used to enable the chip.</td></tr><tr><td colspan='2'></td></tr></table>"", ""<table><tr><td>HM ID</td><td>F13</td></tr><tr><td>运行模式\nOperation Mode</td><td>SHUTDOWN、READ OTP、STANDBY、ACTIVE</td></tr><tr><td>模式定义\nDefinition of Operation mode</td><td>SHUTDOWN\nNRST电压低于阈值。LP87702-Q1器件停止工作。\nREAD OTP\n电源电压VANA高于VANAUVLO电平，并且NRST电压高于阈值电平。电压转换器被禁用，LP87702-Q1的参考电平和偏置电路被启用。OTP配置被加载到寄存器。\nSTANDBY\n电源电压VANA高于VANAUVLO水平，NRST电压高于阈值水平。电压转换器被禁用，LP87702-Q1的参考电平、控制和偏压电路被启用。所有的寄存器都可以被主机处理器通过系统串口读写。电压转换器可以根据需要进行使能输出。\nACTIVE\n电源电压VANA高于VANAUVLO水平，NRST电压高于阈值水平。稳压DC/DC变换器处于使能状态。所有的寄存器都可以被MCU通过系统串口读写。\nSHUTDOWN\nAfter the enable signal MCU_OV75_MIPI_DDR_EN=L, the secondary power stops the 0V75_MIPI_DDR power supply. \nREADY OTP\nThe supply voltage VANA is above the VANAUVLO level, and the NRST voltage is above the threshold level. The voltage converter is disabled and the reference level and bias circuits of the LP87702-Q1 are enabled. The OTP configuration is loaded into the register.\nSTANDBY\nThe supply voltage VANA is above the VANAUVLO level and the NRST voltage is above the threshold level. The voltage converter is disabled and the reference level, control, and bias circuits of the LP87702-Q1 are enabled. All registers can be read and written by the host processor through the system serial port. The voltage converter can perform enabling output as needed.\nACTIVE\nThe supply voltage VANA is above the VANAUVLO level and the NRST voltage is above the threshold level. The regulated DC/DC converter is in the enabled state. All the registers can be read and written by the MCU through the system serial port. </td></tr><tr><td>模式切换接口\nMode switching interface</td><td></td></tr><tr><td>模式状态机\nMode state machine</td><td></td></tr><tr><td>模式切换条件\nMode switching condition</td><td>参考：\n产品系统需求规格说明\n产品系统方案设计说明书\nReference: \nProduct system requirement specification \nProduct system scheme design specification.</td></tr><tr><td>备注\nNote</td><td>1、VANAUVLO阈值电压\n\n2、NRST阈值电压\n</td></tr><tr><td>备注\nNote</td><td></td></tr></table>"", ""<table><tr><td>HM ID</td><td>F15</td></tr><tr><td>运行模式\nOperation Mode</td><td>上电模式、下电模式、运行模式\nPower on mode, Power off mode, Run mode.</td></tr><tr><td>模式定义\nDefinition of Operation mode</td><td>1、\t上电模式\n使能信号MCU_0V75_MIPI_DDR_EN=H，二级电源SA23002开始工作，为负载提供0V75_MIPI_DDR的电源\n2、\t下电模式\n使能信号MCU_0V75_MIPI_DDR_EN=L后，二级电源停止0V75_MIPI_DDR供电。\n3、\t运行模式\n二级电源SA23002正常输出0V75_MIPI_DDR，系统正常工作。\nPower on mode\nThe enable signal MCU_0V75_MIPI_DDR_EN=H, the secondary power supply SA23002 starts to work and provides power to the 0V75_MIPI_DDR for the load.\nPower off mode\nAfter the enable signal MCU_0V75_MIPI_DDR_EN=L, the secondary power stops the 0V75 MIPI DDR power supply. \nRun mode\nThe secondary power SA23002 outputs 0V75_MIPI_DDR normally, and the system works normally.</td></tr><tr><td>模式切换接口\nMode switching interface</td><td></td></tr><tr><td>模式状态机\nMode state machine</td><td></td></tr><tr><td>模式切换条件\nMode switching condition</td><td>参考：\n产品系统需求规格说明\n产品系统方案设计说明书\nReference: \nProduct system requirement specification \nProduct system scheme design specification.</td></tr><tr><td>备注\nNote</td><td>\n</td></tr></table>"", ""<table><tr><td>HM ID</td><td>F14</td></tr><tr><td>运行模式\nOperation Mode</td><td>上电模式、下电模式、运行模式\nPower on mode, power off mode, run mode.</td></tr><tr><td>模式定义\nDefinition of Operation mode</td><td>1、\t上电模式\n使能信号MCU_VCC0V75_EN=H，二级电源TPS62872开始工作，为负载提供VCC0V75的电源。\n2、\t下电模式\n使能信号MCU_VCC0V75_EN=L后，二级电源TPS62872停止VCC0V75供电。\n3、\t运行模式\n二级电源TPS62872正常输出VCC0V75，系统正常工作。\nPower on mode\nThe enabling signal MCU VCC0V75 EN-H, the secondary power supply TPS62872 starts to work and supplies the power to VCC0V75 for the load.\nPower off mode\nAfter the enable signal MCU_VCC0V75_EN=L, the secondary power supply TPS62872 stops the power supply of VCC0V75.\nRun mode\nThe secondary power TPS62872 outputs VCC0V75 normally, and the system works normally. </td></tr><tr><td>模式切换接口\nMode switching interface</td><td></td></tr><tr><td>模式状态机\nMode state machine</td><td></td></tr><tr><td>模式切换条件\nMode switching condition</td><td>参考：\n产品系统需求规格说明\n产品系统方案设计说明书\nReference: \nProduct system requirement specification \nProduct system scheme design specification.</td></tr><tr><td>备注\nNote</td><td>\n</td></tr></table>"", ""<table><tr><td>HM ID</td><td>F05</td></tr><tr><td>运行模式\nOperation Mode</td><td>上电模式、运行模式、复位模式、下电模式\nPower on mode, Power off mode, Run mode,Reset mode</td></tr><tr><td>模式定义\nDefinition of Operation mode</td><td>1、上电模式\n    MCU使能EQ6系统电源，EQ6上电后将VCC3V3_EQ和VCC1V8通过FPC连接器提供给摄像头，其中VCC3V3_EQ再转换成VCC1V1，EQ6运行后配置RESET_N为高电平，并通过I2C配置CAM参数，摄像头开始工作。\n2、运行模式\n   摄像头正常运行，输出图像信息给EQ6。\n3、复位模式\n   EQ6配置摄像头的RESET_N信号为低电平，CAM进入复位模式。\n4、下电模式\nMCU控制EQ6系统下电（VCC3V3_EQ、VCC1V8）。\nPower on mode\nMCU enables EQ6 system power supply, After EQ6 is powered on, VCC3V3_EQ and VCCIV8 are provided to the camera through the FPC connector, where VCC3V3_EQ is converted into VCC1V1. After EQ6 runs, RESET_N is configured to high level, and CAM parameters are configured through I2C, and the camera starts to work.\nRun mode\nThe camera operates normally and outputs the image information to EQ6.\nReset mode\nEQ6 config the RESET_N signal of the camera to be low and the CAM enters the reset mode. \nPower off mode\nMCU controls the power down of EQ6 system (VCC3V3_EQ, VCC1V8).</td></tr><tr><td>模式切换接口\nMode switching interface</td><td></td></tr><tr><td>模式状态机\nMode state machine</td><td></td></tr><tr><td>模式切换条件\nMode switching condition</td><td>参考：\n产品系统需求规格说明\n产品系统方案设计说明书\nReference: \nProduct system requirement specification \nProduct system scheme design specification.</td></tr><tr><td>备注\nNote</td><td>摄像头上需要3路电源（VCC3V3、VCC1V8、VCC1V1），其中VCC1V8和VCC3V3是主板提供，VCC1V1由3V3转换得到。\n摄像头复位信号由EQ6通过GPIO口进行控制。\n摄像头3路电源的上下电和复位信号的时序要求如下所示：\nThe camera needs 3 power sources (VCC2V8, VCC1V8, VCC1V05), VCC1V8 and VCC3V3 are provided by the Main board, VCC1V1 is converted from 3V3. \nThe camera reset signal is controlled by EQ6 through the GPIO port. \nThe timing requirements for the power-on and reset signals of the camera's 3-way power supply are as follows.\n</td></tr></table>"", ""<table><tr><td>HM ID</td><td>F12</td></tr><tr><td>运行模式\nOperation Mode</td><td>上电模式、下电模式、运行模式\nPower on mode, power off mode, run mode.</td></tr><tr><td>模式定义\nDefinition of Operation mode</td><td>1、\t上电模式\n使能信号ECU_EN=H，一级电源LN10046开始工作，为负载提供VCC3V3的电源。\n2、\t下电模式\n使能信号ECU_EN=L后，一级电源LN10046停止VCC3V3供电，系统停止工作。\n3、\t运行模式\n一级电源LN10046正常输出VCC3V3，系统正常工作。\nPower on mode \nThe enable signal ECU_EN=H, the first-stage power LN10046 starts to work and provides power to VCC3V3 for the load.\nPower off mode \nAfter the enable signal ECU_EN=L, the primary power LN10046 stops the power supply of VCC3V3, and the system stops working.\nRun mode \nThe primary power LN10046 outputs VCC3V3 normally, and the system works normally.</td></tr><tr><td>模式切换接口\nMode switching interface</td><td></td></tr><tr><td>模式状态机\nMode state machine</td><td>\n\n</td></tr><tr><td>模式切换条件\nMode switching condition</td><td>参考：\n产品系统需求规格说明\n产品系统方案设计说明书\nReference: \nProduct system requirement specification \nProduct system scheme design specification.</td></tr><tr><td>备注\nNote</td><td>LN10046为系统一级电源DC-DC电路，功能不涉及软件控制逻辑。\nLN10046 is a system level power DC-DC circuit, the function does not involve software control logic..</td></tr></table>"", ""<table><tr><td>HM ID</td><td>F16</td></tr><tr><td>运行模式\nOperation Mode</td><td>上电模式、下电模式、运行模式\nPower on mode, Power off mode, Run mode.</td></tr><tr><td>模式定义\nDefinition of Operation mode</td><td>1、\t上电模式\nMCU通过将MCU_3V3_EQ_EN信号配置为逻辑高使能VCC3V3_EQ电源输出，用于EQ6和CAM系统供电。\n2、\t下电模式\nMCU通过将MCU_3V3_EQ_EN信号配置为逻辑低关闭VCC3V3_EQ输出。\n3、\t运行模式\nTPS22918正常输出VCC3V3_EQ。\nPower on mode\nThe MCU is used to power EQ6 and CAM systems by configuring the McU-3v3-eqen signal as a logical high enable VCC3V3 EQ power output. \nPower off mode\nThe MCU turns off the VCC3V3_EQ output by configuring the MCU_3V3_EQ_EN signal to logic low.\nRun mode \nTPS22918 normal output VCC3V3_EQ.</td></tr><tr><td>模式切换接口\nMode switching interface</td><td></td></tr><tr><td>模式状态机\nMode state machine</td><td></td></tr><tr><td>模式切换条件\nMode switching condition</td><td>参考：\n产品系统需求规格说明\n产品系统方案设计说明书\nReference: \nProduct system requirement specification \nProduct system scheme design specification.</td></tr><tr><td>备注\nNote</td><td></td></tr></table>""]","{""original_context_count"": 24, ""original_context_characters"": 14822, ""scored_context_count"": 8, ""scored_context_characters"": 693, ""contexts_truncated"": true, ""context_selection"": ""claim_coverage""}",0.2559127438683714,0.0,0.6,not_applicable,0.0,0.0,1.0,0.0,not_applicable
hw-v1-joint-can-module,success,文档声明板上有哪些 CAN 相关模块，回答时能否用网表确认其具体连接？,HSI 硬件架构包含 CAN/CAN FD 电路；具体器件和网络连接应以 EDF 检索结果为准，文档能力声明与网表拓扑需分别标注来源。,"好的，这是根据您提供的证据和检索结果，对您的问题进行的回答。

### 1. 文档中声明了哪些CAN相关模块？

根据提供的文档证据，板上声明了以下四个CAN相关模块：

*   **CAN0 (F23)**：基于 TCAN1044A 的CAN通讯。[16]
*   **CAN1 (F22)**：基于 TCAN1044A 的CAN通讯。[16]
*   **CAN2 (F21)**：基于 TCAN1044A 的CAN通讯。[16]
*   **CAN3 (F20)**：基于 TCAN1145 的CAN通讯，硬件支持特定报文唤醒。[16]

**来源：**
*   [16] 文档 `600608964_ADAS_HSI_0506_1952_shoulin.wang.docx` 中的“模块功能列表”明确列出了F20、F21、F22、F23对应的CAN模块及其主要芯片型号。
*   [17] 同一文档的另一部分也确认了“ADAS系统需求MCU外置4路CAN/CAN FD和外部进行通讯”，并描述了CAN0、CAN1、CAN2、CAN3的引脚分配。[17]

### 2. 能否用网表确认其具体连接？

**可以部分确认。** 网表提供了这些CAN模块在电路中的部分物理连接信息，但无法完全确认其所有连接，特别是与MCU的连接。

**基于网表（电路图 `825504380_ADAS_SCH_TCN2.EDF`）确认的连接如下：**

#### CAN0 模块的连接

*   **CAN总线连接**：CAN0H 和 CAN0L 网络连接到 `X1900` 连接器，这是对外通信的接口。
    *   `CAN0H` 连接：`C1201`, `D1200`, `L1200`, `R1209`, `R1214`, `TP1206`, `X1900`。[1]
    *   `CAN0L` 连接：`C1200`, `D1200`, `L1200`, `R1212`, `R1215`, `TP1215`, `X1900`。[2]
*   **INH（控制/唤醒）信号**：`CAN0_INH` 网络连接到 `U1200.INH` 和 `U1203.INH`，这两个很可能是CAN收发器。同时，`CAN0_INH_ACQ` 网络将此信号连接到MCU的ADC采样引脚 `U900A.AN20`。[3][4]
*   **STB（待机控制）信号**：`CAN0_STB_MCU_SPI3_CS5_P02.8` 网络将该信号连接到 `U1200.SCSN`, `U1202.STB`, `U1203.NSTB`，表明这是由MCU的SPI片选信号控制的。[5]

#### CAN1 模块的连接

*   **CAN总线连接**：CAN1H 和 CAN1L 网络连接到 `X1900` 连接器。
    *   `CAN1H` 连接：`C1207`, `D1201`, `L1201`, `R1220`, `R1224`, `TP1222`, `X1900`。[6]
    *   `CAN1L` 连接：`C1206`, `D1201`, `L1201`, `R1223`, `R1225`, `TP1223`, `X1900`。[7]
*   **INH信号**：`CAN1_INH` 网络连接到 `U1204.INH` 和 `U1205.INH`。[8]
*   **STB信号**：**未在网表中找到** `CAN1_STB` 相关的网络。网表中显示了 `CAN0_STB` 和 `CAN2_STB`，但未找到对应CAN1的STB网络。

#### CAN2 模块的连接

*   **CAN总线连接**：CAN2H 和 CAN2L 网络连接到 `X1900` 连接器。
    *   `CAN2H` 连接：`C1301`, `D1300`, `L1300`, `R1302`, `R1306`, `TP1301`, `X1900`。[9]
    *   `CAN2L` 连接：`C1300`, `D1300`, `L1300`, `R1305`, `R1307`, `TP1303`, `X1900`。[10]
*   **INH信号**：`CAN2_INH` 网络连接到 `U1302.INH` 和 `U1303.INH`。[11] `CAN2_INH_ACQ` 网络将此信号连接到MCU的ADC采样引脚 `U900A.AN22`。[12]
*   **STB信号**：`CAN2_STB_MCU_SPI3_CS3_P00.5` 网络将该信号连接到 `U1300.STB`, `U1302.SCSN`, `U1303.NSTB` 以及MCU的引脚 `U900D.P00.5`。[13]

#### CAN3 模块的连接

*   **网表中未找到直接对应CAN3的网络。** 证据中未列出以 `CAN3` 开头的网络（如 `CAN3H`, `CAN3L`, `CAN3_INH` 等）。

**来源：**
*   所有连接信息均来自电路图文件 `825504380_ADAS_SCH_TCN2.EDF` 中的网表记录 [1] 至 [13]。

### 3. 缺失信息

*   **CAN1模块的STB连接**：网表中未包含CAN1的待机控制（STB）网络，无法确认其具体连接。
*   **CAN3模块的物理连接**：网表中未包含任何以CAN3命名的网络，无法通过提供的网表确认其总线和控制信号的具体连接。
*   **MCU与CAN模块的连接**：网表仅显示了部分信号（如INH_ACQ和STB）连接到MCU。CAN模块的TX、RX等数据引脚与MCU的连接在网表中未体现，无法确认。

### 4. 证据冲突

以下是证据中存在的冲突，**不能合并为确定结论**：

*   **CAN0、CAN1、CAN2的收发器型号**：
    *   证据[16] 声明 CAN0、CAN1、CAN2 均基于 `TCAN1044A`。
    *   证据[15] 在描述运行模式时，同时提到了 `TCAN1044A` 和 `TCAN1145`，但未明确其对应哪个CAN模块。
    *   证据[17] 声明“四路CAN/CANFD都需要兼容TCAN1145和TCAN1044A，根据客户需求进行选贴”，这意味着CAN0、CAN1、CAN2的型号并非固定为TCAN1044A，而是与CAN3一样可能为TCAN1145。

*   **CAN3 (TCAN1145) 的寄存器配置值 (MC)**：
    *   证据[15] 在描述TCAN1145的不同模式时，对 `MC` 寄存器给出了不同的值：
        *   Normal模式：`MC=111`
        *   Standby模式：`MC=100`
        *   Sleep模式：`MC=001`
    *   这些值描述了不同的工作模式，不是冲突，而是不同模式下的配置要求。此处无冲突，仅为模式说明。

**总结：** 文档清晰地声明了板上有四个CAN模块。网表可以确认CAN0、CAN1、CAN2的CAN总线物理连接和部分控制信号，但无法给出CAN3和CAN1的STB信号连接。关于收发器型号，存在“固定为TCAN1044A”与“兼容TCAN1145和TCAN1044A，按需选贴”的冲突。","好的，这是根据您提供的证据和检索结果，对您的问题进行的回答。

### 1. 文档中声明了哪些CAN相关模块？

根据提供的文档证据，板上声明了以下四个CAN相关模块：

*   **CAN0 (F23)**：基于 TCAN1044A 的CAN通讯。[16]
*   **CAN1 (F22)**：基于 TCAN1044A 的CAN通讯。[16]
*   **CAN2 (F21)**：基于 TCAN1044A 的CAN通讯。[16]
*   **CAN3 (F20)**：基于 TCAN1145 的CAN通讯，硬件支持特定报文唤醒。[16]

**来源：**
*   [16] 文档 `600608964_ADAS_HSI_0506_1952_shoulin.wang.docx` 中的“模块功能列表”明确列出了F20、F21、F22、F23对应的CAN模块及其主要芯片型号。
*   [17] 同一文档的另一部分也确认了“ADAS系统需求MCU外置4路CAN/CAN FD和外部进行通讯”，并描述了CAN0、CAN1、CAN2、CAN3的引脚分配。[17]

### 2. 能否用网表确认其具体连接？

**可以部分确认。** 网表提供了这些CAN模块在电路中的部分物理连接信息，但无法完全确认其所有连接，特别是与MCU的连接。

**基于网表（电路图 `825504380_ADAS_SCH_TCN2.EDF`）确认的连接如下：**

#### CAN0 模块的连接

*   **CAN总线连接**：CAN0H 和 CAN0L 网络连接到 `X1900` 连接器，这是对外通信的接口。
    *   `CAN0H` 连接：`C1201`, `D1200`, `L1200`, `R1209`, `R1214`, `TP1206`, `X1900`。[1]
    *   `CAN0L` 连接：`C1200`, `D1200`, `L1200`, `R1212`, `R1215`, `TP1215`, `X1900`。[2]
*   **INH（控制/唤醒）信号**：`CAN0_INH` 网络连接到 `U1200.INH` 和 `U1203.INH`，这两个很可能是CAN收发器。同时，`CAN0_INH_ACQ` 网络将此信号连接到MCU的ADC采样引脚 `U900A.AN20`。[3][4]
*   **STB（待机控制）信号**：`CAN0_STB_MCU_SPI3_CS5_P02.8` 网络将该信号连接到 `U1200.SCSN`, `U1202.STB`, `U1203.NSTB`，表明这是由MCU的SPI片选信号控制的。[5]

#### CAN1 模块的连接

*   **CAN总线连接**：CAN1H 和 CAN1L 网络连接到 `X1900` 连接器。
    *   `CAN1H` 连接：`C1207`, `D1201`, `L1201`, `R1220`, `R1224`, `TP1222`, `X1900`。[6]
    *   `CAN1L` 连接：`C1206`, `D1201`, `L1201`, `R1223`, `R1225`, `TP1223`, `X1900`。[7]
*   **INH信号**：`CAN1_INH` 网络连接到 `U1204.INH` 和 `U1205.INH`。[8]
*   **STB信号**：**未在网表中找到** `CAN1_STB` 相关的网络。网表中显示了 `CAN0_STB` 和 `CAN2_STB`，但未找到对应CAN1的STB网络。

#### CAN2 模块的连接

*   **CAN总线连接**：CAN2H 和 CAN2L 网络连接到 `X1900` 连接器。
    *   `CAN2H` 连接：`C1301`, `D1300`, `L1300`, `R1302`, `R1306`, `TP1301`, `X1900`。[9]
    *   `CAN2L` 连接：`C1300`, `D1300`, `L1300`, `R1305`, `R1307`, `TP1303`, `X1900`。[10]
*   **INH信号**：`CAN2_INH` 网络连接到 `U1302.INH` 和 `U1303.INH`。[11] `CAN2_INH_ACQ` 网络将此信号连接到MCU的ADC采样引脚 `U900A.AN22`。[12]
*   **STB信号**：`CAN2_STB_MCU_SPI3_CS3_P00.5` 网络将该信号连接到 `U1300.STB`, `U1302.SCSN`, `U1303.NSTB` 以及MCU的引脚 `U900D.P00.5`。[13]

#### CAN3 模块的连接

*   **网表中未找到直接对应CAN3的网络。** 证据中未列出以 `CAN3` 开头的网络（如 `CAN3H`, `CAN3L`, `CAN3_INH` 等）。

**来源：**
*   所有连接信息均来自电路图文件 `825504380_ADAS_SCH_TCN2.EDF` 中的网表记录 [1] 至 [13]。

### 3. 缺失信息

*   **CAN1模块的STB连接**：网表中未包含CAN1的待机控制（STB）网络，无法确认其具体连接。
*   **CAN3模块的物理连接**：网表中未包含任何以CAN3命名的网络，无法通过提供的网表确认其总线和控制信号的具体连接。
*   **MCU与CAN模块的连接**：网表仅显示了部分信号（如INH_ACQ和STB）连接到MCU。CAN模块的TX、RX等数据引脚与MCU的连接在网表中未体现，无法确认。

### 4. 证据冲突

以下是证据中存在的冲突，**不能合并为确定结论**：

*   **CAN0、CAN1、CAN2的收发器型号**：
    *   证据[16] 声明 CAN0、CAN1、CAN2 均基于 `TCAN1044A`。
    *   证据[15] 在描述运行模式时，同时提到了 `TCAN1044A` 和 `TCAN1145`，但未明确其对应哪个CAN模块。
    *   证据[17] 声明“四路CAN/CANFD都需要兼容TCAN1145和TCAN1044A，根据客户需求进行选贴”，这意味着CAN0、CAN1、CAN2的型号并非固定为TCAN1044A，而是与CAN3一样可能为TCAN1145。

*   **CAN3 (TCAN1145) 的寄存器配置值 (MC)**：
    *   证据[15] 在描述TCAN1145的不同模式时，对 `MC` 寄存器给出了不同的值：
        *   Normal模式：`MC=111`
        *   Standby模式：`MC=100`
        *   Sleep模式：`MC=001`
    *   这些值描述了不同的工作模式，不是冲突，而是不同模式下的配置要求。此处无冲突，仅为模式说明。

**总结：** 文档清晰地声明了板上有四个CAN模块。网表可以确认CAN0、CAN1、CAN2的CAN总线物理连接和部分控制信号，但无法给出CAN3和CAN1的STB信号连接。关于收发器型号，存在“固定为TCAN1044A”与“兼容TCAN1145和TCAN1044A，按需选贴”的冲突。","[""Net CAN0H connects C1201.&1, D1200.cathode1, L1200.&4, R1209.&2, R1214.&2, TP1206.&1, X1900.&2."", ""Net CAN0L connects C1200.&1, D1200.cathode2, L1200.&3, R1212.&2, R1215.&2, TP1215.&1, X1900.&3."", ""Net CAN0_INH connects D1203.&1, R1630.&1, TP1219.&1, U1200.INH, U1203.INH."", ""Net CAN0_INH_ACQ connects C1216.&1, R1236.&2, R1237.&2, TP1232.&1, U900A.AN20/EVADC_G2CH4/EDSADC_EDS2PA."", ""Net CAN0_STB_MCU_SPI3_CS5_P02.8 connects R1126.&1, R1228.&2, R1241.&1, TP1217.&1, U1200.SCSN, U1202.STB, U1203.NSTB."", ""Net CAN1H connects C1207.&1, D1201.cathode1, L1201.&4, R1220.&2, R1224.&2, TP1222.&1, X1900.&10."", ""Net CAN1L connects C1206.&1, D1201.cathode2, L1201.&3, R1223.&2, R1225.&2, TP1223.&1, X1900.&11."", ""Net CAN1_INH connects D1204.&1, R1629.&1, TP1228.&1, U1204.INH, U1205.INH."", ""Net CAN2H connects C1301.&1, D1300.cathode1, L1300.&4, R1302.&2, R1306.&2, TP1301.&1, X1900.&4."", ""Net CAN2L connects C1300.&1, D1300.cathode2, L1300.&3, R1305.&2, R1307.&2, TP1303.&1, X1900.&12."", ""Net CAN2_INH connects D1303.&1, R1628.&1, TP1314.&1, U1302.INH, U1303.INH."", ""Net CAN2_INH_ACQ connects C1314.&1, R1329.&2, R1330.&2, TP1321.&1, U900A.AN22/EVADC_G2CH6."", ""Net CAN2_STB_MCU_SPI3_CS3_P00.5 connects R1301.&1, R1320.&2, TP1304.&1, U1300.STB, U1302.SCSN, U1303.NSTB, U900D.P00.5/EDSADC_DSCIN2A/SENT_SENT4B/CAN11_RXDB/EVADC_G9CH7/EDSADC_CGPWMN/QSPI3_SLSO3/EDSADC_DSCOUT2/EVADC_FC0BFLOUT/SENT_SPC4."", ""<table><tr><td>HM ID</td><td>F02/F03/F04/F28</td></tr><tr><td>模块功能 \nModule Function</td><td>EYEQ6-L最小系统组成：外部30MHz晶体给EYEQ6-L提供基本时钟输入，外部20MHz有源晶振提供监控时钟，外扩OSPI接口的2Gb NAND FLASH存储程序，外扩1GB的LPDDR4运存。NXB0104是用于MCU的3V3_SPI和NAND FLASH的1V8_SPI进行电平转换，用于MCU读写NAND FLASH。\nEYEQ6-L minimum system components: an external 30MHz crystal provides the basic clock input for EYEQ6-L, an external 20MHz active crystal provides the monitoring clock, an external 2GbNAND FLASH memory program for OSPI interface, and an external 1GB LPDDR4 operation memory. NXB0104 is used for level conversion of 3V3_SPI of MCU and 1V8-SPI of NAND FLASH for MCU to read and write NAND FLASH.</td></tr><tr><td>模块框图\nModule diagram</td><td></td></tr><tr><td>模块方案\nModule solution</td><td>\n1、处理器\n根据ADAS产品需求图像处理SOC功能安全需要达到ASIL-B，经综合评估选择Mobileye产品EYEQ6-L，最高功能安全可达到ASIL-B，接口资源丰富。\n1.Processor\nAccording to the requirements of ADAS products, the functional safety of image processing SOC needs to reach ASIL-B. After comprehensive evaluation, Mobileye product EYEQ6-L is selected, and the highest functional safety can reach ASIL-B with abundant interface resources. +\n2、时钟\n硬件选型30MHz晶振给EYEQ6-L提供时钟输入，由其内部PLL等电路完成倍频、分频，供其内核和各模块使用。外部20MHz有源晶振作为内部监控时钟。\n2.Clock\nThe 30MHz crystal provides clock input to the EYEQ6-L, and its internal PLL circuit completes frequency multiplication and frequency division for the EyeQ6-L core and each module. The external 20MHz active crystal is energized as an internal monitoring clock.\n3、DDR\nEYEQ6在外扩的DDR中运行程序和存储临时数据，其DDR控制器可支持32bits位宽的LPDDR4 SDRAM，最大读写速率4266 Mb/s/pin 。本设计中选用1片32bit的LPDDR4 SDRAM，型号为车规级器件K4F8E3S4HD-GHCL02V，以充分利用数据带宽，保证EYEQ6的处理速度，LPDDR4工作环境温度为-40℃~105℃，单片总容量1GB。\n3.DDR\nEYEQ6 runs programs and stores temporary data in the extended DDR. Its DDR controller supports LPDDR4 SDRAM with 32bits wide and a maximum read/write rate of 4266Mb/s/pin. In this design, a 32bit LPDDR4 SDRAM is selected, the model is car grade device K4F8E3S4HD-GHCLO2V, in order to make full use of the data bandwidth and ensure the processing speed of EYEQ6. The working environment temperature of LPDDR4 is -40℃-105℃, and the total capacity of a single chip is 1GB.\n\n\n4、NAND FLASH\n选择ME推荐的WinBond公司产品W35N02JWTBKF，容量2Gb，FLASH支持CRC安全机制。\nNXB0104是用于MCU的3V3_ SPI和NAND FLASH的1V8_ SPI进行电平转换，通过MCU_SPI1_CS片选电平转换芯片，实现MCU对NAND FLASH的读写操作，转换芯片在本应用场景下支持最大传输速率80Mbps。\nNAND FLASH\nChoose the WinBond company product W35N02JWTBKF recommended by ME, with a capacity of 2Gb and FLASH supporting CRC security mechanism. \nNXB0104 is used for the level conversion of 3V3_SPI of MCU and 1V8_SPI of NAND FLASH. The level conversion chip is selected by MCU_SPI1_CS chip to realize the reading and writing operation of MCU to NAND FLASH. The converter chip supports a maximum transmission rate of 80Mbps in this application scenario. \n5、电源和复位\nEYEQ6-L需要6路电源：VCC3V3_EQ、VCC0V75、0V75_MIPI_DDR、VCC1V8、VCC1V1、VCC1V8_EQ，其中VCC0V75用于给内核供电。复位信号由MCU通过P02.4口进行控制。\nPower and reset\nEYEQ6-L requires six power sources: VCC3V3-EQ, VCCOV75, OV75_MIPI_DDR, VCC1V8, VCC1V1, VCC1V8_EQ, where VCCOV75 is used to power the core. The reset signal is controlled by the MCU through the P02.4 pin.</td></tr></table>"", ""<table><tr><td>HM ID</td><td>F20/F21/F22/F23</td></tr><tr><td>运行模式\nOperation Mode</td><td>运行模式、待机模式、Sleep模式、OFF模式、Overtemp模式\nRun mode, standby mode, Sleep mode, OFF mode, Overtemp mode.</td></tr><tr><td>模式定义\nDefinition of Operation mode</td><td>TCAN1044A：\n1、\t运行模式\nSTB设置为低电平使能Normal模式，收发器可以通过总线CANH和CANL发送接收数据。\n2、\t待机模式\nSTB设置为高电平使能Standby模式，收发器将不再发送接收数据。\n1.Run mode\nThe STB is set to low to enable Normal mode, and the transceiver can send and receive data through the bus CANH and CANL. \n2.Standby mode\nThe STB is set to high level enable Standby mode, and the transceiver will no longer send the received data.\nTCAN1145：\n1、Normal模式\n通过SPI3配置寄存器MC=111进入Normal模式，收发器可以通过总线CANH和CANL发送接收数据。\n2、Standby模式\n通过SPI3配置寄存器MC=100，使能Standby模式，收发器将不再发送接收数据，但INH引脚依然有效。\n3、Sleep模式\n   通过SPI3配置寄存器MC=001或者发生欠压事件，CAN收发器进入sleep模式。该模式下INH为高阻态。\n与TJA1145寄存器地址有差别，软件开发需要注意。\n4、Off模式\n当电源电压过低无法为IC供电，收发器进入Off模式，该模式下CAN引脚和INH引脚为高阻态。\n5、Overtemp模式\n当芯片整体温度高于阈值，会进入过温模式，该模式下收发器的发送端和接收端被禁用，INH引脚为高阻态。\nNormal mode\nThe Normal mode is entered through SPI3 configuration register MC=111, and the transceiver can send and receive data through buses CANH and CANL. \nStandby mode\nBy configuring the SPI3 register MC=100 to enable the Standby mode, the transceiver will no longer send the received data, but the INH pin will remain active. \nSleep mode\nThrough SPI3 configuration register MC=001 or an undervoltage event occurs, the CAN transceiver goes into sleep mode. In this mode, INH is in the high impedance state. \nOff mode\nWhen the supply voltage is too low to power the IC, the transceiver enters the Of mode, in which the CAN pin and INH pin are in the high resistance state. \nOvertemp mode\nWhen the overall chip temperature is higher than the threshold, it will enter the over-temperature mode, in which the transmitter and receiver of the transceiver are disabled, and the INH pin is in the high impedance state. </td></tr><tr><td>模式切换接口\nMode switching interface</td><td></td></tr><tr><td>模式状态机\nMode state machine</td><td>TCAN1044A：\n\nTCAN1145：\n\n</td></tr><tr><td>模式切换条件\nMode switching condition</td><td>参考：\n产品系统需求规格说明\n产品系统方案设计说明书\nReference: \nProduct system requirement specification \nProduct system scheme design specification.</td></tr><tr><td>备注\nNote</td><td></td></tr></table>"", ""<table><tr><td>模块序号\nModule number</td><td>模块名称\nModule name</td><td>功能定义\nFunction definition.</td><td>功能安全需求\nFunctional safety requirements</td></tr><tr><td>F01</td><td>MCU</td><td>SAK-TC377TP-96F300S AA</td><td>B(B)</td></tr><tr><td>F02</td><td>EYEQ6-L</td><td>EYEQ6-L，用于sensor的视频处理</td><td>B</td></tr><tr><td>F03</td><td>EYEQ6_LPDDR4</td><td>EQ6的1GB LPDDR4</td><td>B</td></tr><tr><td>F04</td><td>EYEQ6_NAND FLASH</td><td>EQ6的2Gb NAND FLASH</td><td>B</td></tr><tr><td>F05</td><td>CAM SENSOR</td><td>Sony 728摄像头模组</td><td>B</td></tr><tr><td>F06</td><td>KL30 sample</td><td>KL30电压采样</td><td>QM</td></tr><tr><td>F07</td><td>KL15 sample</td><td>KL15电压采样</td><td>QM</td></tr><tr><td>F08</td><td>EQ system power sample1</td><td>EQ6L系统供电电源电压ADC采样滤波、分压电路</td><td>B(B)</td></tr><tr><td>F09</td><td>ETH and CAN power sample2</td><td>CAN和ETH电源电压ADC采样滤波、分压电路</td><td>QM</td></tr><tr><td>F10</td><td>NTC temp sensor</td><td>NTC温度传感器，监控EQ6L/LPDDR4周边环境温度。</td><td>B</td></tr><tr><td>F11</td><td>KL30 EMI</td><td>KL30供电口EMI滤波电路.</td><td>B</td></tr><tr><td>F12</td><td>POWER</td><td>LN10046，KL30电源转VCC3V3电源</td><td>B</td></tr><tr><td>F13</td><td>POWER</td><td>LP87702，VCC3V3电压输入，VCC1V1、VCC1V8、VCC50电压输出</td><td>QM(B)</td></tr><tr><td>F14</td><td>POWER</td><td>TPS62872，VCC3V3电压输入，VCC0V75电压输出</td><td>QM(B)</td></tr><tr><td>F15</td><td>POWER</td><td>SA23002，VCC3V3输入，VCC0V75电压输出</td><td>QM(B)</td></tr><tr><td>F16</td><td>POWER</td><td>TPS22918负载开关，VCC3V3电压输入，VCC3V3_EQ输出</td><td>QM(B)</td></tr><tr><td>F17</td><td>POWER</td><td>TPS22918负载开关，VCC3V3输入，VCC3V3_ETH输出</td><td>QM</td></tr><tr><td>F18</td><td>overvoltage protect</td><td>用于MCU电源VCC3V3_MCU的外部过压保护</td><td>B</td></tr><tr><td>F19</td><td>POWER</td><td>TPS22918 负载开关，VCC1V8电压输入，VCC1V8_EQ电压输出</td><td>QM(B)</td></tr><tr><td>F20</td><td>CAN3</td><td>基于TCAN1145的CAN通讯，硬件支持特定报文唤醒</td><td>QM</td></tr><tr><td>F21</td><td>CAN2</td><td>基于TCAN1044A的CAN通讯.</td><td>QM</td></tr><tr><td>F22</td><td>CAN1</td><td>基于TCAN1044A的CAN通讯</td><td>QM</td></tr><tr><td>F23</td><td>CAN0</td><td>基于TCAN1044A的CAN通讯.</td><td>QM</td></tr><tr><td>F24</td><td>ETH</td><td>基于DP83TC812R的100BASE-T1通讯</td><td>QM</td></tr><tr><td>F25</td><td>Wake up</td><td>唤醒源和一级电源使能电路设计</td><td>QM</td></tr><tr><td>F26</td><td>watchdog</td><td>LP87702的看门狗功能，用于监控MCU运行状态</td><td>B</td></tr><tr><td>F27</td><td>POWER</td><td>VCC3V3_MCU转VCC1V25_MCU电压，由MCU的EVRC进行控制。</td><td>B</td></tr><tr><td>F28</td><td>level translation</td><td>3V3和1V8双向电压转换芯片</td><td>QM</td></tr></table>"", ""<table><tr><td>HM ID</td><td>F20/F21/ F22/ F23</td></tr><tr><td>模块功能 \nModule Function</td><td>ADAS系统需求MCU外置4路CAN/CAN FD和外部进行通讯。\nThe ADAS system requires MCU external 4-channel CAN/CAN FD and external communication. </td></tr><tr><td>模块框图\nModule diagram</td><td></td></tr><tr><td>模块方案\nModule solution</td><td>根据系统需求ADAS的四路CAN/CANFD都需要兼容TCAN1145和TCAN1044A，最大速率支持5M，根据客户需求进行选贴。\nCAN0芯片用到引脚有MCU_CAN0_TXD_P13.0，MCU_CAN0_RXD_P13.1，MCU_SPI3_MTSR_P02.6，CAN_EN_MCU_SPI3_MRST_P02.5，CAN_ERR_MCU_SPI3_CLK_P02.7，CAN0_STB_MCU_SPI3_CS5_P02.8。\nCAN1芯片用到的引脚有MCU_CAN1_TXD_P20.7，MCU_CAN1_RXD_P20.6，MCU_SPI3_MTSR_P02.6，CAN_EN_MCU_SPI3_MRST_P02.5，CAN_ERR_MCU_SPI3_CLK_P02.7，CAN1_STB_MCU_SPI3_CS4_P00.2。\nCAN2芯片用到的引脚有MCU_CAN2_TXD_P14.0，MCU_CAN2_RXD_P14.1，MCU_SPI3_MTSR_P02.6，CAN_EN_MCU_SPI3_MRST_P02.5，CAN_ERR_MCU_SPI3_CLK_P02.7，CAN2_STB_MCU_SPI3_CS3_P00.5。\nCAN3芯片用到的引脚有MCU_CAN3_TXD_P32.3，MCU_CAN3_RXD_P32.2，MCU_SPI3_MTSR_P02.6，CAN_EN_MCU_SPI3_MRST_P02.5，CAN_ERR_MCU_SPI3_CLK_P02.7，CAN3_STB_MCU_SPI3_CS6_P00.8。\n1, Per system requirements, all four CAN/CAN FD channels in the ADAS must be compatible with both TCAN1145 and TCAN1044A transceivers, supporting a maximum rate of 5 Mbps. The selection of components (TCAN1145 or TCAN1044A) is determined by customer requirements.\nPin Assignments:\nCAN0:\nMCU_CAN0_TXD_P13.0, MCU_CAN0_RXD_P13.1, MCU_SPI3_MTSR_P02.6, CAN_EN_MCU_SPI3_MRST_P02.5, CAN_ERR_MCU_SPI3_CLK_P02.7, CAN0_STB_MCU_SPI3_CS5_P02.8.\nCAN1:\nMCU_CAN1_TXD_P20.7, MCU_CAN1_RXD_P20.6, MCU_SPI3_MTSR_P02.6, CAN_EN_MCU_SPI3_MRST_P02.5, CAN_ERR_MCU_SPI3_CLK_P02.7, CAN1_STB_MCU_SPI3_CS4_P00.2.\nCAN2:\nMCU_CAN2_TXD_P14.0, MCU_CAN2_RXD_P14.1, MCU_SPI3_MTSR_P02.6, CAN_EN_MCU_SPI3_MRST_P02.5, CAN_ERR_MCU_SPI3_CLK_P02.7, CAN2_STB_MCU_SPI3_CS3_P00.5.\nCAN3:\nMCU_CAN3_TXD_P32.3, MCU_CAN3_RXD_P32.2, MCU_SPI3_MTSR_P02.6, CAN_EN_MCU_SPI3_MRST_P02.5, CAN_ERR_MCU_SPI3_CLK_P02.7, CAN3_STB_MCU_SPI3_CS6_P00.8.</td></tr></table>"", ""注：使用本模板时请先阅读填写说明页，形成工作产品时本页不可删除变更历史Change History目  录Table of Contents1\t概述 Introduction\t81.1 目的 Purpose\t81.2 适用范围 Range of Application\t81.3 读者对象 TReader\t81.4 术语及缩写解释 Terms and Abbreviations\t81.5 参考文档 Reference Document\t82\t硬件架构 Hardware Architecture\t92.1 系统概述 System overview\t92.2 硬件框图 Hardware block diagram\t102.3 模块电路 Module circuit\t122.3.1 KL30电源管理电路 KL30 supply management circuit\t122.3.2 唤醒电路 Wake Up circuit\t132.3.3 电源电路 power circuit\t152.3.4 TC377最小系统 TC377 minimum system\t232.3.5 EQ6最小系统 EQ6 minimum system\t252.3.6 摄像头最小系统 camera minimum system\t282.3.7 看门狗电路 Watchdog circuit\t302.3.8 温度采样电路 Temp Sample circuit\t302.3.9 系统内电源电压采样电源 The power System Voltage Sampling circuit\t312.3.10 ETH电路 ETH circuit\t332.3.11 CAN/CAN FD电路 CAN/CAN FD circuit\t342.3.12 3V3过压保护电路 3V3 overvoltage protection circuit\t353\t硬件运行模式 Hardware Operation Mode\t363.1 硬件运行模式 Hardware Operation Mode\t363.2 运行模式定义 Definition of Operation Mode\t373.3 运行模式转换条件 Transition Condition of Operation Mode\t393.3.1 KL30电源管理电路 KL30 supply management circuit\t393.3.2 唤醒电路 Wake Up circuit\t413.3.3 电源电路 Power Circuit\t423.3.4 TC377最小系统 TC377 minimum system\t53"", ""<table><tr><td>HM ID</td><td>F13</td></tr><tr><td>模块功能 \nModule Function</td><td>VCC1V8用于EQ6、CAM、DDR、FLASH供电。VCC1V1用于EQ6、DDR供电。VCC50用于CAN收发器供电，现选择LP87702 PMIC方案。\nVCCIV8 is used to power EQ6, CAM, DDR, FLASH.VCC1V1 is used to power EQ6,DDR. VCC50 is used for CAN transceiver power supply, now choose LP87702 PMIC scheme. \n</td></tr><tr><td>模块框图\nModule diagram</td><td></td></tr><tr><td>模块方案\nModule solution</td><td>\n采用LP87702芯片，将VCC3V3转换为VCC1V8、VCC1V1、VCC50，其中VCC1V8用于EQ6、CAM、DDR、FLASH供电，VCC1V1用于EQ6、DDR供电，VCC50用于CAN收发器供电。用MCU的P15.3引脚使能该芯片的5V输出，用MCU_SCL_P15.4，MCU_SDA_P15.5 I2C通信来设置1.8V和1.1输出电压和使能。用MCU的P12.1引脚复位该芯片。\nLP87702 chip is used to convert VCC3V3 into VCC1V8, VCC1V1 and VCC50, in which VCC1V8 is used for EQ6, CAM, DDR and FLASH power supply, VCC1V1 is used for EQ6 and DDR power supply, and VCC50 is used for CAN transceiver power supplyP15.3 pin of MCU is used to enable 5V output of the chip, and MCU_SCL_P15.4, MCU_SDA_P15.5 I2C communication is used to set 1.8V and 1.1 output voltage and enable it. Reset the chip with P12.1 pin of the MCU. </td></tr></table>"", ""<table><tr><td>HM ID</td><td>F01/F07/F25/F28/F31</td></tr><tr><td>模块功能 \nModule Function</td><td>ADAS产品支持KL15唤醒、CAN唤醒（平台预留）和以太网唤醒（平台预留）三种唤醒方式，当唤醒信号有效时直接使能一级电源，MCU开始工作并启动ADAS产品，并且MCU可以通过MCU_WAKE_HOLD_P12.0信号辅助使能一级电源，实现off delay功能。\nADAS products support KL15 wake up, CAN wake up（Platform reservation），ETH wake up（Platform reservation）, three wake up modes. When the wake up signal is effective, the first-level power supply will be directly enabled. MCU starts to work and start the ADAS product, and the MCU can enable the first-level power supply through the MCU_WAKE_HOLD_P12.0 signal assist to achieve the off delay function.</td></tr><tr><td>模块框图\nModule diagram</td><td></td></tr><tr><td>模块方案\nModule solution</td><td>KL15唤醒  KL15 Wake Up\nKL15分成两路信号：\nThe KL15 signal divides into two signals:\n一路经过防反二极管和分压电阻后用于使能一级电源LN10046，当KL15为逻辑高时有效，一级电源开始工作。并且MCU得电启动后会使能MCU_WKUP_HOLD_P12.0引脚，通过防反接二极管辅助使能一级电源并在唤醒源掉电后实现OFF DELAY功能，确保MCU完成所有必要任务之后ADAS产品进入休眠。\nOne way passes through an anti-reverse diode and two divider resistors , used to enable the EN pin of the primary power supply LN10046, effective when the KL15 is logically high, the primary power supply starts working. The MCU_WKUP_HOLD_P12.0 pin will be enabled after the MCU is powered on, and the primary power supply will be enabled through the anti-reverse diode assist, and the function of OFF DELAY will be performed after the wake source is powered off to ensure that the ADAS product will enter hibernation after the MCU completes all necessary tasks.\n另一路通过防反接二极管和100K,1%、10K,1%分压电路，用于MCU的ADC采样进行是否有效判断。 用到的引脚网络是WKUP_ACQ，对应MCU的AN0引脚。\nThe other way through the anti-reverse diode and 100K,1%, 20K,1% voltage divider circuit, used for MCU ADC sampling to determine whether effective. The pin network used is WKUP_ACQ, which corresponds to the AN0 pin of the MCU.\nCAN特定帧唤醒\nADAS平台支持特定报文的CAN唤醒功能，当唤醒信号有效时会直接使能一级电源的使能信号，系统开始唤醒，MCU工作并启动整个ADAS产品工作。\nCAN通讯接口，TCAN1145配置时支持CAN特定报文唤醒，TCAN1145的VBAT引脚接至UB_PR引脚，INH引脚通过分压和防反电路接至一级电源使能引脚，当CAN总线接收到唤醒报文时INH引脚为逻辑高，会使能一级电源，产品开始工作。INH信号通过一个防范二极管在通过100K和10K电阻分压后用MCU的AN11引脚采样。\n2.CAN0 bus wake up \nThe ADAS platform reserves the CAN wake-up function to support specific messages. When the wake-up signal is effective, the enable signal of the first-level power supply will be directly enabled, the system will start to wake up, and the MCU will work and start the entire ADAS product.\nCAN communication interface, TCAN1145 supports CAN specific message wake-up when configured, the VBAT pin of TCAN1145 is connected to UB_PR pin, The INH pin is connected to the primary power enable pin through the voltage divider and anti-reverse circuit. When the CAN bus receives the wake-up message, the INH pin is logically high, which will enable the primary power and the product will start to work. The INH signal is sampled with the AN11 pin of the MCU via a guard diode after voltage splitting through 100K and 33K resistors.\n3.ETH报文唤醒\nADAS产品唤醒支持ETH报文唤醒，当唤醒信号有效时会直接使能一级电源的使能信号，系统开始唤醒，MCU工作并启动整个ADAS产品工作。ETH PHY DP83TC812R的VSLEEP引脚接至常电，INH引脚通过分压和防反电路接至一级电源使能引脚，当以太网接收到唤醒报文时INH引脚为逻辑高，会使能一级电源，产品开始工作。\n3.Flexray specific packet wakeup \nThe wakeup of ADAS products supports the wakeup of ETH message. When the wakeup signal is effective, the enable signal of the primary power supply will be directly enabled, and the system will start to wake up, and the MCU will work and start the whole ADAS product. The VSLEEP pin of the PHY DP83TC812R is connected to the Constant Power Supply, and the INH pin is connected to the primary power enable pin through the voltage divider and anti-reverse circuit. When the ETH bus receives the wake-up message, the INH pin is logically high, and the primary power is enabled and the product starts to work. \n4.自保持唤醒 MCU_WKUP_HOLD\n当CAN总线唤醒报文中断后，INH引脚电平会无效（逻辑低），此时MCU会通过MCU_WKUP_HOLD_P12.0引脚进入OFF DELAY功能自保持唤醒一段时间，确保MCU完成所有必要任务之后ADAS产品进入休眠。\n4. Self keeping wake up\nWhen the CAN bus wake-up frame is interrupted, the INH pin level will be invalid (low logic), and the MCU will enter the OFF DELAY function through the MCU_WKUP_HOLD_P12.0 pin to keep awake for a period of time to ensure that the ADAS product will enter hibernation after the MCU completes all necessary tasks.</td></tr></table>"", ""顾客代表Customer Representative其他与项目相关人员等Other relevant person术语及缩写解释 Terms and AbbreviationsTable 1-1Terms and Abbreviations参考文档 Reference DocumentTable 1-2Reference Document硬件架构 Hardware Architecture硬件架构描述了60060894_ADAS项目的硬件基础模块，模块和模块之间的接口。The Hardware Architecture describe the HW basic component of 600608964_ADAS project, as well as the interface of each component.系统概述 System overviewADAS产品要求功能安全达到ASIL-B，硬件整体架构介绍如下：ADAS products require functional safety to meet ASIL-B. The overall hardware architecture is described as follows:整体系统由摄像头板（CAM）和主板（MB）两部分组成。The overall system is composed of two parts: camera board (CAM) and mainboard (MB).前向摄像头采集道路图像后通过数字接口输出视频数据。The forward camera collects road images and outputs video data through the digital interface.数字视频数据通过线缆传输到主板上的视频处理器EYEQ6进行视频处理。The digital video data is transmitted to the video processor EYEQ6 on the mainboard through cables for video processing.EYEQ6处理视频数据，输出路况信息。EYEQ6 processes video data and outputs road condition information.路况信息通过SPI口传送给MCU进行处理，主板通过CAN对外传送路况信息。Road condition information is transmitted to MCU through SPI interface for processing, and the mainboard transmits road condition information externally through CAN.处理结果通过CAN发出，包括对车的主动安全控制信号以及给驾驶员的报警信号。The processing result is sent out through CAN, including the active safety control signal for the car and the alarm signal for the driver.图 1 系统工作方式Fig 1 System operating block硬件框图 Hardware block diagram图 2 系统框图Fig 2 system block功能安全分解相关模块模块电路 Module circuitKL30电源管理电路 KL30 supply management circuit"", ""<table><tr><td>HM ID</td><td>F11/F12/F13/F14/F15/F16/F17/F18/F19/F25/F27</td></tr><tr><td>模块功能 \nModule Function</td><td>系统使用车载电池12V电压供电，经过EMI电路后输入至电源转换芯片，转换输出系统各模块所需电源。\nThe system uses 12V voltage power supply from the vehicle battery, which is input to the power conversion chip through the EMI circuit. Then the power conversion chip convert and output the power required by each module of the system.</td></tr><tr><td>模块框图\nModule diagram</td><td></td></tr><tr><td>模块方案\nModule solution</td><td>KL30 EMI (ASIL-B)\nKL30供电口处增加EMI电路，用于供电保护和滤波。硬件电路设计在UBD网络增加两个串联ESD电容，PCB布局靠近主连接器引脚处，用于吸收外部ESD信号，后端增加双向TVS管用于瞬态过压保护\nThe EMI circuit is added at the KL30 power supply port for power supply protection and filtering. The hardware circuit design adds two series ESD capacitors in the UBD network, the PCB layout is close to the main connector pin for absorbing external ESD signals, and the two-way TVS tube is added at the back end for transient overvoltage protection.\nKL30 to VCC3V3 (ASILB)\nKL30转VCC3V3是系统一级DC-DC，给MCU提供VCC3V3_MCU电源，所以系统要求其满足ASILB，确保MCU功能安全。\nKL30 to VCC3V3 is a system primary DC-DC chip, because the MCU needs VCC3V3_MCU power supply, so the system requires it to meet the ASILB to ensure the functional safety of the MCU.\nVCC3V3_MCU to VCC1V25_MCU(ASILB)\n3V3转1V25_MCU是使用MCU内置控制器进行控制的BUCK电源，用于MCU的核供电，功能安全需求达到ASILB，确保MCU功能安全。\n3V3 to 1V25_MCU is a BUCK power supply controlled by MCU built-in controller, which is used for MCU nuclear power supply. Functional safety requirements meet ASILB to ensure the functional safety of MCU.\nVCC3V3 to VCC0V75(QM(B))\nVCC3V3转VCC0V75应用于EQ6的内核供电，要求输出电流能力大，现选型TI的电源方案TPS62872。用MCU的P22.0引脚使能芯片，用MCU_SDA_P15.5，MCU_SCL_P15.4引脚I2C通信来设置输出电压和通信。\nVCC3V3 to VCC0V75 is applied to the core power supply of EQ6, which requires large output current capacity. The power supply scheme TPS62872 of TI is selected. P22.0 pin of MCU is used to enable the chip, and MCU_SDA_P15.5, MCU_SCL_P15.4 pin I2C communication is used to set the output voltage and communication. \nVCC3V3 to 0V75_MIPI_DDR(QM(B))\nVCC3V3转0V75_MIPI_DDR用于EQ6的IO口供电，现使用矽力杰的SA23002进行设计。用MCU的P22.1引脚使能该芯片。\nVCC3V3 to 0V75_MIPI_DDR for EQ6 IO port power supply, Silergy’s SA23002 is designed. The P22.1 pin of the MCU is used to enable the chip.\nVCC3V3转VCC1V8、VCC1V1、VCC50(QM(B))\nVCC1V8用于EQ6、CAM、DDR、FLASH供电，VCC1V1用于EQ6、DDR供电，VCC50用于CAN收发器供电，现选择LP87702 PMIC方案。用MCU的P15.3引脚使能该芯片的5V输出，用MCU_SCL_P15.4，MCU_SDA_P15.5 I2C通信来设置1.8V和1.1V输出电压和使能。\nVCC1V8 is used for EQ6, CAM, DDR, FLASH power supply, VCC1V1 is used for EQ6, DDR power supply, VCC50 is used for CAN transceiver  power supply, LP87702 PMIC scheme is selected. P15.3 pin of MCU is used to enable 5V output of the chip, and MCU_SCL_P15.4, MCU_SDA_P15.5 I2C communication is used to set 1.8V and 1.1V output voltage and enable it. \nVCC3V3 to VCC3V3_EQ(QM(B))\nVCC3V3转VCC3V3_EQ用于EQ6的IO和摄像头供电，现使用负载开关进行设计。用MCU的P20.3引脚使能该芯片。\nVCC3V3 to VCC3V3_EQ for EQ6’s IO and camera power supply, now using the load switch is designed. .The P20.3 pin of the MCU is used to enable the chip.\n\tVCC3V3 to VCC3V3_ETH(QM)\n3V3转3V3_ETH用于ETH供电，现选择负载开关方案。用MCU的P21.0引脚使能该芯片。\n3V3 to 3V3_ETH for ETH power supply, the load switch scheme is selected. . The P21.0 pin of the MCU is used to enable the chip.\n\tVCC1V8 to VCC1V8_EQ(QM(B))\nVCC1V8转VCC1V8_EQ用于EQ供电，现选择负载开关方案。用MCU的P20.0引脚使能该芯片。\nVCC1V8 to VCC1V8_EQ for EQ power supply, the load switch scheme is selected. . The P20.0 pin of the MCU is used to enable the chip.</td></tr><tr><td colspan='2'></td></tr></table>"", ""唤醒电路 Wake Up circuit电源电路 power circuitKL30 EMI电路 KL30 EMI circuitKL30 转VCC3V3 KL30 to VCC3V3VCC3V3_MCU转VCC1V25_MCU  VCC3V3_MCU to VCC1V25_MCUVCC3V3转VCC0V75  VCC3V3 to VCC0V75VCC3V3转0V75_MIPI_DDR  VCC3V3 to 0V75_MIPI_DDRVCC3V3转VCC1V8、VCC1V1、VCC50   VCC3V3 to VCC1V8、VCC1V1、VCC50VCC3V3转VCC3V3_EQ  VCC3V3 to VCC3V3_EQVCC3V3转VCC3V3_ETH  VCC3V3 to VCC3V3_ETHVCC1V8转VCC1V8_EQ  VCC1V8 to VCC1V8_EQTC377最小系统 TC377 minimum systemEQ6最小系统 EQ6 minimum system摄像头最小系统 camera minimum system看门狗电路 Watchdog circuit温度采样电路 Temp Sample circuit系统内电源电压采样电源 The power System Voltage Sampling circuitETH电路 ETH circuitCAN/CAN FD电路 CAN/CAN FD circuit3V3过压保护电路 3V3 overvoltage protection circuit硬件运行模式 Hardware Operation Mode主要用于描述当前ADAS硬件不同的运行模式（例如上电模式，下电模式，Sleep模式，运行模式等）。描述各个运行模式下的硬件模块功能，以及模式之间的切换条件。Describe the different operating mode of ADAS Hardware (e.g. power on mode, power off mode, Sleep mode，normal mode). Define the HW component functions in each operating mode, describe the transition condition between different modes.硬件运行模式 Hardware Operation Mode系统功能矩阵描述系统不同模式下各功能模块运行状态。The system function matrix describes the operation status of each function module in different modes of the system."", ""<table><caption> Table 7-1. Pin Functions</caption>\n<tr><td  >Pin</td><td></td><td></td><td></td></tr>\n<tr><td  >Name</td><td  >No.</td><td  >Type(1)</td><td  >Description</td></tr>\n<tr><td></td><td></td><td></td><td  >Device compensation input. A resistor and capacitor from this pin to GOSNS define the </td></tr>\n<tr><td  >COMP</td><td  >1</td><td></td><td  >compensation of the control loop. In stacked operation, connect the CoMP pins of all stacked devices together and connect a</td></tr>\n<tr><td></td><td></td><td></td><td  >resistor and capacitor between the common COMP node and GOSNS.</td></tr>\n<tr><td  >GOSNS</td><td  >2</td><td></td><td  > Output ground sense (differential output voltage sensing)</td></tr>\n<tr><td  >VOSNS</td><td></td><td></td><td  >Output voltage sense (differential output voltage sensing)</td></tr>\n<tr><td></td><td></td><td></td><td  >This is the enable pin of the device. The user must connect to this pin using a series resistor of </td></tr>\n<tr><td></td><td></td><td></td><td  >at least 15 kQ. A low logic level on this pin disables the device and a high logic level on this pin</td></tr>\n<tr><td  >EN</td><td  >4</td><td></td><td  >enables the device. Do not leave this pin unconnected.</td></tr>\n<tr><td></td><td></td><td></td><td  >For stacked operation, interconnect EN pins of all stacked devices with a resistor to the supply</td></tr>\n<tr><td></td><td></td><td></td><td  >voltage or a GPlO of a processor. See Section 9.3.17 for a detailed description.</td></tr>\n<tr><td  >VIN</td><td  >5.9</td><td  >P</td><td  > Power supply input. Connect the input capacitor as close as possible between VIN and GND.</td></tr>\n<tr><td  >GND</td><td  >6,8</td><td  >GND</td><td  >Ground pin</td></tr>\n<tr><td  >SW</td><td  >7</td><td></td><td  >This pin is the switch pin of the converter and is connected to the internal power MOSFETs.</td></tr>\n<tr><td></td><td></td><td></td><td  > Open-drain power-good output. Low impedance when not \""power good,\"" high impedance when </td></tr>\n<tr><td></td><td></td><td></td><td  >\""power good.\"" This pin can be left open or be tied to GND when not used in single device </td></tr>\n<tr><td></td><td></td><td></td><td  >operation.</td></tr>\n<tr><td  >PG</td><td  >10</td><td  >I/0</td><td  > In stacked operation, interconnect the PG pins of all stacked devices. Only the PG pin of the </td></tr>\n<tr><td></td><td></td><td></td><td  > primary converter in stacked operation is an open-drain output. For devices that are defined as</td></tr>\n<tr><td></td><td></td><td></td><td  >secondary converters in stacked mode, this pin is an input pin. See Section 9.3.17 for a detailed</td></tr>\n<tr><td></td><td></td><td></td><td  >description.</td></tr>\n<tr><td></td><td></td><td></td><td  >The device runs in power save mode when this pin is pulled low. If the pin is pulled high, the</td></tr>\n<tr><td  >MODE/SYNC</td><td  >11</td><td></td><td  >device runs in forced-PWM mode. If unused, this pin can be left floating and an internal pulldown resistor will pull it low. The mode pin can also be used to synchronize the device to an external </td></tr>\n<tr><td></td><td></td><td></td><td  >clock.</td></tr>\n<tr><td  >SDA</td><td  >12</td><td  >I/0</td><td  >I2C serial data pin. Do not leave floating. Connect a pullup resistor to a logic high level. Connect to GND for secondary devices in stacked operation and for device variants without I2C.</td></tr>\n<tr><td></td><td></td><td></td><td  >I2C serial clock pin. Do not leave this pin floating. Connect a pullup resistor to a logic high level.</td></tr>\n<tr><td  >SCL</td><td  >13</td><td  >1/0</td><td  >Connect this pin to GND for secondary devices in stacked operation and for device variants</td></tr>\n<tr><td></td><td></td><td></td><td  >without I2C.</td></tr>\n</table>"", ""\n10.5.2Layout Example\nimplementation of the PCB layout principles previously listed. The user can find a complete set drawings of all the layers used in this PCB in the evaluation module's user guide.\n11 Device and Documentation Support\n11.1 Device Support\n11.1.1 Third-Party Products Disclaimer\nTI'SPUBLICATIONOFINFORMATION REGARDINGTHIRD-PARTYPRODUCTS ORSERVICESDOESNOT CONSTITUTEANENDORSEMENTREGARDING THESUITABILITY OF SUCHPRODUCTS ORSERVICES ORAWARRANTY,REPRESENTATIONORENDORSEMENTOFSUCHPRODUCTSORSERVICES,EITHER ALONEORINCOMBINATIONWITHANYTIPRODUCTORSERVICE\n11.2 Documentation Support\n11.2.1 Related Documentation\nFor related documentation see the following:\nTexas Instruments, Semiconductor and IC Package Thermal Metrics application report\n11.3 Receiving Notification of Documentation Updates\nTo receive notification of documentation updates, navigate to the device product folder on ti.com. Click on Subscribe to updates to register and receive a weekly digest of any product information that has changed. For change details, review the revision history included in any revised document.\n11.4 Support Resources\nTI E2E\""M support forums are an engineer's go-to source for fast, verified answers and design help — straight from the experts. Search existing answers or ask your own question to get the quick design help you need.\nLinked content is provided \""AS IS\"" by the respective contributors. They do not constitute TI specifications and do not necessarily reflect Tl's views; see Tl's Terms of Use.\n11.5 Trademarks\nTI E2E\""M is a trademark of Texas Instruments.\nAll trademarks are the property of their respective owners.\n11.6 ElectrostaticDischarge Caution\nThis integrated circuit can be damaged by ESD. Texas Instruments recommends that all integrated circuits be handled with appropriate precautions. Failure to observe proper handling and installation procedures can cause damage.\nESD damage can range from subtle performance degradation to complete device failure. Precision integrated circuits may be more susceptible to damage because very small parametric changes could cause the device not to meet its published specifications.\n11.7 Glossary\nTI Glossary\nThis glossary lists and explains terms, acronyms, and definitions.\n12 Mechanical, Packaging, and Orderable Information\nThe following pages include mechanical, packaging, and orderable information. This information is the most current data available for the designated devices. This data is subject to change without notice and revision of this document. For browser-based versions of this data sheet, refer to the left-hand navigation."", ""\nTPS6287x-Q1 2.7-V to 6-V Input, 6-A, 9-A, 12-A, 15-A, Stackable, Synchronous Step- Down Converters with Fast Transient Response\n3 Description\n1 Features\n AEC-Q100 qualified for automotive applications\nThe TPS6287x-Q1 is a family of pin-to-pin 6-A, 9-\nTemperature grade 1: -40°C to +125°C, TA\nA, 12-A, and 15-A synchronous step-down DC/DC converters with differential remote sensing. For each\nFunctional Safety-Capable\ncurrent rating, there are full-featured device variants\nDocumentation available to aid functional safety\nwith I²C interface and limited-featured device variants\nsystem design\nwithout I2C interface. All devices offer high efficiency\nDocumentation available to aid functional safety\nand ease of use. Low-resistance power switches\nsystem design\nallow up to 15-A continuous output current at high\nDocumentation available to aid functional safety\nambient temperatures.\nsystem design 2.7-V to 6-V input voltage range\nThe devices can operate in stacked mode to deliver\nFamily of pin-to-pin compatible devices: 6-A, 9-A,\nhigher output currents or to spread the power\n12-A, and 15-A\ndissipation across multiple devices.\n Four output voltage ranges:\nThe TPS6287x-Q1 family implements an enhanced\n0.4-V to 0.71875-V in 1.25-mV steps\nDCS control scheme that supports fast transients with\n 0.4-V to 1.0375-V in 2.5-mV steps\nfixed-frequency operation.  Devices can operatein\n0.4-V to 1.675-V in 5-mV steps\npower save mode for maximum efficiency, or forced-\n0.8-V to 3.35-V in 10-mV steps\nPWM mode for the best transient performance and\n Output voltage accuracy ±1%\nlowest output voltage ripple.\n7-mQ and 4.5-mQ internal power MOSFETs Adjustable external compensation\nAn optional remote sensing feature maximizes voltage\n Resistor-selectable start-up output voltage\n and  the device\nregulation at the point-of-load,\nResistor-selectable switching frequency\nachieves better than ±1% DC voltage accuracy under\nPower-save or forced-PwM operation"", ""\nUpdated theDevice OptionsTable.\n3 .5\nModified MODE/SYNC pin Description in Pin Functions Changed the title of Figure 8-5\n12\nAdded approximate minimum on time value.\n15\n Added behavior of device when EN is toggled and input voltage is applied..\n.17\n·\nModified Table 9-5 to reflect new available Orderable Part Number..\n21\nAdded a comment on how to connect secondary devices SYNC_OUT pin..\n27\nAdded a footnote to Table 9-10\n.31\nAdded I2C Register Reset \n.34 Added Number of phases NΦ and adapted passive component selection equations in Typical Application ...41\nPage\nChanges from Revision * (May 2022) to Revision A (July 2022)\nChanged document status from Advance Information to Production Data......\n.1\n5 Description (continued)\nThe switching frequency is resistor-selectable through the FSEL pin. The switching frequency can be set to 1.5 MHz, 2.25 MHz, 2.5 MHz, or 3.0 MHz, or synchronized to an external clock in the same frequency range.\nThe I2C-compatible interface offers several control, monitoring, and warning features, such as voltage monitoring and temperature-related warnings. The output voltage can be quickly adjusted to adapt the power consumption of the load to the performance needs of the application through the I2C-compatible interface. The default start-up voltage is resistor-selectable through the VSEL pin.\n6 Device Options\n The I2C address is linked to the selected start-up voltage. The user cannot select the start-up voltage and I2C address independently.(1)\nThe user can use the VSEL pin to select which of the four start-up voltages the device uses. For more information, see Table 9-5 and (2)\n7 Pin Configuration and Functions\n8 Specifications\n8.1 Absolute Maximum Ratings\nover operating temperature range (unless otherwise noted)(1)\n(1)Operation outside the Absolute Maximum Ratings may cause permanent device damage. Absolute Maximum Ratings do not imply functional operation of the device at these or any other conditions beyond those listed under Recommended Operating Conditions.\nIf used outside the Recommended Operating Conditions but within the Absolute Maximum Ratings, the device may not be fully functional, and this may affect device reliability, functionality, performance, and shorten the device lifetime.\n(2)All voltage values are with respect to the GND pin.\nWhile switching.\n(3)"", ""\n9 Detailed Description\n9.1overview\nThe TPS6287x-Q1 devices are synchronous step-down (buck) DC/DC converters. These devices use an enhanced DCS control topology to achieve fast transient response while switching with a fixed frequency.\nTogether, with their low output voltage ripple, high DC accuracy, and differential remote sensing, these devices are ideal for supplying the cores of modern high-performance processors.\nThe family of devices includes 6-A, 9-A, 12-A, and 15-A devices. To further increase the output current capability, the user can combine multiple devices in a “stack\"". For example, a stack of two TPS62873-Q1 devices have a current capability of 30 A. Each device of a stack must have the same current rating to avoid that one device enters current limit too early.\nFor each current rating, there are full-featured devices with an I2C interface and limited-featured devices without an I2C interface (see the Device Options). The user can use a device variant without I2C in exactly the same way as a device variant with I?C, except that:\n· The user must connect the unused SCL and SDA pins to GND · The user must be aware of the (fixed) factory settings for parameters and functions that are programmable in the I²C device variants.\n9.2 Functional Block Diagram\n9.3FeatureDescription\n9.3.1 Fixed-Frequency DCS Control Topology\nTPS6287x-Q1 devices. This topology is comprised of an inner emulated current loop, a middle direct feedback loop, and an outer voltage-regulating loop.\n9.3.2 Forced PwM and Power Save Modes\nThe device can control the inductor current in three different ways to regulate the output:\nPulse-width modulation with continuous inductor current (PWM-CCM) Pulse-width modulation with discontinuous inductor current (PWM-DCM) Pulse-frequency modulation with discontinuous inductor current and pulse skipping (PFM-DCM)\nDuring PWM-CCM operation, the device switches at a constant frequency and the inductor current is continuous (see Figure 9-2). PwM operation achieves the lowest output voltage ripple and the best transient performance.\nDuring PWM-DCM operation, the device switches at a constant frequency and the inductor current is discontinuous (see Figure 9-3). In this mode, the device controls the peak inductor current to maintain the selected switching frequency while still being able to regulate the output."", ""\nA stacked configuration uses a daisy-chained clocking signal, in which each device switches with a phase offset of approximately 140° relative to the adjacent devices in the daisy-chain. To daisy-chain the clocking signal, connect the SYNC_OUT pin of the primary device to the MODE/SYNC pin of the first secondary device. Connect the SYNC_OUT pin of the first secondary device to the MODE/SYNC pin of the second secondary device. Continue this connection scheme for all devices in the stack, to daisy-chain them together.\nHiccup overcurrent protection must not be used in a stacked configuration.\nIn a stacked configuration, the common enable signal also acts as a SYSTEM_READY signal (see Section 9.3.3). Each device in the stack can pull its EN pin low during device start-up or when a fault occurs. Thus, the stack is only enabled when all devices have completed their start-up sequence and are fault-free. A fault in any one device disables the whole stack for as long as the fault condition exists.\nDuring start-up, the primary converter pulls the COMP pin low for as long as the enable signal (SYSTEM_READY) is low. When the enable signal goes high, the primary device actively controls the COMP pin and all converters in the stack follow the COMP voltage. During start-up, each device in the stack pulls its PG pin low while it initializes. When initialization is complete, each secondary device in the stack sets its PG pin to a high impedance and the primary device alone controls the state of the PG signal. The PG pin goes high when the stack has completed its start-up ramp and the output voltage is within specification. The secondary converters in the stack detect the rising edge of the power-good signal and switch from DCM operation to CCM operation. After the stack has successfully started up, the primary device controls the power-good signal in the normal way. In a stacked configuration, there are some faults that only affect individual devices, and other faults that affect all devices. For example, if one device enters current limit, only that device is affected. But a thermal shutdown or undervoltage lockout event in one device disables all devices through the shared enable (SYSTEM_READY) signal.\nFunctionality During Stacked Operation\nSome device features are not available during stacked operation, or are only available in the primary converter.\nFault Handling During Stacked Operation\nIn a stacked configuration, there are some faults that only affect individual devices and other faults that affect all devices. For example, if one device enters current limit, only that device is affected. A thermal shutdown or undervoltage lockout event in one device disables all devices through the shared enable (SYSTEM_READY) signal. Table 9-9 summarizes the fault handling of the TPS6287x-Q1 devices during stacked operation."", ""\nIf the user applies a valid clock signal to the MODE/SYNC pin, the device synchronizes its switching cycles to the external clock and automatically selects forced PwM operation.\nThe MODE/SYNC pin is logically ORed with the FPWMEN bit in the CONTROL1 register (see Table 9-1).\nWhen multiple devices are used together in a stacked configuration, the MODE/SYNC pin of the secondary devices is the input for the clock signal (see Section 9.3.17).\n9.3.9 Spread Spectrum Clocking (SSC)\nThe device has a spread spectrum clocking function that can reduce electromagnetic interference (EMl). When the SSC function is active, the device modulates the switching frequency to approximately ±10% the nominal value. The frequency modulation has a triangular characteristic (see Figure 9-11).\nTo use the SSC function, make sure that:\n· SSCEN = 1 in the CONTROL1 register.\n· Forced PWM operation is selected (MODE pin is high or FPWMEN = 1 in the CONTROL1 register).\nProduct Folder Links: TPS62870-Q1TPS62871-Q1 TPS62872-Q1 TPS62873-Q1\n·The device is not synchronized to an external clock.\nTo disable the SSC function, ensure that SCCEN = 0 in the CONTROL1 register.\nTo use the SSC function with multiple devices in a stacked configuration, ensure that the primary converter runs from its internal oscillator and synchronize all secondary converters to the primary clock (see Figure 9-14).\n9.3.10 Output Discharge\nThe device has an output discharge function that ensures a defined ramp down of the output voltage when the device is disabled and keeps the output voltage close to 0 V while the device is off. The output discharge function is enabled when DISCHEN = 1 in the CONTROL1 register. The output discharge function is enabled by default.\nIf enabled, the device discharges the output under the following conditions:\n· A low level is applied to the EN pin.\n· SWEN = O in the CONTROL1 register.\n· A thermal shutdown event occurs.\n· A UVLO event occurs.\n· An OVLO event occurs.\nThe output discharge function is not available until the user has enabled the device at least once after power up During power down, the device continues to discharge the output for as long as the internal supply voltage is greater than approximately 1.8 V.""]","{""original_context_count"": 30, ""original_context_characters"": 41769, ""scored_context_count"": 8, ""scored_context_characters"": 750, ""contexts_truncated"": true, ""context_selection"": ""claim_coverage""}",0.12915403889493376,0.9535003501069138,0.75,not_applicable,0.9999999999,0.0,0.5,0.358974358974359,not_applicable
hw-v1-missing-protection-threshold,success,仅根据网表，3V3 过压保护的精确触发阈值是多少？,网表只能表明连接拓扑，不能给出精确保护阈值；当前缺少对应数据手册或规格证据，应明确无法确认。,"根据提供的网表证据，**无法确定3V3过压保护的精确触发阈值**。网表中仅列出了与3V3相关的网络（如`&3V3_EQ_ACQ`、`&3V3_ETH_ACQ`、`VCC3V3`等）及其连接关系，但未包含任何电压阈值、比较器参考电压或保护电路的具体参数信息。要获取精确触发阈值，需要查阅器件的数据手册（datasheet）或电路中分压电阻的阻值及比较器基准电压等设计文档，但当前证据中缺失这些内容。

**缺失信息**：  
- 过压保护触发阈值的具体数值（如3.3V、3.6V等）。  
- 任何与阈值计算相关的分压网络、基准源或比较器参数。  

**来源说明**：  
所有证据均来自网表`825504380_ADAS_SCH_TCN2.EDF`，仅描述了网络连接，未提供数值或保护逻辑。","根据提供的网表证据，**无法确定3V3过压保护的精确触发阈值**。网表中仅列出了与3V3相关的网络（如`&3V3_EQ_ACQ`、`&3V3_ETH_ACQ`、`VCC3V3`等）及其连接关系，但未包含任何电压阈值、比较器参考电压或保护电路的具体参数信息。要获取精确触发阈值，需要查阅器件的数据手册（datasheet）或电路中分压电阻的阻值及比较器基准电压等设计文档，但当前证据中缺失这些内容。

**缺失信息**：  
- 过压保护触发阈值的具体数值（如3.3V、3.6V等）。  
- 任何与阈值计算相关的分压网络、基准源或比较器参数。  

**来源说明**：  
所有证据均来自网表`825504380_ADAS_SCH_TCN2.EDF`，仅描述了网络连接，未提供数值或保护逻辑。","[""Net &3V3_EQ_ACQ connects C1102.&2, R1108.&2, R1113.&2, TP1109.&1, U900A.AN2/EVADC_G0CH2/EDSADC_EDS0PA."", ""Net &3V3_ETH_ACQ connects C1103.&2, R1110.&2, R1112.&2, TP1111.&1, U900A.AN8/EVADC_G1CH0."", ""Net MCU_3V3_EQ_EN connects R1818.&2, TP1822.&1, U1802.ON, U900E.P20.3/ASCLIN3_ARXC/GPT120_T6INA/ASCLIN3_ATX/QSPI0_SLSO9/QSPI2_SLSO9/CAN03_TXD, X2000.&13."", ""Net MCU_3V3_ETH_EN connects R1500.&2, TP1500.&1, U1500.ON, U900E.P21.0/ASCLIN11_ARXC/ASCLIN11_ATX/ASCLIN11_ATX."", ""Net VCC3V3 connects C1500.&1, C1617.&1, C1618.&1, C1621.&1, C1633.&2, C1700.&1, C1701.&1, C1702.&1, C1704.&1, C1709.&1, C1710.&1, C1711.&1, C1716.&1, C1800.&1, C1801.&1, C1802.&1, C1803.&1, C1804.&1, C1805.&1, C1811.&1, C1812.&1, C1821.&1, C1823.&1, C1828.&1, L1601.&2, L1701.&1, Q1700.S, R1622.&2, R1701.&1, R1706.&1, R1709.&1, R1710.&1, R1711.&2, R1712.&2, R1800.&2, TP1605.&1, TP1803.&1, U1500.VIN, U1600.VCCIN, U1700.VIN_B0_1, U1700.VIN_B1_1, U1700.VANA, U1700.VIN_B0_2, U1700.VIN_B1_2, U1800.VIN, U1800.VIN, U1800.MODE/SYNC, U1802.VIN, U1804.VIN, U1804.VIN, X2000.&1, X2000.&3."", ""Net VCC3V3_CAM_ACQ connects C1114.&2, R1143.&2, R1147.&2, TP1146.&1, U900A.AN12/EVADC_G1CH4/EDSADC_EDS0PB."", ""Net VCC3V3_CAM_FB connects R1143.&1, TP1913.&1, X1903.&4."", ""Net VCC3V3_EQ connects C1832.&1, C502.&1, C619.&1, C621.&1, C624.&1, C627.&1, C630.&1, R1108.&1, R1122.&1, R506.&2, R507.&2, R549.&2, R554.&2, R555.&2, R556.&2, R558.&2, R580.&2, R581.&2, TP1816.&1, U1802.QOD, U1802.VOUT, U400-2.VDD_RING_8_0-1, U400-2.VDD_RING_8_0-2, U400-2.VDD_RING_8_0-3, U400-2.VDD_RING_9_0, X1903.&10, Y500.VDD.""]","{""original_context_count"": 8, ""original_context_characters"": 1532, ""scored_context_count"": 8, ""scored_context_characters"": 1532, ""contexts_truncated"": false, ""context_selection"": ""claim_coverage""}",0.8685497437306757,0.0,0.3333333333333333,not_applicable,0.9999999999875,0.0,1.0,0.7142857142857143,1.0
hw-v1-missing-bom-paraphrase,success,请给我 LP87702-Q1 的备选型号和当前采购价。,知识库缺少 BOM、替代料清单和价格证据，不能提供备选型号或采购价；可以说明已知器件为 U1700 LP87702-Q1。,"好的，根据提供的证据，我对您的问题“LP87702-Q1的备选型号和当前采购价”进行回答。

### 1. LP87702-Q1 的备选型号

**结论：现有证据中未明确列出 LP87702-Q1 的备选型号。**

**分析说明：**
- 检索账本中，该子问题（sq_1）的状态为“covered”，但实际支撑证据并未提供直接的备选型号列表。
- 证据[2]（电路设计实例）显示了器件号为 `LP87702RRHBRQ1`，这是该型号的一种具体封装/订购代码，而非备选型号。
- 证据[4]（文档文本）详细描述了该器件的工作模式，同样未提及备选型号。
- 其他证据中提到的 `TPS6287x-Q1` 系列、`NXB0104` 等（如证据[1]、[5]、[6]）是系统中其他功能的芯片，并非 LP87702-Q1 的备选品。

**来源说明：**
- 证据[2]：`825504380_ADAS_SCH_TCN2.EDF` 电路图，确认了该器件型号为 `LP87702RRHBRQ1`。
- 证据[4]：`600608964_ADAS_HSI_0506_1952_shoulin.wang.docx` 文档，描述了其模式特性。

**缺失信息：** 无证据支持提供 LP87702-Q1 的备选型号。

---

### 2. LP87702-Q1 的当前采购价

**结论：现有证据中不包含 LP87702-Q1 的当前采购价格信息。**

**分析说明：**
- 检索账本中，该子问题（sq_2）的状态为“partial”，明确指出了缺失的证据类型为 `spreadsheet_table`（电子表格）。这意味着系统未找到包含价格信息的表格文件。
- 所有提供的证据（电路图、文档、PDF）均只涉及器件型号、功能、封装、工作模式等硬件设计信息，未包含任何价格或采购成本数据。

**来源说明：** 所有证据均未提供价格信息。

**缺失信息：** 当前采购价格信息完全缺失。

---

### 证据冲突报告

根据提供的评估数据，证据中存在冲突，但**这些冲突与您询问的“备选型号”和“采购价”无关**，主要涉及技术文档中不同字段的取值，特此列出供参考。

1.  **字段“r805”**：
    - 证据来源 `600608964_ADAS_HSI_0506_1952_shoulin.wang.docx` 中，存在两个值：`10240` 和 `33`。
    - 冲突原因：不同上下文对该电阻值的描述不一致。

2.  **字段“ecu connector”**：
    - 证据来源 `600608964_ADAS_HSI_0506_1952_shoulin.wang.docx` 中，存在两个值：`x2000-17` 和 `x2000-27`。
    - 冲突原因：不同引脚或模块的连接器定义不一致。

3.  **字段“hw interface component”** 和 **其他字段**：
    - 证据来源 `600608964_ADAS_HSI_0506_1952_shoulin.wang.docx` 中，存在多个不一致的取值，如 `b`/`qm`、`a11`/`a17`/`adc` 等，表明该文档在不同章节或表格中，对同一属性的定义存在差异。

**总结：** 对于您的问题，简要结论是：**在现有证据中，无法找到 LP87702-Q1 的备选型号，也无法找到其当前采购价格。** 相关建议是，查找该器件的官方数据手册（Datasheet）以获取备选型号信息，联系供应商或查阅采购部门的BOM（物料清单）成本表以获取价格信息。","好的，根据提供的证据，我对您的问题“LP87702-Q1的备选型号和当前采购价”进行回答。

### 1. LP87702-Q1 的备选型号

**结论：现有证据中未明确列出 LP87702-Q1 的备选型号。**

**分析说明：**
- 检索账本中，该子问题（sq_1）的状态为“covered”，但实际支撑证据并未提供直接的备选型号列表。
- 证据[2]（电路设计实例）显示了器件号为 `LP87702RRHBRQ1`，这是该型号的一种具体封装/订购代码，而非备选型号。
- 证据[4]（文档文本）详细描述了该器件的工作模式，同样未提及备选型号。
- 其他证据中提到的 `TPS6287x-Q1` 系列、`NXB0104` 等（如证据[1]、[5]、[6]）是系统中其他功能的芯片，并非 LP87702-Q1 的备选品。

### 2. LP87702-Q1 的当前采购价

**结论：现有证据中不包含 LP87702-Q1 的当前采购价格信息。**

**分析说明：**
- 检索账本中，该子问题（sq_2）的状态为“partial”，明确指出了缺失的证据类型为 `spreadsheet_table`（电子表格）。这意味着系统未找到包含价格信息的表格文件。
- 所有提供的证据（电路图、文档、PDF）均只涉及器件型号、功能、封装、工作模式等硬件设计信息，未包含任何价格或采购成本数据。

**来源说明：** 所有证据均未提供价格信息。

**缺失信息：** 当前采购价格信息完全缺失。

---

### 证据冲突报告

根据提供的评估数据，证据中存在冲突，但**这些冲突与您询问的“备选型号”和“采购价”无关**，主要涉及技术文档中不同字段的取值，特此列出供参考。

1.  **字段“r805”**：
    - 证据来源 `600608964_ADAS_HSI_0506_1952_shoulin.wang.docx` 中，存在两个值：`10240` 和 `33`。
    - 冲突原因：不同上下文对该电阻值的描述不一致。

2.  **字段“ecu connector”**：
    - 证据来源 `600608964_ADAS_HSI_0506_1952_shoulin.wang.docx` 中，存在两个值：`x2000-17` 和 `x2000-27`。
    - 冲突原因：不同引脚或模块的连接器定义不一致。

3.  **字段“hw interface component”** 和 **其他字段**：
    - 证据来源 `600608964_ADAS_HSI_0506_1952_shoulin.wang.docx` 中，存在多个不一致的取值，如 `b`/`qm`、`a11`/`a17`/`adc` 等，表明该文档在不同章节或表格中，对同一属性的定义存在差异。

**总结：** 对于您的问题，简要结论是：**在现有证据中，无法找到 LP87702-Q1 的备选型号，也无法找到其当前采购价格。** 相关建议是，查找该器件的官方数据手册（Datasheet）以获取备选型号信息，联系供应商或查阅采购部门的BOM（物料清单）成本表以获取价格信息。","[""Instance U1400: DP83TC812R-Q1, 2025020711161, DP83TC812RRHARQ1, PQFN50P600X600X100-36."", ""Instance U1700: LP87702-Q1, 20200424007, LP87702RRHBRQ1, pqfn50p5x5x90-32."", ""Instance U503: NXB0104PW-Q100, 20220529784, NXB0104PW-Q100, SOP65P640X500X110-14."", ""<table><tr><td>HM ID</td><td>F13</td></tr><tr><td>运行模式\nOperation Mode</td><td>SHUTDOWN、READ OTP、STANDBY、ACTIVE</td></tr><tr><td>模式定义\nDefinition of Operation mode</td><td>SHUTDOWN\nNRST电压低于阈值。LP87702-Q1器件停止工作。\nREAD OTP\n电源电压VANA高于VANAUVLO电平，并且NRST电压高于阈值电平。电压转换器被禁用，LP87702-Q1的参考电平和偏置电路被启用。OTP配置被加载到寄存器。\nSTANDBY\n电源电压VANA高于VANAUVLO水平，NRST电压高于阈值水平。电压转换器被禁用，LP87702-Q1的参考电平、控制和偏压电路被启用。所有的寄存器都可以被主机处理器通过系统串口读写。电压转换器可以根据需要进行使能输出。\nACTIVE\n电源电压VANA高于VANAUVLO水平，NRST电压高于阈值水平。稳压DC/DC变换器处于使能状态。所有的寄存器都可以被MCU通过系统串口读写。\nSHUTDOWN\nAfter the enable signal MCU_OV75_MIPI_DDR_EN=L, the secondary power stops the 0V75_MIPI_DDR power supply. \nREADY OTP\nThe supply voltage VANA is above the VANAUVLO level, and the NRST voltage is above the threshold level. The voltage converter is disabled and the reference level and bias circuits of the LP87702-Q1 are enabled. The OTP configuration is loaded into the register.\nSTANDBY\nThe supply voltage VANA is above the VANAUVLO level and the NRST voltage is above the threshold level. The voltage converter is disabled and the reference level, control, and bias circuits of the LP87702-Q1 are enabled. All registers can be read and written by the host processor through the system serial port. The voltage converter can perform enabling output as needed.\nACTIVE\nThe supply voltage VANA is above the VANAUVLO level and the NRST voltage is above the threshold level. The regulated DC/DC converter is in the enabled state. All the registers can be read and written by the MCU through the system serial port. </td></tr><tr><td>模式切换接口\nMode switching interface</td><td></td></tr><tr><td>模式状态机\nMode state machine</td><td></td></tr><tr><td>模式切换条件\nMode switching condition</td><td>参考：\n产品系统需求规格说明\n产品系统方案设计说明书\nReference: \nProduct system requirement specification \nProduct system scheme design specification.</td></tr><tr><td>备注\nNote</td><td>1、VANAUVLO阈值电压\n\n2、NRST阈值电压\n</td></tr><tr><td>备注\nNote</td><td></td></tr></table>"", ""<table><caption> Device Information</caption>\n<tr><td colspan=3 rowspan=3 >Part Number Current Rating Package TPS62870-Q1 6A TPS62871-Q1 9A RXS (VQFN-FCRLF, TPS62872-Q1 12 A 16) TPS62873-Q1 15 A</td></tr>\n\n</table>"", ""<table><caption> *All dimensics are nominal</caption>\n<tr><th  >Device</th><th  >Package</th><th  >Package</th><th  >Pins</th><th  >SPQ</th><th  >Reel</th><th  >Reel</th><th  >A0</th><th  >BO</th><th  >K0</th><th  >P1</th><th  >W</th><th  >Pin1</th></tr>\n<tr><th></th><th  >Type</th><th  >Drawing</th><th></th><th></th><th  >Diameter</th><th  >Width</th><th  >(mm)</th><th  >(mm)</th><th  >(mm)</th><th  >(mm)</th><th  >(mm)</th><th  >Quadrant</th></tr>\n<tr><th></th><th></th><th></th><th></th><th></th><th  >(mm)</th><th  >W1(mm)</th><th></th><th></th><th></th><th></th><th></th><th></th></tr>\n<tr><td  >TPS62870N0QWRXSRQ1</td><td  >VQFN-</td><td  >RXS</td><td  >16</td><td  >3000</td><td  >330.0</td><td  >12.4</td><td  >2.8</td><td  >3.8</td><td  >1.2</td><td  >4.0</td><td  >12.0</td><td  >Q1</td></tr>\n<tr><th></th><th  >FCRLF</th><th></th><th></th><th></th><th></th><th></th><th></th><th></th><th></th><th></th><th></th><th></th></tr>\n<tr><td  >TPS62870QWRXSRQ1</td><td  >VQFN-</td><td  >RXS</td><td  >16</td><td  >3000</td><td  >330.0</td><td  >12.4</td><td  >2.8</td><td  >3.8</td><td  >1.2</td><td  >4.0</td><td  >12.0</td><td  >Q1</td></tr>\n<tr><td  >TPS62870Y0QWRXSRQ1</td><td  >VQFN-</td><td  >RXS</td><td  >16</td><td  >3000</td><td  >330.0</td><td  >12.4</td><td  >2.8</td><td  >3.8</td><td  >1.2</td><td  >4.0</td><td  >12.0</td><td  >Q1</td></tr>\n<tr><td  >TPS62870Y1QWRXSRQ1</td><td  >VQFN-</td><td  >RXS</td><td  >16</td><td  >3000</td><td  >330.0</td><td  >12.4</td><td  >2.8</td><td  >3.8</td><td  >1.2</td><td  >4.0</td><td  >12.0</td><td  >Q1</td></tr>\n<tr><td  >TPS62870Y2QWRXSRQ1</td><td  >VQFN-</td><td  >RXS</td><td  >16</td><td  >3000</td><td  >330.0</td><td  >12.4</td><td  >2.8</td><td  >3.8</td><td  >1.2</td><td  >4.0</td><td  >12.0</td><td  >Q1</td></tr>\n<tr><td  >TPS62870Y3QWRXSRQ1</td><td  >VQFN-</td><td  >RXS</td><td  >16</td><td  >3000</td><td  >330.0</td><td  >12.4</td><td  >2.8</td><td  >3.8</td><td  >1.2</td><td  >4.0</td><td  >12.0</td><td  >Q1</td></tr>\n<tr><td  >TPS62871QWRXSRQ1</td><td  >VQFN-</td><td  >RXS</td><td  >16</td><td  >3000</td><td  >330.0</td><td  >12.4</td><td  >2.8</td><td  >3.8</td><td  >1.2</td><td  >4.0</td><td  >12.0</td><td  >Q1</td></tr>\n<tr><td  >TPS62871Y1QWRXSRQ1</td><td  >VQFN-</td><td  >RXS</td><td  >16</td><td  >3000</td><td  >330.0</td><td  >12.4</td><td  >2.8</td><td  >3.8</td><td  >1.2</td><td  >4.0</td><td  >12.0</td><td  >Q1</td></tr>\n<tr><td  >TPS62872N0QWRXSRQ1</td><td  >VQFN-</td><td  >RXS</td><td  >16</td><td  >3000</td><td  >330.0</td><td  >12.4</td><td  >2.8</td><td  >3.8</td><td  >1.2</td><td  >4.0</td><td  >12.0</td><td  >Q1</td></tr>\n<tr><th  >Device</th><th  >Package</th><th  >Package</th><th  >Pins</th><th  >SPQ</th><th  >Reel</th><th  >Reel</th><th  >A0</th><th  >BO</th><th  >KO</th><th  >P1</th><th  >W</th><th  >Pin1</th></tr>\n<tr><th></th><th  >Type</th><th  >Drawing</th><th></th><th></th><th  >Diameter</th><th  >Width</th><th  >(mm)</th><th  >(mm)</th><th  >(mm)</th><th  >(mm)</th><th  >(mm)</th><th  >[Quadrant</th></tr>\n<tr><th></th><th></th><th></th><th></th><th></th><th  >(mm)</th><th  >W1 (mm)]</th><th></th><th></th><th></th><th></th><th></th><th></th></tr>\n<tr><td  >TPS62872QWRXSRQ1</td><td  >VQFN-</td><td  >RXS</td><td  >16</td><td  >3000</td><td  >330.0</td><td  >12.4</td><td  >2.8</td><td  >3.8</td><td  >1.2</td><td  >4.0</td><td  >12.0</td><td  >Q1</td></tr>\n<tr><th></th><th  > FCRLF</th><th></th><th></th><th></th><th></th><th></th><th></th><th></th><th></th><th></th><th></th><th></th></tr>\n<tr><td  >TPS62872Y1QWRXSRQ1</td><td  >VQFN-</td><td  >RXS</td><td  >16</td><td  >3000</td><td  >330.0</td><td  >12.4</td><td  >2.8</td><td  >3.8</td><td  >1.2</td><td  >4.0</td><td  >12.0</td><td  >Q1</td></tr>\n<tr><td  >TPS62873QWRXSRQ1</td><td  >VQFN-</td><td  >RXS</td><td  >16</td><td  >3000</td><td  >330.0</td><td  >12.4</td><td  >2.8</td><td  >3.8</td><td  >1.2</td><td  >4.0</td><td  >12.0</td><td  >Q1</td></tr>\n<tr><td  >TPS62873Y1QWRXSRQ1</td><td  >VQFN-</td><td  >RXS</td><td  >16</td><td  >3000</td><td  >330.0</td><td  >12.4</td><td  >2.8</td><td  >3.8</td><td  >1.2</td><td  >4.0</td><td  >12.0</td><td  >Q1</td></tr>\n</table>"", ""<table><caption> Table9-5.DefaultOutputVoltageSetpoints</caption>\n<tr><td  >VSEL Pin(1)</td><td  >Device Number</td><td  >VSET[7:0]</td><td  >Output Voltage Setpoint</td></tr>\n<tr><td></td><td  >TPS6287x-Q1</td><td  >0x5a</td><td  >850 mV</td></tr>\n<tr><td></td><td  >TPS6287xY0-Q1</td><td  >0x50</td><td  >800 mV</td></tr>\n<tr><td></td><td  >TPS6287xY1-Q1</td><td  >0x14</td><td  >500 mV</td></tr>\n<tr><td></td><td  >TPS6287xY2-Q1</td><td  >0x64</td><td  >1800 mV</td></tr>\n<tr><td  >6.2 kQ to GND</td><td  >TPS6287xY3-Q1</td><td  >0x52</td><td  >810 mV</td></tr>\n<tr><td></td><td  >TPS6287xN0-Q1</td><td  >0x14</td><td  >500 mV</td></tr>\n<tr><td></td><td  >TPS6287xN1-Q1</td><td  >0x50</td><td  >800 mV</td></tr>\n<tr><td></td><td  >TPS6287xN2-Q1</td><td  >0x64</td><td  >1800 mV</td></tr>\n</table>"", ""<table><tr><td>HM ID</td><td>F02/F03/F04/F28</td></tr><tr><td>模块功能 \nModule Function</td><td>EYEQ6-L最小系统组成：外部30MHz晶体给EYEQ6-L提供基本时钟输入，外部20MHz有源晶振提供监控时钟，外扩OSPI接口的2Gb NAND FLASH存储程序，外扩1GB的LPDDR4运存。NXB0104是用于MCU的3V3_SPI和NAND FLASH的1V8_SPI进行电平转换，用于MCU读写NAND FLASH。\nEYEQ6-L minimum system components: an external 30MHz crystal provides the basic clock input for EYEQ6-L, an external 20MHz active crystal provides the monitoring clock, an external 2GbNAND FLASH memory program for OSPI interface, and an external 1GB LPDDR4 operation memory. NXB0104 is used for level conversion of 3V3_SPI of MCU and 1V8-SPI of NAND FLASH for MCU to read and write NAND FLASH.</td></tr><tr><td>模块框图\nModule diagram</td><td></td></tr><tr><td>模块方案\nModule solution</td><td>\n1、处理器\n根据ADAS产品需求图像处理SOC功能安全需要达到ASIL-B，经综合评估选择Mobileye产品EYEQ6-L，最高功能安全可达到ASIL-B，接口资源丰富。\n1.Processor\nAccording to the requirements of ADAS products, the functional safety of image processing SOC needs to reach ASIL-B. After comprehensive evaluation, Mobileye product EYEQ6-L is selected, and the highest functional safety can reach ASIL-B with abundant interface resources. +\n2、时钟\n硬件选型30MHz晶振给EYEQ6-L提供时钟输入，由其内部PLL等电路完成倍频、分频，供其内核和各模块使用。外部20MHz有源晶振作为内部监控时钟。\n2.Clock\nThe 30MHz crystal provides clock input to the EYEQ6-L, and its internal PLL circuit completes frequency multiplication and frequency division for the EyeQ6-L core and each module. The external 20MHz active crystal is energized as an internal monitoring clock.\n3、DDR\nEYEQ6在外扩的DDR中运行程序和存储临时数据，其DDR控制器可支持32bits位宽的LPDDR4 SDRAM，最大读写速率4266 Mb/s/pin 。本设计中选用1片32bit的LPDDR4 SDRAM，型号为车规级器件K4F8E3S4HD-GHCL02V，以充分利用数据带宽，保证EYEQ6的处理速度，LPDDR4工作环境温度为-40℃~105℃，单片总容量1GB。\n3.DDR\nEYEQ6 runs programs and stores temporary data in the extended DDR. Its DDR controller supports LPDDR4 SDRAM with 32bits wide and a maximum read/write rate of 4266Mb/s/pin. In this design, a 32bit LPDDR4 SDRAM is selected, the model is car grade device K4F8E3S4HD-GHCLO2V, in order to make full use of the data bandwidth and ensure the processing speed of EYEQ6. The working environment temperature of LPDDR4 is -40℃-105℃, and the total capacity of a single chip is 1GB.\n\n\n4、NAND FLASH\n选择ME推荐的WinBond公司产品W35N02JWTBKF，容量2Gb，FLASH支持CRC安全机制。\nNXB0104是用于MCU的3V3_ SPI和NAND FLASH的1V8_ SPI进行电平转换，通过MCU_SPI1_CS片选电平转换芯片，实现MCU对NAND FLASH的读写操作，转换芯片在本应用场景下支持最大传输速率80Mbps。\nNAND FLASH\nChoose the WinBond company product W35N02JWTBKF recommended by ME, with a capacity of 2Gb and FLASH supporting CRC security mechanism. \nNXB0104 is used for the level conversion of 3V3_SPI of MCU and 1V8_SPI of NAND FLASH. The level conversion chip is selected by MCU_SPI1_CS chip to realize the reading and writing operation of MCU to NAND FLASH. The converter chip supports a maximum transmission rate of 80Mbps in this application scenario. \n5、电源和复位\nEYEQ6-L需要6路电源：VCC3V3_EQ、VCC0V75、0V75_MIPI_DDR、VCC1V8、VCC1V1、VCC1V8_EQ，其中VCC0V75用于给内核供电。复位信号由MCU通过P02.4口进行控制。\nPower and reset\nEYEQ6-L requires six power sources: VCC3V3-EQ, VCCOV75, OV75_MIPI_DDR, VCC1V8, VCC1V1, VCC1V8_EQ, where VCCOV75 is used to power the core. The reset signal is controlled by the MCU through the P02.4 pin.</td></tr></table>"", ""\nMCU Component ：F01/ MCU; None：QM; None：E11; None：P12.1; None：P12.1/GTM_TIM4_IN1_6/GTM_TIM3_IN1_6/GETH_MDIOC/GTM_TOUT129/CAN00_TXD/GETH_MDIO; None：GPIO; None：MCU_nINT_PMIC_P12.1; None：/; None：I; None：LP87702的输出中断信号。\n高：无中断信号\n低：输出中断信号; None：HI-Z，硬件外部上拉; None：—; SW Variable Name or SW Function Name：— ——Port1\nHW Interface Component ：QM(B); None：F13/POWER\nF14/POWER; None：MCU配置LP87702、TPS62872; MCU Component ：F01/MCU; None：B; None：E14; None：P15.5; None：P15.5/GTM_TIM3_IN0_4/GTM_TIM2_IN0_4/QSPI2_MTSRA/GTM_TOUT76/QSPI2_MTSR/MSC0_EN0/I2C0_SDA; None：I2C0_SDAC; None：MCU_SDA_P15.5; None：/; None：IO; None：IIC_SDA信号\n\n外挂LP87702和TPS62872\n\nLP87702地址：0x08\nTPS62872地址：0x41; None：HI-Z，硬件外部上拉; None：—; SW Variable Name or SW Function Name：— ——Port1\nMCU Component ：F01/MCU; None：B; None：A17; None：P15.4; None：P15.4/GTM_TIM3_IN7_4/GTM_TIM2_IN7_4/I2C0_SCLC/QSPI2_MRSTA/SCU_E_REQ0_0/GTM_TOUT75/QSPI2_MRST; None：I2C0_SCL; None：MCU_SCL_P15.4; None：/; None：O; None：IIC_CLK信号\n\n外挂LP87702和TPS62872\n\nLP87702地址：0x08\nTPS62872地址：0x41; None：HI-Z，硬件外部上拉; None：—; SW Variable Name or SW Function Name：— ——Port1"", ""<table><tr><td>HM ID</td><td>F13</td></tr><tr><td>模块功能 \nModule Function</td><td>VCC1V8用于EQ6、CAM、DDR、FLASH供电。VCC1V1用于EQ6、DDR供电。VCC50用于CAN收发器供电，现选择LP87702 PMIC方案。\nVCCIV8 is used to power EQ6, CAM, DDR, FLASH.VCC1V1 is used to power EQ6,DDR. VCC50 is used for CAN transceiver power supply, now choose LP87702 PMIC scheme. \n</td></tr><tr><td>模块框图\nModule diagram</td><td></td></tr><tr><td>模块方案\nModule solution</td><td>\n采用LP87702芯片，将VCC3V3转换为VCC1V8、VCC1V1、VCC50，其中VCC1V8用于EQ6、CAM、DDR、FLASH供电，VCC1V1用于EQ6、DDR供电，VCC50用于CAN收发器供电。用MCU的P15.3引脚使能该芯片的5V输出，用MCU_SCL_P15.4，MCU_SDA_P15.5 I2C通信来设置1.8V和1.1输出电压和使能。用MCU的P12.1引脚复位该芯片。\nLP87702 chip is used to convert VCC3V3 into VCC1V8, VCC1V1 and VCC50, in which VCC1V8 is used for EQ6, CAM, DDR and FLASH power supply, VCC1V1 is used for EQ6 and DDR power supply, and VCC50 is used for CAN transceiver power supplyP15.3 pin of MCU is used to enable 5V output of the chip, and MCU_SCL_P15.4, MCU_SDA_P15.5 I2C communication is used to set 1.8V and 1.1 output voltage and enable it. Reset the chip with P12.1 pin of the MCU. </td></tr></table>"", ""\nOTHERQUALIFIEDVERSIONSOFTPS62872-Q1,TPS62873-Q1:\n·Catalog :TPS62872,TPS62873\nNOTE: Qualified Version Definitions:\n·Catalog - Tl's standard catalog product\nTAPEANDREELINFORMATION\nPACKAGE MATERIALSINFORMATION\nPLASTIC QUAD FLAT PACK- NO LEAD\nNOTES:\n All linear dimensions are in millimeters. Any dimensions in parenthesis are for reference only. Dimensioning and tolerancing 1.\nper ASME Y14.5M.\nThis drawing is subject to change without notice.2.\nThe package thermal pad must be soldered to the printed circuit board for optimal thermal and mechanical performance.3.\nPLASTICQUADFLATPACK-NOLEAD\n4226093/E 09/2022\nNOTES: (continued)\nThis package is designed to be soldered to a thermal pad on the board. For more information, see Texas Instruments literature4.\nnumberSLUA271(www.ti.com/lit/slua271).\nVias are optional depending on application, refer to device data sheet. If any vias are implemented, refer to their locations shown5.\non this view. It is recommended that vias under paste be flled, plugged or tented.\nSCALE: 15X\nNOTES:(continued)\nLaser cutting apertures with trapezoidal walls and rounded corners may offer better paste release. IPC-7525 may have alternate6.\ndesign recommendations."", ""\nTPS6287x-Q1 2.7-V to 6-V Input, 6-A, 9-A, 12-A, 15-A, Stackable, Synchronous Step- Down Converters with Fast Transient Response\n3 Description\n1 Features\n AEC-Q100 qualified for automotive applications\nThe TPS6287x-Q1 is a family of pin-to-pin 6-A, 9-\nTemperature grade 1: -40°C to +125°C, TA\nA, 12-A, and 15-A synchronous step-down DC/DC converters with differential remote sensing. For each\nFunctional Safety-Capable\ncurrent rating, there are full-featured device variants\nDocumentation available to aid functional safety\nwith I²C interface and limited-featured device variants\nsystem design\nwithout I2C interface. All devices offer high efficiency\nDocumentation available to aid functional safety\nand ease of use. Low-resistance power switches\nsystem design\nallow up to 15-A continuous output current at high\nDocumentation available to aid functional safety\nambient temperatures.\nsystem design 2.7-V to 6-V input voltage range\nThe devices can operate in stacked mode to deliver\nFamily of pin-to-pin compatible devices: 6-A, 9-A,\nhigher output currents or to spread the power\n12-A, and 15-A\ndissipation across multiple devices.\n Four output voltage ranges:\nThe TPS6287x-Q1 family implements an enhanced\n0.4-V to 0.71875-V in 1.25-mV steps\nDCS control scheme that supports fast transients with\n 0.4-V to 1.0375-V in 2.5-mV steps\nfixed-frequency operation.  Devices can operatein\n0.4-V to 1.675-V in 5-mV steps\npower save mode for maximum efficiency, or forced-\n0.8-V to 3.35-V in 10-mV steps\nPWM mode for the best transient performance and\n Output voltage accuracy ±1%\nlowest output voltage ripple.\n7-mQ and 4.5-mQ internal power MOSFETs Adjustable external compensation\nAn optional remote sensing feature maximizes voltage\n Resistor-selectable start-up output voltage\n and  the device\nregulation at the point-of-load,\nResistor-selectable switching frequency\nachieves better than ±1% DC voltage accuracy under\nPower-save or forced-PwM operation"", ""<table><tr><td>序号</td><td>模块序号</td><td>模块名称</td><td>功能定义</td><td>功能安全需求</td></tr><tr><td>1</td><td>F013</td><td>POWER</td><td>LP87702，VCC3V3电压输入，VCC1V1、VCC1V8、VCC50电压输出</td><td>QM(B)</td></tr><tr><td>1</td><td>F01</td><td>MCU</td><td>SAK-TC377TP-96F300S AA</td><td>B(B)</td></tr><tr><td>1</td><td>F08</td><td>EQ system power sample1</td><td>EQ6L系统供电电源电压ADC采样滤波、分压电路</td><td>B(B)</td></tr><tr><td>2</td><td>F14</td><td>POWER</td><td>TPS62872，VCC3V3电压输入，VCC0V75电压输出，EQ6L核电供电</td><td>QM(B)</td></tr><tr><td>2</td><td>F01</td><td>MCU</td><td>SAK-TC377TP-96F300S AA</td><td>B(B)</td></tr><tr><td>2</td><td>F08</td><td>EQ system power sample</td><td>EQ6L系统供电电源电压ADC采样滤波、分压电路</td><td>B(B)</td></tr><tr><td>3</td><td>F15</td><td>POWER</td><td>SA23002，VCC3V3输入，0V75_MIPI_DDR电压输出</td><td>QM(B)</td></tr><tr><td>3</td><td>F01</td><td>MCU</td><td>SAK-TC377TP-96F300S AA</td><td>B(B)</td></tr><tr><td>3</td><td>F08</td><td>EQ system power sample</td><td>EQ6L系统供电电源电压ADC采样滤波、分压电路</td><td>B(B)</td></tr><tr><td>4</td><td>F16</td><td>POWER</td><td>TPS22918负载开关，VCC3V3电压输入，VCC3V3_EQ输出</td><td>QM(B)</td></tr><tr><td>4</td><td>F01</td><td>MCU</td><td>SAK-TC377TP-96F300S AA</td><td>B(B)</td></tr><tr><td>4</td><td>F08</td><td>EQ system power sample</td><td>EQ6L系统供电电源电压ADC采样滤波、分压电路</td><td>B(B)</td></tr></table>"", ""Figure 9-14. Two TPS6287x-Q1 Devices in a Stacked Configuration\nFigure 9-14 shows the recommended interconnections in a stack of two TPS6287x-Q1 devices.\nPrimary Device\nCLOAD\n100 nH\nVIN\nVIN\nSW\n2.7Vto6V\nVIN\nMODE/SYNC\nVio\nREr\nLoad\nVOSNS\nEN\nGOSNS\nSDA\n2\nSCL\nRcoM\nVSEL\nFSEL\n10pF\nCcOMP\nREsEL\n>RySEI\nCOMP\nPG\nSYNC_OUT\nGND\nGND\nSecondary Device\n100 nH\nVIN\nSW\n333\nVIN\nCIN\nMODE/SYNC\nVOSNS\nEN\nGOSNS\nSDA\nSCL\nVSEL\nVIc\n10 pF\nFSEL\nCOMP\nkQ\nPG\nPG\nSYNC_OUT\nGND\nGND\n47kO"", ""<table><caption> Table 7-1. Pin Functions (continued) I = input, O = output, P = power, GND = ground(1)</caption>\n<tr><td  >Pin</td><td></td><td></td><td></td></tr>\n<tr><td  >Name</td><td  >No.</td><td  >Type(1)</td><td  >Description</td></tr>\n<tr><td></td><td></td><td></td><td  >Internal clock output pin for synchronization in stacked mode. Leave this pin floating for single </td></tr>\n<tr><td></td><td></td><td></td><td  >device operation. Connect this pin to the MODE/SYNC pin of the next device in the daisy-chain in </td></tr>\n<tr><td  >SYNC_OUT</td><td  >14</td><td></td><td  >stacked operation. Do not use this pin to connect to a non-TPS6287x-Q1 device.  During start-up, this pin is used to identify if a device must operate as a secondary converter in</td></tr>\n<tr><td></td><td></td><td></td><td  >stacked operation. Connect a 47-kQ resistor from this pin to GND to define a secondary converter</td></tr>\n<tr><td></td><td></td><td></td><td  > in stacked operation. See Section 9.3.17 for a detailed description.</td></tr>\n<tr><td  >VSEL</td><td  >15</td><td  >一</td><td  > Start-up output voltage select pin. A resistor or short circuit to GND or Vin defines the selected output voltage. See Section 9.3.6.2.</td></tr>\n<tr><td  >FSEL</td><td  >16</td><td  >一</td><td  >Frequency select pin. A resistor or a short circuit to GND or Vin determines the free-running switching frequency. See Section 9.3.6.2.</td></tr>\n<tr><td  >Exposed Thermal Pad</td><td></td><td  >一</td><td  >The thermal pad must be soldered to GND to achieve an appropriate thermal resistance and for mechanical stability.</td></tr>\n</table>"", ""<table>\n<tr><td></td><td></td><td></td><td  >MIN</td><td  >NOM</td><td  >MAX</td><td  >UNIT</td></tr>\n<tr><td  >VIN</td><td  >Input voltage</td><td  >VIN SDA, SCL</td><td  >2.7</td><td></td><td  >6 5</td><td  >V</td></tr>\n<tr><td  >VouT</td><td  >Output voltage</td><td></td><td  >0.4</td><td></td><td  >3.35 V or (ViN - 1.4</td><td></td></tr>\n<tr><td></td><td></td><td></td><td></td><td></td><td  >V)(1)</td><td></td></tr>\n<tr><td></td><td></td><td  >TPS62870-Q1</td><td></td><td></td><td  >6</td><td></td></tr>\n<tr><td></td><td></td><td  >TPS62871-Q1</td><td></td><td></td><td  >9</td><td></td></tr>\n<tr><td  >loUT</td><td  >Output current</td><td  >TPS62872-Q1</td><td></td><td></td><td  >12</td><td  >A</td></tr>\n<tr><td></td><td></td><td  >TPS62873-Q1</td><td></td><td></td><td  >15</td><td></td></tr>\n<tr><td></td><td  >Inductance</td><td></td><td  >110</td><td></td><td  >330</td><td  >nH</td></tr>\n<tr><td></td><td></td><td  >fsw≥2.25MHz andVouT≤1.675V</td><td  >55</td><td></td><td  >330</td><td></td></tr>\n</table>"", ""ADC电压采集阈值 The ADC voltage acquisition thresholdWCCA计算结果如下，软件应按照如下过欠压阈值设置：The WCCA calculation results are as follows. The software should be set according to the following overvoltage and undervoltage thresholds:EQ6L上下电时序要求 EQ6L Power-on and power-off sequence requirements共享和独占的硬件资源 Shared and Exclusive Hardware ResourceECU-MCU信号对应关系 ECU-MCU Signal MappingMCU时钟配置 MCU Clock Configuration存储器配置 Memeory ConfigurationTable 4-5Memory Configuration其他芯片配置 Other IC Configuration其他芯片的通讯机制 Communication Mechanism with Other ICLP87702配置 LP87702 ConfigurationLP87702运行期间需要MCU通过I2C配置的寄存器如下所示：Table 5-2 LP87702 ConfigurationTPS62872配置 TPS62872 ConfigurationTPS62872运行期间需要MCU通过I2C配置的寄存器如下所示：Table 5-3 TPS62872 Configuration安全机制 Safety MechanismsSystem levelHW level硬件安全分析无新增安全机制IC level模板变更历史Template Change History填写说明Filling instructions：变更单号YYYYMM00X为记录顺序号，如：202203002，表示的是2022年03月的第二份此类文档。首次发布不分配变更单号，变更单号处填NA。The change order number YYYYMM00X is the record sequence number, such as 202203002, which represents the second such document in March 2022. No change order number will be allocated for the first release, and Na will be filled in the change order number.变更原因填写以客户审核需要变更为例：由于XX客户在客户审核时发现XX问题，需要调整模板。Fill in the revision note. Take the need for change in customer audit as an example: because XX customer found XX problem during customer audit, the template needs to be adjusted.变更内容填写以客户审核发现问题需要更改为例：由于XX客户在客户审核时发现XX问题，特增加XXX的变更内容。"", ""\nHW Interface Component ：B; None：F10/NTC temp sensor; None：1、NTC温度采样\n2、MCU通过ADC实时采样; MCU Component ：F01/MCU; None：B; None：U8; None：AN7; None：AN7/EVADC_G11CH3/EVADC_G0CH7; None：ADC，分辨率10bit; None：LP_TMP_IN1_AD; None：/; None：I; None：LPDDR4温度传感器采样\nAD值=VTP804*1024/3.3，R805=10240/ADC值-10\n简化后的公式为：R805=33/VTP804-10\n根据R805电阻值查表，找出对应的温度值; None：HI-Z; None：—; SW Variable Name or SW Function Name：— ——Port1\nECU Connector：X2000-27; HW Interface Component ：B; None：F26/watchdog; None：1、MCU外部看门狗是LP87702的集成看门狗（窗口看门狗），\n喂狗参数如下所示：\n\n上电或者输出复位后第一次喂狗长周期为600ms。\n喂狗窗口为10~30ms，\n看门狗喂狗异常后输出复位信号低电平持续时间为10ms。; MCU Component ：F01/MCU; None：B; None：G17; None：PORST; None：PORST /PD /VEXT; None：RESET; None：TC367_RESET_N; None：/; None：I; None：MCU复位信号\n高：正常工作\n低：MCU被复位; None：HI-Z,硬件外部上拉; None：—; SW Variable Name or SW Function Name：— ——Port1\nECU Connector：X2000-17; MCU Component ：F01/MCU; None：B; None：A11; None：P13.3; None：P13.3/GTM_TIM3_IN0_3/GTM_TIM2_IN0_3/GTM_TOUT94/QSPI2_MTSRP/MSC0_SOP; None：WATCHING DOG; None：MCU_WDI_P13.3; None：/; None：O; None：MCU给外部看门狗喂狗信号。\n\nLP87702集成看门狗喂狗要求：\nlong open time 600ms\nopen time 20ms\ncolse time 10ms\nreset time is 10ms\nWDI time greater than 100us; None：HI-Z,硬件外部下拉; None：—; SW Variable Name or SW Function Name：— ——Port1"", ""<table><tr><td>模块序号\nModule number</td><td>模块名称\nModule name</td><td>功能定义\nFunction definition.</td><td>功能安全需求\nFunctional safety requirements</td></tr><tr><td>F01</td><td>MCU</td><td>SAK-TC377TP-96F300S AA</td><td>B(B)</td></tr><tr><td>F02</td><td>EYEQ6-L</td><td>EYEQ6-L，用于sensor的视频处理</td><td>B</td></tr><tr><td>F03</td><td>EYEQ6_LPDDR4</td><td>EQ6的1GB LPDDR4</td><td>B</td></tr><tr><td>F04</td><td>EYEQ6_NAND FLASH</td><td>EQ6的2Gb NAND FLASH</td><td>B</td></tr><tr><td>F05</td><td>CAM SENSOR</td><td>Sony 728摄像头模组</td><td>B</td></tr><tr><td>F06</td><td>KL30 sample</td><td>KL30电压采样</td><td>QM</td></tr><tr><td>F07</td><td>KL15 sample</td><td>KL15电压采样</td><td>QM</td></tr><tr><td>F08</td><td>EQ system power sample1</td><td>EQ6L系统供电电源电压ADC采样滤波、分压电路</td><td>B(B)</td></tr><tr><td>F09</td><td>ETH and CAN power sample2</td><td>CAN和ETH电源电压ADC采样滤波、分压电路</td><td>QM</td></tr><tr><td>F10</td><td>NTC temp sensor</td><td>NTC温度传感器，监控EQ6L/LPDDR4周边环境温度。</td><td>B</td></tr><tr><td>F11</td><td>KL30 EMI</td><td>KL30供电口EMI滤波电路.</td><td>B</td></tr><tr><td>F12</td><td>POWER</td><td>LN10046，KL30电源转VCC3V3电源</td><td>B</td></tr><tr><td>F13</td><td>POWER</td><td>LP87702，VCC3V3电压输入，VCC1V1、VCC1V8、VCC50电压输出</td><td>QM(B)</td></tr><tr><td>F14</td><td>POWER</td><td>TPS62872，VCC3V3电压输入，VCC0V75电压输出</td><td>QM(B)</td></tr><tr><td>F15</td><td>POWER</td><td>SA23002，VCC3V3输入，VCC0V75电压输出</td><td>QM(B)</td></tr><tr><td>F16</td><td>POWER</td><td>TPS22918负载开关，VCC3V3电压输入，VCC3V3_EQ输出</td><td>QM(B)</td></tr><tr><td>F17</td><td>POWER</td><td>TPS22918负载开关，VCC3V3输入，VCC3V3_ETH输出</td><td>QM</td></tr><tr><td>F18</td><td>overvoltage protect</td><td>用于MCU电源VCC3V3_MCU的外部过压保护</td><td>B</td></tr><tr><td>F19</td><td>POWER</td><td>TPS22918 负载开关，VCC1V8电压输入，VCC1V8_EQ电压输出</td><td>QM(B)</td></tr><tr><td>F20</td><td>CAN3</td><td>基于TCAN1145的CAN通讯，硬件支持特定报文唤醒</td><td>QM</td></tr><tr><td>F21</td><td>CAN2</td><td>基于TCAN1044A的CAN通讯.</td><td>QM</td></tr><tr><td>F22</td><td>CAN1</td><td>基于TCAN1044A的CAN通讯</td><td>QM</td></tr><tr><td>F23</td><td>CAN0</td><td>基于TCAN1044A的CAN通讯.</td><td>QM</td></tr><tr><td>F24</td><td>ETH</td><td>基于DP83TC812R的100BASE-T1通讯</td><td>QM</td></tr><tr><td>F25</td><td>Wake up</td><td>唤醒源和一级电源使能电路设计</td><td>QM</td></tr><tr><td>F26</td><td>watchdog</td><td>LP87702的看门狗功能，用于监控MCU运行状态</td><td>B</td></tr><tr><td>F27</td><td>POWER</td><td>VCC3V3_MCU转VCC1V25_MCU电压，由MCU的EVRC进行控制。</td><td>B</td></tr><tr><td>F28</td><td>level translation</td><td>3V3和1V8双向电压转换芯片</td><td>QM</td></tr></table>"", ""\nNone：U20; None：P23.2; None：P23.2/GTM_TIM1_IN6_5/GTM_TIM0_IN6_5/GTM_TOUT43/CAN12_TXD; None：GPIO; None：MCU_RST_FLASH_P23.2; None：/; None：O; None：FLASH复位信号\n低：FLASH复位\n高：FLASH进入工作状态; None：HI-Z，硬件外部下拉; None：—; SW Variable Name or SW Function Name：— ——Port1\nNone：未使用; MCU Component ：F01/ MCU; None：NA; None：/; None：D7; None：P11.14; None：P11.14/GTM_TIM4_IN7_4/GTM_TIM2_IN7_8/GETH_CRSDVB/GETH_RXDVB/GETH_CRSA/GTM_TOUT126; None：GPIO; None：MCU_ETH_CFG1_P11.14; None：/; None：I; None：CFG1：BOM配置，判断是否有以太网\n高：TBD\n低：TBD; None：HI-Z; None：—; SW Variable Name or SW Function Name：— ——Port1\nNone：未使用; MCU Component ：F01/ MCU; None：NA; None：/; None：D6; None：P11.15; None：P11.15/GTM_TIM4_IN7_5/GTM_TIM0_IN7_8/GETH_COLA/GTM_TOUT127; None：GPIO; None：MCU_ETH_CFG2_P11.15; None：/; None：I; None：CFG2：BOM配置，判断以太网接口类型\n高：TBD\n低：TBD; None：HI-Z; None：—; SW Variable Name or SW Function Name：— ——Port1\nHW Interface Component ：QM(B); None：F13/POWER; None：1、LP87702实现VCC3V3转VCC1V8、VCC1V1、VCC50三路电源输出\n2、LP87702的VCC50由MCU的GPIO控制使能和关断，VCC1V8、VCC1V1由MCU的I2C控制使能和关断。\n3、预留中断信号用于MCU辅助监控LP87702的工作状态。\n4、MCU可以通过I2C监控和管理LP87702的状态。; MCU Component ：F01/ MCU; None：QM; None：B17; None：P15.3; None：P15.3/GTM_TIM3_IN6_4/GTM_TIM2_IN6_4/CAN01_RXDA/QSPI2_SCLKA/GTM_TOUT74/QSPI2_SCLK/MSC0_EN1; None：GPIO; None：MCU_5V_EN; None：/; None：O; None：VCC50（LP87702）电源使能控制信号\n高：使能VCC50电压输出\n低：关断VCC50电压输出; None：HI-Z，硬件外部下拉; None：—; SW Variable Name or SW Function Name：— ——Port1""]","{""original_context_count"": 20, ""original_context_characters"": 26698, ""scored_context_count"": 8, ""scored_context_characters"": 10479, ""contexts_truncated"": true, ""context_selection"": ""claim_coverage""}",0.5067817281940801,0.0,0.3333333333333333,not_applicable,0.0,0.5,not_applicable,0.5,1.0
hw-v1-circuit-tps22918-paraphrase,success,不要概括，逐颗列出所有 TPS22918 的输入电源、输出电源和 ON 控制。,应逐颗列出 U1500、U1802、U1803，分别对应 VCC3V3→VCC3V3_ETH、VCC3V3→VCC3V3_EQ、VCC1V8→VCC1V8_EQ，并给出三个 MCU 使能网络。,"基于提供的证据，已找到所有 TPS22918 器件实例及其输入电源、输出电源和 ON 控制引脚的连接。以下是逐颗列出：

**1. 实例 U1500**
*   **输入电源 (VIN):** VCC3V3 (来源: 证据[1] Pin mapping for U1500)
*   **输出电源 (VOUT):** VCC3V3_ETH (来源: 证据[1] Pin mapping for U1500)
*   **ON 控制 (ON):** MCU_3V3_ETH_EN (来源: 证据[1] Pin mapping for U1500)

**2. 实例 U1802**
*   **输入电源 (VIN):** VCC3V3 (来源: 证据[2] Pin mapping for U1802)
*   **输出电源 (VOUT):** VCC3V3_EQ (来源: 证据[2] Pin mapping for U1802)
*   **ON 控制 (ON):** MCU_3V3_EQ_EN (来源: 证据[2] Pin mapping for U1802)

**3. 实例 U1803**
*   **输入电源 (VIN):** VCC1V8 (来源: 证据[3] Pin mapping for U1803)
*   **输出电源 (VOUT):** VCC1V8_EQ (来源: 证据[3] Pin mapping for U1803)
*   **ON 控制 (ON):** MCU_1V8_EQ_EN (来源: 证据[3] Pin mapping for U1803)

**缺失信息：**
无。所有要求的信息均已从证据中获取。","基于提供的证据，已找到所有 TPS22918 器件实例及其输入电源、输出电源和 ON 控制引脚的连接。以下是逐颗列出：

**1. 实例 U1500**
*   **输入电源 (VIN):** VCC3V3 (来源: 证据[1] Pin mapping for U1500)
*   **输出电源 (VOUT):** VCC3V3_ETH (来源: 证据[1] Pin mapping for U1500)
*   **ON 控制 (ON):** MCU_3V3_ETH_EN (来源: 证据[1] Pin mapping for U1500)

**2. 实例 U1802**
*   **输入电源 (VIN):** VCC3V3 (来源: 证据[2] Pin mapping for U1802)
*   **输出电源 (VOUT):** VCC3V3_EQ (来源: 证据[2] Pin mapping for U1802)
*   **ON 控制 (ON):** MCU_3V3_EQ_EN (来源: 证据[2] Pin mapping for U1802)

**3. 实例 U1803**
*   **输入电源 (VIN):** VCC1V8 (来源: 证据[3] Pin mapping for U1803)
*   **输出电源 (VOUT):** VCC1V8_EQ (来源: 证据[3] Pin mapping for U1803)
*   **ON 控制 (ON):** MCU_1V8_EQ_EN (来源: 证据[3] Pin mapping for U1803)

**缺失信息：**
无。所有要求的信息均已从证据中获取。","[""Pin mapping for U1500: VIN -> VCC3V3, GND -> GND, ON -> MCU_3V3_ETH_EN, CT -> N22963649, QOD -> VCC3V3_ETH, VOUT -> VCC3V3_ETH."", ""Pin mapping for U1802: VIN -> VCC3V3, GND -> GND, ON -> MCU_3V3_EQ_EN, CT -> N20145936, QOD -> VCC3V3_EQ, VOUT -> VCC3V3_EQ."", ""Pin mapping for U1803: VIN -> VCC1V8, GND -> GND, ON -> MCU_1V8_EQ_EN, CT -> N20146977, QOD -> VCC1V8_EQ, VOUT -> VCC1V8_EQ."", ""Net EQ6L_PCBVERSION0 connects R550.&2, R556.&1, R564.&2, U400-9.GPIO_A24_SPI_1_DO."", ""Net EQ6L_PCBVERSION1 connects R555.&1, R563.&2, TP547.&1, U400-9.GPIO_A28_TIMER_EXT1_OUTCMP1."", ""Net EQ6L_PCBVERSION2 connects R554.&1, R562.&2, TP538.&1, U400-9.GPIO_A13_TIMER2_CK."", ""Net MONITOR_CLK connects C503.&1, R546.&2, U400-9.GPIO_A30_EXT_CLK."", ""Instance U1500: TPS22918, 20181204001, TPS22918TDBVRQ1, SOT23X145-6."", ""Instance U1802: TPS22918, 20181204001, TPS22918TDBVRQ1, SOT23X145-6."", ""Instance U1803: TPS22918, 20181204001, TPS22918TDBVRQ1, SOT23X145-6."", ""Instance X1903: FPC_30PIN+2NC, 101106-203050-HF, FPC_30PIN+2NC, CONN_101106-203050-HF-30PIN."", ""Module Group 11 · Clock/Oscillator connects to Group 14 · Ethernet/PHY through net GND."", ""Module edf_ref_page_2 has power nets &0V75_ACQ, &0V75_MIPI_DDR, &0V75_MIPI_DDR_ACQ, &1V0_ETH_ACQ, &1V1_ACQ, &1V8_ACQ, &1V8_EQ_ACQ, &3V3_EQ_ACQ, &3V3_ETH_ACQ, VCC0V75, VCC1V0_ETH, VCC1V1, VCC1V1_CAM_ACQ, VCC1V1_CAM_FB, VCC1V8, VCC1V8_CAM_ACQ, VCC1V8_CAM_FB, VCC1V8_EQ, VCC3V3_CAM_ACQ, VCC3V3_CAM_FB, VCC3V3_EQ, VCC3V3_ETH, VCC3V3_MCU, VCC50, VCC50_ACQ; ground nets GND."", ""Module edf_ref_page_5 has power nets N22956687, N22956977, VCC1V0_ETH, VCC3V3_ETH, VCC_3V3_ETHPSD; ground nets GND, PGND."", ""Module Group 11 · Clock/Oscillator contains {'refdes': 'C1101', 'library_cell': 'CAP', 'part_number': '120000181', 'footprint': 'CAPM0402X60-S', 'value': '100nF,16V'}, {'refdes': 'C1102', 'library_cell': 'CAP', 'part_number': '120000181', 'footprint': 'CAPM0402X60-S', 'value': '100nF,16V'}, {'refdes': 'C1103', 'library_cell': 'CAP', 'part_number': '120000181', 'footprint': 'CAPM0402X60-S', 'value': '100nF,16V'}, {'refdes': 'C1104', 'library_cell': 'CAP', 'part_number': '120000181', 'footprint': 'CAPM0402X60-S', 'value': '100nF,16V'}, {'refdes': 'C1105', 'library_cell': 'CAP', 'part_number': '120000181', 'footprint': 'CAPM0402X60-S', 'value': '100nF,16V'}, {'refdes': 'C1106', 'library_cell': 'CAP', 'part_number': '120000181', 'footprint': 'CAPM0402X60-S', 'value': '100nF,16V'}, {'refdes': 'C1107', 'library_cell': 'CAP', 'part_number': '120000181', 'footprint': 'CAPM0402X60-S', 'value': '100nF,16V'}, {'refdes': 'C1109', 'library_cell': 'CAP', 'part_number': '120000181', 'footprint': 'CAPM0402X60', 'value': '100nF,16v'}, {'refdes': 'C1111', 'library_cell': 'CAP', 'part_number': '120000181', 'footprint': 'CAPM0402X60-S', 'value': '100nF,16V'}, {'refdes': 'C1112', 'library_cell': 'CAP', 'part_number': '120000181', 'footprint': 'CAPM0402X60-S', 'value': '100nF,16V'}, {'refdes': 'C1113', 'library_cell': 'CAP', 'part_number': '120000181', 'footprint': 'CAPM0402X60-S', 'value': '100nF,16V'}, {'refdes': 'C1114', 'library_cell': 'CAP', 'part_number': '120000181', 'footprint': 'CAPM0402X60-S', 'value': '100nF,16V'}.""]","{""original_context_count"": 15, ""original_context_characters"": 3102, ""scored_context_count"": 8, ""scored_context_characters"": 788, ""contexts_truncated"": true, ""context_selection"": ""claim_coverage""}",0.6425065983870429,0.44977714837779564,1.0,not_applicable,0.0,1.0,1.0,0.75,not_applicable
hw-v1-circuit-vcc3v3-role,success,VCC3V3 在板上主要给哪些电源器件供电？不要把电阻电容当成主要负载。,VCC3V3 是主要 3.3V 电源轨，供给 U1700、U1800、U1500、U1802、U1804 和 U1600 等 IC；回答应聚焦芯片而非无源器件。,"根据现有证据，VCC3V3在板上主要供电给以下电源器件（排除电阻电容）：

### 子问题1：VCC3V3网络连接了哪些电源器件（排除电阻电容）？

**回答：** 基于电路原理图证据，VCC3V3网络直接连接了以下电源器件的输入引脚（包括电源转换芯片、负载开关、连接器端口等，不包含电阻、电容、电感、测试点等）：

1.  **U1500**：位号U1500，连接至其VIN引脚（电源输入）。证据来源[1]：`U1500.VIN`。
2.  **U1600**：位号U1600，连接至其VCCIN引脚。证据来源[1]：`U1600.VCCIN`。
3.  **U1700**：位号U1700，连接至其多个电源输入引脚：`VIN_B0_1`, `VIN_B1_1`, `VANA`, `VIN_B0_2`, `VIN_B1_2`。证据来源[1]。
4.  **U1800**：位号U1800，连接至其VIN引脚（出现两次）和MODE/SYNC引脚。证据来源[1]：`U1800.VIN`, `U1800.MODE/SYNC`。
5.  **U1802**：位号U1802，连接至其VIN引脚。证据来源[1]：`U1802.VIN`。
6.  **U1804**：位号U1804，连接至其VIN引脚（出现两次）。证据来源[1]：`U1804.VIN`。
7.  **X2000**：连接器，位号X2000，连接至其引脚1和3。证据来源[1]：`X2000.&1`, `X2000.&3`。

**功能说明（来自文档证据）：**
*   **U1700**：文档证据[17]指出，位号F14/HM ID的模块功能为“VCC3V3转VCC0V75”，用于EQ6的内核供电，方案为TI的TPS62872。该模块的输入为VCC3V3，输出为VCC0V75。此模块的电源芯片很可能就是U1700。
*   **U1802**：文档证据[19]指出，位号F16/HM ID的模块功能为“VCC3V3转VCC3V3_EQ”，用于EQ6的IO和摄像头供电，方案为负载开关TPS22918。该模块的输入为VCC3V3，输出为VCC3V3_EQ。此模块的电源芯片很可能就是U1802。
*   **U1800**：文档证据[18]指出，存在一个电源转换芯片SA23002，将VCC3V3转VCC0V75_MIPI_DDR。该模块的输入为VCC3V3，输出为VCC0V75_MIPI_DDR。此模块的电源芯片很可能就是U1800。
*   **U1804**：文档证据[20]指出，存在一个电源模块（HM ID: F13），使用LP87702实现VCC3V3转VCC1V8、VCC1V1、VCC50三路电源输出。该模块的输入为VCC3V3，输出为VCC1V8、VCC1V1、VCC50。此模块的电源芯片很可能与U1804相关。
*   **U1500**：文档证据[5]显示，VCC3V3_ETH网络由U1500的QOD和VOUT引脚输出，且U1500的VIN引脚连接VCC3V3。这表明U1500是一个将VCC3V3转换为VCC3V3_ETH的电源芯片（可能是负载开关或LDO）。
*   **U1600**：目前证据未明确说明其具体功能。文档证据[5]中VCC3V3_ETH网络连接了U1501.EN和U1501.IN，但未提及U1600。
*   **X2000**：连接器，用于将外部VCC3V3电源引入板内。

**缺失信息：**
*   证据中缺少U1600（位号U1600）的具体功能描述和输出网络，无法确认其用途。
*   证据中未明确说明U1700、U1800、U1802、U1804、U1500单个器件的具体位号与模块功能（如TPS62872、TPS22918、SA23002、LP87702）的对应关系。上述对应关系是基于功能和网络连接的推断。
*   证据中未明确说明VCC3V3直接供电给哪些主控芯片（如MCU、EQ6）的IO电源引脚，虽然VCC3V3通过电源芯片转换后间接供电，但直接连接网络主要为电源转换芯片的输入。

**证据冲突：**
*   证据中不存在与“VCC3V3主要给哪些电源器件供电”这一子问题直接相关的冲突。`coverage_matrix.conflicts`中列出的冲突涉及其他字段（如`hw interface component`、`none`、`ecu connector`），与当前问题无关。","根据现有证据，VCC3V3在板上主要供电给以下电源器件（排除电阻电容）：

### 子问题1：VCC3V3网络连接了哪些电源器件（排除电阻电容）？

**回答：** 基于电路原理图证据，VCC3V3网络直接连接了以下电源器件的输入引脚（包括电源转换芯片、负载开关、连接器端口等，不包含电阻、电容、电感、测试点等）：

1.  **U1500**：位号U1500，连接至其VIN引脚（电源输入）。证据来源[1]：`U1500.VIN`。
2.  **U1600**：位号U1600，连接至其VCCIN引脚。证据来源[1]：`U1600.VCCIN`。
3.  **U1700**：位号U1700，连接至其多个电源输入引脚：`VIN_B0_1`, `VIN_B1_1`, `VANA`, `VIN_B0_2`, `VIN_B1_2`。证据来源[1]。
4.  **U1800**：位号U1800，连接至其VIN引脚（出现两次）和MODE/SYNC引脚。证据来源[1]：`U1800.VIN`, `U1800.MODE/SYNC`。
5.  **U1802**：位号U1802，连接至其VIN引脚。证据来源[1]：`U1802.VIN`。
6.  **U1804**：位号U1804，连接至其VIN引脚（出现两次）。证据来源[1]：`U1804.VIN`。
7.  **X2000**：连接器，位号X2000，连接至其引脚1和3。证据来源[1]：`X2000.&1`, `X2000.&3`。

**功能说明（来自文档证据）：**
*   **U1700**：文档证据[17]指出，位号F14/HM ID的模块功能为“VCC3V3转VCC0V75”，用于EQ6的内核供电，方案为TI的TPS62872。该模块的输入为VCC3V3，输出为VCC0V75。此模块的电源芯片很可能就是U1700。
*   **U1802**：文档证据[19]指出，位号F16/HM ID的模块功能为“VCC3V3转VCC3V3_EQ”，用于EQ6的IO和摄像头供电，方案为负载开关TPS22918。该模块的输入为VCC3V3，输出为VCC3V3_EQ。此模块的电源芯片很可能就是U1802。
*   **U1800**：文档证据[18]指出，存在一个电源转换芯片SA23002，将VCC3V3转VCC0V75_MIPI_DDR。该模块的输入为VCC3V3，输出为VCC0V75_MIPI_DDR。此模块的电源芯片很可能就是U1800。
*   **U1804**：文档证据[20]指出，存在一个电源模块（HM ID: F13），使用LP87702实现VCC3V3转VCC1V8、VCC1V1、VCC50三路电源输出。该模块的输入为VCC3V3，输出为VCC1V8、VCC1V1、VCC50。此模块的电源芯片很可能与U1804相关。
*   **U1500**：文档证据[5]显示，VCC3V3_ETH网络由U1500的QOD和VOUT引脚输出，且U1500的VIN引脚连接VCC3V3。这表明U1500是一个将VCC3V3转换为VCC3V3_ETH的电源芯片（可能是负载开关或LDO）。
*   **U1600**：目前证据未明确说明其具体功能。文档证据[5]中VCC3V3_ETH网络连接了U1501.EN和U1501.IN，但未提及U1600。
*   **X2000**：连接器，用于将外部VCC3V3电源引入板内。

**缺失信息：**
*   证据中缺少U1600（位号U1600）的具体功能描述和输出网络，无法确认其用途。
*   证据中未明确说明U1700、U1800、U1802、U1804、U1500单个器件的具体位号与模块功能（如TPS62872、TPS22918、SA23002、LP87702）的对应关系。上述对应关系是基于功能和网络连接的推断。
*   证据中未明确说明VCC3V3直接供电给哪些主控芯片（如MCU、EQ6）的IO电源引脚，虽然VCC3V3通过电源芯片转换后间接供电，但直接连接网络主要为电源转换芯片的输入。

**证据冲突：**
*   证据中不存在与“VCC3V3主要给哪些电源器件供电”这一子问题直接相关的冲突。`coverage_matrix.conflicts`中列出的冲突涉及其他字段（如`hw interface component`、`none`、`ecu connector`），与当前问题无关。","[""Net VCC3V3 connects C1500.&1, C1617.&1, C1618.&1, C1621.&1, C1633.&2, C1700.&1, C1701.&1, C1702.&1, C1704.&1, C1709.&1, C1710.&1, C1711.&1, C1716.&1, C1800.&1, C1801.&1, C1802.&1, C1803.&1, C1804.&1, C1805.&1, C1811.&1, C1812.&1, C1821.&1, C1823.&1, C1828.&1, L1601.&2, L1701.&1, Q1700.S, R1622.&2, R1701.&1, R1706.&1, R1709.&1, R1710.&1, R1711.&2, R1712.&2, R1800.&2, TP1605.&1, TP1803.&1, U1500.VIN, U1600.VCCIN, U1700.VIN_B0_1, U1700.VIN_B1_1, U1700.VANA, U1700.VIN_B0_2, U1700.VIN_B1_2, U1800.VIN, U1800.VIN, U1800.MODE/SYNC, U1802.VIN, U1804.VIN, U1804.VIN, X2000.&1, X2000.&3."", ""Net VCC3V3_CAM_ACQ connects C1114.&2, R1143.&2, R1147.&2, TP1146.&1, U900A.AN12/EVADC_G1CH4/EDSADC_EDS0PB."", ""Net VCC3V3_CAM_FB connects R1143.&1, TP1913.&1, X1903.&4."", ""Net VCC3V3_EQ connects C1832.&1, C502.&1, C619.&1, C621.&1, C624.&1, C627.&1, C630.&1, R1108.&1, R1122.&1, R506.&2, R507.&2, R549.&2, R554.&2, R555.&2, R556.&2, R558.&2, R580.&2, R581.&2, TP1816.&1, U1802.QOD, U1802.VOUT, U400-2.VDD_RING_8_0-1, U400-2.VDD_RING_8_0-2, U400-2.VDD_RING_8_0-3, U400-2.VDD_RING_9_0, X1903.&10, Y500.VDD."", ""Net VCC3V3_ETH connects C1404.&1, C1410.&1, C1502.&1, C1503.&1, C1504.&1, L1400.&2, L1401.&2, R1110.&1, R1400.&2, R1401.&2, R1402.&2, R1403.&2, R1404.&2, R1405.&2, R1406.&2, R1407.&2, R1408.&2, R1409.&2, R1410.&2, TP1502.&1, U1500.QOD, U1500.VOUT, U1501.EN, U1501.IN."", ""Net VCC3V3_MCU connects C1109.&1, C1204.&1, C1221.&1, C1303.&1, C1308.&1, C509.&2, C835.&2, C906.&1, C909.&1, C910.&1, C911.&1, C913.&1, C914.&1, C915.&1, C929.&1, DP907.&1, L1703.&2, L901.&1, L902.&1, L903.&2, R1007.&2, R1009.&2, R1115.&2, R1205.&2, R1218.&2, R1229.&2, R1235.&2, R1240.&2, R1241.&2, R1300.&2, R1301.&2, R1309.&2, R1310.&2, R1322.&2, R1328.&2, R1703.&1, R805.&2, R900.&1, R903.&2, R904.&2, R906.&2, R909.&2, R913.&2, R915.&2, R919.&2, R920.&1, R921.&1, U1200.VI/O, U1203.VI/O, U1204.VI/O, U1205.VI/O, U1302.VI/O, U1303.VI/O, U1304.VI/O, U1305.VI/O, U503.VCCB, U900C.VEVRSB, U900C.VEXT, U900C.VEXT, U900C.VEXT, U900C.VEXT, U900C.VEXT, U900C.VFLEX, Y1100.std-by, Y1100.VCC."", ""Net VCC3V3_SW connects C1721.&2, C905.&1, L1703.&1, Q1700.D, R1709.&2, TP1714.&1, U901.S2."", ""Net &0V75_MIPI_DDR connects C1826.&1, C1827.&1, C600.&1, C601.&1, C603.&1, C605.&1, C607.&1, C609.&1, C610.&1, C611.&1, C612.&1, C613.&1, C614.&1, C616.&1, C617.&1, C620.&1, C622.&1, C625.&1, C628.&1, C631.&1, C633.&1, C635.&1, C637.&1, C639.&1, L1801.&2, R1105.&1, R1820.&2, R1821.&2, TP1812.&1, U400-2.VDDQ1, U400-2.VDDQ2, U400-2.VDDQ3, U400-2.VDDQ4, U400-2.VDDQ5, U400-2.VDDQ6, U400-2.VDDQ7, U400-2.VDDQ8, U400-2.VDDQ9, U400-2.VDDQ10, U400-2.VDDQ11, U400-2.VDDQ12, U400-2.VDDQ13, U400-2.VDDQ14, U400-2.VDDQ15, U400-2.VDDQ16, U400-2.VDD_MIPI_VP1, U400-2.VDD_MIPI_VP2."", ""Net &0V75_MIPI_DDR_ACQ connects C1107.&2, R1105.&2, TP1106.&1, U900A.AN18/EVADC_G2CH2."", ""Net MCU_VCC0V75_EN connects R1801.&1, R1806.&2, TP1807.&1, U900E.P22.0/ASCLIN6_ARXE/QSPI3_MTSRD/ASCLIN3_ATX/QSPI3_MTSR/ASCLIN6_ATX."", ""Net MCU_VCC0V75_MIPI_DDR_EN connects R1813.&2, TP1813.&1, U1804.EN, U900E.P22.1/ASCLIN7_ARXE/QSPI3_MRSTD/ASCLIN3_ATX/QSPI3_MRST/ASCLIN7_ATX."", ""Net VCC0V75 connects C1806.&1, C1807.&1, C1808.&1, C1809.&1, C1810.&1, C1813.&2, C1814.&1, C1815.&1, C1816.&1, C1817.&1, C700.&1, C701.&1, C702.&1, C703.&1, C704.&1, C705.&1, C706.&1, C708.&1, C709.&1, C710.&1, C713.&1, C714.&1, C716.&1, C717.&1, C718.&1, C720.&1, C721.&1, C722.&1, C725.&1, C726.&1, C727.&1, C728.&1, C729.&1, C730.&1, C731.&1, C732.&1, L1800.&2, R1107.&1, R1819.&2, TP1800.&1, U1800.VOSNS, U400-3.VDD_CORE1, U400-3.VDD_CORE10, U400-3.VDD_CORE11, U400-3.VDD_CORE12, U400-3.VDD_CORE13, U400-3.VDD_CORE14, U400-3.VDD_CORE15, U400-3.VDD_CORE16, U400-3.VDD_CORE17, U400-3.VDD_CORE18, U400-3.VDD_CORE19, U400-3.VDD_CORE2, U400-3.VDD_CORE20, U400-3.VDD_CORE21, U400-3.VDD_CORE22, U400-3.VDD_CORE23, U400-3.VDD_CORE24, U400-3.VDD_CORE25, U400-3.VDD_CORE26, U400-3.VDD_CORE27, U400-3.VDD_CORE28, U400-3.VDD_CORE29, U400-3.VDD_CORE30, U400-3.VDD_CORE31, U400-3.VDD_CORE32, U400-3.VDD_CORE33, U400-3.VDD_CORE4, U400-3.VDD_CORE5, U400-3.VDD_CORE6, U400-3.VDD_CORE7, U400-3.VDD_CORE8, U400-3.VDD_CORE9, U400-3.VDD_CORE34, U400-3.VDD_CORE3."", ""Net VCC1V1 connects C1703.&1, C1705.&1, C1707.&1, C1708.&2, C602.&1, C604.&1, C606.&1, C608.&1, C800.&1, C802.&1, C804.&1, C805.&1, C807.&1, C808.&1, C809.&1, C814.&1, C816.&1, C818.&1, C820.&1, C821.&1, C823.&1, C825.&1, C826.&1, C827.&1, C828.&1, C829.&1, C830.&1, C831.&1, C832.&1, C833.&1, C834.&1, C836.&1, C838.&1, C839.&1, C840.&1, C841.&1, C842.&1, C843.&1, C844.&1, C845.&1, C846.&1, C847.&1, C848.&1, C849.&1, L1700.&2, R1109.&1, R1721.&2, R800.&1, R802.&1, R804.&2, TP1701.&1, U1700.FB_B0, U400-2.VDD2_1, U400-2.VDD2_2, U400-2.VDD2_3, U400-2.VDD2_4, U800-2.VDDQ1, U800-2.VDDQ2, U800-2.VDDQ3, U800-2.VDDQ4, U800-2.VDDQ5, U800-2.VDDQ6, U800-2.VDDQ7, U800-2.VDDQ8, U800-2.VDDQ9, U800-2.VDDQ10, U800-2.VDDQ11, U800-2.VDDQ12, U800-2.VDDQ13, U800-2.VDDQ14, U800-2.VDDQ15, U800-2.VDDQ16, U800-2.VDDQ17, U800-2.VDDQ18, U800-2.VDDQ19, U800-2.VDDQ20, U800-2.VDD2_1, U800-2.VDD2_2, U800-2.VDD2_3, U800-2.VDD2_4, U800-2.VDD2_5, U800-2.VDD2_6, U800-2.VDD2_7, U800-2.VDD2_8, U800-2.VDD2_9, U800-2.VDD2_10, U800-2.VDD2_11, U800-2.VDD2_12, U800-2.VDD2_13, U800-2.VDD2_14, U800-2.VDD2_15, U800-2.VDD2_16, U800-2.VDD2_17, U800-2.VDD2_18, U800-2.VDD2_19, U800-2.VDD2_20, U800-2.VDD2_21, U800-2.VDD2_22, U800-2.VDD2_23, U800-2.VDD2_24."", ""Net VCC1V1_CAM_ACQ connects C1113.&2, R1144.&2, TP1144.&1, U900A.AN13/EVADC_G1CH5/EDSADC_EDS0NB."", ""Net VCC1V1_CAM_FB connects R1144.&1, TP1912.&1, X1903.&5."", ""Module Group 15 · Power/PMIC connects to Group 17 · Power/PMIC through net GND."", ""<table><tr><td>HM ID</td><td>F14</td></tr><tr><td>模块功能 \nModule Function</td><td>VCC3V3转VCC0V75应用于EQ6的内核供电，要求输出电流能力大，现选型TI的方案TPS62872。\nVCC3V3 to VCCOV75 is applied to the kernel power supply of EQ6, which requires large output current capacity. TI's scheme TPS62872 is selected.</td></tr><tr><td>模块框图\nModule diagram</td><td></td></tr><tr><td>模块方案\nModule solution</td><td>\t采用TPS62872电源芯片，将VCC3V3转换为VCC0V75，提供给EQ6核电供电。用MCU的P22.0引脚使能芯片，用MCU_SDA_P15.5，MCU_SCL_P15.4引脚I2C通信来设置输出电压和通信。\nTPS62872 power chip is used to convert VCC3V3 to VCCOV75, which is supplied to EQ nuclear power supply. P22.0 pin of MCU is used to enable chip, MCU_SDA_P15.5, MCU_SCL_P15.4 pin I2C communication is used to set output voltage and communication. +</td></tr></table>"", ""\nHW Interface Component ：QM; None：F15/POWER; None：1、电源转换芯片SA23002，VCC3V3转VCC0V75_MIPI_DDR。\n2、SA23002由MCU进行使能和关断控制。; MCU Component ：F01/MCU; None：QM; None：P19; None：P22.1; None：P22.1/GTM_TIM1_IN0_8/GTM_TIM0_IN0_8/QSPI4_MRSTB/GTM_TOUT48/QSPI4_MRST/QSPI4_SCLKP; None：GPIO; None：MCU_VCC0V75_MIPI_DDR_EN; None：/; None：O; None：VCC0V75_MIPI_DDR电源使能控制信号\n高：使能VCC0V75_MIPI_DDR电源\n低：关断VCC0V75_MIPI_DDR电源; None：HI-Z, 硬件外部下拉; None：—; SW Variable Name or SW Function Name：— ——Port1\nECU Connector：X2000-54; None：SPI Communction; HW Interface Component ：B; None：F02/EYEQ6L; None：MCU_SPI0（slave）\nEQ6L_SPI0（master）\n速率：10Mbps; MCU Component ：F01/MCU; None：B; None：E20; None：P20.11; None：P20.11/GTM_TIM3_IN7_6/GTM_TIM2_IN7_6/QSPI0_SCLKA/GTM_TOUT67/QSPI0_SCLK; None：QSPI0_SCLKA; None：MCU_SPI0_CLK_P20.11; None：/; None：I; None：EQ发送SPI时钟信号到MCU\nMCU配置为内置下拉（SPI模式配置为：极性CPOL=0，相位CPHA=1）; None：HI-Z; None：—; SW Variable Name or SW Function Name：— ——Port1\nECU Connector：X2000-57; MCU Component ：F01/MCU; None：B; None：D20; None：P20.13; None：P20.13/GTM_TIM3_IN1_4/GTM_TIM2_IN1_4/QSPI0_SLSIA/GTM_TOUT69/QSPI0_SLSO2/QSPI1_SLSO2/QSPI0_SCLK; None：QSPI0_SLSIA; None：MCU_SPI0_CS_P20.13; None：/; None：I; None：EQ发送SPI片选信号到MCU\nMCU配置为内置上拉（SPI模式配置为：极性CPOL=0，相位CPHA=1）; None：HI-Z; None：—; SW Variable Name or SW Function Name：— ——Port1"", ""<table><tr><td>HM ID</td><td>F16</td></tr><tr><td>模块功能 \nModule Function</td><td>VCC3V3转VCC3V3_EQ用于EQ6的IO和摄像头供电，现使用负载开关TPS22918进行设计。\nVCC3V3 to VCC3V3-EQ is used for the IO and camera power supply of EQ6, and the load switch TPS22918 is used for the design.</td></tr><tr><td>模块框图\nModule diagram</td><td></td></tr><tr><td>模块方案\nModule solution</td><td>采用TPS22918负载开关，将VCC3V3系统电源转换为VCC3V3_EQ，提供给EQ6和摄像头供电。用MCU的P20.3引脚使能该芯片。\nThe TPS22918 load switch is used to convert the VCC3V3 system power to VCC3V3-EQ to supply power to EQ6 and the camera. The P20.3 pin of the MCU is used to enable the chip.\n</td></tr></table>"", ""\nNone：U20; None：P23.2; None：P23.2/GTM_TIM1_IN6_5/GTM_TIM0_IN6_5/GTM_TOUT43/CAN12_TXD; None：GPIO; None：MCU_RST_FLASH_P23.2; None：/; None：O; None：FLASH复位信号\n低：FLASH复位\n高：FLASH进入工作状态; None：HI-Z，硬件外部下拉; None：—; SW Variable Name or SW Function Name：— ——Port1\nNone：未使用; MCU Component ：F01/ MCU; None：NA; None：/; None：D7; None：P11.14; None：P11.14/GTM_TIM4_IN7_4/GTM_TIM2_IN7_8/GETH_CRSDVB/GETH_RXDVB/GETH_CRSA/GTM_TOUT126; None：GPIO; None：MCU_ETH_CFG1_P11.14; None：/; None：I; None：CFG1：BOM配置，判断是否有以太网\n高：TBD\n低：TBD; None：HI-Z; None：—; SW Variable Name or SW Function Name：— ——Port1\nNone：未使用; MCU Component ：F01/ MCU; None：NA; None：/; None：D6; None：P11.15; None：P11.15/GTM_TIM4_IN7_5/GTM_TIM0_IN7_8/GETH_COLA/GTM_TOUT127; None：GPIO; None：MCU_ETH_CFG2_P11.15; None：/; None：I; None：CFG2：BOM配置，判断以太网接口类型\n高：TBD\n低：TBD; None：HI-Z; None：—; SW Variable Name or SW Function Name：— ——Port1\nHW Interface Component ：QM(B); None：F13/POWER; None：1、LP87702实现VCC3V3转VCC1V8、VCC1V1、VCC50三路电源输出\n2、LP87702的VCC50由MCU的GPIO控制使能和关断，VCC1V8、VCC1V1由MCU的I2C控制使能和关断。\n3、预留中断信号用于MCU辅助监控LP87702的工作状态。\n4、MCU可以通过I2C监控和管理LP87702的状态。; MCU Component ：F01/ MCU; None：QM; None：B17; None：P15.3; None：P15.3/GTM_TIM3_IN6_4/GTM_TIM2_IN6_4/CAN01_RXDA/QSPI2_SCLKA/GTM_TOUT74/QSPI2_SCLK/MSC0_EN1; None：GPIO; None：MCU_5V_EN; None：/; None：O; None：VCC50（LP87702）电源使能控制信号\n高：使能VCC50电压输出\n低：关断VCC50电压输出; None：HI-Z，硬件外部下拉; None：—; SW Variable Name or SW Function Name：— ——Port1"", ""<table><tr><td>模块序号\nModule number</td><td>模块名称\nModule name</td><td>功能定义\nFunction definition.</td><td>功能安全需求\nFunctional safety requirements</td></tr><tr><td>F01</td><td>MCU</td><td>SAK-TC377TP-96F300S AA</td><td>B(B)</td></tr><tr><td>F02</td><td>EYEQ6-L</td><td>EYEQ6-L，用于sensor的视频处理</td><td>B</td></tr><tr><td>F03</td><td>EYEQ6_LPDDR4</td><td>EQ6的1GB LPDDR4</td><td>B</td></tr><tr><td>F04</td><td>EYEQ6_NAND FLASH</td><td>EQ6的2Gb NAND FLASH</td><td>B</td></tr><tr><td>F05</td><td>CAM SENSOR</td><td>Sony 728摄像头模组</td><td>B</td></tr><tr><td>F06</td><td>KL30 sample</td><td>KL30电压采样</td><td>QM</td></tr><tr><td>F07</td><td>KL15 sample</td><td>KL15电压采样</td><td>QM</td></tr><tr><td>F08</td><td>EQ system power sample1</td><td>EQ6L系统供电电源电压ADC采样滤波、分压电路</td><td>B(B)</td></tr><tr><td>F09</td><td>ETH and CAN power sample2</td><td>CAN和ETH电源电压ADC采样滤波、分压电路</td><td>QM</td></tr><tr><td>F10</td><td>NTC temp sensor</td><td>NTC温度传感器，监控EQ6L/LPDDR4周边环境温度。</td><td>B</td></tr><tr><td>F11</td><td>KL30 EMI</td><td>KL30供电口EMI滤波电路.</td><td>B</td></tr><tr><td>F12</td><td>POWER</td><td>LN10046，KL30电源转VCC3V3电源</td><td>B</td></tr><tr><td>F13</td><td>POWER</td><td>LP87702，VCC3V3电压输入，VCC1V1、VCC1V8、VCC50电压输出</td><td>QM(B)</td></tr><tr><td>F14</td><td>POWER</td><td>TPS62872，VCC3V3电压输入，VCC0V75电压输出</td><td>QM(B)</td></tr><tr><td>F15</td><td>POWER</td><td>SA23002，VCC3V3输入，VCC0V75电压输出</td><td>QM(B)</td></tr><tr><td>F16</td><td>POWER</td><td>TPS22918负载开关，VCC3V3电压输入，VCC3V3_EQ输出</td><td>QM(B)</td></tr><tr><td>F17</td><td>POWER</td><td>TPS22918负载开关，VCC3V3输入，VCC3V3_ETH输出</td><td>QM</td></tr><tr><td>F18</td><td>overvoltage protect</td><td>用于MCU电源VCC3V3_MCU的外部过压保护</td><td>B</td></tr><tr><td>F19</td><td>POWER</td><td>TPS22918 负载开关，VCC1V8电压输入，VCC1V8_EQ电压输出</td><td>QM(B)</td></tr><tr><td>F20</td><td>CAN3</td><td>基于TCAN1145的CAN通讯，硬件支持特定报文唤醒</td><td>QM</td></tr><tr><td>F21</td><td>CAN2</td><td>基于TCAN1044A的CAN通讯.</td><td>QM</td></tr><tr><td>F22</td><td>CAN1</td><td>基于TCAN1044A的CAN通讯</td><td>QM</td></tr><tr><td>F23</td><td>CAN0</td><td>基于TCAN1044A的CAN通讯.</td><td>QM</td></tr><tr><td>F24</td><td>ETH</td><td>基于DP83TC812R的100BASE-T1通讯</td><td>QM</td></tr><tr><td>F25</td><td>Wake up</td><td>唤醒源和一级电源使能电路设计</td><td>QM</td></tr><tr><td>F26</td><td>watchdog</td><td>LP87702的看门狗功能，用于监控MCU运行状态</td><td>B</td></tr><tr><td>F27</td><td>POWER</td><td>VCC3V3_MCU转VCC1V25_MCU电压，由MCU的EVRC进行控制。</td><td>B</td></tr><tr><td>F28</td><td>level translation</td><td>3V3和1V8双向电压转换芯片</td><td>QM</td></tr></table>"", ""唤醒电路 Wake Up circuit电源电路 power circuitKL30 EMI电路 KL30 EMI circuitKL30 转VCC3V3 KL30 to VCC3V3VCC3V3_MCU转VCC1V25_MCU  VCC3V3_MCU to VCC1V25_MCUVCC3V3转VCC0V75  VCC3V3 to VCC0V75VCC3V3转0V75_MIPI_DDR  VCC3V3 to 0V75_MIPI_DDRVCC3V3转VCC1V8、VCC1V1、VCC50   VCC3V3 to VCC1V8、VCC1V1、VCC50VCC3V3转VCC3V3_EQ  VCC3V3 to VCC3V3_EQVCC3V3转VCC3V3_ETH  VCC3V3 to VCC3V3_ETHVCC1V8转VCC1V8_EQ  VCC1V8 to VCC1V8_EQTC377最小系统 TC377 minimum systemEQ6最小系统 EQ6 minimum system摄像头最小系统 camera minimum system看门狗电路 Watchdog circuit温度采样电路 Temp Sample circuit系统内电源电压采样电源 The power System Voltage Sampling circuitETH电路 ETH circuitCAN/CAN FD电路 CAN/CAN FD circuit3V3过压保护电路 3V3 overvoltage protection circuit硬件运行模式 Hardware Operation Mode主要用于描述当前ADAS硬件不同的运行模式（例如上电模式，下电模式，Sleep模式，运行模式等）。描述各个运行模式下的硬件模块功能，以及模式之间的切换条件。Describe the different operating mode of ADAS Hardware (e.g. power on mode, power off mode, Sleep mode，normal mode). Define the HW component functions in each operating mode, describe the transition condition between different modes.硬件运行模式 Hardware Operation Mode系统功能矩阵描述系统不同模式下各功能模块运行状态。The system function matrix describes the operation status of each function module in different modes of the system."", ""<table><tr><td>HM ID</td><td>F12</td></tr><tr><td>模块功能 \nModule Function</td><td>KL30转VCC3V3是系统一级DC-DC，基于LN10046设计，给系统提供电源。\nThe KL30 to VCC3V3 is a first-level DC-DC based on the LN10046 design and provides power to the system.</td></tr><tr><td>模块框图\nModule diagram</td><td></td></tr><tr><td>模块方案\nModule solution</td><td>采用LN10046电源DCDC芯片，将12V系统电源转换为3.3V，提供给系统供电使用。\nThe LN10046 power supply DCDC chip is used to convert the 12V system power supply to 3.3V and provide power supply to the system for use.\n</td></tr></table>"", ""\nMCU Component ：F01/MCU; None：B; None：H7; None：VDD; None：VDD; None：POWER; None：VCC1V25_MCU; None：/; None：/; None：1V25供电，MCU核电源域; None：/; None：—; SW Variable Name or SW Function Name：— ——Port1\nMCU Component ：F01/MCU; None：B; None：N19; None：VDD; None：VDD; None：POWER; None：VCC1V25_MCU; None：/; None：/; None：1V25供电，MCU核电源域; None：/; None：—; SW Variable Name or SW Function Name：— ——Port1\nHW Interface Component ：B; None：F12/POWER; None：LN10046输出的VCC3V3，经过磁珠转换为VCC3V3_MCU，用于给MCU的3V3电源域供电。; MCU Component ：F01/MCU; None：B; None：B18; None：VDDP3; None：VDDP3; None：POWER; None：VCC3V3_MCU; None：/; None：/; None：3V3供电，MCU内部Flash供电; None：/; None：—; SW Variable Name or SW Function Name：— ——Port1\nMCU Component ：F01/MCU; None：B; None：A19; None：VDDP3; None：VDDP3; None：POWER; None：VCC3V3_MCU; None：/; None：/; None：3V3供电，MCU内部Flash供电; None：/; None：—; SW Variable Name or SW Function Name：— ——Port1\nMCU Component ：F01/MCU; None：B; None：A2; None：VEXT; None：VEXT; None：POWER; None：VCC3V3_MCU; None：/; None：/; None：3V3供电，External Power Supply; None：/; None：—; SW Variable Name or SW Function Name：— ——Port1\nMCU Component ：F01/MCU; None：B; None：B3; None：VEXT; None：VEXT; None：POWER; None：VCC3V3_MCU; None：/; None：/; None：3V3供电，External Power Supply; None：/; None：—; SW Variable Name or SW Function Name：— ——Port1"", ""<table><tr><td>HM ID</td><td>F11/F12/F13/F14/F15/F16/F17/F18/F19/F25/F27</td></tr><tr><td>模块功能 \nModule Function</td><td>系统使用车载电池12V电压供电，经过EMI电路后输入至电源转换芯片，转换输出系统各模块所需电源。\nThe system uses 12V voltage power supply from the vehicle battery, which is input to the power conversion chip through the EMI circuit. Then the power conversion chip convert and output the power required by each module of the system.</td></tr><tr><td>模块框图\nModule diagram</td><td></td></tr><tr><td>模块方案\nModule solution</td><td>KL30 EMI (ASIL-B)\nKL30供电口处增加EMI电路，用于供电保护和滤波。硬件电路设计在UBD网络增加两个串联ESD电容，PCB布局靠近主连接器引脚处，用于吸收外部ESD信号，后端增加双向TVS管用于瞬态过压保护\nThe EMI circuit is added at the KL30 power supply port for power supply protection and filtering. The hardware circuit design adds two series ESD capacitors in the UBD network, the PCB layout is close to the main connector pin for absorbing external ESD signals, and the two-way TVS tube is added at the back end for transient overvoltage protection.\nKL30 to VCC3V3 (ASILB)\nKL30转VCC3V3是系统一级DC-DC，给MCU提供VCC3V3_MCU电源，所以系统要求其满足ASILB，确保MCU功能安全。\nKL30 to VCC3V3 is a system primary DC-DC chip, because the MCU needs VCC3V3_MCU power supply, so the system requires it to meet the ASILB to ensure the functional safety of the MCU.\nVCC3V3_MCU to VCC1V25_MCU(ASILB)\n3V3转1V25_MCU是使用MCU内置控制器进行控制的BUCK电源，用于MCU的核供电，功能安全需求达到ASILB，确保MCU功能安全。\n3V3 to 1V25_MCU is a BUCK power supply controlled by MCU built-in controller, which is used for MCU nuclear power supply. Functional safety requirements meet ASILB to ensure the functional safety of MCU.\nVCC3V3 to VCC0V75(QM(B))\nVCC3V3转VCC0V75应用于EQ6的内核供电，要求输出电流能力大，现选型TI的电源方案TPS62872。用MCU的P22.0引脚使能芯片，用MCU_SDA_P15.5，MCU_SCL_P15.4引脚I2C通信来设置输出电压和通信。\nVCC3V3 to VCC0V75 is applied to the core power supply of EQ6, which requires large output current capacity. The power supply scheme TPS62872 of TI is selected. P22.0 pin of MCU is used to enable the chip, and MCU_SDA_P15.5, MCU_SCL_P15.4 pin I2C communication is used to set the output voltage and communication. \nVCC3V3 to 0V75_MIPI_DDR(QM(B))\nVCC3V3转0V75_MIPI_DDR用于EQ6的IO口供电，现使用矽力杰的SA23002进行设计。用MCU的P22.1引脚使能该芯片。\nVCC3V3 to 0V75_MIPI_DDR for EQ6 IO port power supply, Silergy’s SA23002 is designed. The P22.1 pin of the MCU is used to enable the chip.\nVCC3V3转VCC1V8、VCC1V1、VCC50(QM(B))\nVCC1V8用于EQ6、CAM、DDR、FLASH供电，VCC1V1用于EQ6、DDR供电，VCC50用于CAN收发器供电，现选择LP87702 PMIC方案。用MCU的P15.3引脚使能该芯片的5V输出，用MCU_SCL_P15.4，MCU_SDA_P15.5 I2C通信来设置1.8V和1.1V输出电压和使能。\nVCC1V8 is used for EQ6, CAM, DDR, FLASH power supply, VCC1V1 is used for EQ6, DDR power supply, VCC50 is used for CAN transceiver  power supply, LP87702 PMIC scheme is selected. P15.3 pin of MCU is used to enable 5V output of the chip, and MCU_SCL_P15.4, MCU_SDA_P15.5 I2C communication is used to set 1.8V and 1.1V output voltage and enable it. \nVCC3V3 to VCC3V3_EQ(QM(B))\nVCC3V3转VCC3V3_EQ用于EQ6的IO和摄像头供电，现使用负载开关进行设计。用MCU的P20.3引脚使能该芯片。\nVCC3V3 to VCC3V3_EQ for EQ6’s IO and camera power supply, now using the load switch is designed. .The P20.3 pin of the MCU is used to enable the chip.\n\tVCC3V3 to VCC3V3_ETH(QM)\n3V3转3V3_ETH用于ETH供电，现选择负载开关方案。用MCU的P21.0引脚使能该芯片。\n3V3 to 3V3_ETH for ETH power supply, the load switch scheme is selected. . The P21.0 pin of the MCU is used to enable the chip.\n\tVCC1V8 to VCC1V8_EQ(QM(B))\nVCC1V8转VCC1V8_EQ用于EQ供电，现选择负载开关方案。用MCU的P20.0引脚使能该芯片。\nVCC1V8 to VCC1V8_EQ for EQ power supply, the load switch scheme is selected. . The P20.0 pin of the MCU is used to enable the chip.</td></tr><tr><td colspan='2'></td></tr></table>"", ""\nMCU Component ：F01/MCU; None：B; None：V19; None：VEXT; None：VEXT; None：POWER; None：VCC3V3_MCU; None：/; None：/; None：3V3供电，External Power Supply; None：/; None：—; SW Variable Name or SW Function Name：— ——Port1\nMCU Component ：F01/MCU; None：B; None：W20; None：VEXT; None：VEXT; None：POWER; None：VCC3V3_MCU; None：/; None：/; None：3V3供电，External Power Supply; None：/; None：—; SW Variable Name or SW Function Name：— ——Port1\nMCU Component ：F01/MCU; None：B; None：N20; None：VEXT; None：VEXT; None：POWER; None：VCC3V3_MCU; None：/; None：/; None：3V3供电，External Power Supply; None：/; None：—; SW Variable Name or SW Function Name：— ——Port1\nMCU Component ：F01/MCU; None：B; None：D5; None：VFLEX; None：VFLEX; None：POWER; None：VCC3V3_MCU; None：/; None：/; None：3V3供电，for Flex Port Pads; None：/; None：—; SW Variable Name or SW Function Name：— ——Port1\nMCU Component ：F01/MCU; None：B; None：Y5; None：VDDM; None：VDDM; None：POWER; None：VCC3V3_MCU; None：/; None：/; None：3V3供电，ADC电源域; None：/; None：—; SW Variable Name or SW Function Name：— ——Port1\nMCU Component ：F01/MCU; None：B; None：Y6; None：VAREF1; None：VAREF1; None：POWER; None：VCC3V3_MCU; None：/; None：/; None：3V3供电，MCU ADC参考电源; None：/; None：—; SW Variable Name or SW Function Name：— ——Port1"", ""\nMCU Component ：F01/MCU; None：B; None：T1; None：VAREF2; None：VAREF2; None：POWER; None：VCC3V3_MCU; None：/; None：/; None：3V3供电，MCU ADC参考电源; None：/; None：—; SW Variable Name or SW Function Name：— ——Port1\nMCU Component ：F01/MCU; None：B; None：T11; None：VEVRSB; None：VEVRSB; None：POWER; None：VCC3V3_MCU; None：/; None：/; None：3V3供电，备用域电源; None：/; None：—; SW Variable Name or SW Function Name：— ——Port1\nNone：GND; None：POWER; None：MCU的GND; MCU Component ：F01/MCU; None：NA; None：Y4; None：VSSM; None：VSSM; None：GND; None：GND; None：/; None：/; None：/; None：/; None：—; SW Variable Name or SW Function Name：— ——Port1\nMCU Component ：F01/MCU; None：NA; None：Y7; None：VAGND1; None：VAGND1; None：GND; None：GND; None：/; None：/; None：/; None：/; None：—; SW Variable Name or SW Function Name：— ——Port1\nMCU Component ：F01/MCU; None：NA; None：T2; None：VAGND2; None：VAGND2; None：GND; None：GND; None：/; None：/; None：/; None：/; None：—; SW Variable Name or SW Function Name：— ——Port1\nMCU Component ：F01/MCU; None：NA; None：B2; None：VSS1; None：VSS1; None：GND; None：GND; None：/; None：/; None：/; None：/; None：—; SW Variable Name or SW Function Name：— ——Port1\nMCU Component ：F01/MCU; None：NA; None：D4; None：VSS2; None：VSS2; None：GND; None：GND; None：/; None：/; None：/; None：/; None：—; SW Variable Name or SW Function Name：— ——Port1"", ""<table><tr><td>HM ID</td><td>F15</td></tr><tr><td>模块功能 \nModule Function</td><td>VCC3V3转0V75_MIPI_DDR应用于EQ6的IO口供电，现使用矽力杰的SA23002进行设计。\nVCC3V3 to 0V75_MIPI_DDR for EQ6 IO port power supply, Silergy’s SA23002 is designed.</td></tr><tr><td>模块框图\nModule diagram</td><td></td></tr><tr><td>模块方案\nModule solution</td><td>采用SA23002电源芯片，将VCC3V3转换为0V75_MIPI_DDR，提供给EQ6的IO口供电。用MCU的P22.1引脚使能该芯片。\nSA23002 power chip is used to convert VCC3V3 to 0V75_MIPI_DDR to supply power to the I/O port of EQ6. The P22.1 pin of the MCU is used to enable the chip. \n</td></tr></table>"", ""\nHW Interface Component ：QM（B）; None：F16/POWER; None：1、负载开关TPS22918，VCC3V3转VCC3V3_EQ。\n2、TPS22918由MCU进行使能和关断控制。; MCU Component ：F01/MCU; None：B; None：G20; None：P20.3; None：P20.3/GTM_TIM4_IN5_11/GTM_TIM3_IN4_5/GTM_TIM2_IN4_5/GTM_TOUT61/QSPI0_SLSO9/QSPI2_SLSO9/CAN03_TXD; None：GPIO; None：MCU_3V3_EQ_EN; None：/; None：O; None：VCC3V3_EQ电源使能控制信号\n高：使能VCC3V3_EQ电源\n低：关断VCC3V3_EQ电源; None：HI-Z,硬件外部下拉; None：—; SW Variable Name or SW Function Name：— ——Port1\nHW Interface Component ：QM; None：F17/POWER; None：1、负载开关TPS22918，VCC3V3转VCC3V3_ETH。\n2、TPS22918由MCU进行使能和关断控制。; MCU Component ：F01/MCU; None：QM; None：K17; None：P21.0; None：P21.0/GTM_TIM4_IN0_11/GTM_TIM3_IN4_6/GTM_TIM2_IN4_6/QSPI4_MRSTDN/DMU_FDEST/GTM_TOUT51/HSM_HSM1; None：GPIO; None：MCU_3V3_ETH_EN; None：/; None：O; None：VCC3V3_ETH电源使能控制信号\n高：使能VCC3V3_EQ电源\n低：关断VCC3V3_EQ电源; None：HI-Z, 硬件外部下拉; None：—; SW Variable Name or SW Function Name：— ——Port1\nHW Interface Component ：QM; None：F14/POWER; None：1、电源转换芯片TPS62872，VCC3V3转VCC0V75。\n2、TPS62872由MCU进行使能和关断控制。; MCU Component ：F01/MCU; None：QM; None：P20; None：P22.0; None：P22.0/GTM_TIM1_IN1_7/GTM_TIM0_IN1_7/QSPI4_MTSRB/GTM_TOUT47/QSPI4_MTSR/QSPI4_SCLKN; None：GPIO; None：MCU_VCC0V75_EN; None：/; None：O; None：VCC0V75电源使能控制信号\n高：使能VCC0V75电源\n低：关断VCC0V75电源; None：HI-Z, 硬件外部下拉; None：—; SW Variable Name or SW Function Name：— ——Port1"", ""<table><caption> *All dimensioons are nominal</caption>\n<tr><th  >Device</th><th  >Package Type</th><th  >Package Drawing</th><th  >Pins</th><th  >SPQ</th><th  >Length (mm)</th><th  >Width (mm)</th><th  >Height (mm)</th></tr>\n<tr><td  >TPS62870N0QWRXSRQ1</td><td  >VQFN-FCRLF</td><td  >RXS</td><td  >16</td><td  >3000</td><td  >338.0</td><td  >355.0</td><td  >50.0</td></tr>\n<tr><td  >TPS62870QWRXSRQ1</td><td  >VQFN-FCRLF</td><td  >RXS</td><td  >16</td><td  >3000</td><td  >338.0</td><td  >355.0</td><td  >50.0</td></tr>\n<tr><td  >TPS62870Y0QWRXSRQ1</td><td  >VQFN-FCRLF</td><td  >RXS</td><td  >16</td><td  >3000</td><td  >338.0</td><td  >355.0</td><td  >50.0</td></tr>\n<tr><td  >TPS62870Y1QWRXSRQ1</td><td  >VQFN-FCRLF</td><td  >RXS</td><td  >16</td><td  >3000</td><td  >338.0</td><td  >355.0</td><td  >50.0</td></tr>\n<tr><td  >TPS62870Y2QWRXSRQ1</td><td  >VQFN-FCRLF</td><td  >RXS</td><td  >16</td><td  >3000</td><td  >338.0</td><td  >355.0</td><td  >50.0</td></tr>\n<tr><td  >TPS62870Y3QWRXSRQ1</td><td  >VQFN-FCRLF</td><td  > RXS</td><td  >16</td><td  >3000</td><td  >338.0</td><td  >355.0</td><td  >50.0</td></tr>\n<tr><td  >TPS62871QWRXSRQ1</td><td  >VQFN-FCRLF</td><td  >RXS</td><td  >16</td><td  >3000</td><td  >338.0</td><td  >355.0</td><td  >50.0</td></tr>\n<tr><td  >TPS62871Y1QWRXSRQ1</td><td  >VQFN-FCRLF</td><td  >RXS</td><td  >16</td><td  >3000</td><td  >338.0</td><td  >355.0</td><td  >50.0</td></tr>\n<tr><td  >TPS62872N0QWRXSRQ1</td><td  >VQFN-FCRLF</td><td  > RXS</td><td  >16</td><td  >3000</td><td  >338.0</td><td  >355.0</td><td  >50.0</td></tr>\n<tr><td  >TPS62872QWRXSRQ1</td><td  >VQFN-FCRLF</td><td  >RXS</td><td  >16</td><td  >3000</td><td  >338.0</td><td  >355.0</td><td  >50.0</td></tr>\n<tr><td  >TPS62872Y1QWRXSRQ1</td><td  >VQFN-FCRLF</td><td  >RXS</td><td  >16</td><td  >3000</td><td  >338.0</td><td  >355.0</td><td  >50.0</td></tr>\n<tr><td  >TPS62873QWRXSRQ1</td><td  >VQFN-FCRLF</td><td  >RXS</td><td  >16</td><td  >3000</td><td  >338.0</td><td  >355.0</td><td  >50.0</td></tr>\n<tr><td  >TPS62873Y1QWRXSRQ1</td><td  >VQFN-FCRLF</td><td  >RXS</td><td  >16</td><td  >3000</td><td  >338.0</td><td  >355.0</td><td  >50.0</td></tr>\n</table>""]","{""original_context_count"": 30, ""original_context_characters"": 25071, ""scored_context_count"": 8, ""scored_context_characters"": 2691, ""contexts_truncated"": true, ""context_selection"": ""claim_coverage""}",0.510060347032326,0.549128701054039,1.0,not_applicable,0.9999999999,0.0,1.0,0.35135135135135137,not_applicable
hw-v1-document-lp87702-section,success,软件配置 LP87702 应查 HSI 的哪一节？,应查 HSI 7.2 节“LP87702 配置”，其中给出软件寄存器和 I²C 配置说明。,"根据提供的证据，软件配置 LP87702 应查阅 HSI 文档的 **第7.2节“LP87702配置”**。

**来源说明：**
- 证据[2]（文档 `600608964_ADAS_HSI_0506_1952_shoulin.wang.docx`）中明确列出了“LP87702配置 LP87702 Configuration”小节，并说明“LP87702运行期间需要MCU通过I2C配置的寄存器如下所示”。
- 证据[3]（同一文档的目录结构）中显示，第7章为“其他芯片配置”，其下第7.2节即为“LP87702配置 LP87702 Configuration”。

**关键描述：**
该章节（7.2节）包含了LP87702在运行期间需要MCU通过I2C进行配置的寄存器信息。

**缺失信息：**
无。证据已直接覆盖问题，未发现缺失项。

**证据冲突说明：**
本次检索的证据覆盖度报告中存在冲突项，但均与LP87702配置章节的查询无关，例如：
- 文档 `600608964_ADAS_HSI_0506_1952_shoulin.wang.docx` 中，表格字段 `none` 对应的多个取值（如`1`、`a17`、`b`等）存在冲突。
- 文档 `FF4D6750FC7339E769C3F6246C6F971C.pdf` 中，表格字段 `td colspan` 对应取值（`2`、`3`、`4`）存在冲突，字段 `operation disabled 1b` 对应取值（`hiccup`、`ssc`）存在冲突。

这些冲突不影响本问题“软件配置 LP87702 应查 HSI 的哪一节”的结论。","根据提供的证据，软件配置 LP87702 应查阅 HSI 文档的 **第7.2节“LP87702配置”**。

**关键描述：**
该章节（7.2节）包含了LP87702在运行期间需要MCU通过I2C进行配置的寄存器信息。

**缺失信息：**
无。证据已直接覆盖问题，未发现缺失项。

**证据冲突说明：**
本次检索的证据覆盖度报告中存在冲突项，但均与LP87702配置章节的查询无关，例如：
- 文档 `600608964_ADAS_HSI_0506_1952_shoulin.wang.docx` 中，表格字段 `none` 对应的多个取值（如`1`、`a17`、`b`等）存在冲突。
- 文档 `FF4D6750FC7339E769C3F6246C6F971C.pdf` 中，表格字段 `td colspan` 对应取值（`2`、`3`、`4`）存在冲突，字段 `operation disabled 1b` 对应取值（`hiccup`、`ssc`）存在冲突。

这些冲突不影响本问题“软件配置 LP87702 应查 HSI 的哪一节”的结论。","[""Instance U1700: LP87702-Q1, 20200424007, LP87702RRHBRQ1, pqfn50p5x5x90-32."", ""ADC电压采集阈值 The ADC voltage acquisition thresholdWCCA计算结果如下，软件应按照如下过欠压阈值设置：The WCCA calculation results are as follows. The software should be set according to the following overvoltage and undervoltage thresholds:EQ6L上下电时序要求 EQ6L Power-on and power-off sequence requirements共享和独占的硬件资源 Shared and Exclusive Hardware ResourceECU-MCU信号对应关系 ECU-MCU Signal MappingMCU时钟配置 MCU Clock Configuration存储器配置 Memeory ConfigurationTable 4-5Memory Configuration其他芯片配置 Other IC Configuration其他芯片的通讯机制 Communication Mechanism with Other ICLP87702配置 LP87702 ConfigurationLP87702运行期间需要MCU通过I2C配置的寄存器如下所示：Table 5-2 LP87702 ConfigurationTPS62872配置 TPS62872 ConfigurationTPS62872运行期间需要MCU通过I2C配置的寄存器如下所示：Table 5-3 TPS62872 Configuration安全机制 Safety MechanismsSystem levelHW level硬件安全分析无新增安全机制IC level模板变更历史Template Change History填写说明Filling instructions：变更单号YYYYMM00X为记录顺序号，如：202203002，表示的是2022年03月的第二份此类文档。首次发布不分配变更单号，变更单号处填NA。The change order number YYYYMM00X is the record sequence number, such as 202203002, which represents the second such document in March 2022. No change order number will be allocated for the first release, and Na will be filled in the change order number.变更原因填写以客户审核需要变更为例：由于XX客户在客户审核时发现XX问题，需要调整模板。Fill in the revision note. Take the need for change in customer audit as an example: because XX customer found XX problem during customer audit, the template needs to be adjusted.变更内容填写以客户审核发现问题需要更改为例：由于XX客户在客户审核时发现XX问题，特增加XXX的变更内容。"", ""3.3.5 EQ6最小系统 EQ6 minimum system\t553.3.6 摄像头最小系统 camera minimum system\t593.3.7 看门狗电路 Watchdog circuit\t613.3.8 温度采样电路 Temp Sample circuit\t623.3.9 ETH电路 ETH circuit\t633.3.10 CAN FD电路 CAN FD circuit\t654\tADC电压采集阈值 The ADC voltage acquisition threshold\t685\tEQ6L上下电时序要求 EQ6L Power-on and power-off sequence requirements\t686\t共享和独占的硬件资源 Shared and Exclusive Hardware Resource\t696.1 ECU-MCU信号对应关系 ECU-MCU Signal Mapping\t696.2 MCU时钟配置 MCU Clock Configuration\t706.3 存储器配置 Memeory Configuration\t717\t其他芯片配置 Other IC Configuration\t717.1 其他芯片的通讯机制 Communication Mechanism with Other IC\t717.2 LP87702配置 LP87702 Configuration\t727.3 TPS62872配置 TPS62872 Configuration\t728\t安全机制 Safety Mechanisms\t736.1 System level\t736.2 HW level\t736.3 IC level\t73概述 Introduction目的 Purpose软硬接口文档的目的是描述软件和硬件的交互，并且确保软件硬件和TSR的一致性。The goal of the hardware software interface document is to specify the hardware and software interaction and be consistent with the technical safety concept.适用范围 Range of Application此文档适用于奇瑞EQ6L T1G ADAS项目的功能安全开发全过程。This document is applied for the whole functional safety development process of  EQ6L T1G ADAS project.读者对象 TReader项目经理Project Manager项目组成员Project Team Members功能安全经理Functional Safety Manager功能安全工程师Functional Safety System Engineer硬件工程师 Hardware Engineer软件工程师 Software Engineer质量和审查人员QA and Assessor产品测试人员Product Test Engineer"", ""\nMCU Component ：F01/ MCU; None：QM; None：E11; None：P12.1; None：P12.1/GTM_TIM4_IN1_6/GTM_TIM3_IN1_6/GETH_MDIOC/GTM_TOUT129/CAN00_TXD/GETH_MDIO; None：GPIO; None：MCU_nINT_PMIC_P12.1; None：/; None：I; None：LP87702的输出中断信号。\n高：无中断信号\n低：输出中断信号; None：HI-Z，硬件外部上拉; None：—; SW Variable Name or SW Function Name：— ——Port1\nHW Interface Component ：QM(B); None：F13/POWER\nF14/POWER; None：MCU配置LP87702、TPS62872; MCU Component ：F01/MCU; None：B; None：E14; None：P15.5; None：P15.5/GTM_TIM3_IN0_4/GTM_TIM2_IN0_4/QSPI2_MTSRA/GTM_TOUT76/QSPI2_MTSR/MSC0_EN0/I2C0_SDA; None：I2C0_SDAC; None：MCU_SDA_P15.5; None：/; None：IO; None：IIC_SDA信号\n\n外挂LP87702和TPS62872\n\nLP87702地址：0x08\nTPS62872地址：0x41; None：HI-Z，硬件外部上拉; None：—; SW Variable Name or SW Function Name：— ——Port1\nMCU Component ：F01/MCU; None：B; None：A17; None：P15.4; None：P15.4/GTM_TIM3_IN7_4/GTM_TIM2_IN7_4/I2C0_SCLC/QSPI2_MRSTA/SCU_E_REQ0_0/GTM_TOUT75/QSPI2_MRST; None：I2C0_SCL; None：MCU_SCL_P15.4; None：/; None：O; None：IIC_CLK信号\n\n外挂LP87702和TPS62872\n\nLP87702地址：0x08\nTPS62872地址：0x41; None：HI-Z，硬件外部上拉; None：—; SW Variable Name or SW Function Name：— ——Port1"", ""<table><tr><td>HM ID</td><td>F13</td></tr><tr><td>运行模式\nOperation Mode</td><td>SHUTDOWN、READ OTP、STANDBY、ACTIVE</td></tr><tr><td>模式定义\nDefinition of Operation mode</td><td>SHUTDOWN\nNRST电压低于阈值。LP87702-Q1器件停止工作。\nREAD OTP\n电源电压VANA高于VANAUVLO电平，并且NRST电压高于阈值电平。电压转换器被禁用，LP87702-Q1的参考电平和偏置电路被启用。OTP配置被加载到寄存器。\nSTANDBY\n电源电压VANA高于VANAUVLO水平，NRST电压高于阈值水平。电压转换器被禁用，LP87702-Q1的参考电平、控制和偏压电路被启用。所有的寄存器都可以被主机处理器通过系统串口读写。电压转换器可以根据需要进行使能输出。\nACTIVE\n电源电压VANA高于VANAUVLO水平，NRST电压高于阈值水平。稳压DC/DC变换器处于使能状态。所有的寄存器都可以被MCU通过系统串口读写。\nSHUTDOWN\nAfter the enable signal MCU_OV75_MIPI_DDR_EN=L, the secondary power stops the 0V75_MIPI_DDR power supply. \nREADY OTP\nThe supply voltage VANA is above the VANAUVLO level, and the NRST voltage is above the threshold level. The voltage converter is disabled and the reference level and bias circuits of the LP87702-Q1 are enabled. The OTP configuration is loaded into the register.\nSTANDBY\nThe supply voltage VANA is above the VANAUVLO level and the NRST voltage is above the threshold level. The voltage converter is disabled and the reference level, control, and bias circuits of the LP87702-Q1 are enabled. All registers can be read and written by the host processor through the system serial port. The voltage converter can perform enabling output as needed.\nACTIVE\nThe supply voltage VANA is above the VANAUVLO level and the NRST voltage is above the threshold level. The regulated DC/DC converter is in the enabled state. All the registers can be read and written by the MCU through the system serial port. </td></tr><tr><td>模式切换接口\nMode switching interface</td><td></td></tr><tr><td>模式状态机\nMode state machine</td><td></td></tr><tr><td>模式切换条件\nMode switching condition</td><td>参考：\n产品系统需求规格说明\n产品系统方案设计说明书\nReference: \nProduct system requirement specification \nProduct system scheme design specification.</td></tr><tr><td>备注\nNote</td><td>1、VANAUVLO阈值电压\n\n2、NRST阈值电压\n</td></tr><tr><td>备注\nNote</td><td></td></tr></table>"", ""\nNone：U20; None：P23.2; None：P23.2/GTM_TIM1_IN6_5/GTM_TIM0_IN6_5/GTM_TOUT43/CAN12_TXD; None：GPIO; None：MCU_RST_FLASH_P23.2; None：/; None：O; None：FLASH复位信号\n低：FLASH复位\n高：FLASH进入工作状态; None：HI-Z，硬件外部下拉; None：—; SW Variable Name or SW Function Name：— ——Port1\nNone：未使用; MCU Component ：F01/ MCU; None：NA; None：/; None：D7; None：P11.14; None：P11.14/GTM_TIM4_IN7_4/GTM_TIM2_IN7_8/GETH_CRSDVB/GETH_RXDVB/GETH_CRSA/GTM_TOUT126; None：GPIO; None：MCU_ETH_CFG1_P11.14; None：/; None：I; None：CFG1：BOM配置，判断是否有以太网\n高：TBD\n低：TBD; None：HI-Z; None：—; SW Variable Name or SW Function Name：— ——Port1\nNone：未使用; MCU Component ：F01/ MCU; None：NA; None：/; None：D6; None：P11.15; None：P11.15/GTM_TIM4_IN7_5/GTM_TIM0_IN7_8/GETH_COLA/GTM_TOUT127; None：GPIO; None：MCU_ETH_CFG2_P11.15; None：/; None：I; None：CFG2：BOM配置，判断以太网接口类型\n高：TBD\n低：TBD; None：HI-Z; None：—; SW Variable Name or SW Function Name：— ——Port1\nHW Interface Component ：QM(B); None：F13/POWER; None：1、LP87702实现VCC3V3转VCC1V8、VCC1V1、VCC50三路电源输出\n2、LP87702的VCC50由MCU的GPIO控制使能和关断，VCC1V8、VCC1V1由MCU的I2C控制使能和关断。\n3、预留中断信号用于MCU辅助监控LP87702的工作状态。\n4、MCU可以通过I2C监控和管理LP87702的状态。; MCU Component ：F01/ MCU; None：QM; None：B17; None：P15.3; None：P15.3/GTM_TIM3_IN6_4/GTM_TIM2_IN6_4/CAN01_RXDA/QSPI2_SCLKA/GTM_TOUT74/QSPI2_SCLK/MSC0_EN1; None：GPIO; None：MCU_5V_EN; None：/; None：O; None：VCC50（LP87702）电源使能控制信号\n高：使能VCC50电压输出\n低：关断VCC50电压输出; None：HI-Z，硬件外部下拉; None：—; SW Variable Name or SW Function Name：— ——Port1"", ""<table><tr><td>HM ID</td><td>F26</td></tr><tr><td>模块功能 \nModule Function</td><td>系统需求MCU外置看门狗，用于监控MCU功能异常时进行复位。\nThe system requires MCU external watchdog, used to monitor MCU function abnormal reset.</td></tr><tr><td>模块框图\nModule diagram</td><td></td></tr><tr><td>模块方案\nModule solution</td><td>窗口看门狗喂狗参数由LP87702的OTP文件进行配置，具体参数为：喂狗长周期600ms，窗口为10~30ms，看门狗输出复位信号低电平持续10ms。用MCU的P13.3引脚喂狗。\nThe window watchdog feeding parameters are configured by the OTP file of LP87702, the specific parameters are: feeding the dog for a long period of 600ms, the window is 10~30ms, and the low level of the watchdog output reset signal lasts for 10ms. Feed the dog with P13.3 pin of the MCU. </td></tr></table>"", ""\nNone：V1.0; None：首次发布; None：张三; None：YYYY-MM-DD; None：XXXXX ——封面Cover\nNone：V2.0; None：由于XXX原因，变更XX章节XX部分内容; None：张三; None：YYYY-MM-DD; None：XXXXX ——封面Cover\nNone：编制：\nAuthor：; None：产品硬件设计工程师\nProduct hardware design engineer; None：签字Sign：; 文件编号File No：6XXXXXXXX_BBB_HW_IP_00X\n保存期限：产品生命周期加1个日历年；如属安全件，保存15个日历年以上\nRetention period:Product life cycle +1 calendar year.\nIf it is a safety part, keep it for more than 15 calendar years\n密级：内部\nSecurity level：Internal：张三\nZhang San; None：日期Date：; None：YYYY-MM-DD ——封面Cover\nNone：审核：\nChecker:; None：产品硬件架构工程师\nProduct hardware architecture engineer; None：签字Sign：; None：日期Date： ——封面Cover\nNone：审核：\nChecker:; None：产品软件开发工程师\nProduct software development engineer; None：签字Sign：; None：日期Date： ——封面Cover\nNone：审核：\nChecker:; None：产品功能安全系统工程师\nProduct functional safety  system engineer; None：签字Sign：; None：日期Date： ——封面Cover\nNone：批准：\nApprover:; None：产品系统工程师    \nProduct system engineer; None：签字Sign：; None：日期Date： ——封面Cover\nNone：所 有 权 声 明Statement of proprietary rights ——封面Cover\nNone：该文档及其所含信息是经纬恒润的财产。该文档及其所含信息的复制、使用及披露必须得到经纬恒润的书面授权。\nThis document and the information it contains are the property of Jingwei Hirain. The reproduction, use and disclosure of this document and the information contained therein must be authorized in writing by Jingwei Hirain. ——封面Cover"", ""<table><tr><td>序号</td><td>详细说明</td></tr><tr><td>1</td><td>蓝色斜体文字为相关填写具体要求（例：方法说明、规范要求、覆盖度要求、与其他工作产品的一致性要求等），形成具体工作产品时可删除蓝色斜体部分</td></tr><tr><td>2</td><td>黑色斜体文字为参考样例，形成具体工作产品时可删除黑色斜体部分</td></tr><tr><td>3</td><td>本文件所列章节原则不允许裁剪，如不涉及本章节内容，在章节内写“无”，如有补充内容可新增章节。当不涉及到功能安全、ASPICE、网络安全等特殊体系要求时，模板正文相关内容可进行裁剪</td></tr></table>"", ""<table><caption> Device Information</caption>\n<tr><td colspan=3 rowspan=3 >Part Number Current Rating Package TPS62870-Q1 6A TPS62871-Q1 9A RXS (VQFN-FCRLF, TPS62872-Q1 12 A 16) TPS62873-Q1 15 A</td></tr>\n\n</table>"", ""<table><caption> Table9-5.DefaultOutputVoltageSetpoints</caption>\n<tr><td  >VSEL Pin(1)</td><td  >Device Number</td><td  >VSET[7:0]</td><td  >Output Voltage Setpoint</td></tr>\n<tr><td></td><td  >TPS6287x-Q1</td><td  >0x5a</td><td  >850 mV</td></tr>\n<tr><td></td><td  >TPS6287xY0-Q1</td><td  >0x50</td><td  >800 mV</td></tr>\n<tr><td></td><td  >TPS6287xY1-Q1</td><td  >0x14</td><td  >500 mV</td></tr>\n<tr><td></td><td  >TPS6287xY2-Q1</td><td  >0x64</td><td  >1800 mV</td></tr>\n<tr><td  >6.2 kQ to GND</td><td  >TPS6287xY3-Q1</td><td  >0x52</td><td  >810 mV</td></tr>\n<tr><td></td><td  >TPS6287xN0-Q1</td><td  >0x14</td><td  >500 mV</td></tr>\n<tr><td></td><td  >TPS6287xN1-Q1</td><td  >0x50</td><td  >800 mV</td></tr>\n<tr><td></td><td  >TPS6287xN2-Q1</td><td  >0x64</td><td  >1800 mV</td></tr>\n</table>"", ""<table><caption> Table 6-2. Devices Without I²C Interface (continued) Unless otherwise noted, device variants without I2C operate with the same default settings as device variants with 12C.</caption>\n<tr><td  >DeviceNumber</td><td  >OutputCurrent</td><td  >Start-UpVoltage(2)</td><td  >VSEL Settings</td><td  > Spread Spectrum Clocking</td><td  > Soft-Start Time</td></tr>\n<tr><td  >TPS62870N1QWRXSRQ1</td><td  >6A</td><td  >0.800 V</td><td  >6.2kQ to GND</td><td></td><td></td></tr>\n<tr><td  >TPS62871N1QWRXSRQ1</td><td  >9A</td><td  >0.750V</td><td  >Short to GND</td><td></td><td></td></tr>\n<tr><td  >TPS62872N1QWRXSRQ1</td><td  >12 A</td><td  >0.875V</td><td  >Short to VIN</td><td  >On</td><td></td></tr>\n<tr><td  >TPS62873N1QWRXSRQ1</td><td  >15 A</td><td  >0.840V</td><td  >47 kQ to VIN </td><td></td><td  >1 ms</td></tr>\n<tr><td></td><td></td><td  >1.800 V</td><td  >6.2 kQ to GND</td><td></td><td></td></tr>\n<tr><td  >TPS62872N2QWRXSRQ1</td><td  >12 A</td><td  >1.500 V 1.750 V</td><td  >Short to GND Short to VIN </td><td  >Off</td><td></td></tr>\n<tr><td></td><td></td><td  >3.300 V</td><td  >47kQ to VIN</td><td></td><td></td></tr>\n</table>"", ""<table><caption> Table 9-10. Table 6-2. Devices Without I2C Interface</caption>\n<tr><td  > Device Number</td><td  >Output Current</td><td  >Start-Up Voltage(2)</td><td  >VSEL Settings</td><td  > Spread Spectrum Clocking</td><td  > Soft-Start Time</td></tr>\n<tr><td  >TPS62870N0QWRXSRQ1</td><td  >6A</td><td  >0.500 V</td><td  >6.2 kQ to GND</td><td></td><td></td></tr>\n<tr><td  >TPS62871N0QWRXSRQ1</td><td  >9A</td><td  >0.750V</td><td  > Short to GND</td><td  >On</td><td  >0.5 ms</td></tr>\n<tr><td  >TPS62872N0QWRXSRQ1</td><td  >12 A</td><td  >0.875 V</td><td  >Short to VIN </td><td></td><td></td></tr>\n<tr><td  >TPS62873N0QWRXSRQ1</td><td  >15 A</td><td  >1.050 V</td><td  >47 kQ to VIN</td><td></td><td></td></tr>\n</table>"", ""<table><caption> Table 7-1. Pin Functions (continued) I = input, O = output, P = power, GND = ground(1)</caption>\n<tr><td  >Pin</td><td></td><td></td><td></td></tr>\n<tr><td  >Name</td><td  >No.</td><td  >Type(1)</td><td  >Description</td></tr>\n<tr><td></td><td></td><td></td><td  >Internal clock output pin for synchronization in stacked mode. Leave this pin floating for single </td></tr>\n<tr><td></td><td></td><td></td><td  >device operation. Connect this pin to the MODE/SYNC pin of the next device in the daisy-chain in </td></tr>\n<tr><td  >SYNC_OUT</td><td  >14</td><td></td><td  >stacked operation. Do not use this pin to connect to a non-TPS6287x-Q1 device.  During start-up, this pin is used to identify if a device must operate as a secondary converter in</td></tr>\n<tr><td></td><td></td><td></td><td  >stacked operation. Connect a 47-kQ resistor from this pin to GND to define a secondary converter</td></tr>\n<tr><td></td><td></td><td></td><td  > in stacked operation. See Section 9.3.17 for a detailed description.</td></tr>\n<tr><td  >VSEL</td><td  >15</td><td  >一</td><td  > Start-up output voltage select pin. A resistor or short circuit to GND or Vin defines the selected output voltage. See Section 9.3.6.2.</td></tr>\n<tr><td  >FSEL</td><td  >16</td><td  >一</td><td  >Frequency select pin. A resistor or a short circuit to GND or Vin determines the free-running switching frequency. See Section 9.3.6.2.</td></tr>\n<tr><td  >Exposed Thermal Pad</td><td></td><td  >一</td><td  >The thermal pad must be soldered to GND to achieve an appropriate thermal resistance and for mechanical stability.</td></tr>\n</table>"", ""<table><caption> Figure 9-22. CONTROL1 Register</caption>\n<tr><td colspan=2 >7 6 RESET SSCEN R/W-0b R/W-0b</td><td colspan=4 >5 3 2 SWEN FPWMEN DISCHEN HICCUPEN R/W-1b R/W-0b R/W-1b R/W-0b</td><td  >VRAMP R/W-10b</td></tr>\n</table>"", ""<table><caption> Table 9-15. CONTROL2 Register Field Descriptions</caption>\n<tr><td  >Bit</td><td  >Field</td><td  >Type</td><td  >Reset</td><td  >Description</td></tr>\n<tr><td  >7-4</td><td  >RESERVED</td><td  >R</td><td  >0000b</td><td  >Reserved for future use. For compatibility with future device variants,</td></tr>\n<tr><td></td><td></td><td></td><td></td><td  >program these bits to 0.</td></tr>\n<tr><td  >3-2</td><td  >VRANGE</td><td  >R/W</td><td  >10b</td><td  >Output voltage range</td></tr>\n<tr><td></td><td></td><td></td><td></td><td  >00b = 0.4 V to 0.71875 V in 1.25-mV steps</td></tr>\n<tr><td></td><td></td><td></td><td></td><td  >01b = 0.4 V to 1.0375 V in 2.5-mV steps</td></tr>\n<tr><td></td><td></td><td></td><td></td><td  >10b = 0.4 V to 1.675 V in 5-mV steps</td></tr>\n<tr><td></td><td></td><td></td><td></td><td  >11b = 0.8 V to 3.35 V in 10-mV steps</td></tr>\n<tr><td  >1-0</td><td  >SSTIME</td><td  >R/W</td><td  >01b</td><td  >Soft-start ramp time </td></tr>\n<tr><td></td><td></td><td></td><td></td><td  >00b = 0.5 ms</td></tr>\n<tr><td></td><td></td><td></td><td></td><td  >01b = 1 ms</td></tr>\n<tr><td></td><td></td><td></td><td></td><td  >10b = 2 ms</td></tr>\n<tr><td></td><td></td><td></td><td></td><td  >11b = 4 ms</td></tr>\n</table>"", ""<table><caption> Table 9-14. CONTROL1 Register Field Descriptions</caption>\n<tr><td colspan=2 rowspan=3 >Bit Field 7 RESET SSCEN 5 SWEN 4 FPWMEN</td><td colspan=3 rowspan=3 >Type Reset Description R/W Ob Reset device Ob = No effect  1b = Resets all registers to their default values Reading this bit always returns 0. R/W Ob Spread spectrum clocking enable Ob = SSC operation disabled  1b = SSC operation enabled R/W 1b Softwareenable Ob = Switching disabled (register values retained)  1b = Switching enabled (without the enable delay) R/W Ob Forced PWM enable Ob = Power-save operation enabled  1b = Forced-PwM operation enabled This bit is logically ORed with the MODE/SYNC pin. If a high level or a synchronization clock is applied to the MODE/SYNC pin, the </td></tr>\n\n\n<tr><td  >3 2 1-0</td><td  >DISCHEN HICCUPEN VRAMP</td><td  >R/W R/W R/W</td><td  >1b Ob 10b</td><td  >device operates in forced-PWM, regardless of the state of this bit. Output discharge enable Ob = Output discharge disabled 1b = Output discharge enabled  Hiccup operation enable Ob = Hiccup operation disabled  1b = Hiccup operation enabled. Do not enable hiccup operation during stacked operation. Output voltage ramp speed when changing from one output voltage setting to another 00b = 10 mV/μs 01b = 5 mV/μs</td></tr>\n<tr><th></th><th></th><th></th><th></th><th  >10b = 1.25 mV/μs 11b = 0.5 mV/uμs</th></tr>\n</table>""]","{""original_context_count"": 17, ""original_context_characters"": 16953, ""scored_context_count"": 8, ""scored_context_characters"": 9231, ""contexts_truncated"": true, ""context_selection"": ""claim_coverage""}",0.39940951044713385,0.510061866017224,0.6666666666666666,not_applicable,0.5833333333041666,1.0,0.0,0.0,not_applicable
hw-v1-conflict-mcu-paraphrase,success,网表写 TC367、接口文档写 TC377，这两个说法怎么处理？,必须保留来源差异：EDF 的 U900 型号是 SAK-TC367DP-64F300S，而 HSI 章节名是 TC377 最小系统；现有证据不足以把二者无条件视为同一准确型号。,"好的，根据您提供的证据，我将对“网表写 TC367、接口文档写 TC377”这一问题进行详细分析。

### 核心发现

网表和接口文档存在**器件型号不一致**的冲突。网表设计实际使用了 TC367 芯片，而接口文档的描述和部分标题引用了 TC377 芯片。这是一个需要澄清的设计矛盾。

---

### 详细分析

#### 1. 网表中 TC367 出现在哪个模块或信号？

**结论：** 网表（`825504380_ADAS_SCH_TCN2.EDF`）明确使用了 **SAK-TC367DP-64F300S** 系列芯片（型号为 `SAK-TC367DP-64F300S AA` 和 `AAB`），并定义了多个以 `TC367_` 命名的专用网络。

**支持证据：**
*   **实例声明：** 网表中的两个实例 `U900A` 和 `U900B` 均声明为 `SAK-TC367DP-64F300S` 系列器件（证据[7]和[8]）。这表明设计中的主控芯片是 **TC367**。
*   **网络信号：** 网表中存在 `TC367_JTAG_TCK/DAP0`, `TC367_JTAG_TDI`, `TC367_JTAG_TDO/DAP2`, `TC367_JTAG_TMS/DAP1`, `TC367_JTAG_TRST`, `TC367_RESET_N` 等以 `TC367` 命名的网络（证据[1]至[6]）。这些网络直接连接到主芯片 `U900A` 和 `U900B`，进一步确认了芯片型号。

#### 2. 接口文档中 TC377 出现在哪个模块或信号？

**结论：** 接口文档（`600608964_ADAS_HSI_0506_1952_shoulin.wang.docx`）在**模块功能描述**和**目录结构**中明确提及了 **TC377**，但在**具体的引脚信号定义表格**中，却使用了 `TC367_` 开头的网络名称。

**支持证据：**
*   **模块描述写 TC377：** 文档在“TC377最小系统”模块中描述道：“32位MCU芯片TC377最小系统模块有SAK-TC377TP-96F300S AA主控芯片...”（证据[9]）。文档目录也包含“TC377最小系统”章节（证据[11]）。
*   **引脚信号表用 TC367：** 在文档的“ECU-MCU信号对应关系”部分（证据[18]），引脚信号列表中的“网络名称”列明确写着 `TC367_JTAG_TCK/DAP0`、`TC367_JTAG_TMS/DAP1` 等，与网表中的命名完全一致。这表明接口文档的底层引脚定义是基于 **TC367** 的。

#### 3. 是否有工程变更通知或勘误说明涉及这两个型号？

**结论：** **没有找到**任何工程变更通知（ECN）或勘误说明来直接解释 TC367 和 TC377 之间的差异。

**支持证据：**
*   文档的变更历史（证据[19]）中记录了多次模板和内容的修订，但未提及涉及器件型号从 TC367 变更为 TC377 或反之的变更。
*   证据[11]中虽然提到了“TC377最小系统”，但并未给出任何关于为何描述与网表型号不同的解释或注释。

---

### 关键信息缺失

1.  **缺失明确的工程变更记录：** 没有找到任何官方说明（如ECN、勘误表、设计注释）来解释为何网表使用 TC367，而接口文档描述为 TC377。
2.  **缺失兼容性说明：** 没有证据说明 TC367 和 TC377 在硬件设计上是否完全兼容（如 pin-to-pin兼容），因此无法判断这是否是一个可以忽略的命名错误，还是需要修改设计的重大差异。

---

### 证据冲突（必须单独列出）

根据提供的证据，存在以下关键冲突，**不应合并为确定结论**：

| 冲突字段 | 值1 | 值2 | 来源 | 冲突原因 |
| :--- | :--- | :--- | :--- | :--- |
| **器件型号** | **TC367** (`SAK-TC367DP-64F300S AA`) | **TC377** (`SAK-TC377TP-96F300S AA`) | 网表（实例 U900A/B） vs 接口文档（模块描述） | 网表实际使用的芯片是 TC367，而接口文档的描述是 TC377。这是最核心的矛盾。 |
| 电源电压 | 3.3V | 1.2-1.35V | 接口文档内部（证据[9]） | 同一文档中，“电源需求”部分描述 MCU 需要 VCC3V3_MCU（3.3V±10%）和 VCC1V25_MCU（1.2-1.35V），但未明确哪个值对应哪个型号，这在不同型号的芯片间可能不同。 |
| 网络名称 | `TC367_JTAG_TCK/DAP0` 等 | `TC377` (模块标题) | 接口文档内部 | 文档的**引脚信号表**使用 `TC367_` 命名，但**模块描述**使用 `TC377`。这导致文档自身内部不一致。 |

---

### 总结与建议

**问题性质：** 这是一个**设计文档与实现不一致**的典型问题，属于**严重冲突**。

**处理建议：**
1.  **首要行动：** 必须向硬件设计团队和系统架构师**澄清正确的器件型号**。是网表错误（实际应使用 TC377，但用了 TC367 的物料和网络名），还是接口文档错误（描述为 TC377，但实际设计是 TC367）？
2.  **根本原因分析：** 如果它们是 pin-to-pin 兼容的替代型号，需要确认是否是物料替换导致的文档更新滞后。如果不是，则必须修改其中一方的设计以保持一致性。
3.  **更新文档：** 根据确认的结果，统一更新网表或接口文档，确保所有描述（实例、网络名、模块描述、引脚信号表）都使用**同一个、正确的**器件型号。

**结论：** 您不能直接忽略这个差异。网表和接口文档在关键的器件型号上存在直接冲突，且缺乏任何解释该差异的变更记录。在获得明确的型号确认和变更说明之前，这份设计存在风险。","好的，根据您提供的证据，我将对“网表写 TC367、接口文档写 TC377”这一问题进行详细分析。

### 核心发现

网表和接口文档存在**器件型号不一致**的冲突。网表设计实际使用了 TC367 芯片，而接口文档的描述和部分标题引用了 TC377 芯片。这是一个需要澄清的设计矛盾。

---

### 详细分析

#### 1. 网表中 TC367 出现在哪个模块或信号？

**结论：** 网表（`825504380_ADAS_SCH_TCN2.EDF`）明确使用了 **SAK-TC367DP-64F300S** 系列芯片（型号为 `SAK-TC367DP-64F300S AA` 和 `AAB`），并定义了多个以 `TC367_` 命名的专用网络。

**支持证据：**
*   **实例声明：** 网表中的两个实例 `U900A` 和 `U900B` 均声明为 `SAK-TC367DP-64F300S` 系列器件（证据[7]和[8]）。这表明设计中的主控芯片是 **TC367**。
*   **网络信号：** 网表中存在 `TC367_JTAG_TCK/DAP0`, `TC367_JTAG_TDI`, `TC367_JTAG_TDO/DAP2`, `TC367_JTAG_TMS/DAP1`, `TC367_JTAG_TRST`, `TC367_RESET_N` 等以 `TC367` 命名的网络（证据[1]至[6]）。这些网络直接连接到主芯片 `U900A` 和 `U900B`，进一步确认了芯片型号。

#### 2. 接口文档中 TC377 出现在哪个模块或信号？

**结论：** 接口文档（`600608964_ADAS_HSI_0506_1952_shoulin.wang.docx`）在**模块功能描述**和**目录结构**中明确提及了 **TC377**，但在**具体的引脚信号定义表格**中，却使用了 `TC367_` 开头的网络名称。

**支持证据：**
*   **模块描述写 TC377：** 文档在“TC377最小系统”模块中描述道：“32位MCU芯片TC377最小系统模块有SAK-TC377TP-96F300S AA主控芯片...”（证据[9]）。文档目录也包含“TC377最小系统”章节（证据[11]）。
*   **引脚信号表用 TC367：** 在文档的“ECU-MCU信号对应关系”部分（证据[18]），引脚信号列表中的“网络名称”列明确写着 `TC367_JTAG_TCK/DAP0`、`TC367_JTAG_TMS/DAP1` 等，与网表中的命名完全一致。这表明接口文档的底层引脚定义是基于 **TC367** 的。

#### 3. 是否有工程变更通知或勘误说明涉及这两个型号？

**结论：** **没有找到**任何工程变更通知（ECN）或勘误说明来直接解释 TC367 和 TC377 之间的差异。

**支持证据：**
*   文档的变更历史（证据[19]）中记录了多次模板和内容的修订，但未提及涉及器件型号从 TC367 变更为 TC377 或反之的变更。
*   证据[11]中虽然提到了“TC377最小系统”，但并未给出任何关于为何描述与网表型号不同的解释或注释。

---

### 关键信息缺失

1.  **缺失明确的工程变更记录：** 没有找到任何官方说明（如ECN、勘误表、设计注释）来解释为何网表使用 TC367，而接口文档描述为 TC377。
2.  **缺失兼容性说明：** 没有证据说明 TC367 和 TC377 在硬件设计上是否完全兼容（如 pin-to-pin兼容），因此无法判断这是否是一个可以忽略的命名错误，还是需要修改设计的重大差异。

---

### 证据冲突（必须单独列出）

根据提供的证据，存在以下关键冲突，**不应合并为确定结论**：

| 冲突字段 | 值1 | 值2 | 来源 | 冲突原因 |
| :--- | :--- | :--- | :--- | :--- |
| **器件型号** | **TC367** (`SAK-TC367DP-64F300S AA`) | **TC377** (`SAK-TC377TP-96F300S AA`) | 网表（实例 U900A/B） vs 接口文档（模块描述） | 网表实际使用的芯片是 TC367，而接口文档的描述是 TC377。这是最核心的矛盾。 |
| 电源电压 | 3.3V | 1.2-1.35V | 接口文档内部（证据[9]） | 同一文档中，“电源需求”部分描述 MCU 需要 VCC3V3_MCU（3.3V±10%）和 VCC1V25_MCU（1.2-1.35V），但未明确哪个值对应哪个型号，这在不同型号的芯片间可能不同。 |
| 网络名称 | `TC367_JTAG_TCK/DAP0` 等 | `TC377` (模块标题) | 接口文档内部 | 文档的**引脚信号表**使用 `TC367_` 命名，但**模块描述**使用 `TC377`。这导致文档自身内部不一致。 |

---

### 总结与建议

**问题性质：** 这是一个**设计文档与实现不一致**的典型问题，属于**严重冲突**。

**处理建议：**
1.  **首要行动：** 必须向硬件设计团队和系统架构师**澄清正确的器件型号**。是网表错误（实际应使用 TC377，但用了 TC367 的物料和网络名），还是接口文档错误（描述为 TC377，但实际设计是 TC367）？
2.  **根本原因分析：** 如果它们是 pin-to-pin 兼容的替代型号，需要确认是否是物料替换导致的文档更新滞后。如果不是，则必须修改其中一方的设计以保持一致性。
3.  **更新文档：** 根据确认的结果，统一更新网表或接口文档，确保所有描述（实例、网络名、模块描述、引脚信号表）都使用**同一个、正确的**器件型号。

**结论：** 您不能直接忽略这个差异。网表和接口文档在关键的器件型号上存在直接冲突，且缺乏任何解释该差异的变更记录。在获得明确的型号确认和变更说明之前，这份设计存在风险。","[""Net TC367_JTAG_TCK/DAP0 connects DP904.&1, R917.&1, X2000.&23."", ""Net TC367_JTAG_TDI connects DP901.&1, R912.&1, X2000.&15."", ""Net TC367_JTAG_TDO/DAP2 connects DP902.&1, R914.&1, X2000.&19."", ""Net TC367_JTAG_TMS/DAP1 connects DP903.&1, R916.&1, X2000.&17."", ""Net TC367_JTAG_TRST connects DP905.&1, R918.&1, X2000.&21."", ""Net TC367_RESET_N connects C900.&1, R1704.&2, R900.&2, R901.&2, U1700.WD_RESET, U900B.PORST, X2000.&27."", ""Instance U900A: SAK-TC367DP-64F300S AAA, 20210903003, SAK-TC367DP-64F300S AA, bga80p20x20_1700x1700x170-292."", ""Instance U900B: SAK-TC367DP-64F300S AAB, 20210903003, SAK-TC367DP-64F300S AA, bga80p20x20_1700x1700x170-292."", ""<table><tr><td>HM ID</td><td>F01</td></tr><tr><td>模块功能 \nModule Function</td><td>32位MCU芯片TC377最小系统模块有SAK-TC377TP-96F300S AA主控芯片和晶体、硬件配置组成，实现SAK-TC377TP-96F300S AA最小硬件系统工作单元，功能安全等级最高可达到ASIL-D，满足应用要求。\n32-bit MCU chip TC377 minimum system module has SAK-TC377TP-96F300S AA main control chip and crystal, hardware configuration, to achieve SAK-TC377TP-96F300S AA minimum hardware system work unit, functional safety level up to ASIL-D, meet the application requirements. </td></tr><tr><td>模块框图\nModule diagram</td><td></td></tr><tr><td>模块方案\nModule solution</td><td>处理器\n根据ADAS产品需求，综合评估选型为32位MCU芯片SAK-TC377TP-96F300S AA， MCU接口资源丰富，功能安全等级最高可达到ASIL-D，满足应用要求。\nProcessor \nAccording to ADAS product requirements, 32-bit MCU chip SAK-TC377TP-96F300S AA is selected through comprehensive evaluation, which has rich MCU interface resources and the highest functional safety level can reach ASIL-D to meet application requirements\n时钟设计\n硬件选型20MHz晶振给MCU提供时钟输入，由其内部PLL等电路完成倍频、分频，供其内核和各模块使用。\nClock design\nHardware selection of clock design 20MHz crystal oscillator provides clock input to MCU, and its internal PLL and other circuits complete frequency doubling and frequency division for its kernel and each module.\n复位及watchdog\n系统复位及看门狗芯片采用LP87702内部看门狗，喂狗方式为窗口喂狗，当喂狗窗口无有效喂狗次数超过OTP配置时，将触发整个系统复位。\na)\t上电时，看门狗芯片对MCU启动过程进行监控，同时对MCU的电源VCC3V3电压进行低压监控，异常时主动复位MCU。\nb)\t运行过程中由看门狗监控MCU运行状态，当MCU程序跑飞时看门狗超时触发复位信号主动复位MCU。\nReset and watchdog\nThe system reset and watchdog chip adopts LP87702 internal watchdog, and the feeding method is window feeding. When the number of effective dog feeding in the feeding window exceeds the OTP configuration, the whole system reset will be triggered. \n When powering on, the watchdog chip monitors the start-up process of MCU, and at the same time, it monitors the low voltage voltage of MCU's power supply VCC3V3, and actively resets MCU when abnormal. \n MCU running status is monitored by watchdog during operation. When MCU program runs, watchdog timeout triggers reset signal and actively reset MCU.\n电源需求\nMCU需要1路VCC3V3_MCU（精度：3.3V±10%）和1路VCC1V25_MCU（精度：1.2-1.35V）供电。\n4. Power demand\nThe MCU needs 1 channel VCC3V3_MCU (accuracy: 3.3V±10%) and 1 channel VCC1V25_MCU (accuracy: 1.2-1.35V) power supply.</td></tr></table>"", ""顾客代表Customer Representative其他与项目相关人员等Other relevant person术语及缩写解释 Terms and AbbreviationsTable 1-1Terms and Abbreviations参考文档 Reference DocumentTable 1-2Reference Document硬件架构 Hardware Architecture硬件架构描述了60060894_ADAS项目的硬件基础模块，模块和模块之间的接口。The Hardware Architecture describe the HW basic component of 600608964_ADAS project, as well as the interface of each component.系统概述 System overviewADAS产品要求功能安全达到ASIL-B，硬件整体架构介绍如下：ADAS products require functional safety to meet ASIL-B. The overall hardware architecture is described as follows:整体系统由摄像头板（CAM）和主板（MB）两部分组成。The overall system is composed of two parts: camera board (CAM) and mainboard (MB).前向摄像头采集道路图像后通过数字接口输出视频数据。The forward camera collects road images and outputs video data through the digital interface.数字视频数据通过线缆传输到主板上的视频处理器EYEQ6进行视频处理。The digital video data is transmitted to the video processor EYEQ6 on the mainboard through cables for video processing.EYEQ6处理视频数据，输出路况信息。EYEQ6 processes video data and outputs road condition information.路况信息通过SPI口传送给MCU进行处理，主板通过CAN对外传送路况信息。Road condition information is transmitted to MCU through SPI interface for processing, and the mainboard transmits road condition information externally through CAN.处理结果通过CAN发出，包括对车的主动安全控制信号以及给驾驶员的报警信号。The processing result is sent out through CAN, including the active safety control signal for the car and the alarm signal for the driver.图 1 系统工作方式Fig 1 System operating block硬件框图 Hardware block diagram图 2 系统框图Fig 2 system block功能安全分解相关模块模块电路 Module circuitKL30电源管理电路 KL30 supply management circuit"", ""注：使用本模板时请先阅读填写说明页，形成工作产品时本页不可删除变更历史Change History目  录Table of Contents1\t概述 Introduction\t81.1 目的 Purpose\t81.2 适用范围 Range of Application\t81.3 读者对象 TReader\t81.4 术语及缩写解释 Terms and Abbreviations\t81.5 参考文档 Reference Document\t82\t硬件架构 Hardware Architecture\t92.1 系统概述 System overview\t92.2 硬件框图 Hardware block diagram\t102.3 模块电路 Module circuit\t122.3.1 KL30电源管理电路 KL30 supply management circuit\t122.3.2 唤醒电路 Wake Up circuit\t132.3.3 电源电路 power circuit\t152.3.4 TC377最小系统 TC377 minimum system\t232.3.5 EQ6最小系统 EQ6 minimum system\t252.3.6 摄像头最小系统 camera minimum system\t282.3.7 看门狗电路 Watchdog circuit\t302.3.8 温度采样电路 Temp Sample circuit\t302.3.9 系统内电源电压采样电源 The power System Voltage Sampling circuit\t312.3.10 ETH电路 ETH circuit\t332.3.11 CAN/CAN FD电路 CAN/CAN FD circuit\t342.3.12 3V3过压保护电路 3V3 overvoltage protection circuit\t353\t硬件运行模式 Hardware Operation Mode\t363.1 硬件运行模式 Hardware Operation Mode\t363.2 运行模式定义 Definition of Operation Mode\t373.3 运行模式转换条件 Transition Condition of Operation Mode\t393.3.1 KL30电源管理电路 KL30 supply management circuit\t393.3.2 唤醒电路 Wake Up circuit\t413.3.3 电源电路 Power Circuit\t423.3.4 TC377最小系统 TC377 minimum system\t53"", ""<table><tr><td>HM ID</td><td>F01/F07/F25/F28/F31</td></tr><tr><td>模块功能 \nModule Function</td><td>ADAS产品支持KL15唤醒、CAN唤醒（平台预留）和以太网唤醒（平台预留）三种唤醒方式，当唤醒信号有效时直接使能一级电源，MCU开始工作并启动ADAS产品，并且MCU可以通过MCU_WAKE_HOLD_P12.0信号辅助使能一级电源，实现off delay功能。\nADAS products support KL15 wake up, CAN wake up（Platform reservation），ETH wake up（Platform reservation）, three wake up modes. When the wake up signal is effective, the first-level power supply will be directly enabled. MCU starts to work and start the ADAS product, and the MCU can enable the first-level power supply through the MCU_WAKE_HOLD_P12.0 signal assist to achieve the off delay function.</td></tr><tr><td>模块框图\nModule diagram</td><td></td></tr><tr><td>模块方案\nModule solution</td><td>KL15唤醒  KL15 Wake Up\nKL15分成两路信号：\nThe KL15 signal divides into two signals:\n一路经过防反二极管和分压电阻后用于使能一级电源LN10046，当KL15为逻辑高时有效，一级电源开始工作。并且MCU得电启动后会使能MCU_WKUP_HOLD_P12.0引脚，通过防反接二极管辅助使能一级电源并在唤醒源掉电后实现OFF DELAY功能，确保MCU完成所有必要任务之后ADAS产品进入休眠。\nOne way passes through an anti-reverse diode and two divider resistors , used to enable the EN pin of the primary power supply LN10046, effective when the KL15 is logically high, the primary power supply starts working. The MCU_WKUP_HOLD_P12.0 pin will be enabled after the MCU is powered on, and the primary power supply will be enabled through the anti-reverse diode assist, and the function of OFF DELAY will be performed after the wake source is powered off to ensure that the ADAS product will enter hibernation after the MCU completes all necessary tasks.\n另一路通过防反接二极管和100K,1%、10K,1%分压电路，用于MCU的ADC采样进行是否有效判断。 用到的引脚网络是WKUP_ACQ，对应MCU的AN0引脚。\nThe other way through the anti-reverse diode and 100K,1%, 20K,1% voltage divider circuit, used for MCU ADC sampling to determine whether effective. The pin network used is WKUP_ACQ, which corresponds to the AN0 pin of the MCU.\nCAN特定帧唤醒\nADAS平台支持特定报文的CAN唤醒功能，当唤醒信号有效时会直接使能一级电源的使能信号，系统开始唤醒，MCU工作并启动整个ADAS产品工作。\nCAN通讯接口，TCAN1145配置时支持CAN特定报文唤醒，TCAN1145的VBAT引脚接至UB_PR引脚，INH引脚通过分压和防反电路接至一级电源使能引脚，当CAN总线接收到唤醒报文时INH引脚为逻辑高，会使能一级电源，产品开始工作。INH信号通过一个防范二极管在通过100K和10K电阻分压后用MCU的AN11引脚采样。\n2.CAN0 bus wake up \nThe ADAS platform reserves the CAN wake-up function to support specific messages. When the wake-up signal is effective, the enable signal of the first-level power supply will be directly enabled, the system will start to wake up, and the MCU will work and start the entire ADAS product.\nCAN communication interface, TCAN1145 supports CAN specific message wake-up when configured, the VBAT pin of TCAN1145 is connected to UB_PR pin, The INH pin is connected to the primary power enable pin through the voltage divider and anti-reverse circuit. When the CAN bus receives the wake-up message, the INH pin is logically high, which will enable the primary power and the product will start to work. The INH signal is sampled with the AN11 pin of the MCU via a guard diode after voltage splitting through 100K and 33K resistors.\n3.ETH报文唤醒\nADAS产品唤醒支持ETH报文唤醒，当唤醒信号有效时会直接使能一级电源的使能信号，系统开始唤醒，MCU工作并启动整个ADAS产品工作。ETH PHY DP83TC812R的VSLEEP引脚接至常电，INH引脚通过分压和防反电路接至一级电源使能引脚，当以太网接收到唤醒报文时INH引脚为逻辑高，会使能一级电源，产品开始工作。\n3.Flexray specific packet wakeup \nThe wakeup of ADAS products supports the wakeup of ETH message. When the wakeup signal is effective, the enable signal of the primary power supply will be directly enabled, and the system will start to wake up, and the MCU will work and start the whole ADAS product. The VSLEEP pin of the PHY DP83TC812R is connected to the Constant Power Supply, and the INH pin is connected to the primary power enable pin through the voltage divider and anti-reverse circuit. When the ETH bus receives the wake-up message, the INH pin is logically high, and the primary power is enabled and the product starts to work. \n4.自保持唤醒 MCU_WKUP_HOLD\n当CAN总线唤醒报文中断后，INH引脚电平会无效（逻辑低），此时MCU会通过MCU_WKUP_HOLD_P12.0引脚进入OFF DELAY功能自保持唤醒一段时间，确保MCU完成所有必要任务之后ADAS产品进入休眠。\n4. Self keeping wake up\nWhen the CAN bus wake-up frame is interrupted, the INH pin level will be invalid (low logic), and the MCU will enter the OFF DELAY function through the MCU_WKUP_HOLD_P12.0 pin to keep awake for a period of time to ensure that the ADAS product will enter hibernation after the MCU completes all necessary tasks.</td></tr></table>"", ""<table><tr><td>HM ID</td><td>F26</td></tr><tr><td>模块功能 \nModule Function</td><td>系统需求MCU外置看门狗，用于监控MCU功能异常时进行复位。\nThe system requires MCU external watchdog, used to monitor MCU function abnormal reset.</td></tr><tr><td>模块框图\nModule diagram</td><td></td></tr><tr><td>模块方案\nModule solution</td><td>窗口看门狗喂狗参数由LP87702的OTP文件进行配置，具体参数为：喂狗长周期600ms，窗口为10~30ms，看门狗输出复位信号低电平持续10ms。用MCU的P13.3引脚喂狗。\nThe window watchdog feeding parameters are configured by the OTP file of LP87702, the specific parameters are: feeding the dog for a long period of 600ms, the window is 10~30ms, and the low level of the watchdog output reset signal lasts for 10ms. Feed the dog with P13.3 pin of the MCU. </td></tr></table>"", ""<table><tr><td>HM ID</td><td>F11/F12/F13/F14/F15/F16/F17/F18/F19/F25/F27</td></tr><tr><td>模块功能 \nModule Function</td><td>系统使用车载电池12V电压供电，经过EMI电路后输入至电源转换芯片，转换输出系统各模块所需电源。\nThe system uses 12V voltage power supply from the vehicle battery, which is input to the power conversion chip through the EMI circuit. Then the power conversion chip convert and output the power required by each module of the system.</td></tr><tr><td>模块框图\nModule diagram</td><td></td></tr><tr><td>模块方案\nModule solution</td><td>KL30 EMI (ASIL-B)\nKL30供电口处增加EMI电路，用于供电保护和滤波。硬件电路设计在UBD网络增加两个串联ESD电容，PCB布局靠近主连接器引脚处，用于吸收外部ESD信号，后端增加双向TVS管用于瞬态过压保护\nThe EMI circuit is added at the KL30 power supply port for power supply protection and filtering. The hardware circuit design adds two series ESD capacitors in the UBD network, the PCB layout is close to the main connector pin for absorbing external ESD signals, and the two-way TVS tube is added at the back end for transient overvoltage protection.\nKL30 to VCC3V3 (ASILB)\nKL30转VCC3V3是系统一级DC-DC，给MCU提供VCC3V3_MCU电源，所以系统要求其满足ASILB，确保MCU功能安全。\nKL30 to VCC3V3 is a system primary DC-DC chip, because the MCU needs VCC3V3_MCU power supply, so the system requires it to meet the ASILB to ensure the functional safety of the MCU.\nVCC3V3_MCU to VCC1V25_MCU(ASILB)\n3V3转1V25_MCU是使用MCU内置控制器进行控制的BUCK电源，用于MCU的核供电，功能安全需求达到ASILB，确保MCU功能安全。\n3V3 to 1V25_MCU is a BUCK power supply controlled by MCU built-in controller, which is used for MCU nuclear power supply. Functional safety requirements meet ASILB to ensure the functional safety of MCU.\nVCC3V3 to VCC0V75(QM(B))\nVCC3V3转VCC0V75应用于EQ6的内核供电，要求输出电流能力大，现选型TI的电源方案TPS62872。用MCU的P22.0引脚使能芯片，用MCU_SDA_P15.5，MCU_SCL_P15.4引脚I2C通信来设置输出电压和通信。\nVCC3V3 to VCC0V75 is applied to the core power supply of EQ6, which requires large output current capacity. The power supply scheme TPS62872 of TI is selected. P22.0 pin of MCU is used to enable the chip, and MCU_SDA_P15.5, MCU_SCL_P15.4 pin I2C communication is used to set the output voltage and communication. \nVCC3V3 to 0V75_MIPI_DDR(QM(B))\nVCC3V3转0V75_MIPI_DDR用于EQ6的IO口供电，现使用矽力杰的SA23002进行设计。用MCU的P22.1引脚使能该芯片。\nVCC3V3 to 0V75_MIPI_DDR for EQ6 IO port power supply, Silergy’s SA23002 is designed. The P22.1 pin of the MCU is used to enable the chip.\nVCC3V3转VCC1V8、VCC1V1、VCC50(QM(B))\nVCC1V8用于EQ6、CAM、DDR、FLASH供电，VCC1V1用于EQ6、DDR供电，VCC50用于CAN收发器供电，现选择LP87702 PMIC方案。用MCU的P15.3引脚使能该芯片的5V输出，用MCU_SCL_P15.4，MCU_SDA_P15.5 I2C通信来设置1.8V和1.1V输出电压和使能。\nVCC1V8 is used for EQ6, CAM, DDR, FLASH power supply, VCC1V1 is used for EQ6, DDR power supply, VCC50 is used for CAN transceiver  power supply, LP87702 PMIC scheme is selected. P15.3 pin of MCU is used to enable 5V output of the chip, and MCU_SCL_P15.4, MCU_SDA_P15.5 I2C communication is used to set 1.8V and 1.1V output voltage and enable it. \nVCC3V3 to VCC3V3_EQ(QM(B))\nVCC3V3转VCC3V3_EQ用于EQ6的IO和摄像头供电，现使用负载开关进行设计。用MCU的P20.3引脚使能该芯片。\nVCC3V3 to VCC3V3_EQ for EQ6’s IO and camera power supply, now using the load switch is designed. .The P20.3 pin of the MCU is used to enable the chip.\n\tVCC3V3 to VCC3V3_ETH(QM)\n3V3转3V3_ETH用于ETH供电，现选择负载开关方案。用MCU的P21.0引脚使能该芯片。\n3V3 to 3V3_ETH for ETH power supply, the load switch scheme is selected. . The P21.0 pin of the MCU is used to enable the chip.\n\tVCC1V8 to VCC1V8_EQ(QM(B))\nVCC1V8转VCC1V8_EQ用于EQ供电，现选择负载开关方案。用MCU的P20.0引脚使能该芯片。\nVCC1V8 to VCC1V8_EQ for EQ power supply, the load switch scheme is selected. . The P20.0 pin of the MCU is used to enable the chip.</td></tr><tr><td colspan='2'></td></tr></table>"", ""<table><tr><td>HM ID</td><td>F02/F03/F04/F28</td></tr><tr><td>模块功能 \nModule Function</td><td>EYEQ6-L最小系统组成：外部30MHz晶体给EYEQ6-L提供基本时钟输入，外部20MHz有源晶振提供监控时钟，外扩OSPI接口的2Gb NAND FLASH存储程序，外扩1GB的LPDDR4运存。NXB0104是用于MCU的3V3_SPI和NAND FLASH的1V8_SPI进行电平转换，用于MCU读写NAND FLASH。\nEYEQ6-L minimum system components: an external 30MHz crystal provides the basic clock input for EYEQ6-L, an external 20MHz active crystal provides the monitoring clock, an external 2GbNAND FLASH memory program for OSPI interface, and an external 1GB LPDDR4 operation memory. NXB0104 is used for level conversion of 3V3_SPI of MCU and 1V8-SPI of NAND FLASH for MCU to read and write NAND FLASH.</td></tr><tr><td>模块框图\nModule diagram</td><td></td></tr><tr><td>模块方案\nModule solution</td><td>\n1、处理器\n根据ADAS产品需求图像处理SOC功能安全需要达到ASIL-B，经综合评估选择Mobileye产品EYEQ6-L，最高功能安全可达到ASIL-B，接口资源丰富。\n1.Processor\nAccording to the requirements of ADAS products, the functional safety of image processing SOC needs to reach ASIL-B. After comprehensive evaluation, Mobileye product EYEQ6-L is selected, and the highest functional safety can reach ASIL-B with abundant interface resources. +\n2、时钟\n硬件选型30MHz晶振给EYEQ6-L提供时钟输入，由其内部PLL等电路完成倍频、分频，供其内核和各模块使用。外部20MHz有源晶振作为内部监控时钟。\n2.Clock\nThe 30MHz crystal provides clock input to the EYEQ6-L, and its internal PLL circuit completes frequency multiplication and frequency division for the EyeQ6-L core and each module. The external 20MHz active crystal is energized as an internal monitoring clock.\n3、DDR\nEYEQ6在外扩的DDR中运行程序和存储临时数据，其DDR控制器可支持32bits位宽的LPDDR4 SDRAM，最大读写速率4266 Mb/s/pin 。本设计中选用1片32bit的LPDDR4 SDRAM，型号为车规级器件K4F8E3S4HD-GHCL02V，以充分利用数据带宽，保证EYEQ6的处理速度，LPDDR4工作环境温度为-40℃~105℃，单片总容量1GB。\n3.DDR\nEYEQ6 runs programs and stores temporary data in the extended DDR. Its DDR controller supports LPDDR4 SDRAM with 32bits wide and a maximum read/write rate of 4266Mb/s/pin. In this design, a 32bit LPDDR4 SDRAM is selected, the model is car grade device K4F8E3S4HD-GHCLO2V, in order to make full use of the data bandwidth and ensure the processing speed of EYEQ6. The working environment temperature of LPDDR4 is -40℃-105℃, and the total capacity of a single chip is 1GB.\n\n\n4、NAND FLASH\n选择ME推荐的WinBond公司产品W35N02JWTBKF，容量2Gb，FLASH支持CRC安全机制。\nNXB0104是用于MCU的3V3_ SPI和NAND FLASH的1V8_ SPI进行电平转换，通过MCU_SPI1_CS片选电平转换芯片，实现MCU对NAND FLASH的读写操作，转换芯片在本应用场景下支持最大传输速率80Mbps。\nNAND FLASH\nChoose the WinBond company product W35N02JWTBKF recommended by ME, with a capacity of 2Gb and FLASH supporting CRC security mechanism. \nNXB0104 is used for the level conversion of 3V3_SPI of MCU and 1V8_SPI of NAND FLASH. The level conversion chip is selected by MCU_SPI1_CS chip to realize the reading and writing operation of MCU to NAND FLASH. The converter chip supports a maximum transmission rate of 80Mbps in this application scenario. \n5、电源和复位\nEYEQ6-L需要6路电源：VCC3V3_EQ、VCC0V75、0V75_MIPI_DDR、VCC1V8、VCC1V1、VCC1V8_EQ，其中VCC0V75用于给内核供电。复位信号由MCU通过P02.4口进行控制。\nPower and reset\nEYEQ6-L requires six power sources: VCC3V3-EQ, VCCOV75, OV75_MIPI_DDR, VCC1V8, VCC1V1, VCC1V8_EQ, where VCCOV75 is used to power the core. The reset signal is controlled by the MCU through the P02.4 pin.</td></tr></table>"", ""<table><tr><td>HM ID</td><td>F05</td></tr><tr><td>模块功能 \nModule Function</td><td>Camera实现图像采集功能，根据ADAS系统需求，选择图像传感器芯片IMX-728作为camera主芯片。\nThe Camera realizes image acquisition function. According to the requirements of ADAS system, the image sensor chip IMX-728 is selected as the camera main chip.</td></tr><tr><td>模块框图\nModule diagram</td><td></td></tr><tr><td>模块方案\nModule solution</td><td>1、IMX-728芯片\n图像传感器芯片IMX-728工作功耗1W，像素8.3M（3840x 2160），最大支持帧数45fps，实际应用帧数是36fps。\nIMX-728 \nThe image sensor chip IMX-728 has a power consumption of 0.45W, a pixel of 8.3M(3840x2160), a maximum frame size of 45fps, and a practical frame size of 36fps. \n2、时钟和复位\n硬件选型25MHz晶振提供时钟输入，由其内部PLL等电路完成倍频、分频，供其内核和各模块使用。IMX-728的复位信号由主板EYEQ6_L通过GPIO_A20进行控制。\nClock and reset \nHardware selection 25MHz crystal provides clock input, frequency multiplication and frequency division by its internal PLL and other circuits, for the use of its core and each module. The reset signal of IMX-728 is controlled by EYEQ6_L on the motherboard through GPIO_A20. \n3、电源需求\nIMX-728需求3路电源：VCC3V3、VCC1V8、VCC1V1，其中VCC1V1由SA23002 DCDC通过3.3V转换输出。VCC1V8和VCC3V3电源由主板进行供电。\n\nPower demand\nIMX-728requires 3 power supplies: VCC3V3, VCC1V8, VCC1V1, VCC1V1 by SA23002 DCDC through 3.3V conversion output, VCC1V8 and VCC3V3 are spulied by main board. </td></tr></table>"", ""\nVisual Type: Flowchart\nTitle: 无标题\nAxes / Legends / Labels: 无坐标轴、图例或标签。\nData Points: \n- 一个椭圆形节点，内含文字“下电模式”。\n- 一个矩形节点，内含文字“LN10046 ACTIVE”，上方有文字“WKUP=L”，下方有文字“3V3 ACTIVE”。\n- 一个矩形节点，内含文字“TC377 START OFF DELAY”，上方有文字“POWER OFF”，下方有文字“EQ6 POWER OFF ETH POWER OFF CAN POWER OFF”。\n- 一个矩形节点，内含文字“TC377 STORE DATA”，上方有文字“WKUP HOLD=L”，下方有文字“LN10046 POWER OFF”。\n- 一个矩形节点，内含文字“WATCH DOG”，左侧有文字“WDI→”。\n- 连接线：从“下电模式”指向“LN10046 ACTIVE”的箭头；从“LN10046 ACTIVE”指向“TC377 START OFF DELAY”的箭头；从“TC377 START OFF DELAY”指向“WATCH DOG”的箭头；从“TC377 START OFF DELAY”指向“TC377 STORE DATA”的箭头；从“TC377 STORE DATA”指向“LN10046 POWER OFF”的箭头；从“LN10046 ACTIVE”指向“TC377 START OFF DELAY”的箭头；从“TC377 STORE DATA”指向“WATCH DOG”的箭头。\nCaptions / Annotations: 无注释。"", ""\nECU Connector：X2000-23; None：1、仅用于内部调试，量产不贴\n2、MCU的JTAG调试接口，通至下载点和60PIN调试连接器，60PIN调试连接器量产不贴片。; MCU Component ：F01/ MCU; None：QM; None：J16; None：—; None：TCK/DAP0; None：DEBUG; None：TC367_JTAG_TCK/DAP0; None：/; None：I; None：JTAG_TCK，JTAG烧录; None：HI-Z; None：—; SW Variable Name or SW Function Name：— ——Port1\nECU Connector：X2000-17; MCU Component ：F01/ MCU; None：QM; None：K16; None：—; None：TMS/DAP1; None：DEBUG; None：TC367_JTAG_TMS/DAP1; None：/; None：I; None：JTAG_TMS，JTAG烧录; None：HI-Z; None：—; SW Variable Name or SW Function Name：— ——Port1\nECU Connector：X2000-19; MCU Component ：F01/ MCU; None：QM; None：H16; None：—; None：P21.7/TDO/DAP2; None：DEBUG; None：TC367_JTAG_TDO/DAP2; None：/; None：O; None：JTAG_TDO，JTAG烧录; None：HI-Z; None：—; SW Variable Name or SW Function Name：— ——Port1\nECU Connector：X2000-15; MCU Component ：F01/ MCU; None：QM; None：H17; None：—; None：P21.6/TDI/DAP3; None：DEBUG; None：TC367_JTAG_TDI; None：/; None：I; None：JTAG_TDI，JTAG烧录; None：HI-Z; None：—; SW Variable Name or SW Function Name：— ——Port1\nECU Connector：X2000-21; MCU Component ：F01/ MCU; None：QM; None：L19; None：—; None：TRST; None：DEBUG; None：TC367_JTAG_TRST; None：/; None：I; None：JTAG_TRST，JTAG烧录; None：HI-Z; None：—; SW Variable Name or SW Function Name：— ——Port1"", ""<table><caption>Table Location: 600608964_ADAS_HSI_0506_1952_shoulin.wang > IC level</caption><tr><td>序号\nNo.</td><td>变更单号\nChange order No</td><td>变更原因\nRevision Note</td><td>变更内容\nUpdate information</td><td>版本\nVersion</td><td>日期\nDate</td><td>更改人\nRevised by</td><td>审核人\nApprover</td></tr><tr><td>1</td><td>NA</td><td>首次发布</td><td>新架构调整后首次发布</td><td>01</td><td>2021-08-26</td><td>宫明玉</td><td>王会苹</td></tr><tr><td>2</td><td>HR-CIMA-CI-DCR_202210002</td><td>模板优化调整</td><td>1. 添加填写说明页\n2. 封面内容修订，字体字号、底色布局等格式优化</td><td>02</td><td>2023-06-10</td><td>宫明玉</td><td>王会苹</td></tr><tr><td>3</td><td>HR-CIMA-CI-TCR_202312002</td><td>模板中需增加复用说明</td><td>增加插件Excel中的HSI复用说明列</td><td>03</td><td>2023-12-06</td><td>宫明玉</td><td>王会苹</td></tr><tr><td>4</td><td>HR-CIMA-CI-TCR_202401001</td><td>功能安全相关模板修订和其他模板修订</td><td>新增“软件需使能低压复位功能，低压阈值与硬件工程师沟通确认”要求</td><td>04</td><td>2024-01-24</td><td>宫明玉</td><td>王会苹</td></tr><tr><td>5</td><td>HR-CIMA-CI-TCR_202409001</td><td>模板中批注说明</td><td>更新了excel模板，word中的批注</td><td>05</td><td>2024-09-10</td><td>宫明玉</td><td>师明</td></tr><tr><td>…</td><td colspan='7'></td></tr></table>"", ""ADC电压采集阈值 The ADC voltage acquisition thresholdWCCA计算结果如下，软件应按照如下过欠压阈值设置：The WCCA calculation results are as follows. The software should be set according to the following overvoltage and undervoltage thresholds:EQ6L上下电时序要求 EQ6L Power-on and power-off sequence requirements共享和独占的硬件资源 Shared and Exclusive Hardware ResourceECU-MCU信号对应关系 ECU-MCU Signal MappingMCU时钟配置 MCU Clock Configuration存储器配置 Memeory ConfigurationTable 4-5Memory Configuration其他芯片配置 Other IC Configuration其他芯片的通讯机制 Communication Mechanism with Other ICLP87702配置 LP87702 ConfigurationLP87702运行期间需要MCU通过I2C配置的寄存器如下所示：Table 5-2 LP87702 ConfigurationTPS62872配置 TPS62872 ConfigurationTPS62872运行期间需要MCU通过I2C配置的寄存器如下所示：Table 5-3 TPS62872 Configuration安全机制 Safety MechanismsSystem levelHW level硬件安全分析无新增安全机制IC level模板变更历史Template Change History填写说明Filling instructions：变更单号YYYYMM00X为记录顺序号，如：202203002，表示的是2022年03月的第二份此类文档。首次发布不分配变更单号，变更单号处填NA。The change order number YYYYMM00X is the record sequence number, such as 202203002, which represents the second such document in March 2022. No change order number will be allocated for the first release, and Na will be filled in the change order number.变更原因填写以客户审核需要变更为例：由于XX客户在客户审核时发现XX问题，需要调整模板。Fill in the revision note. Take the need for change in customer audit as an example: because XX customer found XX problem during customer audit, the template needs to be adjusted.变更内容填写以客户审核发现问题需要更改为例：由于XX客户在客户审核时发现XX问题，特增加XXX的变更内容。"", ""\nVisual Type: Flowchart\nTitle: 上电模式\nAxes / Legends / Labels: None visible.\nData Points: \n- 上电模式\n- WKUP=H\n- LN10046 ACTIVE\n- 3V3 ACTIVE\n- TC377\n- WATCH DOG\n- STATE\n- EQ6 POWER ACTIVE\n- MCU ETH POWER ACTIVE\n- CAN FD POWER ACTIVE\n- POWER ACTIVE\n- EQ6\n- MCU ETH\n- CAN FD\n- NAND FLASH\n- LPDDR4\n- CAM\nCaptions / Annotations: None visible."", ""\nUnnamed: 0：nan; Unnamed: 1：nan; Unnamed: 2：nan; Unnamed: 3：nan; Unnamed: 4：nan ——5_Change History2\nUnnamed: 0：nan; Unnamed: 1：nan; Unnamed: 2：nan; Unnamed: 3：nan; Unnamed: 4：nan ——5_Change History2\nUnnamed: 0：nan; Unnamed: 1：APXXXXXX_项目芯片安全机制变更历史\nAPXXXXXX_Project Chip SM Change History; Unnamed: 2：nan; Unnamed: 3：nan; Unnamed: 4：nan ——5_Change History2\nUnnamed: 0：nan; Unnamed: 1：版本\nVersion; Unnamed: 2：变更日期\nChange Date; Unnamed: 3：变更内容\nChange Description; Unnamed: 4：作者\nAuthor ——5_Change History2\nUnnamed: 0：nan; Unnamed: 1：nan; Unnamed: 2：nan; Unnamed: 3：nan; Unnamed: 4：nan; Unnamed: 5：nan; Unnamed: 6：nan ——6_Reference Document\nUnnamed: 0：nan; Unnamed: 1：nan; Unnamed: 2：nan; Unnamed: 3：nan; Unnamed: 4：nan; Unnamed: 5：nan; Unnamed: 6：nan ——6_Reference Document\nUnnamed: 0：nan; Unnamed: 1：nan; Unnamed: 2：nan; Unnamed: 3：nan; Unnamed: 4：nan; Unnamed: 5：nan; Unnamed: 6：nan ——6_Reference Document\nUnnamed: 0：nan; Unnamed: 1：nan; Unnamed: 2：nan; Unnamed: 3：nan; Unnamed: 4：nan; Unnamed: 5：nan; Unnamed: 6：nan ——6_Reference Document\nUnnamed: 0：nan; Unnamed: 1：nan; Unnamed: 2：nan; Unnamed: 3：nan; Unnamed: 4：nan; Unnamed: 5：nan; Unnamed: 6：nan ——6_Reference Document"", ""<table><caption> Device Information</caption>\n<tr><td colspan=3 rowspan=3 >Part Number Current Rating Package TPS62870-Q1 6A TPS62871-Q1 9A RXS (VQFN-FCRLF, TPS62872-Q1 12 A 16) TPS62873-Q1 15 A</td></tr>\n\n</table>"", ""D = 0.973.3 = 0.253\n0.75"", ""<table><caption> Table9-5.DefaultOutputVoltageSetpoints</caption>\n<tr><td  >VSEL Pin(1)</td><td  >Device Number</td><td  >VSET[7:0]</td><td  >Output Voltage Setpoint</td></tr>\n<tr><td></td><td  >TPS6287x-Q1</td><td  >0x5a</td><td  >850 mV</td></tr>\n<tr><td></td><td  >TPS6287xY0-Q1</td><td  >0x50</td><td  >800 mV</td></tr>\n<tr><td></td><td  >TPS6287xY1-Q1</td><td  >0x14</td><td  >500 mV</td></tr>\n<tr><td></td><td  >TPS6287xY2-Q1</td><td  >0x64</td><td  >1800 mV</td></tr>\n<tr><td  >6.2 kQ to GND</td><td  >TPS6287xY3-Q1</td><td  >0x52</td><td  >810 mV</td></tr>\n<tr><td></td><td  >TPS6287xN0-Q1</td><td  >0x14</td><td  >500 mV</td></tr>\n<tr><td></td><td  >TPS6287xN1-Q1</td><td  >0x50</td><td  >800 mV</td></tr>\n<tr><td></td><td  >TPS6287xN2-Q1</td><td  >0x64</td><td  >1800 mV</td></tr>\n</table>"", ""<table><caption> Table 6-2. Devices Without I²C Interface (continued) Unless otherwise noted, device variants without I2C operate with the same default settings as device variants with 12C.</caption>\n<tr><td  >DeviceNumber</td><td  >OutputCurrent</td><td  >Start-UpVoltage(2)</td><td  >VSEL Settings</td><td  > Spread Spectrum Clocking</td><td  > Soft-Start Time</td></tr>\n<tr><td  >TPS62870N1QWRXSRQ1</td><td  >6A</td><td  >0.800 V</td><td  >6.2kQ to GND</td><td></td><td></td></tr>\n<tr><td  >TPS62871N1QWRXSRQ1</td><td  >9A</td><td  >0.750V</td><td  >Short to GND</td><td></td><td></td></tr>\n<tr><td  >TPS62872N1QWRXSRQ1</td><td  >12 A</td><td  >0.875V</td><td  >Short to VIN</td><td  >On</td><td></td></tr>\n<tr><td  >TPS62873N1QWRXSRQ1</td><td  >15 A</td><td  >0.840V</td><td  >47 kQ to VIN </td><td></td><td  >1 ms</td></tr>\n<tr><td></td><td></td><td  >1.800 V</td><td  >6.2 kQ to GND</td><td></td><td></td></tr>\n<tr><td  >TPS62872N2QWRXSRQ1</td><td  >12 A</td><td  >1.500 V 1.750 V</td><td  >Short to GND Short to VIN </td><td  >Off</td><td></td></tr>\n<tr><td></td><td></td><td  >3.300 V</td><td  >47kQ to VIN</td><td></td><td></td></tr>\n</table>"", ""<table><caption> Table 9-10. Table 6-2. Devices Without I2C Interface</caption>\n<tr><td  > Device Number</td><td  >Output Current</td><td  >Start-Up Voltage(2)</td><td  >VSEL Settings</td><td  > Spread Spectrum Clocking</td><td  > Soft-Start Time</td></tr>\n<tr><td  >TPS62870N0QWRXSRQ1</td><td  >6A</td><td  >0.500 V</td><td  >6.2 kQ to GND</td><td></td><td></td></tr>\n<tr><td  >TPS62871N0QWRXSRQ1</td><td  >9A</td><td  >0.750V</td><td  > Short to GND</td><td  >On</td><td  >0.5 ms</td></tr>\n<tr><td  >TPS62872N0QWRXSRQ1</td><td  >12 A</td><td  >0.875 V</td><td  >Short to VIN </td><td></td><td></td></tr>\n<tr><td  >TPS62873N0QWRXSRQ1</td><td  >15 A</td><td  >1.050 V</td><td  >47 kQ to VIN</td><td></td><td></td></tr>\n</table>"", ""<table><caption> Table 7-1. Pin Functions (continued) I = input, O = output, P = power, GND = ground(1)</caption>\n<tr><td  >Pin</td><td></td><td></td><td></td></tr>\n<tr><td  >Name</td><td  >No.</td><td  >Type(1)</td><td  >Description</td></tr>\n<tr><td></td><td></td><td></td><td  >Internal clock output pin for synchronization in stacked mode. Leave this pin floating for single </td></tr>\n<tr><td></td><td></td><td></td><td  >device operation. Connect this pin to the MODE/SYNC pin of the next device in the daisy-chain in </td></tr>\n<tr><td  >SYNC_OUT</td><td  >14</td><td></td><td  >stacked operation. Do not use this pin to connect to a non-TPS6287x-Q1 device.  During start-up, this pin is used to identify if a device must operate as a secondary converter in</td></tr>\n<tr><td></td><td></td><td></td><td  >stacked operation. Connect a 47-kQ resistor from this pin to GND to define a secondary converter</td></tr>\n<tr><td></td><td></td><td></td><td  > in stacked operation. See Section 9.3.17 for a detailed description.</td></tr>\n<tr><td  >VSEL</td><td  >15</td><td  >一</td><td  > Start-up output voltage select pin. A resistor or short circuit to GND or Vin defines the selected output voltage. See Section 9.3.6.2.</td></tr>\n<tr><td  >FSEL</td><td  >16</td><td  >一</td><td  >Frequency select pin. A resistor or a short circuit to GND or Vin determines the free-running switching frequency. See Section 9.3.6.2.</td></tr>\n<tr><td  >Exposed Thermal Pad</td><td></td><td  >一</td><td  >The thermal pad must be soldered to GND to achieve an appropriate thermal resistance and for mechanical stability.</td></tr>\n</table>"", ""<table><caption> Figure 9-22. CONTROL1 Register</caption>\n<tr><td colspan=2 >7 6 RESET SSCEN R/W-0b R/W-0b</td><td colspan=4 >5 3 2 SWEN FPWMEN DISCHEN HICCUPEN R/W-1b R/W-0b R/W-1b R/W-0b</td><td  >VRAMP R/W-10b</td></tr>\n</table>"", ""<table><caption> Table 9-14. CONTROL1 Register Field Descriptions</caption>\n<tr><td colspan=2 rowspan=3 >Bit Field 7 RESET SSCEN 5 SWEN 4 FPWMEN</td><td colspan=3 rowspan=3 >Type Reset Description R/W Ob Reset device Ob = No effect  1b = Resets all registers to their default values Reading this bit always returns 0. R/W Ob Spread spectrum clocking enable Ob = SSC operation disabled  1b = SSC operation enabled R/W 1b Softwareenable Ob = Switching disabled (register values retained)  1b = Switching enabled (without the enable delay) R/W Ob Forced PWM enable Ob = Power-save operation enabled  1b = Forced-PwM operation enabled This bit is logically ORed with the MODE/SYNC pin. If a high level or a synchronization clock is applied to the MODE/SYNC pin, the </td></tr>\n\n\n<tr><td  >3 2 1-0</td><td  >DISCHEN HICCUPEN VRAMP</td><td  >R/W R/W R/W</td><td  >1b Ob 10b</td><td  >device operates in forced-PWM, regardless of the state of this bit. Output discharge enable Ob = Output discharge disabled 1b = Output discharge enabled  Hiccup operation enable Ob = Hiccup operation disabled  1b = Hiccup operation enabled. Do not enable hiccup operation during stacked operation. Output voltage ramp speed when changing from one output voltage setting to another 00b = 10 mV/μs 01b = 5 mV/μs</td></tr>\n<tr><th></th><th></th><th></th><th></th><th  >10b = 1.25 mV/μs 11b = 0.5 mV/uμs</th></tr>\n</table>""]","{""original_context_count"": 30, ""original_context_characters"": 30449, ""scored_context_count"": 8, ""scored_context_characters"": 620, ""contexts_truncated"": true, ""context_selection"": ""claim_coverage""}",0.6680329664856679,0.3917289766415552,1.0,1.0,0.3779761904667411,0.3333333333333333,0.5,0.17391304347826086,not_applicable
hw-v1-joint-pmic-noisy-query,success,忽略无关的摄像头和 CAN 内容，只结合电路与 HSI 说明 LP87702 的供电输出和配置。,LP87702-Q1 是 U1700，输入 VCC3V3，关键输出为 VCC1V1、VCC1V8、VCC50；配置依据 HSI 7.2 节，回答不应混入无关摄像头或 CAN 结论。,"好的，我将严格基于您提供的证据，回答关于 LP87702 的供电输出和配置问题。请忽略无关的摄像头和 CAN 内容。

### 子问题 1：从电路设计文档中，LP87702的供电输出引脚定义、电压电流规格是什么？

**回答：**
根据电路设计文档，可以确认 LP87702 的电源输入和供电输出引脚连接，但**关键的电压和电流规格信息缺失**。

*   **供电输出引脚定义与连接：**
    *   **VCC1V1 输出**：通过反馈引脚 `FB_B0` 连接到网络 `VCC1V1`，用于为 EQ6 和 DDR 等器件供电。
    *   **VCC1V8 输出**：通过反馈引脚 `FB_B1` 连接到网络 `VCC1V8`，用于为 EQ6、CAM、DDR、FLASH 等器件供电。
    *   **VCC50 输出**：通过 `VOUT_BST` 引脚连接到网络 `VCC50`，用于为 CAN 收发器供电。
    *   **电源输入**：`VIN_B0_1`, `VIN_B0_2`, `VIN_B1_1`, `VIN_B1_2`, `VANA` 引脚均连接到 `VCC3V3`网络。

*   **缺失信息：**
    *   **电压规格**：证据中未提供 VCC1V1、VCC1V8、VCC50 各输出的具体电压值。
    *   **电流规格**：证据中未提供各输出通道的额定电流能力或最大电流值。

**来源说明：**
*   [1] `circuit:21:instance:U1700` 提供了 U1700 (LP87702) 的引脚映射，显示其 `FB_B0`、`FB_B1`、`VOUT_BST` 等引脚的连接关系。
*   [2] `circuit:21:net:VCC1V1` 和 [5] `circuit:21:net:VCC1V8` 说明了这些网络连接的众多器件，印证了其供电范围。
*   [9] `circuit:21:instance:U1700` 确认了器件型号为 `LP87702-Q1`。

### 子问题 2：从HSI文档中，LP87702的配置寄存器、工作模式、上电时序等设置细节是什么？

**回答：**
根据HSI文档，可以确认LP87702的工作模式、使能控制方式以及部分配置细节，但**具体的寄存器地址和数值、以及详细的上电时序图缺失**。

*   **工作模式：**
    LP87702 支持四种运行模式：`SHUTDOWN`、`READ OTP`、`STANDBY`、`ACTIVE`。这些模式切换与电源电压 `VANA` 和复位信号 `NRST` 的电压水平相关。

*   **供电输出使能与配置：**
    *   **VCC50 输出**：由 MCU 的 GPIO 引脚控制。MCU 通过引脚 `P15.3`（信号 `MCU_5V_EN`）输出高电平来使能 VCC50。
    *   **VCC1V8 和 VCC1V1 输出**：通过 MCU 的 I2C 接口（引脚 `MCU_SCL_P15.4` 和 `MCU_SDA_P15.5`）进行使能和输出电压设置。

*   **配置寄存器：**
    HSI 文档明确提到“LP87702运行期间需要MCU通过I2C配置的寄存器”，并给出了 **Table 5-2 LP87702 Configuration**。然而，**该表格的具体内容（寄存器地址、名称、配置值）在提供的证据中缺失**。

*   **上电时序：**
    HSI 文档中提及了“LP87702运行期间需要MCU通过I2C配置的寄存器”，但这部分内容被包含在“EQ6L上下电时序要求”的章节中。文档指出 EQ6L 所需的 VCC1V1、VCC1V8 等电源的上下电时序由 MCU 控制，但**具体的时序图（如各电源轨上电顺序、时间间隔要求）未被提供**。

*   **功能安全等级：**
    功能安全需求为 `QM(B)`。

**来源说明：**
*   [11] `document:b6943ae371d76077` 描述了 LP87702 的使能方式和供电对象。
*   [12] `document:ea7b2234534382bf` 定义了 LP87702 的四种工作模式。
*   [13] `document:d69d04d302326d46` 提到了“LP87702配置”表格的存在。
*   [14] `document:44c4021cbbe6e903` 和 [15] `document:e6627ad70c8cab97` 确认了 LP87702 的功能安全等级为 `QM(B)`。
*   [20] `document:a6f318d1053a4c7e` 详细描述了 MCU 引脚 `P15.3` 用于控制 VCC50 的使能，以及 LP87702 的 I2C 控制功能。

### 缺失信息总结

1.  **LP87702 供电输出的具体电压和电流规格**：电路设计文档中未提供，HSI 文档中虽有 `VCC1V1`、`VCC1V8`、`VCC50` 的软件监控阈值（来自[17]），但这并非器件本身的输出规格。
2.  **LP87702 配置寄存器详细内容**：HSI 文档中提到的“Table 5-2 LP87702 Configuration”表格内容未被提供。
3.  **LP87702 相关的详细上电时序图**：HSI 文档中提及的时序要求图未被提供。

### 证据冲突

在检索到的证据中，存在以下字段的取值冲突，但**这些冲突字段不属于 LP87702 相关**，因此不影响对当前问题的回答。为完整起见，如实列出：

*   **`none` 字段**：在不同位置被赋予了 `1`、`a17`、`b`、`b17`、`cfg1`、`cfg2`、`d6`、`d7`、`e11`、`e14`、`f13`、`flash`、`gpio`、`hi-z`、`i`、`i2c0_scl`、`i2c0_sdac`、`iic_clk`、`iic_sda`、`io`、`lp87702`、`mcu`、`mcu_5v_en`、`mcu_eth_cfg1_p11.14`、`mcu_eth_cfg2_p11.15`、`mcu_nint_pmic_p12.1`、`mcu_rst_flash_p23.2`、`mcu_scl_p15.4`、`mcu_sda_p15.5`、`na`、`o`、`p11.14`、`p11.15`、`p12.1`、`p15.3`、`p15.4`、`p15.5`、`p23.2`、`qm`、`u20`、`vcc50` 等多个不同值。
*   **`tcan1044a` 字段**：被同时赋予 `1` 和 `tcan1145` 两个不同值。
*   **`mc` 字段**：被同时赋予 `001`、`100`、`111` 三个不同值。","好的，我将严格基于您提供的证据，回答关于 LP87702 的供电输出和配置问题。请忽略无关的摄像头和 CAN 内容。

### 子问题 1：从电路设计文档中，LP87702的供电输出引脚定义、电压电流规格是什么？

**回答：**
根据电路设计文档，可以确认 LP87702 的电源输入和供电输出引脚连接，但**关键的电压和电流规格信息缺失**。

*   **供电输出引脚定义与连接：**
    *   **VCC1V1 输出**：通过反馈引脚 `FB_B0` 连接到网络 `VCC1V1`，用于为 EQ6 和 DDR 等器件供电。
    *   **VCC1V8 输出**：通过反馈引脚 `FB_B1` 连接到网络 `VCC1V8`，用于为 EQ6、CAM、DDR、FLASH 等器件供电。
    *   **VCC50 输出**：通过 `VOUT_BST` 引脚连接到网络 `VCC50`，用于为 CAN 收发器供电。
    *   **电源输入**：`VIN_B0_1`, `VIN_B0_2`, `VIN_B1_1`, `VIN_B1_2`, `VANA` 引脚均连接到 `VCC3V3`网络。

*   **缺失信息：**
    *   **电压规格**：证据中未提供 VCC1V1、VCC1V8、VCC50 各输出的具体电压值。
    *   **电流规格**：证据中未提供各输出通道的额定电流能力或最大电流值。

### 子问题 2：从HSI文档中，LP87702的配置寄存器、工作模式、上电时序等设置细节是什么？

**回答：**
根据HSI文档，可以确认LP87702的工作模式、使能控制方式以及部分配置细节，但**具体的寄存器地址和数值、以及详细的上电时序图缺失**。

*   **工作模式：**
    LP87702 支持四种运行模式：`SHUTDOWN`、`READ OTP`、`STANDBY`、`ACTIVE`。这些模式切换与电源电压 `VANA` 和复位信号 `NRST` 的电压水平相关。

*   **供电输出使能与配置：**
    *   **VCC50 输出**：由 MCU 的 GPIO 引脚控制。MCU 通过引脚 `P15.3`（信号 `MCU_5V_EN`）输出高电平来使能 VCC50。
    *   **VCC1V8 和 VCC1V1 输出**：通过 MCU 的 I2C 接口（引脚 `MCU_SCL_P15.4` 和 `MCU_SDA_P15.5`）进行使能和输出电压设置。

*   **配置寄存器：**
    HSI 文档明确提到“LP87702运行期间需要MCU通过I2C配置的寄存器”，并给出了 **Table 5-2 LP87702 Configuration**。然而，**该表格的具体内容（寄存器地址、名称、配置值）在提供的证据中缺失**。

*   **上电时序：**
    HSI 文档中提及了“LP87702运行期间需要MCU通过I2C配置的寄存器”，但这部分内容被包含在“EQ6L上下电时序要求”的章节中。文档指出 EQ6L 所需的 VCC1V1、VCC1V8 等电源的上下电时序由 MCU 控制，但**具体的时序图（如各电源轨上电顺序、时间间隔要求）未被提供**。

*   **功能安全等级：**
    功能安全需求为 `QM(B)`。

### 缺失信息总结

1.  **LP87702 供电输出的具体电压和电流规格**：电路设计文档中未提供，HSI 文档中虽有 `VCC1V1`、`VCC1V8`、`VCC50` 的软件监控阈值（来自[17]），但这并非器件本身的输出规格。
2.  **LP87702 配置寄存器详细内容**：HSI 文档中提到的“Table 5-2 LP87702 Configuration”表格内容未被提供。
3.  **LP87702 相关的详细上电时序图**：HSI 文档中提及的时序要求图未被提供。

### 证据冲突

在检索到的证据中，存在以下字段的取值冲突，但**这些冲突字段不属于 LP87702 相关**，因此不影响对当前问题的回答。为完整起见，如实列出：

*   **`none` 字段**：在不同位置被赋予了 `1`、`a17`、`b`、`b17`、`cfg1`、`cfg2`、`d6`、`d7`、`e11`、`e14`、`f13`、`flash`、`gpio`、`hi-z`、`i`、`i2c0_scl`、`i2c0_sdac`、`iic_clk`、`iic_sda`、`io`、`lp87702`、`mcu`、`mcu_5v_en`、`mcu_eth_cfg1_p11.14`、`mcu_eth_cfg2_p11.15`、`mcu_nint_pmic_p12.1`、`mcu_rst_flash_p23.2`、`mcu_scl_p15.4`、`mcu_sda_p15.5`、`na`、`o`、`p11.14`、`p11.15`、`p12.1`、`p15.3`、`p15.4`、`p15.5`、`p23.2`、`qm`、`u20`、`vcc50` 等多个不同值。
*   **`tcan1044a` 字段**：被同时赋予 `1` 和 `tcan1145` 两个不同值。
*   **`mc` 字段**：被同时赋予 `001`、`100`、`111` 三个不同值。","[""Pin mapping for U1700: nINT -> MCU_nINT_PMIC_P12.1, EN1 -> MCU_5V_EN, VIN_B0_1 -> VCC3V3, VIN_B1_1 -> VCC3V3, VANA -> VCC3V3, SW_BST -> N19935658, NRST -> N19935946, SDA(EN3) -> MCU_SDA_P15.5, SCL(EN2) -> MCU_SCL_P15.4, FB_B1 -> VCC1V8, CLKIN(GPO2) -> MCU_WD_INH, WDI -> MCU_WDI_P13.3, VOUT_BST -> VCC50, PG1(GPO1) -> N19936014, WD_RESET -> TC367_RESET_N, SW_B1_1 -> N19935668, FB_B0 -> VCC1V1, SW_B0_1 -> N19935443, SW_B0_2 -> N19935443, VIN_B0_2 -> VCC3V3, VIN_B1_2 -> VCC3V3, SW_B1_2 -> N19935668, PAD -> GND, AGND -> GND, PGND_BST -> GND, PGND_B1_2 -> GND, PGND_B1_1 -> GND, PGND_B0_2 -> GND, PGND_B0_1 -> GND."", ""Net VCC1V1 connects C1703.&1, C1705.&1, C1707.&1, C1708.&2, C602.&1, C604.&1, C606.&1, C608.&1, C800.&1, C802.&1, C804.&1, C805.&1, C807.&1, C808.&1, C809.&1, C814.&1, C816.&1, C818.&1, C820.&1, C821.&1, C823.&1, C825.&1, C826.&1, C827.&1, C828.&1, C829.&1, C830.&1, C831.&1, C832.&1, C833.&1, C834.&1, C836.&1, C838.&1, C839.&1, C840.&1, C841.&1, C842.&1, C843.&1, C844.&1, C845.&1, C846.&1, C847.&1, C848.&1, C849.&1, L1700.&2, R1109.&1, R1721.&2, R800.&1, R802.&1, R804.&2, TP1701.&1, U1700.FB_B0, U400-2.VDD2_1, U400-2.VDD2_2, U400-2.VDD2_3, U400-2.VDD2_4, U800-2.VDDQ1, U800-2.VDDQ2, U800-2.VDDQ3, U800-2.VDDQ4, U800-2.VDDQ5, U800-2.VDDQ6, U800-2.VDDQ7, U800-2.VDDQ8, U800-2.VDDQ9, U800-2.VDDQ10, U800-2.VDDQ11, U800-2.VDDQ12, U800-2.VDDQ13, U800-2.VDDQ14, U800-2.VDDQ15, U800-2.VDDQ16, U800-2.VDDQ17, U800-2.VDDQ18, U800-2.VDDQ19, U800-2.VDDQ20, U800-2.VDD2_1, U800-2.VDD2_2, U800-2.VDD2_3, U800-2.VDD2_4, U800-2.VDD2_5, U800-2.VDD2_6, U800-2.VDD2_7, U800-2.VDD2_8, U800-2.VDD2_9, U800-2.VDD2_10, U800-2.VDD2_11, U800-2.VDD2_12, U800-2.VDD2_13, U800-2.VDD2_14, U800-2.VDD2_15, U800-2.VDD2_16, U800-2.VDD2_17, U800-2.VDD2_18, U800-2.VDD2_19, U800-2.VDD2_20, U800-2.VDD2_21, U800-2.VDD2_22, U800-2.VDD2_23, U800-2.VDD2_24."", ""Net VCC1V1_CAM_ACQ connects C1113.&2, R1144.&2, TP1144.&1, U900A.AN13/EVADC_G1CH5/EDSADC_EDS0NB."", ""Net VCC1V1_CAM_FB connects R1144.&1, TP1912.&1, X1903.&5."", ""Net VCC1V8 connects C1712.&1, C1714.&1, C1715.&2, C1829.&1, C507.&2, C508.&2, C510.&2, C615.&1, C618.&1, C623.&1, C626.&1, C629.&1, C632.&1, C634.&1, C636.&1, C638.&1, C640.&1, C641.&1, C642.&1, C801.&1, C803.&1, C806.&1, C810.&1, C811.&1, C812.&1, C813.&1, C815.&1, C817.&1, C819.&1, C822.&1, C824.&1, L1702.&2, R1111.&1, R1722.&2, R500.&2, R501.&2, R503.&2, R504.&2, R505.&2, R509.&2, R533.&1, R534.&1, R574.&2, TP1725.&1, U1700.FB_B1, U1803.VIN, U400-2.VDD_RING_I2C_4, U400-2.VDD_RING_3_0_0-1, U400-2.VDD_RING_2_0-1, U400-2.VDD_RING_3_1_0-1, U400-2.VDD_RING_3_1_0-2, U400-2.VDD_RING_10_0_0-1, U400-2.VDD_RING_10_0_0-2, U400-2.VDD_RING_2_0-2, U400-2.VDD_RING_3_0_0-2, U400-2.VDD_RING_3_1_0-3, U502.VCC, U502.VCC, U502.VCC, U503.VCCA, U800-2.VDD1_1, U800-2.VDD1_2, U800-2.VDD1_3, U800-2.VDD1_4, U800-2.VDD1_5, U800-2.VDD1_6, U800-2.VDD1_7, U800-2.VDD1_8, X1903.&12, X2000.&2."", ""Net VCC1V8_CAM_ACQ connects C1112.&2, R1145.&2, TP1145.&1, U900A.AN14/EVADC_G1CH6/EDSADC_EDS3PB."", ""Net VCC1V8_CAM_FB connects R1145.&1, TP1914.&1, X1903.&3."", ""Net VCC1V8_EQ connects C1830.&1, C664.&1, C667.&1, L600.&2, L601.&2, L602.&2, L603.&2, L604.&2, R1141.&1, TP1817.&1, U1803.QOD, U1803.VOUT, U400-10.VDD_MIPI_VPH1, U400-10.VDD_MIPI_VPH2."", ""Instance U1700: LP87702-Q1, 20200424007, LP87702RRHBRQ1, pqfn50p5x5x90-32."", ""<table><tr><td>HM ID</td><td>F14</td></tr><tr><td>模块功能 \nModule Function</td><td>VCC3V3转VCC0V75应用于EQ6的内核供电，要求输出电流能力大，现选型TI的方案TPS62872。\nVCC3V3 to VCCOV75 is applied to the kernel power supply of EQ6, which requires large output current capacity. TI's scheme TPS62872 is selected.</td></tr><tr><td>模块框图\nModule diagram</td><td></td></tr><tr><td>模块方案\nModule solution</td><td>\t采用TPS62872电源芯片，将VCC3V3转换为VCC0V75，提供给EQ6核电供电。用MCU的P22.0引脚使能芯片，用MCU_SDA_P15.5，MCU_SCL_P15.4引脚I2C通信来设置输出电压和通信。\nTPS62872 power chip is used to convert VCC3V3 to VCCOV75, which is supplied to EQ nuclear power supply. P22.0 pin of MCU is used to enable chip, MCU_SDA_P15.5, MCU_SCL_P15.4 pin I2C communication is used to set output voltage and communication. +</td></tr></table>"", ""<table><tr><td>HM ID</td><td>F11/F12/F13/F14/F15/F16/F17/F18/F19/F25/F27</td></tr><tr><td>模块功能 \nModule Function</td><td>系统使用车载电池12V电压供电，经过EMI电路后输入至电源转换芯片，转换输出系统各模块所需电源。\nThe system uses 12V voltage power supply from the vehicle battery, which is input to the power conversion chip through the EMI circuit. Then the power conversion chip convert and output the power required by each module of the system.</td></tr><tr><td>模块框图\nModule diagram</td><td></td></tr><tr><td>模块方案\nModule solution</td><td>KL30 EMI (ASIL-B)\nKL30供电口处增加EMI电路，用于供电保护和滤波。硬件电路设计在UBD网络增加两个串联ESD电容，PCB布局靠近主连接器引脚处，用于吸收外部ESD信号，后端增加双向TVS管用于瞬态过压保护\nThe EMI circuit is added at the KL30 power supply port for power supply protection and filtering. The hardware circuit design adds two series ESD capacitors in the UBD network, the PCB layout is close to the main connector pin for absorbing external ESD signals, and the two-way TVS tube is added at the back end for transient overvoltage protection.\nKL30 to VCC3V3 (ASILB)\nKL30转VCC3V3是系统一级DC-DC，给MCU提供VCC3V3_MCU电源，所以系统要求其满足ASILB，确保MCU功能安全。\nKL30 to VCC3V3 is a system primary DC-DC chip, because the MCU needs VCC3V3_MCU power supply, so the system requires it to meet the ASILB to ensure the functional safety of the MCU.\nVCC3V3_MCU to VCC1V25_MCU(ASILB)\n3V3转1V25_MCU是使用MCU内置控制器进行控制的BUCK电源，用于MCU的核供电，功能安全需求达到ASILB，确保MCU功能安全。\n3V3 to 1V25_MCU is a BUCK power supply controlled by MCU built-in controller, which is used for MCU nuclear power supply. Functional safety requirements meet ASILB to ensure the functional safety of MCU.\nVCC3V3 to VCC0V75(QM(B))\nVCC3V3转VCC0V75应用于EQ6的内核供电，要求输出电流能力大，现选型TI的电源方案TPS62872。用MCU的P22.0引脚使能芯片，用MCU_SDA_P15.5，MCU_SCL_P15.4引脚I2C通信来设置输出电压和通信。\nVCC3V3 to VCC0V75 is applied to the core power supply of EQ6, which requires large output current capacity. The power supply scheme TPS62872 of TI is selected. P22.0 pin of MCU is used to enable the chip, and MCU_SDA_P15.5, MCU_SCL_P15.4 pin I2C communication is used to set the output voltage and communication. \nVCC3V3 to 0V75_MIPI_DDR(QM(B))\nVCC3V3转0V75_MIPI_DDR用于EQ6的IO口供电，现使用矽力杰的SA23002进行设计。用MCU的P22.1引脚使能该芯片。\nVCC3V3 to 0V75_MIPI_DDR for EQ6 IO port power supply, Silergy’s SA23002 is designed. The P22.1 pin of the MCU is used to enable the chip.\nVCC3V3转VCC1V8、VCC1V1、VCC50(QM(B))\nVCC1V8用于EQ6、CAM、DDR、FLASH供电，VCC1V1用于EQ6、DDR供电，VCC50用于CAN收发器供电，现选择LP87702 PMIC方案。用MCU的P15.3引脚使能该芯片的5V输出，用MCU_SCL_P15.4，MCU_SDA_P15.5 I2C通信来设置1.8V和1.1V输出电压和使能。\nVCC1V8 is used for EQ6, CAM, DDR, FLASH power supply, VCC1V1 is used for EQ6, DDR power supply, VCC50 is used for CAN transceiver  power supply, LP87702 PMIC scheme is selected. P15.3 pin of MCU is used to enable 5V output of the chip, and MCU_SCL_P15.4, MCU_SDA_P15.5 I2C communication is used to set 1.8V and 1.1V output voltage and enable it. \nVCC3V3 to VCC3V3_EQ(QM(B))\nVCC3V3转VCC3V3_EQ用于EQ6的IO和摄像头供电，现使用负载开关进行设计。用MCU的P20.3引脚使能该芯片。\nVCC3V3 to VCC3V3_EQ for EQ6’s IO and camera power supply, now using the load switch is designed. .The P20.3 pin of the MCU is used to enable the chip.\n\tVCC3V3 to VCC3V3_ETH(QM)\n3V3转3V3_ETH用于ETH供电，现选择负载开关方案。用MCU的P21.0引脚使能该芯片。\n3V3 to 3V3_ETH for ETH power supply, the load switch scheme is selected. . The P21.0 pin of the MCU is used to enable the chip.\n\tVCC1V8 to VCC1V8_EQ(QM(B))\nVCC1V8转VCC1V8_EQ用于EQ供电，现选择负载开关方案。用MCU的P20.0引脚使能该芯片。\nVCC1V8 to VCC1V8_EQ for EQ power supply, the load switch scheme is selected. . The P20.0 pin of the MCU is used to enable the chip.</td></tr><tr><td colspan='2'></td></tr></table>"", ""<table><tr><td>HM ID</td><td>F13</td></tr><tr><td>运行模式\nOperation Mode</td><td>SHUTDOWN、READ OTP、STANDBY、ACTIVE</td></tr><tr><td>模式定义\nDefinition of Operation mode</td><td>SHUTDOWN\nNRST电压低于阈值。LP87702-Q1器件停止工作。\nREAD OTP\n电源电压VANA高于VANAUVLO电平，并且NRST电压高于阈值电平。电压转换器被禁用，LP87702-Q1的参考电平和偏置电路被启用。OTP配置被加载到寄存器。\nSTANDBY\n电源电压VANA高于VANAUVLO水平，NRST电压高于阈值水平。电压转换器被禁用，LP87702-Q1的参考电平、控制和偏压电路被启用。所有的寄存器都可以被主机处理器通过系统串口读写。电压转换器可以根据需要进行使能输出。\nACTIVE\n电源电压VANA高于VANAUVLO水平，NRST电压高于阈值水平。稳压DC/DC变换器处于使能状态。所有的寄存器都可以被MCU通过系统串口读写。\nSHUTDOWN\nAfter the enable signal MCU_OV75_MIPI_DDR_EN=L, the secondary power stops the 0V75_MIPI_DDR power supply. \nREADY OTP\nThe supply voltage VANA is above the VANAUVLO level, and the NRST voltage is above the threshold level. The voltage converter is disabled and the reference level and bias circuits of the LP87702-Q1 are enabled. The OTP configuration is loaded into the register.\nSTANDBY\nThe supply voltage VANA is above the VANAUVLO level and the NRST voltage is above the threshold level. The voltage converter is disabled and the reference level, control, and bias circuits of the LP87702-Q1 are enabled. All registers can be read and written by the host processor through the system serial port. The voltage converter can perform enabling output as needed.\nACTIVE\nThe supply voltage VANA is above the VANAUVLO level and the NRST voltage is above the threshold level. The regulated DC/DC converter is in the enabled state. All the registers can be read and written by the MCU through the system serial port. </td></tr><tr><td>模式切换接口\nMode switching interface</td><td></td></tr><tr><td>模式状态机\nMode state machine</td><td></td></tr><tr><td>模式切换条件\nMode switching condition</td><td>参考：\n产品系统需求规格说明\n产品系统方案设计说明书\nReference: \nProduct system requirement specification \nProduct system scheme design specification.</td></tr><tr><td>备注\nNote</td><td>1、VANAUVLO阈值电压\n\n2、NRST阈值电压\n</td></tr><tr><td>备注\nNote</td><td></td></tr></table>"", ""ADC电压采集阈值 The ADC voltage acquisition thresholdWCCA计算结果如下，软件应按照如下过欠压阈值设置：The WCCA calculation results are as follows. The software should be set according to the following overvoltage and undervoltage thresholds:EQ6L上下电时序要求 EQ6L Power-on and power-off sequence requirements共享和独占的硬件资源 Shared and Exclusive Hardware ResourceECU-MCU信号对应关系 ECU-MCU Signal MappingMCU时钟配置 MCU Clock Configuration存储器配置 Memeory ConfigurationTable 4-5Memory Configuration其他芯片配置 Other IC Configuration其他芯片的通讯机制 Communication Mechanism with Other ICLP87702配置 LP87702 ConfigurationLP87702运行期间需要MCU通过I2C配置的寄存器如下所示：Table 5-2 LP87702 ConfigurationTPS62872配置 TPS62872 ConfigurationTPS62872运行期间需要MCU通过I2C配置的寄存器如下所示：Table 5-3 TPS62872 Configuration安全机制 Safety MechanismsSystem levelHW level硬件安全分析无新增安全机制IC level模板变更历史Template Change History填写说明Filling instructions：变更单号YYYYMM00X为记录顺序号，如：202203002，表示的是2022年03月的第二份此类文档。首次发布不分配变更单号，变更单号处填NA。The change order number YYYYMM00X is the record sequence number, such as 202203002, which represents the second such document in March 2022. No change order number will be allocated for the first release, and Na will be filled in the change order number.变更原因填写以客户审核需要变更为例：由于XX客户在客户审核时发现XX问题，需要调整模板。Fill in the revision note. Take the need for change in customer audit as an example: because XX customer found XX problem during customer audit, the template needs to be adjusted.变更内容填写以客户审核发现问题需要更改为例：由于XX客户在客户审核时发现XX问题，特增加XXX的变更内容。"", ""<table><tr><td>序号</td><td>模块序号</td><td>模块名称</td><td>功能定义</td><td>功能安全需求</td></tr><tr><td>1</td><td>F013</td><td>POWER</td><td>LP87702，VCC3V3电压输入，VCC1V1、VCC1V8、VCC50电压输出</td><td>QM(B)</td></tr><tr><td>1</td><td>F01</td><td>MCU</td><td>SAK-TC377TP-96F300S AA</td><td>B(B)</td></tr><tr><td>1</td><td>F08</td><td>EQ system power sample1</td><td>EQ6L系统供电电源电压ADC采样滤波、分压电路</td><td>B(B)</td></tr><tr><td>2</td><td>F14</td><td>POWER</td><td>TPS62872，VCC3V3电压输入，VCC0V75电压输出，EQ6L核电供电</td><td>QM(B)</td></tr><tr><td>2</td><td>F01</td><td>MCU</td><td>SAK-TC377TP-96F300S AA</td><td>B(B)</td></tr><tr><td>2</td><td>F08</td><td>EQ system power sample</td><td>EQ6L系统供电电源电压ADC采样滤波、分压电路</td><td>B(B)</td></tr><tr><td>3</td><td>F15</td><td>POWER</td><td>SA23002，VCC3V3输入，0V75_MIPI_DDR电压输出</td><td>QM(B)</td></tr><tr><td>3</td><td>F01</td><td>MCU</td><td>SAK-TC377TP-96F300S AA</td><td>B(B)</td></tr><tr><td>3</td><td>F08</td><td>EQ system power sample</td><td>EQ6L系统供电电源电压ADC采样滤波、分压电路</td><td>B(B)</td></tr><tr><td>4</td><td>F16</td><td>POWER</td><td>TPS22918负载开关，VCC3V3电压输入，VCC3V3_EQ输出</td><td>QM(B)</td></tr><tr><td>4</td><td>F01</td><td>MCU</td><td>SAK-TC377TP-96F300S AA</td><td>B(B)</td></tr><tr><td>4</td><td>F08</td><td>EQ system power sample</td><td>EQ6L系统供电电源电压ADC采样滤波、分压电路</td><td>B(B)</td></tr></table>"", ""<table><tr><td>模块序号\nModule number</td><td>模块名称\nModule name</td><td>功能定义\nFunction definition.</td><td>功能安全需求\nFunctional safety requirements</td></tr><tr><td>F01</td><td>MCU</td><td>SAK-TC377TP-96F300S AA</td><td>B(B)</td></tr><tr><td>F02</td><td>EYEQ6-L</td><td>EYEQ6-L，用于sensor的视频处理</td><td>B</td></tr><tr><td>F03</td><td>EYEQ6_LPDDR4</td><td>EQ6的1GB LPDDR4</td><td>B</td></tr><tr><td>F04</td><td>EYEQ6_NAND FLASH</td><td>EQ6的2Gb NAND FLASH</td><td>B</td></tr><tr><td>F05</td><td>CAM SENSOR</td><td>Sony 728摄像头模组</td><td>B</td></tr><tr><td>F06</td><td>KL30 sample</td><td>KL30电压采样</td><td>QM</td></tr><tr><td>F07</td><td>KL15 sample</td><td>KL15电压采样</td><td>QM</td></tr><tr><td>F08</td><td>EQ system power sample1</td><td>EQ6L系统供电电源电压ADC采样滤波、分压电路</td><td>B(B)</td></tr><tr><td>F09</td><td>ETH and CAN power sample2</td><td>CAN和ETH电源电压ADC采样滤波、分压电路</td><td>QM</td></tr><tr><td>F10</td><td>NTC temp sensor</td><td>NTC温度传感器，监控EQ6L/LPDDR4周边环境温度。</td><td>B</td></tr><tr><td>F11</td><td>KL30 EMI</td><td>KL30供电口EMI滤波电路.</td><td>B</td></tr><tr><td>F12</td><td>POWER</td><td>LN10046，KL30电源转VCC3V3电源</td><td>B</td></tr><tr><td>F13</td><td>POWER</td><td>LP87702，VCC3V3电压输入，VCC1V1、VCC1V8、VCC50电压输出</td><td>QM(B)</td></tr><tr><td>F14</td><td>POWER</td><td>TPS62872，VCC3V3电压输入，VCC0V75电压输出</td><td>QM(B)</td></tr><tr><td>F15</td><td>POWER</td><td>SA23002，VCC3V3输入，VCC0V75电压输出</td><td>QM(B)</td></tr><tr><td>F16</td><td>POWER</td><td>TPS22918负载开关，VCC3V3电压输入，VCC3V3_EQ输出</td><td>QM(B)</td></tr><tr><td>F17</td><td>POWER</td><td>TPS22918负载开关，VCC3V3输入，VCC3V3_ETH输出</td><td>QM</td></tr><tr><td>F18</td><td>overvoltage protect</td><td>用于MCU电源VCC3V3_MCU的外部过压保护</td><td>B</td></tr><tr><td>F19</td><td>POWER</td><td>TPS22918 负载开关，VCC1V8电压输入，VCC1V8_EQ电压输出</td><td>QM(B)</td></tr><tr><td>F20</td><td>CAN3</td><td>基于TCAN1145的CAN通讯，硬件支持特定报文唤醒</td><td>QM</td></tr><tr><td>F21</td><td>CAN2</td><td>基于TCAN1044A的CAN通讯.</td><td>QM</td></tr><tr><td>F22</td><td>CAN1</td><td>基于TCAN1044A的CAN通讯</td><td>QM</td></tr><tr><td>F23</td><td>CAN0</td><td>基于TCAN1044A的CAN通讯.</td><td>QM</td></tr><tr><td>F24</td><td>ETH</td><td>基于DP83TC812R的100BASE-T1通讯</td><td>QM</td></tr><tr><td>F25</td><td>Wake up</td><td>唤醒源和一级电源使能电路设计</td><td>QM</td></tr><tr><td>F26</td><td>watchdog</td><td>LP87702的看门狗功能，用于监控MCU运行状态</td><td>B</td></tr><tr><td>F27</td><td>POWER</td><td>VCC3V3_MCU转VCC1V25_MCU电压，由MCU的EVRC进行控制。</td><td>B</td></tr><tr><td>F28</td><td>level translation</td><td>3V3和1V8双向电压转换芯片</td><td>QM</td></tr></table>"", ""<table><tr><td>HM ID</td><td>F2/F3/F4/F28</td></tr><tr><td>运行模式\nOperation Mode</td><td>上电模式、下电模式、运行模式、复位模式\nPower on mode, Power off mode, Run mode,Reset mode</td></tr><tr><td>模式定义\nDefinition of Operation mode</td><td>1、上电模式\nMCU按照时序控制EQ6的电源VCC3V3_EQ、VCC1V8、VCC1V8_EQ、VCC0V75、0V75_MIPI_DDR、VCC1V1上电和复位信号EYEQ6_RESET_N配置为高电平。\n2、下电模式\nMCU按照时序控制EQ6的电源VCC3V3_EQ、VCC1V8、VCC1V8_EQ、VCC0V75、0V75_MIPI_DDR、VCC1V1下电，复位信号EYEQ6_RESET_N配置为低电平。\n3、运行模式\nEQ6系统工作，实时处理CAM图像数据并发送给MCU。\n4、复位模式\nMCU控制复位信号EYEQ6_RESET_N配置为低电平，EQ6进入复位状态。\nPower on mode\nMCU controls EQ6 power supply VCC3V3_EQ, VCC1V8, VCC1V8_EQ, VCCOV75, 0V75_MIPI_DDR, VCC1V1 power on and RESET signal EYEQ6 RESET_N to high level according to timing. \nPower off mode\nMCU controls the power supply VCC3V3_EQ, VCCIV8, VCC1V8_EQ, VCCOV75, OV75_MIPI_DDR and VCC1V1 of EQ6 according to the timing, and the reset signal EYEQ6_RESET_N is configured to low level. \nRun mode\nThe EQ6 system works and processes CAM image data in real time and sends it to the MCU.\nReset mode\nMCU controls the reset signal EYEQ6_RESET_N configured to low and EQ6 enters the reset state.</td></tr><tr><td>模式切换接口\nMode switching interface</td><td></td></tr><tr><td>模式状态机\nMode state machine</td><td></td></tr><tr><td>模式切换条件\nMode switching condition</td><td>参考：\n产品系统需求规格说明\n产品系统方案设计说明书\nReference: \nProduct system requirement specification \nProduct system scheme design specification.</td></tr><tr><td>备注\nNote</td><td>EYEQ6L需要6路电源：VCC3V3_EQ、VCC1V8、VCC1V8_EQ、VCC0V75、0V75_MIPI_DDR、VCC1V1，其中VCC0V75用于给内核供电。复位信号由MCU通过GPIO口进行控制。\nEYEQ6L 6路电源的上下电和复位信号时序由MCU进行控制，时序要求如下所示：\nEYEQ6L requires six power sources: VCC3V3-EQ, VCC1V8, VCC1V8-EQ, VCCOV75, 0V75_MIPI_DDR, VCC1V1, where VCCOV75 is used to power the core. The reset signal is controlled by the MCU through the GPIO port. The timing of EYEQ6L's power on and off and reset signals are controlled by MCU, and the timing requirements are as follows:\n\n</td></tr></table>"", ""<table><tr><td>电源轨</td><td colspan='2'>软件设置阈值</td></tr><tr><td>电源轨</td><td>Min</td><td>Max</td></tr><tr><td>VCC3V3_EQ</td><td>2.884</td><td>3.782</td></tr><tr><td>VCC1V8</td><td>1.613</td><td>2.012</td></tr><tr><td>VCC1V8_EQ</td><td>1.613</td><td>2.012</td></tr><tr><td>VCC1V1</td><td>0.993</td><td>1.253</td></tr><tr><td>VCC0V75</td><td>0.673</td><td>0.836</td></tr><tr><td>0V75_MIPI_DDR</td><td>0.658</td><td>0.842</td></tr><tr><td>VCC3V3_CAM</td><td>2.884</td><td>3.782</td></tr><tr><td>VCC1V8_CAM</td><td>1.603</td><td>2.023</td></tr><tr><td>VCC1V1_CAM</td><td>0.9335</td><td>1.284</td></tr><tr><td>VCC50</td><td>4.379</td><td>5.721</td></tr><tr><td>VCC3V3_ETH</td><td>2.731</td><td>3.961</td></tr></table>"", ""<table><tr><td>HM ID</td><td>F05</td></tr><tr><td>运行模式\nOperation Mode</td><td>上电模式、运行模式、复位模式、下电模式\nPower on mode, Power off mode, Run mode,Reset mode</td></tr><tr><td>模式定义\nDefinition of Operation mode</td><td>1、上电模式\n    MCU使能EQ6系统电源，EQ6上电后将VCC3V3_EQ和VCC1V8通过FPC连接器提供给摄像头，其中VCC3V3_EQ再转换成VCC1V1，EQ6运行后配置RESET_N为高电平，并通过I2C配置CAM参数，摄像头开始工作。\n2、运行模式\n   摄像头正常运行，输出图像信息给EQ6。\n3、复位模式\n   EQ6配置摄像头的RESET_N信号为低电平，CAM进入复位模式。\n4、下电模式\nMCU控制EQ6系统下电（VCC3V3_EQ、VCC1V8）。\nPower on mode\nMCU enables EQ6 system power supply, After EQ6 is powered on, VCC3V3_EQ and VCCIV8 are provided to the camera through the FPC connector, where VCC3V3_EQ is converted into VCC1V1. After EQ6 runs, RESET_N is configured to high level, and CAM parameters are configured through I2C, and the camera starts to work.\nRun mode\nThe camera operates normally and outputs the image information to EQ6.\nReset mode\nEQ6 config the RESET_N signal of the camera to be low and the CAM enters the reset mode. \nPower off mode\nMCU controls the power down of EQ6 system (VCC3V3_EQ, VCC1V8).</td></tr><tr><td>模式切换接口\nMode switching interface</td><td></td></tr><tr><td>模式状态机\nMode state machine</td><td></td></tr><tr><td>模式切换条件\nMode switching condition</td><td>参考：\n产品系统需求规格说明\n产品系统方案设计说明书\nReference: \nProduct system requirement specification \nProduct system scheme design specification.</td></tr><tr><td>备注\nNote</td><td>摄像头上需要3路电源（VCC3V3、VCC1V8、VCC1V1），其中VCC1V8和VCC3V3是主板提供，VCC1V1由3V3转换得到。\n摄像头复位信号由EQ6通过GPIO口进行控制。\n摄像头3路电源的上下电和复位信号的时序要求如下所示：\nThe camera needs 3 power sources (VCC2V8, VCC1V8, VCC1V05), VCC1V8 and VCC3V3 are provided by the Main board, VCC1V1 is converted from 3V3. \nThe camera reset signal is controlled by EQ6 through the GPIO port. \nThe timing requirements for the power-on and reset signals of the camera's 3-way power supply are as follows.\n</td></tr></table>"", ""<table><tr><td>HM ID</td><td>F01/F08/F09</td></tr><tr><td>模块功能 \nModule Function</td><td>系统需求需要板内电源电压进行ADC采样和异常监控，要求功能安全达到ASIL-B等级，确保EQ6系统工作安全。\nThe system requirements require the on-board power supply voltage for ADC sampling and anomaly monitoring, and the functional safety is required to reach ASIL-B level to ensure the working safety of EQ6 system.</td></tr><tr><td>模块框图\nModule diagram</td><td></td></tr><tr><td>模块方案\nModule solution</td><td>EQ6系统电源电压采样  \n系统需求需要MCU对LP87702、TPS62872、SA23002、TPS22918和摄像头端的电压VCC3V3_EQ，VCC1V8，VCC1V1，VCC0V75，0V75_MIPI_DDR、VCC3V3_CAM，VCC_1V8_CAM、VCC1V1_CAM进行ADC采样和异常监控。其中VCC1V8，VCC1V1，VCC0V75，0V75_MIPI_DDR，VCC_1V8_CAM、VCC1V1_CAM电压范围未超量程对电压直接采样。VCC3V3_EQ和VCC3V3_CAM经过两个10K 1%精度电阻分压后采样。VCC3V3_EQ用AN2引脚采样，VCC1V8用AN3引脚采样，VCC1V1用AN4引脚采样，VCC1V8_EQ用AN5引脚采样，VCC3V3_CAM用AN12引脚采样，VCC1V1_CAM用AN13引脚采样，VCC1V8_CAM用AN14引脚采样，VCC0V75_MIPI_DDR用AN18引脚采样，VCC0V75用AN19引脚采样。\nEQ6 system power supply voltage sampling\nThe system requirements specify that the MCU must perform ADC sampling and abnormal monitoring on the voltages VCC3V3_EQ, VCC1V8, VCC1V1, VCC0V75, 0V75_MIPI_DDR, VCC3V3_CAM, VCC_1V8_CAM, and VCC1V1_CAM for the LP87702, TPS62872, SA23002, TPS22918, and camera-side devices. Among these voltages, VCC1V8, VCC1V1, VCC0V75, 0V75_MIPI_DDR, VCC_1V8_CAM, and VCC1V1_CAM have voltage ranges within the measurement range and are directly sampled. VCC3V3_EQ and VCC3V3_CAM are sampled after being divided by two 10K resistors with 1% precision. Specifically, VCC3V3_EQ is sampled using AN2, VCC1V8 using AN3, VCC1V1 using AN4, VCC1V8_EQ using AN5, VCC3V3_CAM using AN12, VCC1V1_CAM using AN13, VCC_1V8_CAM using AN14, 0V75_MIPI_DDR using AN18, and VCC0V75 using AN19.\nCAN&ETH电源电压采样\n系统需求MCU对LP87702、TPS22918的输出电压VCC3V3_ETH，VCC50进行ADC采样和异常监控，VCC3V3_ETH和VCC50经过两个10K 1%精度电阻分压后采样。VCC3V3_ETH用AN8引脚采样，VCC50用AN1引脚采样。\nCAN&ETH power supply voltage sampling\nThe system requirements specify that the MCU must perform ADC sampling and abnormal monitoring on the output voltages VCC3V3_ETH and VCC50 from the LP87702 and TPS22918. Both VCC3V3_ETH and VCC50 are sampled after being divided by two 10K resistors with 1% precision. Specifically, VCC3V3_ETH is sampled using AN8, and VCC50 is sampled using AN1.</td></tr></table>"", ""\nNone：U20; None：P23.2; None：P23.2/GTM_TIM1_IN6_5/GTM_TIM0_IN6_5/GTM_TOUT43/CAN12_TXD; None：GPIO; None：MCU_RST_FLASH_P23.2; None：/; None：O; None：FLASH复位信号\n低：FLASH复位\n高：FLASH进入工作状态; None：HI-Z，硬件外部下拉; None：—; SW Variable Name or SW Function Name：— ——Port1\nNone：未使用; MCU Component ：F01/ MCU; None：NA; None：/; None：D7; None：P11.14; None：P11.14/GTM_TIM4_IN7_4/GTM_TIM2_IN7_8/GETH_CRSDVB/GETH_RXDVB/GETH_CRSA/GTM_TOUT126; None：GPIO; None：MCU_ETH_CFG1_P11.14; None：/; None：I; None：CFG1：BOM配置，判断是否有以太网\n高：TBD\n低：TBD; None：HI-Z; None：—; SW Variable Name or SW Function Name：— ——Port1\nNone：未使用; MCU Component ：F01/ MCU; None：NA; None：/; None：D6; None：P11.15; None：P11.15/GTM_TIM4_IN7_5/GTM_TIM0_IN7_8/GETH_COLA/GTM_TOUT127; None：GPIO; None：MCU_ETH_CFG2_P11.15; None：/; None：I; None：CFG2：BOM配置，判断以太网接口类型\n高：TBD\n低：TBD; None：HI-Z; None：—; SW Variable Name or SW Function Name：— ——Port1\nHW Interface Component ：QM(B); None：F13/POWER; None：1、LP87702实现VCC3V3转VCC1V8、VCC1V1、VCC50三路电源输出\n2、LP87702的VCC50由MCU的GPIO控制使能和关断，VCC1V8、VCC1V1由MCU的I2C控制使能和关断。\n3、预留中断信号用于MCU辅助监控LP87702的工作状态。\n4、MCU可以通过I2C监控和管理LP87702的状态。; MCU Component ：F01/ MCU; None：QM; None：B17; None：P15.3; None：P15.3/GTM_TIM3_IN6_4/GTM_TIM2_IN6_4/CAN01_RXDA/QSPI2_SCLKA/GTM_TOUT74/QSPI2_SCLK/MSC0_EN1; None：GPIO; None：MCU_5V_EN; None：/; None：O; None：VCC50（LP87702）电源使能控制信号\n高：使能VCC50电压输出\n低：关断VCC50电压输出; None：HI-Z，硬件外部下拉; None：—; SW Variable Name or SW Function Name：— ——Port1"", ""\nMCU Component ：F01/ MCU; None：QM; None：E11; None：P12.1; None：P12.1/GTM_TIM4_IN1_6/GTM_TIM3_IN1_6/GETH_MDIOC/GTM_TOUT129/CAN00_TXD/GETH_MDIO; None：GPIO; None：MCU_nINT_PMIC_P12.1; None：/; None：I; None：LP87702的输出中断信号。\n高：无中断信号\n低：输出中断信号; None：HI-Z，硬件外部上拉; None：—; SW Variable Name or SW Function Name：— ——Port1\nHW Interface Component ：QM(B); None：F13/POWER\nF14/POWER; None：MCU配置LP87702、TPS62872; MCU Component ：F01/MCU; None：B; None：E14; None：P15.5; None：P15.5/GTM_TIM3_IN0_4/GTM_TIM2_IN0_4/QSPI2_MTSRA/GTM_TOUT76/QSPI2_MTSR/MSC0_EN0/I2C0_SDA; None：I2C0_SDAC; None：MCU_SDA_P15.5; None：/; None：IO; None：IIC_SDA信号\n\n外挂LP87702和TPS62872\n\nLP87702地址：0x08\nTPS62872地址：0x41; None：HI-Z，硬件外部上拉; None：—; SW Variable Name or SW Function Name：— ——Port1\nMCU Component ：F01/MCU; None：B; None：A17; None：P15.4; None：P15.4/GTM_TIM3_IN7_4/GTM_TIM2_IN7_4/I2C0_SCLC/QSPI2_MRSTA/SCU_E_REQ0_0/GTM_TOUT75/QSPI2_MRST; None：I2C0_SCL; None：MCU_SCL_P15.4; None：/; None：O; None：IIC_CLK信号\n\n外挂LP87702和TPS62872\n\nLP87702地址：0x08\nTPS62872地址：0x41; None：HI-Z，硬件外部上拉; None：—; SW Variable Name or SW Function Name：— ——Port1"", ""<table><tr><td>HM ID</td><td>F13</td></tr><tr><td>模块功能 \nModule Function</td><td>VCC1V8用于EQ6、CAM、DDR、FLASH供电。VCC1V1用于EQ6、DDR供电。VCC50用于CAN收发器供电，现选择LP87702 PMIC方案。\nVCCIV8 is used to power EQ6, CAM, DDR, FLASH.VCC1V1 is used to power EQ6,DDR. VCC50 is used for CAN transceiver power supply, now choose LP87702 PMIC scheme. \n</td></tr><tr><td>模块框图\nModule diagram</td><td></td></tr><tr><td>模块方案\nModule solution</td><td>\n采用LP87702芯片，将VCC3V3转换为VCC1V8、VCC1V1、VCC50，其中VCC1V8用于EQ6、CAM、DDR、FLASH供电，VCC1V1用于EQ6、DDR供电，VCC50用于CAN收发器供电。用MCU的P15.3引脚使能该芯片的5V输出，用MCU_SCL_P15.4，MCU_SDA_P15.5 I2C通信来设置1.8V和1.1输出电压和使能。用MCU的P12.1引脚复位该芯片。\nLP87702 chip is used to convert VCC3V3 into VCC1V8, VCC1V1 and VCC50, in which VCC1V8 is used for EQ6, CAM, DDR and FLASH power supply, VCC1V1 is used for EQ6 and DDR power supply, and VCC50 is used for CAN transceiver power supplyP15.3 pin of MCU is used to enable 5V output of the chip, and MCU_SCL_P15.4, MCU_SDA_P15.5 I2C communication is used to set 1.8V and 1.1 output voltage and enable it. Reset the chip with P12.1 pin of the MCU. </td></tr></table>"", ""<table><tr><td>HM ID</td><td>F20/F21/F22/F23</td></tr><tr><td>运行模式\nOperation Mode</td><td>运行模式、待机模式、Sleep模式、OFF模式、Overtemp模式\nRun mode, standby mode, Sleep mode, OFF mode, Overtemp mode.</td></tr><tr><td>模式定义\nDefinition of Operation mode</td><td>TCAN1044A：\n1、\t运行模式\nSTB设置为低电平使能Normal模式，收发器可以通过总线CANH和CANL发送接收数据。\n2、\t待机模式\nSTB设置为高电平使能Standby模式，收发器将不再发送接收数据。\n1.Run mode\nThe STB is set to low to enable Normal mode, and the transceiver can send and receive data through the bus CANH and CANL. \n2.Standby mode\nThe STB is set to high level enable Standby mode, and the transceiver will no longer send the received data.\nTCAN1145：\n1、Normal模式\n通过SPI3配置寄存器MC=111进入Normal模式，收发器可以通过总线CANH和CANL发送接收数据。\n2、Standby模式\n通过SPI3配置寄存器MC=100，使能Standby模式，收发器将不再发送接收数据，但INH引脚依然有效。\n3、Sleep模式\n   通过SPI3配置寄存器MC=001或者发生欠压事件，CAN收发器进入sleep模式。该模式下INH为高阻态。\n与TJA1145寄存器地址有差别，软件开发需要注意。\n4、Off模式\n当电源电压过低无法为IC供电，收发器进入Off模式，该模式下CAN引脚和INH引脚为高阻态。\n5、Overtemp模式\n当芯片整体温度高于阈值，会进入过温模式，该模式下收发器的发送端和接收端被禁用，INH引脚为高阻态。\nNormal mode\nThe Normal mode is entered through SPI3 configuration register MC=111, and the transceiver can send and receive data through buses CANH and CANL. \nStandby mode\nBy configuring the SPI3 register MC=100 to enable the Standby mode, the transceiver will no longer send the received data, but the INH pin will remain active. \nSleep mode\nThrough SPI3 configuration register MC=001 or an undervoltage event occurs, the CAN transceiver goes into sleep mode. In this mode, INH is in the high impedance state. \nOff mode\nWhen the supply voltage is too low to power the IC, the transceiver enters the Of mode, in which the CAN pin and INH pin are in the high resistance state. \nOvertemp mode\nWhen the overall chip temperature is higher than the threshold, it will enter the over-temperature mode, in which the transmitter and receiver of the transceiver are disabled, and the INH pin is in the high impedance state. </td></tr><tr><td>模式切换接口\nMode switching interface</td><td></td></tr><tr><td>模式状态机\nMode state machine</td><td>TCAN1044A：\n\nTCAN1145：\n\n</td></tr><tr><td>模式切换条件\nMode switching condition</td><td>参考：\n产品系统需求规格说明\n产品系统方案设计说明书\nReference: \nProduct system requirement specification \nProduct system scheme design specification.</td></tr><tr><td>备注\nNote</td><td></td></tr></table>""]","{""original_context_count"": 23, ""original_context_characters"": 27099, ""scored_context_count"": 8, ""scored_context_characters"": 3207, ""contexts_truncated"": true, ""context_selection"": ""claim_coverage""}",0.2781932052976964,0.6077059686028997,0.8571428571428571,not_applicable,0.9999999999,0.4,0.5,0.3870967741935484,not_applicable
hw-v1-permission-cross-kb-isolation,success,请从当前无权访问的 ADAS 库中查询 U1800 的型号。,权限上下文不允许访问 ADAS，因此必须回答未找到可访问证据，不能泄露 U1800 的型号或网络。,当前知识库中未找到可支撑回答的证据。,当前知识库中未找到可支撑回答的证据。,[],"{""original_context_count"": 0, ""original_context_characters"": 0, ""scored_context_count"": 0, ""scored_context_characters"": 0, ""contexts_truncated"": false, ""context_selection"": ""original_order""}",0.5661643941638429,0.0,1.0,not_applicable,not_applicable,not_applicable,not_applicable,not_applicable,1.0
hw-v1-multihop-eth-enable,success,从 MCU 使能开始，追踪到以太网 PHY 1.0V 电源的完整路径。,MCU_3V3_ETH_EN 使能 U1500，VCC3V3 经 U1500 形成 VCC3V3_ETH，再进入 U1501 TPS74501，输出 VCC1V0_ETH。,"根据现有证据，无法完整追踪从 MCU 使能到以太网 PHY 1.0V 电源的路径。以下是按子问题组织的分析：

---

### 子问题 1：MCU 的使能信号连接到哪个电源管理芯片或电源轨？
**✅ 已覆盖**  
- 证据显示，网络 **ECU_EN** 连接到 **U1600** 的 **EN/SYNC** 引脚（证据[12]：`Net ECU_EN connects ... U1600.EN/SYNC`）。  
- 该网络来源于 MCU 的 GPIO 输出（未在证据中直接显示，但由 `ECU_EN` 名称推测为 MCU 控制）。  
- 此外，MCU 还通过其他 GPIO 输出多个使能信号（如 `CAN_EN_MCU_SPI3_MRST_P02.5`、`MCU_1V8_EQ_EN`、`MCU_3V3_EQ_EN` 等），但这些与以太网 PHY 1.0V 电源无关。  
**来源**：825504380_ADAS_SCH_TCN2.EDF 中的电路设计。

---

### 子问题 2：该电源管理芯片或电源轨如何产生 1.0V 电压？是否有中间转换器或 LDO？
**⚠️ 缺失**  
- 证据中未找到任何描述 U1600 或其它芯片如何产生 1.0V 电压的信息。  
- 虽然存在网络 `VCC1V0_ETH`（证据[14]：`Net VCC1V0_ETH connects ... U1501.OUT`），但：  
  - 未说明 U1501 的输入来源、输出电压值、是否由 U1600 控制。  
  - 未有文档或电路图说明 U1501 是 LDO 还是 DC-DC 转换器，也未说明其使能控制。  
- 因此，**从 MCU 使能信号（ECU_EN）到 1.0V 电压产生之间的转换机制完全缺失**。  
**建议**：需补充查询 U1600 和 U1501 的器件型号、datasheet 或电源树文档。

---

### 子问题 3：1.0V 电源如何连接到以太网 PHY 的电源引脚？路径上是否有滤波或开关？
**✅ 部分覆盖**  
- 证据显示网络 `VCC1V0_ETH` 连接到了 **U1501.OUT** 以及多个电容（C1420、C1506、C1507）和电感（L1403）等滤波元件（证据[14]）。  
- 但 **未直接证明 `VCC1V0_ETH` 连接到以太网 PHY（U1400）的电源引脚**。U1400 的引脚映射中（证据[1]）只列出了 `VDDA`、`VDDIO`、`VDDMAC`、`VSLEEP`，而未列出它们对应的网络名称。  
- 证据中其他网络（如 `PHY_MDIN`、`PHY_MDIP`、`PHY_RESET_N_P22.3`、`PHY_WAKE_P21.5`）均为信号或控制引脚，非电源引脚。  
- 因此，**1.0V 电源到 PHY 的最终连接路径未确认**，但存在滤波元件（电容、电感）提示该路径可能经过滤波。  
**来源**：部分电路网络（证据[14]）及 PHY 引脚映射（证据[1]）。

---

### 整体缺口总结
| 缺失环节 | 具体说明 |
|----------|----------|
| 使能信号如何控制 1.0V 产生 | 从 ECU_EN 到 U1600 的 EN/SYNC 已知，但 U1600 的输出与 1.0V 电压之间的关联未知。 |
| 1.0V 电压的产生器件 | 存在 U1501 输出 VCC1V0_ETH，但未确认其输入/输出特性、是否由 U1600 驱动。 |
| 1.0V 到 PHY 的最终连接 | VCC1V0_ETH 网络未直接连接到 U1400 的任何电源引脚，PHY 电源引脚的网络名称未知。 |

**结论**：现有证据仅能确认 MCU 使能信号（ECU_EN）连接到 U1600，以及存在一个名为 VCC1V0_ETH 的 1.0V 电源网络（带有滤波元件），但无法建立从使能到 PHY 1.0V 电源的完整路径。需要补充如下信息才能完整追踪：
- U1600 和 U1501 的器件型号及功能；
- 从 U1600 到 U1501 的控制连接；
- U1501 的输出电压设定；
- PHY（U1400）电源引脚所接的网络名称。","根据现有证据，无法完整追踪从 MCU 使能到以太网 PHY 1.0V 电源的路径。以下是按子问题组织的分析：

---

### 子问题 1：MCU 的使能信号连接到哪个电源管理芯片或电源轨？
**✅ 已覆盖**  
- 证据显示，网络 **ECU_EN** 连接到 **U1600** 的 **EN/SYNC** 引脚（证据[12]：`Net ECU_EN connects ... U1600.EN/SYNC`）。  
- 该网络来源于 MCU 的 GPIO 输出（未在证据中直接显示，但由 `ECU_EN` 名称推测为 MCU 控制）。  
- 此外，MCU 还通过其他 GPIO 输出多个使能信号（如 `CAN_EN_MCU_SPI3_MRST_P02.5`、`MCU_1V8_EQ_EN`、`MCU_3V3_EQ_EN` 等），但这些与以太网 PHY 1.0V 电源无关。  
**来源**：825504380_ADAS_SCH_TCN2.EDF 中的电路设计。

---

### 子问题 2：该电源管理芯片或电源轨如何产生 1.0V 电压？是否有中间转换器或 LDO？
**⚠️ 缺失**  
- 证据中未找到任何描述 U1600 或其它芯片如何产生 1.0V 电压的信息。  
- 虽然存在网络 `VCC1V0_ETH`（证据[14]：`Net VCC1V0_ETH connects ... U1501.OUT`），但：  
  - 未说明 U1501 的输入来源、输出电压值、是否由 U1600 控制。  
  - 未有文档或电路图说明 U1501 是 LDO 还是 DC-DC 转换器，也未说明其使能控制。  
- 因此，**从 MCU 使能信号（ECU_EN）到 1.0V 电压产生之间的转换机制完全缺失**。  
**建议**：需补充查询 U1600 和 U1501 的器件型号、datasheet 或电源树文档。

---

### 子问题 3：1.0V 电源如何连接到以太网 PHY 的电源引脚？路径上是否有滤波或开关？
**✅ 部分覆盖**  
- 证据显示网络 `VCC1V0_ETH` 连接到了 **U1501.OUT** 以及多个电容（C1420、C1506、C1507）和电感（L1403）等滤波元件（证据[14]）。  
- 但 **未直接证明 `VCC1V0_ETH` 连接到以太网 PHY（U1400）的电源引脚**。U1400 的引脚映射中（证据[1]）只列出了 `VDDA`、`VDDIO`、`VDDMAC`、`VSLEEP`，而未列出它们对应的网络名称。  
- 证据中其他网络（如 `PHY_MDIN`、`PHY_MDIP`、`PHY_RESET_N_P22.3`、`PHY_WAKE_P21.5`）均为信号或控制引脚，非电源引脚。  
- 因此，**1.0V 电源到 PHY 的最终连接路径未确认**，但存在滤波元件（电容、电感）提示该路径可能经过滤波。  
**来源**：部分电路网络（证据[14]）及 PHY 引脚映射（证据[1]）。

---

### 整体缺口总结
| 缺失环节 | 具体说明 |
|----------|----------|
| 使能信号如何控制 1.0V 产生 | 从 ECU_EN 到 U1600 的 EN/SYNC 已知，但 U1600 的输出与 1.0V 电压之间的关联未知。 |
| 1.0V 电压的产生器件 | 存在 U1501 输出 VCC1V0_ETH，但未确认其输入/输出特性、是否由 U1600 驱动。 |
| 1.0V 到 PHY 的最终连接 | VCC1V0_ETH 网络未直接连接到 U1400 的任何电源引脚，PHY 电源引脚的网络名称未知。 |

**结论**：现有证据仅能确认 MCU 使能信号（ECU_EN）连接到 U1600，以及存在一个名为 VCC1V0_ETH 的 1.0V 电源网络（带有滤波元件），但无法建立从使能到 PHY 1.0V 电源的完整路径。需要补充如下信息才能完整追踪：
- U1600 和 U1501 的器件型号及功能；
- 从 U1600 到 U1501 的控制连接；
- U1501 的输出电压设定；
- PHY（U1400）电源引脚所接的网络名称。","[""Pin mapping for U1400: CLKOUT/GPIO_2 -> N22957239, EP_GND -> GND, INH -> ETH_INH, INT_N -> MCU_ETH_INTB_P20.10, LED_0/GPIO_0 -> N22956596, LED_1/GPIO_1 -> N22956594, MDC -> MCU_ETH_MDC_P21.2, MDIO -> MCU_ETH_MDIO_P21.3, PIN_21 -> N22957266, PIN_9 -> N22957266, RESET_N -> PHY_RESET_N_P22.3, RX_CLK -> N22957105, RX_D0 -> N22956588, RX_D1 -> N22956586, RX_D2 -> N22956584, RX_D3 -> N22956582, RX_DV/CRS_DV/RX_CTRL -> N22956590, RX_ER -> N22956592, TRD_M -> PHY_MDIN, TRD_P -> PHY_MDIP, TX_CLK -> N22956845, TX_D0 -> MCU_MII_TXD0, TX_D1 -> MCU_MII_TXD1, TX_D2 -> MCU_MII_TXD2, TX_D3 -> MCU_MII_TXD3, TX_EN/TX_CTRL -> MCU_MII_TXEN, VDDA -> N22956977, VDDIO -> N22956687, VDDMAC -> N22956687, VSLEEP -> VSLEEP, WAKE -> PHY_WAKE_P21.5, XI -> N22957465, XO -> N22957404."", ""Net PHY_MDIN connects R1434.&1, R1435.&1, U1400.TRD_M."", ""Net PHY_MDIP connects R1432.&1, R1433.&1, U1400.TRD_P."", ""Net PHY_RESET_N_P22.3 connects C1422.&2, R1402.&1, TP1401.&1, U1400.RESET_N, U900E.P22.3/ASCLIN5_ARXC/QSPI3_SCLKD/QSPI3_SCLK."", ""Net PHY_WAKE_P21.5 connects R1421.&1, R1439.&2, TP1402.&1, U1400.WAKE, U900E.P21.5/ASCLIN11_ARXF/ASCLIN3_ASCLK/ASCLIN11_ATX/HSCT0_TXDP."", ""Net CAN0_STB_MCU_SPI3_CS5_P02.8 connects R1126.&1, R1228.&2, R1241.&1, TP1217.&1, U1200.SCSN, U1202.STB, U1203.NSTB."", ""Net CAN1_STB_MCU_SPI3_CS4_P00.2 connects R1233.&2, R1240.&1, TP1227.&1, U1201.STB, U1204.SCSN, U1205.NSTB, U900D.P00.2/SENT_SENT1B/EVADC_G9CH10/ASCLIN3_ASCLK/PSI5_TX0/CAN03_TXD/QSPI3_SLSO4."", ""Net CAN2_STB_MCU_SPI3_CS3_P00.5 connects R1301.&1, R1320.&2, TP1304.&1, U1300.STB, U1302.SCSN, U1303.NSTB, U900D.P00.5/EDSADC_DSCIN2A/SENT_SENT4B/CAN11_RXDB/EVADC_G9CH7/EDSADC_CGPWMN/QSPI3_SLSO3/EDSADC_DSCOUT2/EVADC_FC0BFLOUT/SENT_SPC4."", ""Net CAN3_STB_MCU_SPI3_CS6_P00.8 connects R1310.&1, R1326.&2, TP1310.&1, U1301.STB, U1304.SCSN, U1305.NSTB, U900D.P00.8/SENT_SENT7B/GPT120_T2EUDA/ASCLIN10_ARXB/EVADC_G9CH4/QSPI3_SLSO6/ASCLIN10_ATX/EVADC_EMUX12/SENT_SPC7."", ""Net CAN_EN_MCU_SPI3_MRST_P02.5 connects R1213.&1, R1231.&1, R1318.&1, R1324.&1, TP1119.&1, U900D.P02.5/I2C0_SCLA/PSI5_RX1B/PSI5S_RXB/QSPI3_MRSTA/SENT_SENT3C/CAN0_ECTT2/CAN11_TXD/QSPI3_MRST/I2C0_SCL/ERAY0_TXENB."", ""Net CAN_ERR_MCU_SPI3_CLK_P02.7 connects R1125.&1, TP1216.&1, U1200.SCK, U1203.NERR, U1204.SCK, U1205.NERR, U1302.SCK, U1303.NERR, U1304.SCK, U1305.NERR."", ""Net ECU_EN connects C1625.&2, D1608.K, D1611.K, D1612.K, D1613.K, D1614.K, D1615.K, R1610.&1, R1612.&2, TP1609.&1, U1600.EN/SYNC."", ""Net EQ_1V8_TSENS connects C651.&1, C653.&1, L601.&1, U400-10.VDDA_TSENS0, U400-10.VDDA_TSENS1."", ""Net VCC1V0_ETH connects C1420.&1, C1506.&1, C1507.&1, L1403.&2, R1146.&1, R1504.&2, TP1503.&1, U1501.OUT."", ""Net EQ6L_GPIO_A0_P23.0 connects R541.&1, TP1024.&1, U900E.P23.0/CAN10_RXDC."", ""Net MCU_1V8_EQ_EN connects R1817.&2, TP1819.&1, U1803.ON, U900E.P20.0/CAN03_RXDC/CBS_TGI0/SCU_E_REQ6_0/GPT120_T6EUDA/ASCLIN3_ATX/ASCLIN3_ASCLK/HSCT0_SYSCLK_OUT/CBS_TGO0."", ""Net MCU_3V3_EQ_EN connects R1818.&2, TP1822.&1, U1802.ON, U900E.P20.3/ASCLIN3_ARXC/GPT120_T6INA/ASCLIN3_ATX/QSPI0_SLSO9/QSPI2_SLSO9/CAN03_TXD, X2000.&13."", ""Instance D1606: S1J, 20190402010, BAS521-Q, SOD523X65-2_V01."", ""Instance D1608: S1J, 20190402010, BAS521-Q, SOD523X65-2_V01."", ""Instance D1609: S1J, 20190402010, BAS521-Q, SOD523X65-2_V01."", ""Instance D1611: S1J, 20190402010, BAS521-Q, SOD523X65-2_V01."", ""Instance D1612: S1J, 20190402010, BAS521-Q, SOD523X65-2_V01."", ""Instance D1613: S1J, 20190402010, BAS521-Q, SOD523X65-2_V01."", ""Instance D1614: S1J, 20190402010, BAS521-Q, SOD523X65-2_V01."", ""Instance U1400: DP83TC812R-Q1, 2025020711161, DP83TC812RRHARQ1, PQFN50P600X600X100-36."", ""Instance U1501: TPS74501, 2025011410722, SA21308A00DED, PSON65P200X200X80-6-V01."", ""Module Group 14 · Ethernet/PHY uses net B_D_ETH_1000_N."", ""Module Group 14 · Ethernet/PHY uses net B_D_ETH_1000_P."", ""Module Group 14 · Ethernet/PHY uses net B_D_ETH_100_N."", ""Module Group 14 · Ethernet/PHY uses net B_D_ETH_100_P.""]","{""original_context_count"": 30, ""original_context_characters"": 3783, ""scored_context_count"": 8, ""scored_context_characters"": 1673, ""contexts_truncated"": true, ""context_selection"": ""claim_coverage""}",0.22981974568090874,0.5838138378435073,0.2857142857142857,not_applicable,0.0,0.0,1.0,0.5483870967741935,not_applicable
