sample_id,snapshot_status,question,reference_answer,response,scored_response,retrieved_contexts,ragas_scoring,answer_correctness,answer_relevancy,completeness,conflict_disclosure,context_precision,context_recall,evidence_consistency,faithfulness,missing_information_honesty
hw-v1-circuit-u1700-pins,success,U1700 的每个关键引脚分别连接到哪个网络？,U1700 是 LP87702-Q1；VIN_B0_1、VIN_B1_1、VANA、VIN_B0_2、VIN_B1_2 接 VCC3V3，FB_B0 接 VCC1V1，FB_B1 接 VCC1V8，VOUT_BST 接 VCC50，EN1 接 MCU_5V_EN。,"U1700的每个引脚连接的网络如下（基于原理图文件825504380_ADAS_SCH_TCN2.EDF中的引脚映射）：

- nINT → MCU_nINT_PMIC_P12.1
- EN1 → MCU_5V_EN
- VIN_B0_1 → VCC3V3
- VIN_B1_1 → VCC3V3
- VANA → VCC3V3
- SW_BST → N19935658
- NRST → N19935946
- SDA(EN3) → MCU_SDA_P15.5
- SCL(EN2) → MCU_SCL_P15.4
- FB_B1 → VCC1V8
- CLKIN(GPO2) → MCU_WD_INH
- WDI → MCU_WDI_P13.3
- VOUT_BST → VCC50
- PG1(GPO1) → N19936014
- WD_RESET → TC367_RESET_N
- SW_B1_1 → N19935668
- FB_B0 → VCC1V1
- SW_B0_1 → N19935443
- SW_B0_2 → N19935443
- VIN_B0_2 → VCC3V3
- VIN_B1_2 → VCC3V3
- SW_B1_2 → N19935668
- PAD → GND
- AGND → GND
- PGND_BST → GND
- PGND_B1_2 → GND
- PGND_B1_1 → GND
- PGND_B0_2 → GND
- PGND_B0_1 → GND

**证据来源**：原理图文件825504380_ADAS_SCH_TCN2.EDF中U1700的引脚映射记录（circuit:21:pin_mapping:U1700）。该记录完整列出了每个引脚与其连接的网络名称，无缺失项。","U1700的每个引脚连接的网络如下（基于原理图文件825504380_ADAS_SCH_TCN2.EDF中的引脚映射）：

- nINT → MCU_nINT_PMIC_P12.1
- EN1 → MCU_5V_EN
- VIN_B0_1 → VCC3V3
- VIN_B1_1 → VCC3V3
- VANA → VCC3V3
- SW_BST → N19935658
- NRST → N19935946
- SDA(EN3) → MCU_SDA_P15.5
- SCL(EN2) → MCU_SCL_P15.4
- FB_B1 → VCC1V8
- CLKIN(GPO2) → MCU_WD_INH
- WDI → MCU_WDI_P13.3
- VOUT_BST → VCC50
- PG1(GPO1) → N19936014
- WD_RESET → TC367_RESET_N
- SW_B1_1 → N19935668
- FB_B0 → VCC1V1
- SW_B0_1 → N19935443
- SW_B0_2 → N19935443
- VIN_B0_2 → VCC3V3
- VIN_B1_2 → VCC3V3
- SW_B1_2 → N19935668
- PAD → GND
- AGND → GND
- PGND_BST → GND
- PGND_B1_2 → GND
- PGND_B1_1 → GND
- PGND_B0_2 → GND
- PGND_B0_1 → GND

**证据来源**：原理图文件825504380_ADAS_SCH_TCN2.EDF中U1700的引脚映射记录（circuit:21:pin_mapping:U1700）。该记录完整列出了每个引脚与其连接的网络名称，无缺失项。","[""Pin mapping for U1700: nINT -> MCU_nINT_PMIC_P12.1, EN1 -> MCU_5V_EN, VIN_B0_1 -> VCC3V3, VIN_B1_1 -> VCC3V3, VANA -> VCC3V3, SW_BST -> N19935658, NRST -> N19935946, SDA(EN3) -> MCU_SDA_P15.5, SCL(EN2) -> MCU_SCL_P15.4, FB_B1 -> VCC1V8, CLKIN(GPO2) -> MCU_WD_INH, WDI -> MCU_WDI_P13.3, VOUT_BST -> VCC50, PG1(GPO1) -> N19936014, WD_RESET -> TC367_RESET_N, SW_B1_1 -> N19935668, FB_B0 -> VCC1V1, SW_B0_1 -> N19935443, SW_B0_2 -> N19935443, VIN_B0_2 -> VCC3V3, VIN_B1_2 -> VCC3V3, SW_B1_2 -> N19935668, PAD -> GND, AGND -> GND, PGND_BST -> GND, PGND_B1_2 -> GND, PGND_B1_1 -> GND, PGND_B0_2 -> GND, PGND_B0_1 -> GND."", ""Instance U1700: LP87702-Q1, 20200424007, LP87702RRHBRQ1, pqfn50p5x5x90-32.""]","{""original_context_count"": 2, ""original_context_characters"": 688, ""scored_context_count"": 2, ""scored_context_characters"": 688, ""contexts_truncated"": false, ""context_selection"": ""claim_coverage"", ""selected_evidence_ids"": [""circuit:21:pin_mapping:U1700""], ""selected_claim_ids"": [""sq_1:claim_1"", ""sq_2:claim_1""], ""excluded_evidence_ids"": []}",0.5110525726682843,0.4622878879470713,0.8571428571428571,not_applicable,0.9999999999,1.0,1.0,1.0,not_applicable
hw-v1-circuit-vcc3v3-loads,success,网络 VCC3V3 上连接了哪些主要芯片？,VCC3V3 有 52 个连接；主要 IC 至少包括 U1700、U1800、U1500、U1802、U1804 和 U1600。,"直接结论：网络 VCC3V3 上连接的主要芯片有 U1500、U1600、U1700、U1800、U1802、U1804。

支撑证据：证据 [1]（电路网表 Net VCC3V3）显示该网络直接连接以下芯片引脚：U1500.VIN、U1600.VCCIN、U1700.VIN_B0_1、U1700.VIN_B1_1、U1700.VANA、U1700.VIN_B0_2、U1700.VIN_B1_2、U1800.VIN（两个引脚）、U1800.MODE/SYNC、U1802.VIN、U1804.VIN（两个引脚）。上述引脚所属的芯片即为所连接的六颗主要芯片（U1500、U1600、U1700、U1800、U1802、U1804）。其他连接对象（如电容、电阻、电感、测试点、X2000晶振/连接器）不属于主要芯片，故未列出。","直接结论：网络 VCC3V3 上连接的主要芯片有 U1500、U1600、U1700、U1800、U1802、U1804。

支撑证据：证据 [1]（电路网表 Net VCC3V3）显示该网络直接连接以下芯片引脚：U1500.VIN、U1600.VCCIN、U1700.VIN_B0_1、U1700.VIN_B1_1、U1700.VANA、U1700.VIN_B0_2、U1700.VIN_B1_2、U1800.VIN（两个引脚）、U1800.MODE/SYNC、U1802.VIN、U1804.VIN（两个引脚）。上述引脚所属的芯片即为所连接的六颗主要芯片（U1500、U1600、U1700、U1800、U1802、U1804）。其他连接对象（如电容、电阻、电感、测试点、X2000晶振/连接器）不属于主要芯片，故未列出。","[""Net VCC3V3 connects C1500.&1, C1617.&1, C1618.&1, C1621.&1, C1633.&2, C1700.&1, C1701.&1, C1702.&1, C1704.&1, C1709.&1, C1710.&1, C1711.&1, C1716.&1, C1800.&1, C1801.&1, C1802.&1, C1803.&1, C1804.&1, C1805.&1, C1811.&1, C1812.&1, C1821.&1, C1823.&1, C1828.&1, L1601.&2, L1701.&1, Q1700.S, R1622.&2, R1701.&1, R1706.&1, R1709.&1, R1710.&1, R1711.&2, R1712.&2, R1800.&2, TP1605.&1, TP1803.&1, U1500.VIN, U1600.VCCIN, U1700.VIN_B0_1, U1700.VIN_B1_1, U1700.VANA, U1700.VIN_B0_2, U1700.VIN_B1_2, U1800.VIN, U1800.VIN, U1800.MODE/SYNC, U1802.VIN, U1804.VIN, U1804.VIN, X2000.&1, X2000.&3."", ""Net VCC3V3_CAM_ACQ connects C1114.&2, R1143.&2, R1147.&2, TP1146.&1, U900A.AN12/EVADC_G1CH4/EDSADC_EDS0PB."", ""Net VCC3V3_CAM_FB connects R1143.&1, TP1913.&1, X1903.&4."", ""Net VCC3V3_EQ connects C1832.&1, C502.&1, C619.&1, C621.&1, C624.&1, C627.&1, C630.&1, R1108.&1, R1122.&1, R506.&2, R507.&2, R549.&2, R554.&2, R555.&2, R556.&2, R558.&2, R580.&2, R581.&2, TP1816.&1, U1802.QOD, U1802.VOUT, U400-2.VDD_RING_8_0-1, U400-2.VDD_RING_8_0-2, U400-2.VDD_RING_8_0-3, U400-2.VDD_RING_9_0, X1903.&10, Y500.VDD."", ""Net VCC3V3_ETH connects C1404.&1, C1410.&1, C1502.&1, C1503.&1, C1504.&1, L1400.&2, L1401.&2, R1110.&1, R1400.&2, R1401.&2, R1402.&2, R1403.&2, R1404.&2, R1405.&2, R1406.&2, R1407.&2, R1408.&2, R1409.&2, R1410.&2, TP1502.&1, U1500.QOD, U1500.VOUT, U1501.EN, U1501.IN."", ""Net VCC3V3_MCU connects C1109.&1, C1204.&1, C1221.&1, C1303.&1, C1308.&1, C509.&2, C835.&2, C906.&1, C909.&1, C910.&1, C911.&1, C913.&1, C914.&1, C915.&1, C929.&1, DP907.&1, L1703.&2, L901.&1, L902.&1, L903.&2, R1007.&2, R1009.&2, R1115.&2, R1205.&2, R1218.&2, R1229.&2, R1235.&2, R1240.&2, R1241.&2, R1300.&2, R1301.&2, R1309.&2, R1310.&2, R1322.&2, R1328.&2, R1703.&1, R805.&2, R900.&1, R903.&2, R904.&2, R906.&2, R909.&2, R913.&2, R915.&2, R919.&2, R920.&1, R921.&1, U1200.VI/O, U1203.VI/O, U1204.VI/O, U1205.VI/O, U1302.VI/O, U1303.VI/O, U1304.VI/O, U1305.VI/O, U503.VCCB, U900C.VEVRSB, U900C.VEXT, U900C.VEXT, U900C.VEXT, U900C.VEXT, U900C.VEXT, U900C.VFLEX, Y1100.std-by, Y1100.VCC."", ""Net VCC3V3_SW connects C1721.&2, C905.&1, L1703.&1, Q1700.D, R1709.&2, TP1714.&1, U901.S2.""]","{""original_context_count"": 7, ""original_context_characters"": 2122, ""scored_context_count"": 7, ""scored_context_characters"": 2122, ""contexts_truncated"": false, ""context_selection"": ""claim_coverage"", ""selected_evidence_ids"": [""circuit:21:net:VCC3V3_SW""], ""selected_claim_ids"": [""sq_1:claim_1""], ""excluded_evidence_ids"": [""circuit:21:net:VCC3V3"", ""circuit:21:net:VCC3V3_CAM_ACQ"", ""circuit:21:net:VCC3V3_CAM_FB"", ""circuit:21:net:VCC3V3_EQ"", ""circuit:21:net:VCC3V3_ETH"", ""circuit:21:net:VCC3V3_MCU""]}",0.5074635642936625,0.33709220759853264,0.8571428571428571,not_applicable,0.49999999995,1.0,1.0,0.75,not_applicable
hw-v1-document-hardware-modules,success,ADAS 项目的软硬件接口文档中，硬件架构包含哪些模块电路？,HSI 2.3 节列出 KL30 电源管理、唤醒、电源、TC377 最小系统、EQ6 最小系统、摄像头最小系统、看门狗、温度采样、系统内电源电压采样、ETH、CAN/CAN FD 和 3V3 过压保护等电路。,"**直接结论：**  
ADAS 项目软硬件接口文档中，硬件架构的模块电路（Module circuit）共包含以下 12 个电路模块：  

1. KL30 电源管理电路（KL30 supply management circuit）  
2. 唤醒电路（Wake Up circuit）  
3. 电源电路（power circuit）  
4. TC377 最小系统（TC377 minimum system）  
5. EQ6 最小系统（EQ6 minimum system）  
6. 摄像头最小系统（camera minimum system）  
7. 看门狗电路（Watchdog circuit）  
8. 温度采样电路（Temp Sample circuit）  
9. 系统内电源电压采样电源（The power System Voltage Sampling circuit）  
10. ETH 电路（ETH circuit）  
11. CAN/CAN FD 电路（CAN/CAN FD circuit）  
12. 3V3 过压保护电路（3V3 overvoltage protection circuit）  

**支撑证据：**  
- 文档 `600608964_ADAS_HSI_0506_1952_shoulin.wang.docx` 的目录中明确列出上述 12 个模块电路（证据[3] 第 2.3 节）。  
- 同一文档的后续内容直接列出了这些模块的名称（证据[4] 中依次列出“KL30电源管理电路”、“唤醒电路”、“电源电路”……至“3V3过压保护电路”）。  

**缺失信息：**  
无。证据完全覆盖该问题，未发现缺失项。","**直接结论：**  
ADAS 项目软硬件接口文档中，硬件架构的模块电路（Module circuit）共包含以下 12 个电路模块：  

1. KL30 电源管理电路（KL30 supply management circuit）  
2. 唤醒电路（Wake Up circuit）  
3. 电源电路（power circuit）  
4. TC377 最小系统（TC377 minimum system）  
5. EQ6 最小系统（EQ6 minimum system）  
6. 摄像头最小系统（camera minimum system）  
7. 看门狗电路（Watchdog circuit）  
8. 温度采样电路（Temp Sample circuit）  
9. 系统内电源电压采样电源（The power System Voltage Sampling circuit）  
10. ETH 电路（ETH circuit）  
11. CAN/CAN FD 电路（CAN/CAN FD circuit）  
12. 3V3 过压保护电路（3V3 overvoltage protection circuit）  

**支撑证据：**  
- 文档 `600608964_ADAS_HSI_0506_1952_shoulin.wang.docx` 的目录中明确列出上述 12 个模块电路（证据[3] 第 2.3 节）。  
- 同一文档的后续内容直接列出了这些模块的名称（证据[4] 中依次列出“KL30电源管理电路”、“唤醒电路”、“电源电路”……至“3V3过压保护电路”）。  

**缺失信息：**  
无。证据完全覆盖该问题，未发现缺失项。","[""顾客代表Customer Representative其他与项目相关人员等Other relevant person术语及缩写解释 Terms and AbbreviationsTable 1-1Terms and Abbreviations参考文档 Reference DocumentTable 1-2Reference Document硬件架构 Hardware Architecture硬件架构描述了60060894_ADAS项目的硬件基础模块，模块和模块之间的接口。The Hardware Architecture describe the HW basic component of 600608964_ADAS project, as well as the interface of each component.系统概述 System overviewADAS产品要求功能安全达到ASIL-B，硬件整体架构介绍如下：ADAS products require functional safety to meet ASIL-B. The overall hardware architecture is described as follows:整体系统由摄像头板（CAM）和主板（MB）两部分组成。The overall system is composed of two parts: camera board (CAM) and mainboard (MB).前向摄像头采集道路图像后通过数字接口输出视频数据。The forward camera collects road images and outputs video data through the digital interface.数字视频数据通过线缆传输到主板上的视频处理器EYEQ6进行视频处理。The digital video data is transmitted to the video processor EYEQ6 on the mainboard through cables for video processing.EYEQ6处理视频数据，输出路况信息。EYEQ6 processes video data and outputs road condition information.路况信息通过SPI口传送给MCU进行处理，主板通过CAN对外传送路况信息。Road condition information is transmitted to MCU through SPI interface for processing, and the mainboard transmits road condition information externally through CAN.处理结果通过CAN发出，包括对车的主动安全控制信号以及给驾驶员的报警信号。The processing result is sent out through CAN, including the active safety control signal for the car and the alarm signal for the driver.图 1 系统工作方式Fig 1 System operating block硬件框图 Hardware block diagram图 2 系统框图Fig 2 system block功能安全分解相关模块模块电路 Module circuitKL30电源管理电路 KL30 supply management circuit"", ""<table><tr><td>HM ID</td><td>F01/F06/F11</td></tr><tr><td>模块功能\nModule Function</td><td>ADAS正常工作电压范围9~16VDC，系统需求需要对产品供电KL30进行电源管理，硬件电路对UBD电源网络进行ADC采样。\nADAS normal operating voltage range is 9~16VDC. System requirements require power management for the product power supply KL30. The hardware circuit performs ADC sampling on the UBD power supply.</td></tr><tr><td>模块框图\nModule diagram</td><td></td></tr><tr><td>模块方案\nModule solution</td><td>MCU_UB_SW_P00.10信号是由MCU I/O控制的数字信号，用于使能KL30电压采样功能。\n  MCU_UB_SW_P00.10 signal is a digital signal controlled by MCU I/O, used to enable KL30 voltage sampling function.\nUBSW_ACQ_AN6信号是UBD经过100K 1%、10K 1%电阻分压后的模拟信号。\n  UBSW_ACQ_AN6 signal is an analog signal of UBD divided by 100K 1%、10K 1% resistors. Which is connected to the ADC pin of MCU for sampling. \nMCU的ADC采集到UBD后进行电源管理，当软件诊断到UBD电压范围异常时，MCU会关断EQ和其他负载工作电源，确保ADAS功能安全。\n  The ADC of MCU collects UBD for power management. When the software detects that UBD voltage range is abnormal, the MCU will turn off EQ and other load power supplies to ensure the functional safety of ADAS.</td></tr></table>"", ""注：使用本模板时请先阅读填写说明页，形成工作产品时本页不可删除变更历史Change History目  录Table of Contents1\t概述 Introduction\t81.1 目的 Purpose\t81.2 适用范围 Range of Application\t81.3 读者对象 TReader\t81.4 术语及缩写解释 Terms and Abbreviations\t81.5 参考文档 Reference Document\t82\t硬件架构 Hardware Architecture\t92.1 系统概述 System overview\t92.2 硬件框图 Hardware block diagram\t102.3 模块电路 Module circuit\t122.3.1 KL30电源管理电路 KL30 supply management circuit\t122.3.2 唤醒电路 Wake Up circuit\t132.3.3 电源电路 power circuit\t152.3.4 TC377最小系统 TC377 minimum system\t232.3.5 EQ6最小系统 EQ6 minimum system\t252.3.6 摄像头最小系统 camera minimum system\t282.3.7 看门狗电路 Watchdog circuit\t302.3.8 温度采样电路 Temp Sample circuit\t302.3.9 系统内电源电压采样电源 The power System Voltage Sampling circuit\t312.3.10 ETH电路 ETH circuit\t332.3.11 CAN/CAN FD电路 CAN/CAN FD circuit\t342.3.12 3V3过压保护电路 3V3 overvoltage protection circuit\t353\t硬件运行模式 Hardware Operation Mode\t363.1 硬件运行模式 Hardware Operation Mode\t363.2 运行模式定义 Definition of Operation Mode\t373.3 运行模式转换条件 Transition Condition of Operation Mode\t393.3.1 KL30电源管理电路 KL30 supply management circuit\t393.3.2 唤醒电路 Wake Up circuit\t413.3.3 电源电路 Power Circuit\t423.3.4 TC377最小系统 TC377 minimum system\t53"", ""唤醒电路 Wake Up circuit电源电路 power circuitKL30 EMI电路 KL30 EMI circuitKL30 转VCC3V3 KL30 to VCC3V3VCC3V3_MCU转VCC1V25_MCU  VCC3V3_MCU to VCC1V25_MCUVCC3V3转VCC0V75  VCC3V3 to VCC0V75VCC3V3转0V75_MIPI_DDR  VCC3V3 to 0V75_MIPI_DDRVCC3V3转VCC1V8、VCC1V1、VCC50   VCC3V3 to VCC1V8、VCC1V1、VCC50VCC3V3转VCC3V3_EQ  VCC3V3 to VCC3V3_EQVCC3V3转VCC3V3_ETH  VCC3V3 to VCC3V3_ETHVCC1V8转VCC1V8_EQ  VCC1V8 to VCC1V8_EQTC377最小系统 TC377 minimum systemEQ6最小系统 EQ6 minimum system摄像头最小系统 camera minimum system看门狗电路 Watchdog circuit温度采样电路 Temp Sample circuit系统内电源电压采样电源 The power System Voltage Sampling circuitETH电路 ETH circuitCAN/CAN FD电路 CAN/CAN FD circuit3V3过压保护电路 3V3 overvoltage protection circuit硬件运行模式 Hardware Operation Mode主要用于描述当前ADAS硬件不同的运行模式（例如上电模式，下电模式，Sleep模式，运行模式等）。描述各个运行模式下的硬件模块功能，以及模式之间的切换条件。Describe the different operating mode of ADAS Hardware (e.g. power on mode, power off mode, Sleep mode，normal mode). Define the HW component functions in each operating mode, describe the transition condition between different modes.硬件运行模式 Hardware Operation Mode系统功能矩阵描述系统不同模式下各功能模块运行状态。The system function matrix describes the operation status of each function module in different modes of the system."", ""3.3.5 EQ6最小系统 EQ6 minimum system\t553.3.6 摄像头最小系统 camera minimum system\t593.3.7 看门狗电路 Watchdog circuit\t613.3.8 温度采样电路 Temp Sample circuit\t623.3.9 ETH电路 ETH circuit\t633.3.10 CAN FD电路 CAN FD circuit\t654\tADC电压采集阈值 The ADC voltage acquisition threshold\t685\tEQ6L上下电时序要求 EQ6L Power-on and power-off sequence requirements\t686\t共享和独占的硬件资源 Shared and Exclusive Hardware Resource\t696.1 ECU-MCU信号对应关系 ECU-MCU Signal Mapping\t696.2 MCU时钟配置 MCU Clock Configuration\t706.3 存储器配置 Memeory Configuration\t717\t其他芯片配置 Other IC Configuration\t717.1 其他芯片的通讯机制 Communication Mechanism with Other IC\t717.2 LP87702配置 LP87702 Configuration\t727.3 TPS62872配置 TPS62872 Configuration\t728\t安全机制 Safety Mechanisms\t736.1 System level\t736.2 HW level\t736.3 IC level\t73概述 Introduction目的 Purpose软硬接口文档的目的是描述软件和硬件的交互，并且确保软件硬件和TSR的一致性。The goal of the hardware software interface document is to specify the hardware and software interaction and be consistent with the technical safety concept.适用范围 Range of Application此文档适用于奇瑞EQ6L T1G ADAS项目的功能安全开发全过程。This document is applied for the whole functional safety development process of  EQ6L T1G ADAS project.读者对象 TReader项目经理Project Manager项目组成员Project Team Members功能安全经理Functional Safety Manager功能安全工程师Functional Safety System Engineer硬件工程师 Hardware Engineer软件工程师 Software Engineer质量和审查人员QA and Assessor产品测试人员Product Test Engineer"", ""<table><tr><td>模块序号\nModule number</td><td>模块名称\nModule name</td><td>功能定义\nFunction definition.</td><td>功能安全需求\nFunctional safety requirements</td></tr><tr><td>F01</td><td>MCU</td><td>SAK-TC377TP-96F300S AA</td><td>B(B)</td></tr><tr><td>F02</td><td>EYEQ6-L</td><td>EYEQ6-L，用于sensor的视频处理</td><td>B</td></tr><tr><td>F03</td><td>EYEQ6_LPDDR4</td><td>EQ6的1GB LPDDR4</td><td>B</td></tr><tr><td>F04</td><td>EYEQ6_NAND FLASH</td><td>EQ6的2Gb NAND FLASH</td><td>B</td></tr><tr><td>F05</td><td>CAM SENSOR</td><td>Sony 728摄像头模组</td><td>B</td></tr><tr><td>F06</td><td>KL30 sample</td><td>KL30电压采样</td><td>QM</td></tr><tr><td>F07</td><td>KL15 sample</td><td>KL15电压采样</td><td>QM</td></tr><tr><td>F08</td><td>EQ system power sample1</td><td>EQ6L系统供电电源电压ADC采样滤波、分压电路</td><td>B(B)</td></tr><tr><td>F09</td><td>ETH and CAN power sample2</td><td>CAN和ETH电源电压ADC采样滤波、分压电路</td><td>QM</td></tr><tr><td>F10</td><td>NTC temp sensor</td><td>NTC温度传感器，监控EQ6L/LPDDR4周边环境温度。</td><td>B</td></tr><tr><td>F11</td><td>KL30 EMI</td><td>KL30供电口EMI滤波电路.</td><td>B</td></tr><tr><td>F12</td><td>POWER</td><td>LN10046，KL30电源转VCC3V3电源</td><td>B</td></tr><tr><td>F13</td><td>POWER</td><td>LP87702，VCC3V3电压输入，VCC1V1、VCC1V8、VCC50电压输出</td><td>QM(B)</td></tr><tr><td>F14</td><td>POWER</td><td>TPS62872，VCC3V3电压输入，VCC0V75电压输出</td><td>QM(B)</td></tr><tr><td>F15</td><td>POWER</td><td>SA23002，VCC3V3输入，VCC0V75电压输出</td><td>QM(B)</td></tr><tr><td>F16</td><td>POWER</td><td>TPS22918负载开关，VCC3V3电压输入，VCC3V3_EQ输出</td><td>QM(B)</td></tr><tr><td>F17</td><td>POWER</td><td>TPS22918负载开关，VCC3V3输入，VCC3V3_ETH输出</td><td>QM</td></tr><tr><td>F18</td><td>overvoltage protect</td><td>用于MCU电源VCC3V3_MCU的外部过压保护</td><td>B</td></tr><tr><td>F19</td><td>POWER</td><td>TPS22918 负载开关，VCC1V8电压输入，VCC1V8_EQ电压输出</td><td>QM(B)</td></tr><tr><td>F20</td><td>CAN3</td><td>基于TCAN1145的CAN通讯，硬件支持特定报文唤醒</td><td>QM</td></tr><tr><td>F21</td><td>CAN2</td><td>基于TCAN1044A的CAN通讯.</td><td>QM</td></tr><tr><td>F22</td><td>CAN1</td><td>基于TCAN1044A的CAN通讯</td><td>QM</td></tr><tr><td>F23</td><td>CAN0</td><td>基于TCAN1044A的CAN通讯.</td><td>QM</td></tr><tr><td>F24</td><td>ETH</td><td>基于DP83TC812R的100BASE-T1通讯</td><td>QM</td></tr><tr><td>F25</td><td>Wake up</td><td>唤醒源和一级电源使能电路设计</td><td>QM</td></tr><tr><td>F26</td><td>watchdog</td><td>LP87702的看门狗功能，用于监控MCU运行状态</td><td>B</td></tr><tr><td>F27</td><td>POWER</td><td>VCC3V3_MCU转VCC1V25_MCU电压，由MCU的EVRC进行控制。</td><td>B</td></tr><tr><td>F28</td><td>level translation</td><td>3V3和1V8双向电压转换芯片</td><td>QM</td></tr></table>"", ""<table><tr><td>HM ID</td><td>F24</td></tr><tr><td>模块功能 \nModule Function</td><td>ADAS系统需求MCU外接1路100BASE-T1以太网通讯接口，用于软件调试和对外通讯。\nThe ADAS system requires MCU to be connected with a 100BASE-T1 Ethernet communication interface for software debugging and external communication.</td></tr><tr><td>模块框图\nModule diagram</td><td></td></tr><tr><td>模块方案\nModule solution</td><td>硬件设计选型汽车级芯片DP83TC812R（TI），支持100BASE-TI通讯、以太网唤醒功能，电路和PCB参考原厂规范进行设计。所用到引脚是MCU_ETH_MDIO_P21.3，MCU_ETH_MDC_P21.2，MCU_MII_TXD3_P11.0，MCU_MII_TXD2_P11.1，MCU_MII_TXD1_P11.2，MCU_MII_TXD0_P11.3，MCU_MII_TXCLK_P11.5，MCU_MII_TXDV_P11.6，MCU_MII_RXD3_P11.7，MCU_MII_RXD2_P11.8，MCU_MII_RXD1_P11.9，MCU_MII_RXD0_P11.10，MCU_MII_RXDV_P11.11，MCU_MII_RXCLK_P11.12， MCU_ETH_INTB_P20.10，PHY_RESET_N_P22.3，MCU_ETH_WAKE_P21.5。\nThe automotive grade chip DP83TC812R (TI) is selected for hardware design, which supports 100BASE-TI communication and Ethernet wake-up function. The circuit and PCB are designed according to the original factory specifications. \nThe pins used are MCU_ETH_MDIO_P21.3，MCU_ETH_MDC_P21.2，MCU_MII_TXD3_P11.0,MCU_MII_TXD2_P11.1,MCU_MII_TXD1_P11.2, MCU_MII_TXD0_P11.3, MCU_MII_TXCLK_P11.5, MCU_MII_TXDV_P11.6, MCU_MII_RXD3_P11.7, MCU_MII_RXD2_P11.8, MCU_MII_RXD1_P11.9, MCU_MII_RXD0_P11.10,MCU_MII_RXDV_P11.11,MCU_MII_RXCLK_P11.12, PHY_RESET_N_P22.3, MCU_ETH_WAKE_P21.5.</td></tr></table>"", ""<table><tr><td>HM ID</td><td>F01</td></tr><tr><td>模块功能 \nModule Function</td><td>32位MCU芯片TC377最小系统模块有SAK-TC377TP-96F300S AA主控芯片和晶体、硬件配置组成，实现SAK-TC377TP-96F300S AA最小硬件系统工作单元，功能安全等级最高可达到ASIL-D，满足应用要求。\n32-bit MCU chip TC377 minimum system module has SAK-TC377TP-96F300S AA main control chip and crystal, hardware configuration, to achieve SAK-TC377TP-96F300S AA minimum hardware system work unit, functional safety level up to ASIL-D, meet the application requirements. </td></tr><tr><td>模块框图\nModule diagram</td><td></td></tr><tr><td>模块方案\nModule solution</td><td>处理器\n根据ADAS产品需求，综合评估选型为32位MCU芯片SAK-TC377TP-96F300S AA， MCU接口资源丰富，功能安全等级最高可达到ASIL-D，满足应用要求。\nProcessor \nAccording to ADAS product requirements, 32-bit MCU chip SAK-TC377TP-96F300S AA is selected through comprehensive evaluation, which has rich MCU interface resources and the highest functional safety level can reach ASIL-D to meet application requirements\n时钟设计\n硬件选型20MHz晶振给MCU提供时钟输入，由其内部PLL等电路完成倍频、分频，供其内核和各模块使用。\nClock design\nHardware selection of clock design 20MHz crystal oscillator provides clock input to MCU, and its internal PLL and other circuits complete frequency doubling and frequency division for its kernel and each module.\n复位及watchdog\n系统复位及看门狗芯片采用LP87702内部看门狗，喂狗方式为窗口喂狗，当喂狗窗口无有效喂狗次数超过OTP配置时，将触发整个系统复位。\na)\t上电时，看门狗芯片对MCU启动过程进行监控，同时对MCU的电源VCC3V3电压进行低压监控，异常时主动复位MCU。\nb)\t运行过程中由看门狗监控MCU运行状态，当MCU程序跑飞时看门狗超时触发复位信号主动复位MCU。\nReset and watchdog\nThe system reset and watchdog chip adopts LP87702 internal watchdog, and the feeding method is window feeding. When the number of effective dog feeding in the feeding window exceeds the OTP configuration, the whole system reset will be triggered. \n When powering on, the watchdog chip monitors the start-up process of MCU, and at the same time, it monitors the low voltage voltage of MCU's power supply VCC3V3, and actively resets MCU when abnormal. \n MCU running status is monitored by watchdog during operation. When MCU program runs, watchdog timeout triggers reset signal and actively reset MCU.\n电源需求\nMCU需要1路VCC3V3_MCU（精度：3.3V±10%）和1路VCC1V25_MCU（精度：1.2-1.35V）供电。\n4. Power demand\nThe MCU needs 1 channel VCC3V3_MCU (accuracy: 3.3V±10%) and 1 channel VCC1V25_MCU (accuracy: 1.2-1.35V) power supply.</td></tr></table>""]","{""original_context_count"": 8, ""original_context_characters"": 12288, ""scored_context_count"": 8, ""scored_context_characters"": 12000, ""contexts_truncated"": true, ""context_selection"": ""claim_coverage"", ""selected_evidence_ids"": [""document:3cc8373cb37fffa6""], ""selected_claim_ids"": [""sq_1:claim_1""], ""excluded_evidence_ids"": [""document:35357111545e774a"", ""document:58106bd2421dc2d1"", ""document:5a182fe3a3abb133"", ""document:87e0c61422f91bc3"", ""document:a075d2642b8e135f"", ""document:b257f3b0795806a8"", ""document:e6627ad70c8cab97""]}",0.8295309375228453,0.4268924264590783,1.0,not_applicable,0.5249999999868751,1.0,0.0,0.5,not_applicable
hw-v1-joint-main-pmic,success,给板子供电的主 PMIC 是哪颗？它输出哪些电压，软件如何配置？,主 PMIC 是 U1700，即 LP87702-Q1，输入 VCC3V3，输出包括 VCC1V1、VCC1V8 和 VCC50；软件配置依据 HSI 7.2 节 LP87702 配置说明，通过 I²C 相关信号配置。,"**直接结论：**

1.  **主PMIC型号**：给板子供电的主PMIC是 **LP87702**。
2.  **输出电压**：该PMIC输出三路电压：**VCC1V8**、**VCC1V1** 和 **VCC50**。
3.  **软件配置**：软件通过MCU的GPIO和I2C接口进行配置。具体为：使用 **MCU的P15.3引脚**（GPIO）使能VCC50输出；使用 **MCU_SCL_P15.4** 和 **MCU_SDA_P15.5** 引脚（I2C总线，I2C地址0x08）来设置VCC1V8和VCC1V1的输出电压及使能；使用 **MCU的P12.1引脚**（GPIO）复位该芯片。

**支撑证据：**

1.  **主PMIC型号及输出电压**：
    *   文档[9]中明确说明：“VCC1V8用于EQ6、CAM、DDR、FLASH供电，VCC1V1用于EQ6、DDR供电，VCC50用于CAN收发器供电，现选择LP87702 PMIC方案。”
    *   文档[10]中进一步确认：“采用LP87702芯片，将VCC3V3转换为VCC1V8、VCC1V1、VCC50”。

2.  **软件配置方式**：
    *   文档[10]详细描述了配置方式：“用MCU的P15.3引脚使能该芯片的5V输出，用MCU_SCL_P15.4，MCU_SDA_P15.5 I2C通信来设置1.8V和1.1输出电压和使能。用MCU的P12.1引脚复位该芯片。”
    *   文档[14]提供了I2C地址信息：“外挂LP87702和TPS62872 ... LP87702地址：0x08”，并确认了MCU_SDA_P15.5和MCU_SCL_P15.4用于I2C通信。
    *   电路连接证据[6]和[7]显示，Group 17 (Power/PMIC) 与 Group 18 (Power/PMIC) 通过 `MCU_SCL_P15.4` 和 `MCU_SDA_P15.5` 网络连接，这与上述文档中的I2C通信描述一致。
    *   电路连接证据[1]显示 `MCU_nINT_PMIC_P12.1` 网络连接至U1700（LP87702）的 `nINT` 引脚，这与文档[14]中描述的“LP87702的输出中断信号”功能相符，但该引脚在软件配置中作为复位功能使用，可能由硬件设计决定。

**缺失信息：**
无。","**直接结论：**

1.  **主PMIC型号**：给板子供电的主PMIC是 **LP87702**。
2.  **输出电压**：该PMIC输出三路电压：**VCC1V8**、**VCC1V1** 和 **VCC50**。
3.  **软件配置**：软件通过MCU的GPIO和I2C接口进行配置。具体为：使用 **MCU的P15.3引脚**（GPIO）使能VCC50输出；使用 **MCU_SCL_P15.4** 和 **MCU_SDA_P15.5** 引脚（I2C总线，I2C地址0x08）来设置VCC1V8和VCC1V1的输出电压及使能；使用 **MCU的P12.1引脚**（GPIO）复位该芯片。

**支撑证据：**

1.  **主PMIC型号及输出电压**：
    *   文档[9]中明确说明：“VCC1V8用于EQ6、CAM、DDR、FLASH供电，VCC1V1用于EQ6、DDR供电，VCC50用于CAN收发器供电，现选择LP87702 PMIC方案。”
    *   文档[10]中进一步确认：“采用LP87702芯片，将VCC3V3转换为VCC1V8、VCC1V1、VCC50”。

2.  **软件配置方式**：
    *   文档[10]详细描述了配置方式：“用MCU的P15.3引脚使能该芯片的5V输出，用MCU_SCL_P15.4，MCU_SDA_P15.5 I2C通信来设置1.8V和1.1输出电压和使能。用MCU的P12.1引脚复位该芯片。”
    *   文档[14]提供了I2C地址信息：“外挂LP87702和TPS62872 ... LP87702地址：0x08”，并确认了MCU_SDA_P15.5和MCU_SCL_P15.4用于I2C通信。
    *   电路连接证据[6]和[7]显示，Group 17 (Power/PMIC) 与 Group 18 (Power/PMIC) 通过 `MCU_SCL_P15.4` 和 `MCU_SDA_P15.5` 网络连接，这与上述文档中的I2C通信描述一致。
    *   电路连接证据[1]显示 `MCU_nINT_PMIC_P12.1` 网络连接至U1700（LP87702）的 `nINT` 引脚，这与文档[14]中描述的“LP87702的输出中断信号”功能相符，但该引脚在软件配置中作为复位功能使用，可能由硬件设计决定。

**缺失信息：**
无。","[""Net MCU_nINT_PMIC_P12.1 connects R1703.&2, TP1133.&1, U1700.nINT, U900D.P12.1/GETH_MDIOC/ASCLIN3_ASLSO/CAN00_TXD/GETH_MDIO."", ""Module Group 15 · Power/PMIC connects to Group 17 · Power/PMIC through net GND."", ""Module Group 15 · Power/PMIC connects to Group 18 · Power/PMIC through net GND."", ""Module Group 15 · Power/PMIC connects to Group 6 · Power/PMIC through net GND."", ""Module Group 17 · Power/PMIC connects to Group 18 · Power/PMIC through net GND."", ""Module Group 17 · Power/PMIC connects to Group 18 · Power/PMIC through net MCU_SCL_P15.4."", ""Module Group 17 · Power/PMIC connects to Group 18 · Power/PMIC through net MCU_SDA_P15.5."", ""Module Group 17 · Power/PMIC connects to Group 6 · Power/PMIC through net GND."", ""<table><tr><td>HM ID</td><td>F11/F12/F13/F14/F15/F16/F17/F18/F19/F25/F27</td></tr><tr><td>模块功能 \nModule Function</td><td>系统使用车载电池12V电压供电，经过EMI电路后输入至电源转换芯片，转换输出系统各模块所需电源。\nThe system uses 12V voltage power supply from the vehicle battery, which is input to the power conversion chip through the EMI circuit. Then the power conversion chip convert and output the power required by each module of the system.</td></tr><tr><td>模块框图\nModule diagram</td><td></td></tr><tr><td>模块方案\nModule solution</td><td>KL30 EMI (ASIL-B)\nKL30供电口处增加EMI电路，用于供电保护和滤波。硬件电路设计在UBD网络增加两个串联ESD电容，PCB布局靠近主连接器引脚处，用于吸收外部ESD信号，后端增加双向TVS管用于瞬态过压保护\nThe EMI circuit is added at the KL30 power supply port for power supply protection and filtering. The hardware circuit design adds two series ESD capacitors in the UBD network, the PCB layout is close to the main connector pin for absorbing external ESD signals, and the two-way TVS tube is added at the back end for transient overvoltage protection.\nKL30 to VCC3V3 (ASILB)\nKL30转VCC3V3是系统一级DC-DC，给MCU提供VCC3V3_MCU电源，所以系统要求其满足ASILB，确保MCU功能安全。\nKL30 to VCC3V3 is a system primary DC-DC chip, because the MCU needs VCC3V3_MCU power supply, so the system requires it to meet the ASILB to ensure the functional safety of the MCU.\nVCC3V3_MCU to VCC1V25_MCU(ASILB)\n3V3转1V25_MCU是使用MCU内置控制器进行控制的BUCK电源，用于MCU的核供电，功能安全需求达到ASILB，确保MCU功能安全。\n3V3 to 1V25_MCU is a BUCK power supply controlled by MCU built-in controller, which is used for MCU nuclear power supply. Functional safety requirements meet ASILB to ensure the functional safety of MCU.\nVCC3V3 to VCC0V75(QM(B))\nVCC3V3转VCC0V75应用于EQ6的内核供电，要求输出电流能力大，现选型TI的电源方案TPS62872。用MCU的P22.0引脚使能芯片，用MCU_SDA_P15.5，MCU_SCL_P15.4引脚I2C通信来设置输出电压和通信。\nVCC3V3 to VCC0V75 is applied to the core power supply of EQ6, which requires large output current capacity. The power supply scheme TPS62872 of TI is selected. P22.0 pin of MCU is used to enable the chip, and MCU_SDA_P15.5, MCU_SCL_P15.4 pin I2C communication is used to set the output voltage and communication. \nVCC3V3 to 0V75_MIPI_DDR(QM(B))\nVCC3V3转0V75_MIPI_DDR用于EQ6的IO口供电，现使用矽力杰的SA23002进行设计。用MCU的P22.1引脚使能该芯片。\nVCC3V3 to 0V75_MIPI_DDR for EQ6 IO port power supply, Silergy’s SA23002 is designed. The P22.1 pin of the MCU is used to enable the chip.\nVCC3V3转VCC1V8、VCC1V1、VCC50(QM(B))\nVCC1V8用于EQ6、CAM、DDR、FLASH供电，VCC1V1用于EQ6、DDR供电，VCC50用于CAN收发器供电，现选择LP87702 PMIC方案。用MCU的P15.3引脚使能该芯片的5V输出，用MCU_SCL_P15.4，MCU_SDA_P15.5 I2C通信来设置1.8V和1.1V输出电压和使能。\nVCC1V8 is used for EQ6, CAM, DDR, FLASH power supply, VCC1V1 is used for EQ6, DDR power supply, VCC50 is used for CAN transceiver  power supply, LP87702 PMIC scheme is selected. P15.3 pin of MCU is used to enable 5V output of the chip, and MCU_SCL_P15.4, MCU_SDA_P15.5 I2C communication is used to set 1.8V and 1.1V output voltage and enable it. \nVCC3V3 to VCC3V3_EQ(QM(B))\nVCC3V3转VCC3V3_EQ用于EQ6的IO和摄像头供电，现使用负载开关进行设计。用MCU的P20.3引脚使能该芯片。\nVCC3V3 to VCC3V3_EQ for EQ6’s IO and camera power supply, now using the load switch is designed. .The P20.3 pin of the MCU is used to enable the chip.\n\tVCC3V3 to VCC3V3_ETH(QM)\n3V3转3V3_ETH用于ETH供电，现选择负载开关方案。用MCU的P21.0引脚使能该芯片。\n3V3 to 3V3_ETH for ETH power supply, the load switch scheme is selected. . The P21.0 pin of the MCU is used to enable the chip.\n\tVCC1V8 to VCC1V8_EQ(QM(B))\nVCC1V8转VCC1V8_EQ用于EQ供电，现选择负载开关方案。用MCU的P20.0引脚使能该芯片。\nVCC1V8 to VCC1V8_EQ for EQ power supply, the load switch scheme is selected. . The P20.0 pin of the MCU is used to enable the chip.</td></tr><tr><td colspan='2'></td></tr></table>"", ""<table><tr><td>HM ID</td><td>F13</td></tr><tr><td>模块功能 \nModule Function</td><td>VCC1V8用于EQ6、CAM、DDR、FLASH供电。VCC1V1用于EQ6、DDR供电。VCC50用于CAN收发器供电，现选择LP87702 PMIC方案。\nVCCIV8 is used to power EQ6, CAM, DDR, FLASH.VCC1V1 is used to power EQ6,DDR. VCC50 is used for CAN transceiver power supply, now choose LP87702 PMIC scheme. \n</td></tr><tr><td>模块框图\nModule diagram</td><td></td></tr><tr><td>模块方案\nModule solution</td><td>\n采用LP87702芯片，将VCC3V3转换为VCC1V8、VCC1V1、VCC50，其中VCC1V8用于EQ6、CAM、DDR、FLASH供电，VCC1V1用于EQ6、DDR供电，VCC50用于CAN收发器供电。用MCU的P15.3引脚使能该芯片的5V输出，用MCU_SCL_P15.4，MCU_SDA_P15.5 I2C通信来设置1.8V和1.1输出电压和使能。用MCU的P12.1引脚复位该芯片。\nLP87702 chip is used to convert VCC3V3 into VCC1V8, VCC1V1 and VCC50, in which VCC1V8 is used for EQ6, CAM, DDR and FLASH power supply, VCC1V1 is used for EQ6 and DDR power supply, and VCC50 is used for CAN transceiver power supplyP15.3 pin of MCU is used to enable 5V output of the chip, and MCU_SCL_P15.4, MCU_SDA_P15.5 I2C communication is used to set 1.8V and 1.1 output voltage and enable it. Reset the chip with P12.1 pin of the MCU. </td></tr></table>"", ""ADC电压采集阈值 The ADC voltage acquisition thresholdWCCA计算结果如下，软件应按照如下过欠压阈值设置：The WCCA calculation results are as follows. The software should be set according to the following overvoltage and undervoltage thresholds:EQ6L上下电时序要求 EQ6L Power-on and power-off sequence requirements共享和独占的硬件资源 Shared and Exclusive Hardware ResourceECU-MCU信号对应关系 ECU-MCU Signal MappingMCU时钟配置 MCU Clock Configuration存储器配置 Memeory ConfigurationTable 4-5Memory Configuration其他芯片配置 Other IC Configuration其他芯片的通讯机制 Communication Mechanism with Other ICLP87702配置 LP87702 ConfigurationLP87702运行期间需要MCU通过I2C配置的寄存器如下所示：Table 5-2 LP87702 ConfigurationTPS62872配置 TPS62872 ConfigurationTPS62872运行期间需要MCU通过I2C配置的寄存器如下所示：Table 5-3 TPS62872 Configuration安全机制 Safety MechanismsSystem levelHW level硬件安全分析无新增安全机制IC level模板变更历史Template Change History填写说明Filling instructions：变更单号YYYYMM00X为记录顺序号，如：202203002，表示的是2022年03月的第二份此类文档。首次发布不分配变更单号，变更单号处填NA。The change order number YYYYMM00X is the record sequence number, such as 202203002, which represents the second such document in March 2022. No change order number will be allocated for the first release, and Na will be filled in the change order number.变更原因填写以客户审核需要变更为例：由于XX客户在客户审核时发现XX问题，需要调整模板。Fill in the revision note. Take the need for change in customer audit as an example: because XX customer found XX problem during customer audit, the template needs to be adjusted.变更内容填写以客户审核发现问题需要更改为例：由于XX客户在客户审核时发现XX问题，特增加XXX的变更内容。"", ""<table><tr><td>HM ID</td><td>F13</td></tr><tr><td>运行模式\nOperation Mode</td><td>SHUTDOWN、READ OTP、STANDBY、ACTIVE</td></tr><tr><td>模式定义\nDefinition of Operation mode</td><td>SHUTDOWN\nNRST电压低于阈值。LP87702-Q1器件停止工作。\nREAD OTP\n电源电压VANA高于VANAUVLO电平，并且NRST电压高于阈值电平。电压转换器被禁用，LP87702-Q1的参考电平和偏置电路被启用。OTP配置被加载到寄存器。\nSTANDBY\n电源电压VANA高于VANAUVLO水平，NRST电压高于阈值水平。电压转换器被禁用，LP87702-Q1的参考电平、控制和偏压电路被启用。所有的寄存器都可以被主机处理器通过系统串口读写。电压转换器可以根据需要进行使能输出。\nACTIVE\n电源电压VANA高于VANAUVLO水平，NRST电压高于阈值水平。稳压DC/DC变换器处于使能状态。所有的寄存器都可以被MCU通过系统串口读写。\nSHUTDOWN\nAfter the enable signal MCU_OV75_MIPI_DDR_EN=L, the secondary power stops the 0V75_MIPI_DDR power supply. \nREADY OTP\nThe supply voltage VANA is above the VANAUVLO level, and the NRST voltage is above the threshold level. The voltage converter is disabled and the reference level and bias circuits of the LP87702-Q1 are enabled. The OTP configuration is loaded into the register.\nSTANDBY\nThe supply voltage VANA is above the VANAUVLO level and the NRST voltage is above the threshold level. The voltage converter is disabled and the reference level, control, and bias circuits of the LP87702-Q1 are enabled. All registers can be read and written by the host processor through the system serial port. The voltage converter can perform enabling output as needed.\nACTIVE\nThe supply voltage VANA is above the VANAUVLO level and the NRST voltage is above the threshold level. The regulated DC/DC converter is in the enabled state. All the registers can be read and written by the MCU through the system serial port. </td></tr><tr><td>模式切换接口\nMode switching interface</td><td></td></tr><tr><td>模式状态机\nMode state machine</td><td></td></tr><tr><td>模式切换条件\nMode switching condition</td><td>参考：\n产品系统需求规格说明\n产品系统方案设计说明书\nReference: \nProduct system requirement specification \nProduct system scheme design specification.</td></tr><tr><td>备注\nNote</td><td>1、VANAUVLO阈值电压\n\n2、NRST阈值电压\n</td></tr><tr><td>备注\nNote</td><td></td></tr></table>"", ""\nNone：U20; None：P23.2; None：P23.2/GTM_TIM1_IN6_5/GTM_TIM0_IN6_5/GTM_TOUT43/CAN12_TXD; None：GPIO; None：MCU_RST_FLASH_P23.2; None：/; None：O; None：FLASH复位信号\n低：FLASH复位\n高：FLASH进入工作状态; None：HI-Z，硬件外部下拉; None：—; SW Variable Name or SW Function Name：— ——Port1\nNone：未使用; MCU Component ：F01/ MCU; None：NA; None：/; None：D7; None：P11.14; None：P11.14/GTM_TIM4_IN7_4/GTM_TIM2_IN7_8/GETH_CRSDVB/GETH_RXDVB/GETH_CRSA/GTM_TOUT126; None：GPIO; None：MCU_ETH_CFG1_P11.14; None：/; None：I; None：CFG1：BOM配置，判断是否有以太网\n高：TBD\n低：TBD; None：HI-Z; None：—; SW Variable Name or SW Function Name：— ——Port1\nNone：未使用; MCU Component ：F01/ MCU; None：NA; None：/; None：D6; None：P11.15; None：P11.15/GTM_TIM4_IN7_5/GTM_TIM0_IN7_8/GETH_COLA/GTM_TOUT127; None：GPIO; None：MCU_ETH_CFG2_P11.15; None：/; None：I; None：CFG2：BOM配置，判断以太网接口类型\n高：TBD\n低：TBD; None：HI-Z; None：—; SW Variable Name or SW Function Name：— ——Port1\nHW Interface Component ：QM(B); None：F13/POWER; None：1、LP87702实现VCC3V3转VCC1V8、VCC1V1、VCC50三路电源输出\n2、LP87702的VCC50由MCU的GPIO控制使能和关断，VCC1V8、VCC1V1由MCU的I2C控制使能和关断。\n3、预留中断信号用于MCU辅助监控LP87702的工作状态。\n4、MCU可以通过I2C监控和管理LP87702的状态。; MCU Component ：F01/ MCU; None：QM; None：B17; None：P15.3; None：P15.3/GTM_TIM3_IN6_4/GTM_TIM2_IN6_4/CAN01_RXDA/QSPI2_SCLKA/GTM_TOUT74/QSPI2_SCLK/MSC0_EN1; None：GPIO; None：MCU_5V_EN; None：/; None：O; None：VCC50（LP87702）电源使能控制信号\n高：使能VCC50电压输出\n低：关断VCC50电压输出; None：HI-Z，硬件外部下拉; None：—; SW Variable Name or SW Function Name：— ——Port1"", ""\nMCU Component ：F01/ MCU; None：QM; None：E11; None：P12.1; None：P12.1/GTM_TIM4_IN1_6/GTM_TIM3_IN1_6/GETH_MDIOC/GTM_TOUT129/CAN00_TXD/GETH_MDIO; None：GPIO; None：MCU_nINT_PMIC_P12.1; None：/; None：I; None：LP87702的输出中断信号。\n高：无中断信号\n低：输出中断信号; None：HI-Z，硬件外部上拉; None：—; SW Variable Name or SW Function Name：— ——Port1\nHW Interface Component ：QM(B); None：F13/POWER\nF14/POWER; None：MCU配置LP87702、TPS62872; MCU Component ：F01/MCU; None：B; None：E14; None：P15.5; None：P15.5/GTM_TIM3_IN0_4/GTM_TIM2_IN0_4/QSPI2_MTSRA/GTM_TOUT76/QSPI2_MTSR/MSC0_EN0/I2C0_SDA; None：I2C0_SDAC; None：MCU_SDA_P15.5; None：/; None：IO; None：IIC_SDA信号\n\n外挂LP87702和TPS62872\n\nLP87702地址：0x08\nTPS62872地址：0x41; None：HI-Z，硬件外部上拉; None：—; SW Variable Name or SW Function Name：— ——Port1\nMCU Component ：F01/MCU; None：B; None：A17; None：P15.4; None：P15.4/GTM_TIM3_IN7_4/GTM_TIM2_IN7_4/I2C0_SCLC/QSPI2_MRSTA/SCU_E_REQ0_0/GTM_TOUT75/QSPI2_MRST; None：I2C0_SCL; None：MCU_SCL_P15.4; None：/; None：O; None：IIC_CLK信号\n\n外挂LP87702和TPS62872\n\nLP87702地址：0x08\nTPS62872地址：0x41; None：HI-Z，硬件外部上拉; None：—; SW Variable Name or SW Function Name：— ——Port1"", ""3.3.5 EQ6最小系统 EQ6 minimum system\t553.3.6 摄像头最小系统 camera minimum system\t593.3.7 看门狗电路 Watchdog circuit\t613.3.8 温度采样电路 Temp Sample circuit\t623.3.9 ETH电路 ETH circuit\t633.3.10 CAN FD电路 CAN FD circuit\t654\tADC电压采集阈值 The ADC voltage acquisition threshold\t685\tEQ6L上下电时序要求 EQ6L Power-on and power-off sequence requirements\t686\t共享和独占的硬件资源 Shared and Exclusive Hardware Resource\t696.1 ECU-MCU信号对应关系 ECU-MCU Signal Mapping\t696.2 MCU时钟配置 MCU Clock Configuration\t706.3 存储器配置 Memeory Configuration\t717\t其他芯片配置 Other IC Configuration\t717.1 其他芯片的通讯机制 Communication Mechanism with Other IC\t717.2 LP87702配置 LP87702 Configuration\t727.3 TPS62872配置 TPS62872 Configuration\t728\t安全机制 Safety Mechanisms\t736.1 System level\t736.2 HW level\t736.3 IC level\t73概述 Introduction目的 Purpose软硬接口文档的目的是描述软件和硬件的交互，并且确保软件硬件和TSR的一致性。The goal of the hardware software interface document is to specify the hardware and software interaction and be consistent with the technical safety concept.适用范围 Range of Application此文档适用于奇瑞EQ6L T1G ADAS项目的功能安全开发全过程。This document is applied for the whole functional safety development process of  EQ6L T1G ADAS project.读者对象 TReader项目经理Project Manager项目组成员Project Team Members功能安全经理Functional Safety Manager功能安全工程师Functional Safety System Engineer硬件工程师 Hardware Engineer软件工程师 Software Engineer质量和审查人员QA and Assessor产品测试人员Product Test Engineer"", ""<table><tr><td>HM ID</td><td>F01/F06/F11</td></tr><tr><td>运行模式\nOperation Mode</td><td>上电模式、下电模式、运行模式、复位模式、OTA模式\nPower on mode, power off mode, run mode, reset mode, OTA mode</td></tr><tr><td>模式定义\nDefinition of Operation mode</td><td>上电模式 Power on\n当唤醒信号有效后，系统一级电源输出VCC3V3电源，MCU开始工作，MCU_UB_SW_P00.10信号输出逻辑高，使能KL30电压采样电路，之后UBSW_ACQ输出分压后的模拟信号，MCU开始通过ADC采样UBSW_ACQ信号。\n1. Power on\nWhen the wake-up signal becomes active, the system's primary power supply outputs the VCC3V3 voltage, and the MCU starts operating. The MCU_UB_SW_P00.10 signal then outputs a logic high level to enable the KL30 voltage sampling circuit. Subsequently, UBSW_ACQ outputs a divided analog signal, after which the MCU begins ADC sampling of the UBSW_ACQ signal.运行模式\nMCU实时采样UBSW_ACQ用于电源管理功能。\n2.Run mode\nMCU real-time sampling UBSW_ACQ is used for power management functions.\n下电模式 \n唤醒信号无效后，MCU在off delay期间将MCU_UB_SW_P00.10信号配置为逻辑低，关闭KL30采样功能，系统下电。\n3. Power off\nAfter the wake-up signal is invalid, the MCU will configure the MCU_UB_Sw_P00.10 signal to logic low during offdelay, turn off the KL30 sampling function, and power down the system. </td></tr><tr><td>模式切换接口\nMode switching interface</td><td></td></tr><tr><td>模式状态机\nMode state machine</td><td>\n\n</td></tr><tr><td>模式切换条件\nMode switching condition</td><td>\n参考：\n产品系统需求规格说明\n产品系统方案设计说明书\nReference: \nProduct system requirements specification.\nProduct system design specification</td></tr><tr><td>备注\nNote</td><td></td></tr></table>"", ""<table><caption> Table9-5.DefaultOutputVoltageSetpoints</caption>\n<tr><td  >VSEL Pin(1)</td><td  >Device Number</td><td  >VSET[7:0]</td><td  >Output Voltage Setpoint</td></tr>\n<tr><td></td><td  >TPS6287x-Q1</td><td  >0x5a</td><td  >850 mV</td></tr>\n<tr><td></td><td  >TPS6287xY0-Q1</td><td  >0x50</td><td  >800 mV</td></tr>\n<tr><td></td><td  >TPS6287xY1-Q1</td><td  >0x14</td><td  >500 mV</td></tr>\n<tr><td></td><td  >TPS6287xY2-Q1</td><td  >0x64</td><td  >1800 mV</td></tr>\n<tr><td  >6.2 kQ to GND</td><td  >TPS6287xY3-Q1</td><td  >0x52</td><td  >810 mV</td></tr>\n<tr><td></td><td  >TPS6287xN0-Q1</td><td  >0x14</td><td  >500 mV</td></tr>\n<tr><td></td><td  >TPS6287xN1-Q1</td><td  >0x50</td><td  >800 mV</td></tr>\n<tr><td></td><td  >TPS6287xN2-Q1</td><td  >0x64</td><td  >1800 mV</td></tr>\n</table>"", ""<table><caption> Table 9-15. CONTROL2 Register Field Descriptions</caption>\n<tr><td  >Bit</td><td  >Field</td><td  >Type</td><td  >Reset</td><td  >Description</td></tr>\n<tr><td  >7-4</td><td  >RESERVED</td><td  >R</td><td  >0000b</td><td  >Reserved for future use. For compatibility with future device variants,</td></tr>\n<tr><td></td><td></td><td></td><td></td><td  >program these bits to 0.</td></tr>\n<tr><td  >3-2</td><td  >VRANGE</td><td  >R/W</td><td  >10b</td><td  >Output voltage range</td></tr>\n<tr><td></td><td></td><td></td><td></td><td  >00b = 0.4 V to 0.71875 V in 1.25-mV steps</td></tr>\n<tr><td></td><td></td><td></td><td></td><td  >01b = 0.4 V to 1.0375 V in 2.5-mV steps</td></tr>\n<tr><td></td><td></td><td></td><td></td><td  >10b = 0.4 V to 1.675 V in 5-mV steps</td></tr>\n<tr><td></td><td></td><td></td><td></td><td  >11b = 0.8 V to 3.35 V in 10-mV steps</td></tr>\n<tr><td  >1-0</td><td  >SSTIME</td><td  >R/W</td><td  >01b</td><td  >Soft-start ramp time </td></tr>\n<tr><td></td><td></td><td></td><td></td><td  >00b = 0.5 ms</td></tr>\n<tr><td></td><td></td><td></td><td></td><td  >01b = 1 ms</td></tr>\n<tr><td></td><td></td><td></td><td></td><td  >10b = 2 ms</td></tr>\n<tr><td></td><td></td><td></td><td></td><td  >11b = 4 ms</td></tr>\n</table>"", ""<table><caption> Table 7-1. Pin Functions (continued) I = input, O = output, P = power, GND = ground(1)</caption>\n<tr><td  >Pin</td><td></td><td></td><td></td></tr>\n<tr><td  >Name</td><td  >No.</td><td  >Type(1)</td><td  >Description</td></tr>\n<tr><td></td><td></td><td></td><td  >Internal clock output pin for synchronization in stacked mode. Leave this pin floating for single </td></tr>\n<tr><td></td><td></td><td></td><td  >device operation. Connect this pin to the MODE/SYNC pin of the next device in the daisy-chain in </td></tr>\n<tr><td  >SYNC_OUT</td><td  >14</td><td></td><td  >stacked operation. Do not use this pin to connect to a non-TPS6287x-Q1 device.  During start-up, this pin is used to identify if a device must operate as a secondary converter in</td></tr>\n<tr><td></td><td></td><td></td><td  >stacked operation. Connect a 47-kQ resistor from this pin to GND to define a secondary converter</td></tr>\n<tr><td></td><td></td><td></td><td  > in stacked operation. See Section 9.3.17 for a detailed description.</td></tr>\n<tr><td  >VSEL</td><td  >15</td><td  >一</td><td  > Start-up output voltage select pin. A resistor or short circuit to GND or Vin defines the selected output voltage. See Section 9.3.6.2.</td></tr>\n<tr><td  >FSEL</td><td  >16</td><td  >一</td><td  >Frequency select pin. A resistor or a short circuit to GND or Vin determines the free-running switching frequency. See Section 9.3.6.2.</td></tr>\n<tr><td  >Exposed Thermal Pad</td><td></td><td  >一</td><td  >The thermal pad must be soldered to GND to achieve an appropriate thermal resistance and for mechanical stability.</td></tr>\n</table>"", ""<table>\n<tr><td></td><td></td><td></td><td  >MIN</td><td  >NOM</td><td  >MAX</td><td  >UNIT</td></tr>\n<tr><td  >VIN</td><td  >Input voltage</td><td  >VIN SDA, SCL</td><td  >2.7</td><td></td><td  >6 5</td><td  >V</td></tr>\n<tr><td  >VouT</td><td  >Output voltage</td><td></td><td  >0.4</td><td></td><td  >3.35 V or (ViN - 1.4</td><td></td></tr>\n<tr><td></td><td></td><td></td><td></td><td></td><td  >V)(1)</td><td></td></tr>\n<tr><td></td><td></td><td  >TPS62870-Q1</td><td></td><td></td><td  >6</td><td></td></tr>\n<tr><td></td><td></td><td  >TPS62871-Q1</td><td></td><td></td><td  >9</td><td></td></tr>\n<tr><td  >loUT</td><td  >Output current</td><td  >TPS62872-Q1</td><td></td><td></td><td  >12</td><td  >A</td></tr>\n<tr><td></td><td></td><td  >TPS62873-Q1</td><td></td><td></td><td  >15</td><td></td></tr>\n<tr><td></td><td  >Inductance</td><td></td><td  >110</td><td></td><td  >330</td><td  >nH</td></tr>\n<tr><td></td><td></td><td  >fsw≥2.25MHz andVouT≤1.675V</td><td  >55</td><td></td><td  >330</td><td></td></tr>\n</table>"", ""<table><caption> Table 6-2. Devices Without I²C Interface (continued) Unless otherwise noted, device variants without I2C operate with the same default settings as device variants with 12C.</caption>\n<tr><td  >DeviceNumber</td><td  >OutputCurrent</td><td  >Start-UpVoltage(2)</td><td  >VSEL Settings</td><td  > Spread Spectrum Clocking</td><td  > Soft-Start Time</td></tr>\n<tr><td  >TPS62870N1QWRXSRQ1</td><td  >6A</td><td  >0.800 V</td><td  >6.2kQ to GND</td><td></td><td></td></tr>\n<tr><td  >TPS62871N1QWRXSRQ1</td><td  >9A</td><td  >0.750V</td><td  >Short to GND</td><td></td><td></td></tr>\n<tr><td  >TPS62872N1QWRXSRQ1</td><td  >12 A</td><td  >0.875V</td><td  >Short to VIN</td><td  >On</td><td></td></tr>\n<tr><td  >TPS62873N1QWRXSRQ1</td><td  >15 A</td><td  >0.840V</td><td  >47 kQ to VIN </td><td></td><td  >1 ms</td></tr>\n<tr><td></td><td></td><td  >1.800 V</td><td  >6.2 kQ to GND</td><td></td><td></td></tr>\n<tr><td  >TPS62872N2QWRXSRQ1</td><td  >12 A</td><td  >1.500 V 1.750 V</td><td  >Short to GND Short to VIN </td><td  >Off</td><td></td></tr>\n<tr><td></td><td></td><td  >3.300 V</td><td  >47kQ to VIN</td><td></td><td></td></tr>\n</table>"", ""<table><caption> Table 9-10. Table 6-2. Devices Without I2C Interface</caption>\n<tr><td  > Device Number</td><td  >Output Current</td><td  >Start-Up Voltage(2)</td><td  >VSEL Settings</td><td  > Spread Spectrum Clocking</td><td  > Soft-Start Time</td></tr>\n<tr><td  >TPS62870N0QWRXSRQ1</td><td  >6A</td><td  >0.500 V</td><td  >6.2 kQ to GND</td><td></td><td></td></tr>\n<tr><td  >TPS62871N0QWRXSRQ1</td><td  >9A</td><td  >0.750V</td><td  > Short to GND</td><td  >On</td><td  >0.5 ms</td></tr>\n<tr><td  >TPS62872N0QWRXSRQ1</td><td  >12 A</td><td  >0.875 V</td><td  >Short to VIN </td><td></td><td></td></tr>\n<tr><td  >TPS62873N0QWRXSRQ1</td><td  >15 A</td><td  >1.050 V</td><td  >47 kQ to VIN</td><td></td><td></td></tr>\n</table>"", ""<table><caption> Table 7-1. Pin Functions</caption>\n<tr><td  >Pin</td><td></td><td></td><td></td></tr>\n<tr><td  >Name</td><td  >No.</td><td  >Type(1)</td><td  >Description</td></tr>\n<tr><td></td><td></td><td></td><td  >Device compensation input. A resistor and capacitor from this pin to GOSNS define the </td></tr>\n<tr><td  >COMP</td><td  >1</td><td></td><td  >compensation of the control loop. In stacked operation, connect the CoMP pins of all stacked devices together and connect a</td></tr>\n<tr><td></td><td></td><td></td><td  >resistor and capacitor between the common COMP node and GOSNS.</td></tr>\n<tr><td  >GOSNS</td><td  >2</td><td></td><td  > Output ground sense (differential output voltage sensing)</td></tr>\n<tr><td  >VOSNS</td><td></td><td></td><td  >Output voltage sense (differential output voltage sensing)</td></tr>\n<tr><td></td><td></td><td></td><td  >This is the enable pin of the device. The user must connect to this pin using a series resistor of </td></tr>\n<tr><td></td><td></td><td></td><td  >at least 15 kQ. A low logic level on this pin disables the device and a high logic level on this pin</td></tr>\n<tr><td  >EN</td><td  >4</td><td></td><td  >enables the device. Do not leave this pin unconnected.</td></tr>\n<tr><td></td><td></td><td></td><td  >For stacked operation, interconnect EN pins of all stacked devices with a resistor to the supply</td></tr>\n<tr><td></td><td></td><td></td><td  >voltage or a GPlO of a processor. See Section 9.3.17 for a detailed description.</td></tr>\n<tr><td  >VIN</td><td  >5.9</td><td  >P</td><td  > Power supply input. Connect the input capacitor as close as possible between VIN and GND.</td></tr>\n<tr><td  >GND</td><td  >6,8</td><td  >GND</td><td  >Ground pin</td></tr>\n<tr><td  >SW</td><td  >7</td><td></td><td  >This pin is the switch pin of the converter and is connected to the internal power MOSFETs.</td></tr>\n<tr><td></td><td></td><td></td><td  > Open-drain power-good output. Low impedance when not \""power good,\"" high impedance when </td></tr>\n<tr><td></td><td></td><td></td><td  >\""power good.\"" This pin can be left open or be tied to GND when not used in single device </td></tr>\n<tr><td></td><td></td><td></td><td  >operation.</td></tr>\n<tr><td  >PG</td><td  >10</td><td  >I/0</td><td  > In stacked operation, interconnect the PG pins of all stacked devices. Only the PG pin of the </td></tr>\n<tr><td></td><td></td><td></td><td  > primary converter in stacked operation is an open-drain output. For devices that are defined as</td></tr>\n<tr><td></td><td></td><td></td><td  >secondary converters in stacked mode, this pin is an input pin. See Section 9.3.17 for a detailed</td></tr>\n<tr><td></td><td></td><td></td><td  >description.</td></tr>\n<tr><td></td><td></td><td></td><td  >The device runs in power save mode when this pin is pulled low. If the pin is pulled high, the</td></tr>\n<tr><td  >MODE/SYNC</td><td  >11</td><td></td><td  >device runs in forced-PWM mode. If unused, this pin can be left floating and an internal pulldown resistor will pull it low. The mode pin can also be used to synchronize the device to an external </td></tr>\n<tr><td></td><td></td><td></td><td  >clock.</td></tr>\n<tr><td  >SDA</td><td  >12</td><td  >I/0</td><td  >I2C serial data pin. Do not leave floating. Connect a pullup resistor to a logic high level. Connect to GND for secondary devices in stacked operation and for device variants without I2C.</td></tr>\n<tr><td></td><td></td><td></td><td  >I2C serial clock pin. Do not leave this pin floating. Connect a pullup resistor to a logic high level.</td></tr>\n<tr><td  >SCL</td><td  >13</td><td  >1/0</td><td  >Connect this pin to GND for secondary devices in stacked operation and for device variants</td></tr>\n<tr><td></td><td></td><td></td><td  >without I2C.</td></tr>\n</table>"", ""<table><caption> Device Information</caption>\n<tr><td colspan=3 rowspan=3 >Part Number Current Rating Package TPS62870-Q1 6A TPS62871-Q1 9A RXS (VQFN-FCRLF, TPS62872-Q1 12 A 16) TPS62873-Q1 15 A</td></tr>\n\n</table>""]","{""original_context_count"": 24, ""original_context_characters"": 24464, ""scored_context_count"": 8, ""scored_context_characters"": 4093, ""contexts_truncated"": true, ""context_selection"": ""claim_coverage"", ""selected_evidence_ids"": [""document:b6943ae371d76077""], ""selected_claim_ids"": [""sq_1:claim_1"", ""sq_2:claim_1""], ""excluded_evidence_ids"": [""circuit:21:module_connection:Group 15 · Power/PMIC:Group 17 · Power/PMIC:GND"", ""circuit:21:module_connection:Group 15 · Power/PMIC:Group 18 · Power/PMIC:GND"", ""circuit:21:module_connection:Group 15 · Power/PMIC:Group 6 · Power/PMIC:GND"", ""circuit:21:module_connection:Group 17 · Power/PMIC:Group 18 · Power/PMIC:GND"", ""circuit:21:module_connection:Group 17 · Power/PMIC:Group 18 · Power/PMIC:MCU_SCL_P15.4"", ""circuit:21:module_connection:Group 17 · Power/PMIC:Group 18 · Power/PMIC:MCU_SDA_P15.5"", ""circuit:21:module_connection:Group 17 · Power/PMIC:Group 6 · Power/PMIC:GND"", ""circuit:21:net:MCU_nINT_PMIC_P12.1"", ""document:034c767118e5df31"", ""document:0a2d86c848720c0c"", ""document:29cc1a9be32b6d7f"", ""document:2f8baf0f2ad1d779"", ""document:58106bd2421dc2d1"", ""document:5e69a562758e3536"", ""document:7970eec1b28a0159"", ""document:83eb1e6ff3c49393"", ""document:9d920781cf0beed8"", ""document:a47f93f7ac4e825a"", ""document:a6f318d1053a4c7e"", ""document:d69d04d302326d46"", ""document:dd6d958dffe7c372"", ""document:ea7b2234534382bf"", ""document:eeb35b1228d7836f""]}",0.33534274481711485,0.3577775894432634,0.75,not_applicable,0.9999999999,0.5,0.5,0.7142857142857143,not_applicable
hw-v1-joint-vcc0v75,success,0.75V 电源由哪颗芯片产生，输入是什么，文档有什么配置要求？,U1800 是 TPS62872，VIN 接 VCC3V3，VOSNS 对应 VCC0V75；配置要求见 HSI 7.3 节 TPS62872 配置。,"## 直接结论

- **0.75V 电源产生芯片**：TI TPS62872。  
- **输入**：VCC3V3（3.3V 电源轨）。  
- **文档配置要求**：  
  - 项目设计文档（HSI 模块方案）规定：通过 MCU 的 P22.0 引脚使能芯片，通过 I2C 接口（MCU_SDA_P15.5、MCU_SCL_P15.4）设置输出电压和通信。  
  - 芯片数据手册（TPS6287x-Q1）提供了详细的外部元件选型指南，包括电感推荐值（典型 110 nH）、输出电容（最小 203 μF，推荐 X7R 陶瓷电容）、补偿网络（电阻、电容）、开关频率设置（通过 FSEL 引脚电阻选择）等，但项目文档中未指定具体数值。

---

## 支撑证据

### 1. 产生芯片和输入

- 文档 [10]（0eb6659a764f4d29）：“VCC3V3 转 VCC0V75 应用于 EQ6 的内核供电……现选型 TI 的方案 TPS62872。”  
- 文档 [12]（b6943ae371d76077）：“VCC3V3 转 VCC0V75 应用于 EQ6 的内核供电……电源方案 TPS62872。”  
- 两文档均明确输入为 **VCC3V3**（3.3V 电源轨），该电源轨由 KL30 转 VCC3V3 的一级 DC-DC 产生（文档 [12] 模块方案描述）。

### 2. 配置要求（项目文档）

- 文档 [10]：“用 MCU 的 P22.0 引脚使能芯片，用 MCU_SDA_P15.5，MCU_SCL_P15.4 引脚 I2C 通信来设置输出电压和通信。”  
- 文档 [12] 重复同样的使能和 I2C 配置描述。  
- 项目文档中未列出外部电阻、电容、电感的具体数值，仅说明通过 I2C 编程完成输出电压设定。

### 3. 配置要求（芯片数据手册）

- 文档 [14]（af98fef66e3629af）：“TI 推荐电感起始值 110 nH……开关频率可通过 FSEL 引脚电阻选择为 1.5 MHz、2.25 MHz、2.5 MHz 或 3.0 MHz。”  
- 文档 [15]（136b2d26099fb0e7）：“输出电容最小值为 203 μF……推荐低 ESR 多层陶瓷电容（X7R 介质）。”  
- 文档 [17]（d6a0c0ee0360415f）和 [19]（2d98070e9d1ea13a）提供了补偿电容、动态电压调整等详细配置方法。  
- **注意**：数据手册内容属于通用设计指南，项目文档未直接引用这些具体数值，因此实际配置需结合数据手册和系统要求。

---

## 缺失信息

- 项目文档中未给出 **外部电阻、电容、电感的具体数值**，也未明确开关频率、输出电压的精确 I2C 寄存器设置值。  
- 数据手册中的配置计算（如电感值、电容值、补偿电阻等）需根据具体负载和瞬态要求确定，但项目文档未提供 TI 推荐值以外的定制化参数。","## 直接结论

- **0.75V 电源产生芯片**：TI TPS62872。  
- **输入**：VCC3V3（3.3V 电源轨）。  
- **文档配置要求**：  
  - 项目设计文档（HSI 模块方案）规定：通过 MCU 的 P22.0 引脚使能芯片，通过 I2C 接口（MCU_SDA_P15.5、MCU_SCL_P15.4）设置输出电压和通信。  
  - 芯片数据手册（TPS6287x-Q1）提供了详细的外部元件选型指南，包括电感推荐值（典型 110 nH）、输出电容（最小 203 μF，推荐 X7R 陶瓷电容）、补偿网络（电阻、电容）、开关频率设置（通过 FSEL 引脚电阻选择）等，但项目文档中未指定具体数值。

---

## 支撑证据

### 1. 产生芯片和输入

- 文档 [10]（0eb6659a764f4d29）：“VCC3V3 转 VCC0V75 应用于 EQ6 的内核供电……现选型 TI 的方案 TPS62872。”  
- 文档 [12]（b6943ae371d76077）：“VCC3V3 转 VCC0V75 应用于 EQ6 的内核供电……电源方案 TPS62872。”  
- 两文档均明确输入为 **VCC3V3**（3.3V 电源轨），该电源轨由 KL30 转 VCC3V3 的一级 DC-DC 产生（文档 [12] 模块方案描述）。

### 2. 配置要求（项目文档）

- 文档 [10]：“用 MCU 的 P22.0 引脚使能芯片，用 MCU_SDA_P15.5，MCU_SCL_P15.4 引脚 I2C 通信来设置输出电压和通信。”  
- 文档 [12] 重复同样的使能和 I2C 配置描述。  
- 项目文档中未列出外部电阻、电容、电感的具体数值，仅说明通过 I2C 编程完成输出电压设定。

### 3. 配置要求（芯片数据手册）

- 文档 [14]（af98fef66e3629af）：“TI 推荐电感起始值 110 nH……开关频率可通过 FSEL 引脚电阻选择为 1.5 MHz、2.25 MHz、2.5 MHz 或 3.0 MHz。”  
- 文档 [15]（136b2d26099fb0e7）：“输出电容最小值为 203 μF……推荐低 ESR 多层陶瓷电容（X7R 介质）。”  
- 文档 [17]（d6a0c0ee0360415f）和 [19]（2d98070e9d1ea13a）提供了补偿电容、动态电压调整等详细配置方法。  
- **注意**：数据手册内容属于通用设计指南，项目文档未直接引用这些具体数值，因此实际配置需结合数据手册和系统要求。

---

## 缺失信息

- 项目文档中未给出 **外部电阻、电容、电感的具体数值**，也未明确开关频率、输出电压的精确 I2C 寄存器设置值。  
- 数据手册中的配置计算（如电感值、电容值、补偿电阻等）需根据具体负载和瞬态要求确定，但项目文档未提供 TI 推荐值以外的定制化参数。","[""Instance X1903: FPC_30PIN+2NC, 101106-203050-HF, FPC_30PIN+2NC, CONN_101106-203050-HF-30PIN."", ""Module Group 14 · Ethernet/PHY connects to Group 15 · Power/PMIC through net GND."", ""Module Group 14 · Ethernet/PHY connects to Group 17 · Power/PMIC through net GND."", ""Module Group 14 · Ethernet/PHY connects to Group 18 · Power/PMIC through net GND."", ""Module Group 14 · Ethernet/PHY connects to Group 6 · Power/PMIC through net GND."", ""Module Group 15 · Power/PMIC connects to Group 17 · Power/PMIC through net GND."", ""Module Group 15 · Power/PMIC connects to Group 18 · Power/PMIC through net GND."", ""Module Group 15 · Power/PMIC connects to Group 6 · Power/PMIC through net GND."", ""<table><tr><td>HM ID</td><td>F20/F21/ F22/ F23</td></tr><tr><td>模块功能 \nModule Function</td><td>ADAS系统需求MCU外置4路CAN/CAN FD和外部进行通讯。\nThe ADAS system requires MCU external 4-channel CAN/CAN FD and external communication. </td></tr><tr><td>模块框图\nModule diagram</td><td></td></tr><tr><td>模块方案\nModule solution</td><td>根据系统需求ADAS的四路CAN/CANFD都需要兼容TCAN1145和TCAN1044A，最大速率支持5M，根据客户需求进行选贴。\nCAN0芯片用到引脚有MCU_CAN0_TXD_P13.0，MCU_CAN0_RXD_P13.1，MCU_SPI3_MTSR_P02.6，CAN_EN_MCU_SPI3_MRST_P02.5，CAN_ERR_MCU_SPI3_CLK_P02.7，CAN0_STB_MCU_SPI3_CS5_P02.8。\nCAN1芯片用到的引脚有MCU_CAN1_TXD_P20.7，MCU_CAN1_RXD_P20.6，MCU_SPI3_MTSR_P02.6，CAN_EN_MCU_SPI3_MRST_P02.5，CAN_ERR_MCU_SPI3_CLK_P02.7，CAN1_STB_MCU_SPI3_CS4_P00.2。\nCAN2芯片用到的引脚有MCU_CAN2_TXD_P14.0，MCU_CAN2_RXD_P14.1，MCU_SPI3_MTSR_P02.6，CAN_EN_MCU_SPI3_MRST_P02.5，CAN_ERR_MCU_SPI3_CLK_P02.7，CAN2_STB_MCU_SPI3_CS3_P00.5。\nCAN3芯片用到的引脚有MCU_CAN3_TXD_P32.3，MCU_CAN3_RXD_P32.2，MCU_SPI3_MTSR_P02.6，CAN_EN_MCU_SPI3_MRST_P02.5，CAN_ERR_MCU_SPI3_CLK_P02.7，CAN3_STB_MCU_SPI3_CS6_P00.8。\n1, Per system requirements, all four CAN/CAN FD channels in the ADAS must be compatible with both TCAN1145 and TCAN1044A transceivers, supporting a maximum rate of 5 Mbps. The selection of components (TCAN1145 or TCAN1044A) is determined by customer requirements.\nPin Assignments:\nCAN0:\nMCU_CAN0_TXD_P13.0, MCU_CAN0_RXD_P13.1, MCU_SPI3_MTSR_P02.6, CAN_EN_MCU_SPI3_MRST_P02.5, CAN_ERR_MCU_SPI3_CLK_P02.7, CAN0_STB_MCU_SPI3_CS5_P02.8.\nCAN1:\nMCU_CAN1_TXD_P20.7, MCU_CAN1_RXD_P20.6, MCU_SPI3_MTSR_P02.6, CAN_EN_MCU_SPI3_MRST_P02.5, CAN_ERR_MCU_SPI3_CLK_P02.7, CAN1_STB_MCU_SPI3_CS4_P00.2.\nCAN2:\nMCU_CAN2_TXD_P14.0, MCU_CAN2_RXD_P14.1, MCU_SPI3_MTSR_P02.6, CAN_EN_MCU_SPI3_MRST_P02.5, CAN_ERR_MCU_SPI3_CLK_P02.7, CAN2_STB_MCU_SPI3_CS3_P00.5.\nCAN3:\nMCU_CAN3_TXD_P32.3, MCU_CAN3_RXD_P32.2, MCU_SPI3_MTSR_P02.6, CAN_EN_MCU_SPI3_MRST_P02.5, CAN_ERR_MCU_SPI3_CLK_P02.7, CAN3_STB_MCU_SPI3_CS6_P00.8.</td></tr></table>"", ""<table><tr><td>HM ID</td><td>F14</td></tr><tr><td>模块功能 \nModule Function</td><td>VCC3V3转VCC0V75应用于EQ6的内核供电，要求输出电流能力大，现选型TI的方案TPS62872。\nVCC3V3 to VCCOV75 is applied to the kernel power supply of EQ6, which requires large output current capacity. TI's scheme TPS62872 is selected.</td></tr><tr><td>模块框图\nModule diagram</td><td></td></tr><tr><td>模块方案\nModule solution</td><td>\t采用TPS62872电源芯片，将VCC3V3转换为VCC0V75，提供给EQ6核电供电。用MCU的P22.0引脚使能芯片，用MCU_SDA_P15.5，MCU_SCL_P15.4引脚I2C通信来设置输出电压和通信。\nTPS62872 power chip is used to convert VCC3V3 to VCCOV75, which is supplied to EQ nuclear power supply. P22.0 pin of MCU is used to enable chip, MCU_SDA_P15.5, MCU_SCL_P15.4 pin I2C communication is used to set output voltage and communication. +</td></tr></table>"", ""<table><tr><td>HM ID</td><td>F26</td></tr><tr><td>模块功能 \nModule Function</td><td>系统需求MCU外置看门狗，用于监控MCU功能异常时进行复位。\nThe system requires MCU external watchdog, used to monitor MCU function abnormal reset.</td></tr><tr><td>模块框图\nModule diagram</td><td></td></tr><tr><td>模块方案\nModule solution</td><td>窗口看门狗喂狗参数由LP87702的OTP文件进行配置，具体参数为：喂狗长周期600ms，窗口为10~30ms，看门狗输出复位信号低电平持续10ms。用MCU的P13.3引脚喂狗。\nThe window watchdog feeding parameters are configured by the OTP file of LP87702, the specific parameters are: feeding the dog for a long period of 600ms, the window is 10~30ms, and the low level of the watchdog output reset signal lasts for 10ms. Feed the dog with P13.3 pin of the MCU. </td></tr></table>"", ""<table><tr><td>HM ID</td><td>F11/F12/F13/F14/F15/F16/F17/F18/F19/F25/F27</td></tr><tr><td>模块功能 \nModule Function</td><td>系统使用车载电池12V电压供电，经过EMI电路后输入至电源转换芯片，转换输出系统各模块所需电源。\nThe system uses 12V voltage power supply from the vehicle battery, which is input to the power conversion chip through the EMI circuit. Then the power conversion chip convert and output the power required by each module of the system.</td></tr><tr><td>模块框图\nModule diagram</td><td></td></tr><tr><td>模块方案\nModule solution</td><td>KL30 EMI (ASIL-B)\nKL30供电口处增加EMI电路，用于供电保护和滤波。硬件电路设计在UBD网络增加两个串联ESD电容，PCB布局靠近主连接器引脚处，用于吸收外部ESD信号，后端增加双向TVS管用于瞬态过压保护\nThe EMI circuit is added at the KL30 power supply port for power supply protection and filtering. The hardware circuit design adds two series ESD capacitors in the UBD network, the PCB layout is close to the main connector pin for absorbing external ESD signals, and the two-way TVS tube is added at the back end for transient overvoltage protection.\nKL30 to VCC3V3 (ASILB)\nKL30转VCC3V3是系统一级DC-DC，给MCU提供VCC3V3_MCU电源，所以系统要求其满足ASILB，确保MCU功能安全。\nKL30 to VCC3V3 is a system primary DC-DC chip, because the MCU needs VCC3V3_MCU power supply, so the system requires it to meet the ASILB to ensure the functional safety of the MCU.\nVCC3V3_MCU to VCC1V25_MCU(ASILB)\n3V3转1V25_MCU是使用MCU内置控制器进行控制的BUCK电源，用于MCU的核供电，功能安全需求达到ASILB，确保MCU功能安全。\n3V3 to 1V25_MCU is a BUCK power supply controlled by MCU built-in controller, which is used for MCU nuclear power supply. Functional safety requirements meet ASILB to ensure the functional safety of MCU.\nVCC3V3 to VCC0V75(QM(B))\nVCC3V3转VCC0V75应用于EQ6的内核供电，要求输出电流能力大，现选型TI的电源方案TPS62872。用MCU的P22.0引脚使能芯片，用MCU_SDA_P15.5，MCU_SCL_P15.4引脚I2C通信来设置输出电压和通信。\nVCC3V3 to VCC0V75 is applied to the core power supply of EQ6, which requires large output current capacity. The power supply scheme TPS62872 of TI is selected. P22.0 pin of MCU is used to enable the chip, and MCU_SDA_P15.5, MCU_SCL_P15.4 pin I2C communication is used to set the output voltage and communication. \nVCC3V3 to 0V75_MIPI_DDR(QM(B))\nVCC3V3转0V75_MIPI_DDR用于EQ6的IO口供电，现使用矽力杰的SA23002进行设计。用MCU的P22.1引脚使能该芯片。\nVCC3V3 to 0V75_MIPI_DDR for EQ6 IO port power supply, Silergy’s SA23002 is designed. The P22.1 pin of the MCU is used to enable the chip.\nVCC3V3转VCC1V8、VCC1V1、VCC50(QM(B))\nVCC1V8用于EQ6、CAM、DDR、FLASH供电，VCC1V1用于EQ6、DDR供电，VCC50用于CAN收发器供电，现选择LP87702 PMIC方案。用MCU的P15.3引脚使能该芯片的5V输出，用MCU_SCL_P15.4，MCU_SDA_P15.5 I2C通信来设置1.8V和1.1V输出电压和使能。\nVCC1V8 is used for EQ6, CAM, DDR, FLASH power supply, VCC1V1 is used for EQ6, DDR power supply, VCC50 is used for CAN transceiver  power supply, LP87702 PMIC scheme is selected. P15.3 pin of MCU is used to enable 5V output of the chip, and MCU_SCL_P15.4, MCU_SDA_P15.5 I2C communication is used to set 1.8V and 1.1V output voltage and enable it. \nVCC3V3 to VCC3V3_EQ(QM(B))\nVCC3V3转VCC3V3_EQ用于EQ6的IO和摄像头供电，现使用负载开关进行设计。用MCU的P20.3引脚使能该芯片。\nVCC3V3 to VCC3V3_EQ for EQ6’s IO and camera power supply, now using the load switch is designed. .The P20.3 pin of the MCU is used to enable the chip.\n\tVCC3V3 to VCC3V3_ETH(QM)\n3V3转3V3_ETH用于ETH供电，现选择负载开关方案。用MCU的P21.0引脚使能该芯片。\n3V3 to 3V3_ETH for ETH power supply, the load switch scheme is selected. . The P21.0 pin of the MCU is used to enable the chip.\n\tVCC1V8 to VCC1V8_EQ(QM(B))\nVCC1V8转VCC1V8_EQ用于EQ供电，现选择负载开关方案。用MCU的P20.0引脚使能该芯片。\nVCC1V8 to VCC1V8_EQ for EQ power supply, the load switch scheme is selected. . The P20.0 pin of the MCU is used to enable the chip.</td></tr><tr><td colspan='2'></td></tr></table>"", ""\nUpdated theDevice OptionsTable.\n3 .5\nModified MODE/SYNC pin Description in Pin Functions Changed the title of Figure 8-5\n12\nAdded approximate minimum on time value.\n15\n Added behavior of device when EN is toggled and input voltage is applied..\n.17\n·\nModified Table 9-5 to reflect new available Orderable Part Number..\n21\nAdded a comment on how to connect secondary devices SYNC_OUT pin..\n27\nAdded a footnote to Table 9-10\n.31\nAdded I2C Register Reset \n.34 Added Number of phases NΦ and adapted passive component selection equations in Typical Application ...41\nPage\nChanges from Revision * (May 2022) to Revision A (July 2022)\nChanged document status from Advance Information to Production Data......\n.1\n5 Description (continued)\nThe switching frequency is resistor-selectable through the FSEL pin. The switching frequency can be set to 1.5 MHz, 2.25 MHz, 2.5 MHz, or 3.0 MHz, or synchronized to an external clock in the same frequency range.\nThe I2C-compatible interface offers several control, monitoring, and warning features, such as voltage monitoring and temperature-related warnings. The output voltage can be quickly adjusted to adapt the power consumption of the load to the performance needs of the application through the I2C-compatible interface. The default start-up voltage is resistor-selectable through the VSEL pin.\n6 Device Options\n The I2C address is linked to the selected start-up voltage. The user cannot select the start-up voltage and I2C address independently.(1)\nThe user can use the VSEL pin to select which of the four start-up voltages the device uses. For more information, see Table 9-5 and (2)\n7 Pin Configuration and Functions\n8 Specifications\n8.1 Absolute Maximum Ratings\nover operating temperature range (unless otherwise noted)(1)\n(1)Operation outside the Absolute Maximum Ratings may cause permanent device damage. Absolute Maximum Ratings do not imply functional operation of the device at these or any other conditions beyond those listed under Recommended Operating Conditions.\nIf used outside the Recommended Operating Conditions but within the Absolute Maximum Ratings, the device may not be fully functional, and this may affect device reliability, functionality, performance, and shorten the device lifetime.\n(2)All voltage values are with respect to the GND pin.\nWhile switching.\n(3)"", ""\n9.6.2 CONTROL1 Register (Address = 1h) [Reset = 2Ah]\nCONTROL1 is shown in Figure 9-22 and described in Table 9-14.\nReturn to the Summary Table.\nThis register controls various device configuration options.\n9.6.3 CONTROL2 Register (Address = 2h) [Reset = 9h]\nCONTROL2 is shown in Figure 9-23 and described in Table 9-15.\nReturn to the Summary Table.\nThis register controls various device configuration options.\n 9.6.4 CONTROL3 Register (Address = 3h) [Reset = 0h]\nCONTROL3 is shown in Figure 9-24 and described in Table 9-16.\nReturn to the Summary Table.\nThis register controls various device configuration options.\n9.6.5 STATUS Register (Address = 4h) [Reset = 2h]\nSTATUS is shown in Figure 9-25 and described in Table 9-17.\nReturn to the Summary Table.\nThis register returns the device status flags.\n10 Application and Implementation\nNote\nInformation in the following applications sections is not part of the Tl component specification, and Tl does not warrant its accuracy or completeness. Tl's customers are responsible for determining suitability of components for their purposes, as well as validating and testing their design implementation to confirm systemfunctionality.\n10.1 Application Information\nThe following section discusses selection of the external components to complete the power supply design for typical a application.\n 10.2 Typical Application\n10.2.1 Design Requirements\nPreliminary Calculations\nThe maximum allowable deviation of the power supply is ±3.3%. The DC accuracy of the TPS6287x-Q1 is specified as ±1%, therefore, the maximum output voltage variation during a transient is given by:\nVoUT = ± VouT × (3.3% - 1%) = ±17.25 mV\n10.2.2 Detailed Design Procedure\nThe following subsections describe how to calculate the external components required to meet the specified transient requirements of a given application. The calculations include the worst-case variation of components and use the RMS method to combine the variation of uncorrelated parameters.\n10.2.2.1 Selecting the Inductor\nThe TPS6287x-Q1 devices have been optimized for inductors in the range 50 nH to 300 nH. If the transient response of the converter is limited by the slew rate of the current in the inductor, using a smaller inductor can improve performance. However, the output ripple current increases as the value of the inductor decreases and higher output current ripple generates higher output voltage ripple, which adds to the transient overshoot or undershoot. The optimal configuration for a given application is always a trade-off between a number of parameters. Tl recommends a starting value of 110 nH for typical applications."", ""\nRounding up, the closest standard value from the E24 series is 2.4 kQ.\n10.2.2.4Selecting the Output Capacitors\nIn practice, the total output capacitance is typically comprised of a combination of different capacitors, in which larger capacitors provide the load current at lower frequencies and smaller capacitors provide the load current at higher frequencies. The value, type, and location of the output capacitors are critical for correct operation. TI recommends low-ESR multilayer ceramic capacitors with an X7R dielectric (or similar) for best performance.\nThe TPS6287x-Q1 devices feature a butterfly layout with two GND pins on opposite sides of the package.\nThis allows the output capacitors to be placed symmetrically on the PCB such that the electromagnetic fields generated cancel each other out, thereby reducing EMI.\nThe transient response of the converter is limited by one of two criteria:\n· The slew rate of the current through the inductor, in which case, the feedback loop of the converter saturates.\n· The maximum allowed ratio of converter bandwidth to switching frequency, in which the converter remains in regulation (that is, its loop does not saturate). Tl recommends a minimum ratio of four for typical applications.\nWhich of the above criteria applies in any given application depends on the operating conditions and component values used. Therefore, Tl recommends that the user calculate the output capacitance for both cases, and select the higher of the two values.\nIf the converter remains in regulation, the minimum output required capacitance is given by:\nIf the converter loop saturates, the minimum output capacitance is given by:\nIn this case, choose Cout(min) = 203 μF as the larger of the two values for the output capacitance.\nWhen calculating worst-case component values, use the value calculated above as the minimum output capacitance required. For ceramic capacitors, the maximum capacitance when considering tolerance, DC bias, temperature, and aging effects is typically two times the minimum capacitance. In this case, the maximum capacitance CouT(max) is 406 μF.\n10.2.2.5 Selecting the Compensation Capacitor, Cc\nFirst, use Equation 17 to calculate the bandwidth of the inner loop:\nBWINNER =\n2π × N x CoUT(max) 12.5 × 10-6\nBWINNER =\n= 89 kHz\n2πt × 110 × 10× 203.2 × 10-6 1"", ""<table><tr><td>HM ID</td><td>F32</td></tr><tr><td>模块功能 \nModule Function</td><td>3V3转1V25_MCU用于MCU的核供电\n3V3 to 1V25_MCU is used for the core power supply of MCU</td></tr><tr><td>模块框图\nModule diagram</td><td></td></tr><tr><td>模块方案\nModule solution</td><td>该BUCK电源使用MCU的内置控制器进行控制，外部需要选型功率开关管和电感电容。\nThe BUCK power supply is controlled by the built-in controller of the MCU, and the external selection of power switches and inductors and capacitors is required.</td></tr></table>"", ""\nNext, calculate the product of gmRz:\nIf gmRz > than 1, use Equation 20 to calculate the recommended value of Cc. If gmRz < 1, use Equation 22 to calculate the recommended value of Cc.\nCc = -\n2 π × BWINNER × gm x Rz2\n0.828 nF\nCc=\nπt × 89 × 103 ×1.5 × 10-3 × (2.4 × 103)\nThe closest standard value from the E12 series is 0.82 nF.\n2 × gm Cc = πxBWiNNER\n10.2.2.6 Selecting the Compensation Capacitor, Cc2\nThe compensation capacitor, Cc2, is an optional capacitor that Tl recommends the user include to bypass high-frequency noise away from the COMP pin. The value of this capacitor is not critical; 10-pF or 22-pF capacitors are suitable for typical applications."", ""\n10.4PowerSupplyRecommendations\nThe TPS6287x-Q1 family has no special requirements for its input power supply. The output current rating of the input power supply must be rated according to the supply voltage and current requirements of the TPS6287X-Q1\n10.5Layout\n10.5.1 Layout Guidelines\nAchieving the performance the TPS6287x-Q1 devices are capable of requires proper PDN and PCB design.\nTI therefore recommends the user perform a power integrity analysis on their design. There are a number of commercially available power integrity software tools, and the user can use these tools to model the effects on performance of the PCB layout and passive components.\nIn addition to the use of power integrity tools, Tl recommends the following basic principles:\n· Place the input capacitors close to the VIN and GND pins. Position the input capacitors in order of increasing size, starting with the smallest capacitors closest to the VIN and GND pins. Use an identical layout for both\nVIN-GND pin pairs of the package, to gain maximum benefit from the butterfly configuration.\n·Place the inductor close to the device and keep the SW node small.\n· Connect the exposed thermal pad and the GND pins of the device together. Use multiple thermal vias to\nconnect the exposed thermal pad of the device to one or more ground planes (Tl's EVM uses nine 150-μm\nthermal vias).\n·Use multiple power and ground planes.\n· Route the VOSNS and GOSNS remote sense lines as a differential pair and connect them to the lowest- impedance point of the PDN. If the desired connection point is not the lowest impedance point of the PDN, optimize the PDN until it is. Do not route the VOSNS and GOSNS close to any of the switch nodes.\n· Connect the compensation components between VOSNS and GOSNS. Do not connect the compensation components directly to power ground.\n· If possible, distribute the output capacitors evenly between the TPS6287x-Q1 device and the point-of-load, rather than placing them altogether in one place.\n· Use multiple vias to connect each capacitor pad to the power and ground planes (TI's EVM typically uses four vias per pad).\nUse plenty of stitching vias to ensure a low impedance connection between different power and ground· planes.\nProduct Folder Links: TPS62870-Q1TPS62871-Q1 TPS62872-Q1 TPS62873-Q1"", ""\nDuring start-up, the output voltage ramps up to the target value set by the VSEL pin before ramping up or down to any new value programmed to the device over the I2C interface.\n9.3.6.3Non-DefaultOutputVoltageSetpoint\nIf none of the default voltage range or voltage setpoint combinations are suitable for the application, the user can change these device settings through I2C before the user enables the device. Then, when the user pulls the EN pin high, the device starts up with the desired start-up voltage.\nNote that if the user changes the device settings through I?C while the device is ramping, the device ignores the changes until the ramp is complete\n9.3.6.4 Dynamic Voltage Scaling\nIf the user changes the output voltage setpoint while the DC/DC converter is operating, the device ramps up or down to the new voltage setting in a controlled way.\nThe VRAMP[1:0] bits in the CONTROL1 register sets the slew rate when the device ramps from one voltage to another during DVS (see Table 9-6).\nNote that ramping the output to a higher voltage requires additional output current, so that during DvS, the converter must generate a total output current given by:\ndVour lour = lour c) + Cour dVOouT\nwhere\n· lout is the total current the converter must generate while ramping to a higher voltage.\nlouT(Dc) is the DC load current.· Cout is the total output capacitance.\n dVout/dt is the slew rate of the output voltage (programmable in the range 0.5 mV/μs to 10 mV/us).\nFor correct operation, ensure that the total output current during DVS does not exceed the current limit of the device.\n9.3.7 Compensation (CoMP)\nThe CoMP pin is the connection point for an external compensation network. A series-connected resistor and capacitor to GOSNS is sufficient for typical applications. The series-connected resistor also provides enough scope to optimize the loop response for a wide range of operating conditions.\nWhen using multiple devices in a stacked configuration, all devices share a common compensation network, and the COMP pin makes sure there is equal current sharing between them (see Section 9.3.17).\n9.3.8 ModeSelection and Clock Synchronization (MODE/SYNC)\nA high level on the MODE/SYNC pin selects forced PWM operation. A low level on the MODE/SYNC pin selects power save operation, in which, the device automatically transitions between PWM and PFM, according to the load conditions."", ""<table><tr><td>HM ID</td><td>F01/F08/F09</td></tr><tr><td>模块功能 \nModule Function</td><td>系统需求需要板内电源电压进行ADC采样和异常监控，要求功能安全达到ASIL-B等级，确保EQ6系统工作安全。\nThe system requirements require the on-board power supply voltage for ADC sampling and anomaly monitoring, and the functional safety is required to reach ASIL-B level to ensure the working safety of EQ6 system.</td></tr><tr><td>模块框图\nModule diagram</td><td></td></tr><tr><td>模块方案\nModule solution</td><td>EQ6系统电源电压采样  \n系统需求需要MCU对LP87702、TPS62872、SA23002、TPS22918和摄像头端的电压VCC3V3_EQ，VCC1V8，VCC1V1，VCC0V75，0V75_MIPI_DDR、VCC3V3_CAM，VCC_1V8_CAM、VCC1V1_CAM进行ADC采样和异常监控。其中VCC1V8，VCC1V1，VCC0V75，0V75_MIPI_DDR，VCC_1V8_CAM、VCC1V1_CAM电压范围未超量程对电压直接采样。VCC3V3_EQ和VCC3V3_CAM经过两个10K 1%精度电阻分压后采样。VCC3V3_EQ用AN2引脚采样，VCC1V8用AN3引脚采样，VCC1V1用AN4引脚采样，VCC1V8_EQ用AN5引脚采样，VCC3V3_CAM用AN12引脚采样，VCC1V1_CAM用AN13引脚采样，VCC1V8_CAM用AN14引脚采样，VCC0V75_MIPI_DDR用AN18引脚采样，VCC0V75用AN19引脚采样。\nEQ6 system power supply voltage sampling\nThe system requirements specify that the MCU must perform ADC sampling and abnormal monitoring on the voltages VCC3V3_EQ, VCC1V8, VCC1V1, VCC0V75, 0V75_MIPI_DDR, VCC3V3_CAM, VCC_1V8_CAM, and VCC1V1_CAM for the LP87702, TPS62872, SA23002, TPS22918, and camera-side devices. Among these voltages, VCC1V8, VCC1V1, VCC0V75, 0V75_MIPI_DDR, VCC_1V8_CAM, and VCC1V1_CAM have voltage ranges within the measurement range and are directly sampled. VCC3V3_EQ and VCC3V3_CAM are sampled after being divided by two 10K resistors with 1% precision. Specifically, VCC3V3_EQ is sampled using AN2, VCC1V8 using AN3, VCC1V1 using AN4, VCC1V8_EQ using AN5, VCC3V3_CAM using AN12, VCC1V1_CAM using AN13, VCC_1V8_CAM using AN14, 0V75_MIPI_DDR using AN18, and VCC0V75 using AN19.\nCAN&ETH电源电压采样\n系统需求MCU对LP87702、TPS22918的输出电压VCC3V3_ETH，VCC50进行ADC采样和异常监控，VCC3V3_ETH和VCC50经过两个10K 1%精度电阻分压后采样。VCC3V3_ETH用AN8引脚采样，VCC50用AN1引脚采样。\nCAN&ETH power supply voltage sampling\nThe system requirements specify that the MCU must perform ADC sampling and abnormal monitoring on the output voltages VCC3V3_ETH and VCC50 from the LP87702 and TPS22918. Both VCC3V3_ETH and VCC50 are sampled after being divided by two 10K resistors with 1% precision. Specifically, VCC3V3_ETH is sampled using AN8, and VCC50 is sampled using AN1.</td></tr></table>"", ""\ntd(RAMP) = 500 μs td(RAMP) = 1 ms (default) td(RAMP) = 2 ms td(RAMP) = 4 ms·\nThe device ignores new values until the soft-start sequence is complete if the user programs the following when the device soft-start sequence has already started:\nA new output voltage setpoint (VOuT[7:o]) An output voltage range (VRANGE[1:0]) Soft-start time (SSTIME[1:o]) settings\nIf the user change the value of VSET[7:0] during soft start, the device first ramps to the value that VSET[7:0] had when the soft-start sequence began. Then, when soft start is complete, the device ramps up or down to the new value.\nThe device can start up into a prebiased output. In this case, only a portion of the internal voltage ramp is seen externally (see Figure 9-9).\nNote that the device always operates in DcM during the start-up ramp, regardless of other configuration settings or operating conditions.\n9.3.5SwitchingFrequencySelection\nDuring device initialization, a resistor-to-digital converter in the device determines the state of the FSEL pin and sets the switching frequency of the DC/DC converter according to Table 9-2.\nFor a reliable voltage setting, ensure there is no stray current path connected to the FSEL pin and that the1.\nparasitic capacitance between the FSEL pin and GND is less than 1o0 pF.\nidentical circuit detects the state of the VSEL pin - see Section 9.3.6.2).\nDetection of the state of the FSEL pin works as follows:\nTo detect the most significant bit (MSB), the circuit opens S1 and S2, and the input buffer detects if a high or a low level is connected to the FSEL pin.\nProduct Folder Links: TPS62870-Q1TPS62871-Q1 TPS62872-Q1 TPS62873-Q1\nTo detect the least significant bit (LSB):\nIf the MSB was 0, the circuit closes S1. If the input buffer detects a high level, LSB = 1. If the circuit detects a low level, LSB = 0.\n If the MSB was 1, the circuit closes S2. If the input buffer detects a low level, LSB = 0. If the circuit detects a·"", ""<table><caption> Table 7-1. Pin Functions (continued) I = input, O = output, P = power, GND = ground(1)</caption>\n<tr><td  >Pin</td><td></td><td></td><td></td></tr>\n<tr><td  >Name</td><td  >No.</td><td  >Type(1)</td><td  >Description</td></tr>\n<tr><td></td><td></td><td></td><td  >Internal clock output pin for synchronization in stacked mode. Leave this pin floating for single </td></tr>\n<tr><td></td><td></td><td></td><td  >device operation. Connect this pin to the MODE/SYNC pin of the next device in the daisy-chain in </td></tr>\n<tr><td  >SYNC_OUT</td><td  >14</td><td></td><td  >stacked operation. Do not use this pin to connect to a non-TPS6287x-Q1 device.  During start-up, this pin is used to identify if a device must operate as a secondary converter in</td></tr>\n<tr><td></td><td></td><td></td><td  >stacked operation. Connect a 47-kQ resistor from this pin to GND to define a secondary converter</td></tr>\n<tr><td></td><td></td><td></td><td  > in stacked operation. See Section 9.3.17 for a detailed description.</td></tr>\n<tr><td  >VSEL</td><td  >15</td><td  >一</td><td  > Start-up output voltage select pin. A resistor or short circuit to GND or Vin defines the selected output voltage. See Section 9.3.6.2.</td></tr>\n<tr><td  >FSEL</td><td  >16</td><td  >一</td><td  >Frequency select pin. A resistor or a short circuit to GND or Vin determines the free-running switching frequency. See Section 9.3.6.2.</td></tr>\n<tr><td  >Exposed Thermal Pad</td><td></td><td  >一</td><td  >The thermal pad must be soldered to GND to achieve an appropriate thermal resistance and for mechanical stability.</td></tr>\n</table>"", ""<table><tr><td>HM ID</td><td>F27</td></tr><tr><td>运行模式\nOperation Mode</td><td>上电模式、下电模式、运行模式\nPower on mode, power off mode, run mode.</td></tr><tr><td>模式定义\nDefinition of Operation mode</td><td>1、\t上电模式\n一级电源VCC3V3_MCU输出有效后，MCU的内置驱动器与外置的MOS/电感/电容实现3V3_MCU转1V25_MCU的BUCK电源。\n2、\t运行模式\nMCU的内置驱动器与外置的MOS/电感/电容构成的BUCK电源正常输出VCC1V25_MCU，用于MCU核供电。\n3、\t下电模式\n一级电源VCC3V3_MCU输出掉电后，MCU的内置驱动器开始关断VCC1V25_MCU。\n1.Power on mode\nAfter the output of VCC3V3_MCU is effective, the built-in driver of MCU and the external MOS/ inductor/capacitor realize the BUCK power from 3V3 MCU to 1V25 MCU. \n2.Run mode\nMCU built-in driver and external MOS/ inductor/capacitor BUCK power supply composed of normal output VCC1V25 MCU for MCU core power supply. \n3.Power off mode\nAfter the output power of the VCC3V3_MCU fails, the built-in driver of the MCU starts to shut down the VCC1V25 MCU.</td></tr><tr><td>模式切换接口\nMode switching interface</td><td>\n</td></tr><tr><td>模式状态机\nMode state machine</td><td></td></tr><tr><td>模式切换条件\nMode switching condition</td><td>参考：\n产品系统需求规格说明\n产品系统方案设计说明书\nReference: \nProduct system requirement specification \nProduct system scheme design specification.</td></tr><tr><td>备注\nNote</td><td></td></tr></table>"", ""\nNone：MCU采样EQ6l系统的VCC0V75_MIPI_DDR电源电压\n精度要求：0V75±5%; MCU Component ：F01/ MCU; None：B; None：W4; None：AN18; None：AN18/P40.11/SENT_SENT11A/EVADC_G11CH8/EVADC_G2CH2; None：ADC，分辨率10bit; None：0V75_MIPI_DDR_ACQ; None：/; None：I; None：0V75_MIPI_DDR电压采样\nU0V75_MIPI_DDR_ACQ=3.3*ADC值/1024\n硬件滤波截止频率：≥121.7Hz\n硬件滤波时间：≤1.6ms\n精度要求：0.75V±5%; None：HI-Z; None：—; SW Variable Name or SW Function Name：— ——Port1\nNone：MCU采样摄像头系统的3.3V电源电压，精度要求：3V3±5%; MCU Component ：F01/ MCU; None：B; None：T7; None：AN12; None：AN12/EVADC_G1CH4/EDSADC_EDS0PB; None：ADC，分辨率10bit; None：VCC3V3_CAM_ACQ; None：/; None：I; None：索尼摄像头模组电源3.3V电压采样。\nCAM 3V3电压采样\nU3V3_CAM_ACQ=3.3*ADC值/1024\nU3V3_CAM=U3V3_CAM_ACQ/分压比，分压比=1/2\n精度要求：3.3V±5%; None：HI-Z; None：—; SW Variable Name or SW Function Name：— ——Port1\nNone：MCU采样摄像头的1V1电源电压，精度要求：1~1.2V; MCU Component ：F01/ MCU; None：B; None：W6; None：AN13; None：AN13/EVADC_G1CH5/EDSADC_EDS0NB; None：ADC，分辨率10bit; None：VCC1V1_CAM_ACQ; None：/; None：I; None：索尼摄像头模组电源1.1V电压采样。\nU1V1_ACQ=3.3*ADC值/1024\n精度：1~1.2V\n硬件滤波截止频率：≥121.7Hz\n硬件滤波时间：≤1.6ms; None：HI-Z; None：—; SW Variable Name or SW Function Name：— ——Port1"", ""\nNone：MCU采样EQ6L系统的VCC1V8_EQ电源电压\n精度要求：1V8±5%; MCU Component ：F01/ MCU; None：B; None：Y9; None：AN5; None：AN5/EVADC_G11CH1/EVADC_G0CH5; None：ADC，分辨率10bit; None：1V8_EQ_ACQ; None：/; None：I; None：1V8_EQ电压采样\nU1V8_EQ_ACQ=3.3*ADC值/1024\n精度：1V8_EQ±5%\n硬件滤波截止频率：≥121.7Hz\n硬件滤波时间：≤1.6ms; None：HI-Z; None：—; SW Variable Name or SW Function Name：— ——Port1\nNone：MCU采样EQ6L系统的VCC1V1电源电压\n精度要求：1.06V～1.17V; MCU Component ：F01/ MCU; None：B; None：T9; None：AN4; None：AN4/EVADC_G11CH0/EVADC_G0CH4; None：ADC，分辨率10bit; None：1V1_ACQ; None：/; None：I; None：1V1电压采样\nU1V1_ACQ=3.3*ADC值/1024\n精度：1.06V～1.17V\n硬件滤波截止频率：≥121.7Hz\n硬件滤波时间：≤1.6ms; None：HI-Z; None：—; SW Variable Name or SW Function Name：— ——Port1\nNone：MCU采样EQ6l系统的VCC0V75电源电压\n精度要求：0V75±3%; MCU Component ：F01/ MCU; None：B; None：W3; None：AN19; None：AN19/EVADC_G11CH9/EVADC_G2CH3; None：ADC，分辨率10bit; None：0V75_ACQ; None：/; None：I; None：0V75电压采样\nU0V75_ACQ=3.3*ADC值/1024\n硬件滤波截止频率：≥121.7Hz\n硬件滤波时间：≤1.6ms\n精度要求：0.75V±3.3%; None：HI-Z; None：—; SW Variable Name or SW Function Name：— ——Port1"", ""\nID：EyeQ6L_AouReq_2569; SM Name：FuSa-2569-GPIO Programmed States; SM TSR：The SW shall program the unused GPIO pins to inputs with internal pull-up enabled. \nThe GPIO programmed states shall be documented in the Boot SW Params document. ——SYS SM \nID：EyeQ4L_AouReq_2316; SM Name：FuSa-2316-Unused Input Pins State; SM TSR：The HW shall shall avoid the external pull-up/down if the pin is not connected to any PCB trace and it has an internal pull-up/down, in which case the internal SW shall ensure that the pull-up/down is configured to keep the input signal in its de-asserted state. ——SYS SM \nID：EyeQ4L_AouReq_2317; SM Name：FuSa-2317-Boundary SCAN; SM TSR：The HW shall ensure that Boundary SCAN shall be run on the PCB as part of the production release process.\nThe EyeQ4L provides a JTAG port for the MIPS CPU subsystem debug and boundary scan mode.\nThe JTAG port is used to debug the PCB and the software (MIPS debug mode) and for boardlevel testing at production. It supports up to a 30 MHz clock rate. ——SYS SM \nID：EyeQ4L_AouReq_2318; SM Name：FuSa-2318-TESTEN_0 and NTRST_0 States; SM TSR：The HW shall ensure that TESTEN_0 and NTRST_0 shall be pulled down. ——SYS SM \nID：EyeQ4L_AouReq_2319; SM Name：FuSa-2319-Other JTAG Input Pin States; SM TSR：The HW shall ensure that All other input pins of the JTAG port shall be connected as specified in the EyeQ Datasheet (pulled up) apart from TESTEN_0 and NTRST_0. ——SYS SM \nID：EyeQ4L_AouReq_2421; SM Name：FuSa-2421-Recordings of Driving Scenarios and Configurations (single camera); SM TSR：System Level Assumption:\nIt is assumed that the customer provides recordings of driving scenarios and configurations for validation.\n• It is also assumed that specific recordings shall be required if the project deploys a new optical path not yet approved by Mobileye (e.g., new sensor), or targets new regions in which Mobileye has insufficient data.\n• It is assumed all safety mechanisms are enabled during data collection. ——SYS SM "", ""<table><caption> Table 7-1. Pin Functions</caption>\n<tr><td  >Pin</td><td></td><td></td><td></td></tr>\n<tr><td  >Name</td><td  >No.</td><td  >Type(1)</td><td  >Description</td></tr>\n<tr><td></td><td></td><td></td><td  >Device compensation input. A resistor and capacitor from this pin to GOSNS define the </td></tr>\n<tr><td  >COMP</td><td  >1</td><td></td><td  >compensation of the control loop. In stacked operation, connect the CoMP pins of all stacked devices together and connect a</td></tr>\n<tr><td></td><td></td><td></td><td  >resistor and capacitor between the common COMP node and GOSNS.</td></tr>\n<tr><td  >GOSNS</td><td  >2</td><td></td><td  > Output ground sense (differential output voltage sensing)</td></tr>\n<tr><td  >VOSNS</td><td></td><td></td><td  >Output voltage sense (differential output voltage sensing)</td></tr>\n<tr><td></td><td></td><td></td><td  >This is the enable pin of the device. The user must connect to this pin using a series resistor of </td></tr>\n<tr><td></td><td></td><td></td><td  >at least 15 kQ. A low logic level on this pin disables the device and a high logic level on this pin</td></tr>\n<tr><td  >EN</td><td  >4</td><td></td><td  >enables the device. Do not leave this pin unconnected.</td></tr>\n<tr><td></td><td></td><td></td><td  >For stacked operation, interconnect EN pins of all stacked devices with a resistor to the supply</td></tr>\n<tr><td></td><td></td><td></td><td  >voltage or a GPlO of a processor. See Section 9.3.17 for a detailed description.</td></tr>\n<tr><td  >VIN</td><td  >5.9</td><td  >P</td><td  > Power supply input. Connect the input capacitor as close as possible between VIN and GND.</td></tr>\n<tr><td  >GND</td><td  >6,8</td><td  >GND</td><td  >Ground pin</td></tr>\n<tr><td  >SW</td><td  >7</td><td></td><td  >This pin is the switch pin of the converter and is connected to the internal power MOSFETs.</td></tr>\n<tr><td></td><td></td><td></td><td  > Open-drain power-good output. Low impedance when not \""power good,\"" high impedance when </td></tr>\n<tr><td></td><td></td><td></td><td  >\""power good.\"" This pin can be left open or be tied to GND when not used in single device </td></tr>\n<tr><td></td><td></td><td></td><td  >operation.</td></tr>\n<tr><td  >PG</td><td  >10</td><td  >I/0</td><td  > In stacked operation, interconnect the PG pins of all stacked devices. Only the PG pin of the </td></tr>\n<tr><td></td><td></td><td></td><td  > primary converter in stacked operation is an open-drain output. For devices that are defined as</td></tr>\n<tr><td></td><td></td><td></td><td  >secondary converters in stacked mode, this pin is an input pin. See Section 9.3.17 for a detailed</td></tr>\n<tr><td></td><td></td><td></td><td  >description.</td></tr>\n<tr><td></td><td></td><td></td><td  >The device runs in power save mode when this pin is pulled low. If the pin is pulled high, the</td></tr>\n<tr><td  >MODE/SYNC</td><td  >11</td><td></td><td  >device runs in forced-PWM mode. If unused, this pin can be left floating and an internal pulldown resistor will pull it low. The mode pin can also be used to synchronize the device to an external </td></tr>\n<tr><td></td><td></td><td></td><td  >clock.</td></tr>\n<tr><td  >SDA</td><td  >12</td><td  >I/0</td><td  >I2C serial data pin. Do not leave floating. Connect a pullup resistor to a logic high level. Connect to GND for secondary devices in stacked operation and for device variants without I2C.</td></tr>\n<tr><td></td><td></td><td></td><td  >I2C serial clock pin. Do not leave this pin floating. Connect a pullup resistor to a logic high level.</td></tr>\n<tr><td  >SCL</td><td  >13</td><td  >1/0</td><td  >Connect this pin to GND for secondary devices in stacked operation and for device variants</td></tr>\n<tr><td></td><td></td><td></td><td  >without I2C.</td></tr>\n</table>"", ""\nHW Interface Component ：QM; None：F15/POWER; None：1、电源转换芯片SA23002，VCC3V3转VCC0V75_MIPI_DDR。\n2、SA23002由MCU进行使能和关断控制。; MCU Component ：F01/MCU; None：QM; None：P19; None：P22.1; None：P22.1/GTM_TIM1_IN0_8/GTM_TIM0_IN0_8/QSPI4_MRSTB/GTM_TOUT48/QSPI4_MRST/QSPI4_SCLKP; None：GPIO; None：MCU_VCC0V75_MIPI_DDR_EN; None：/; None：O; None：VCC0V75_MIPI_DDR电源使能控制信号\n高：使能VCC0V75_MIPI_DDR电源\n低：关断VCC0V75_MIPI_DDR电源; None：HI-Z, 硬件外部下拉; None：—; SW Variable Name or SW Function Name：— ——Port1\nECU Connector：X2000-54; None：SPI Communction; HW Interface Component ：B; None：F02/EYEQ6L; None：MCU_SPI0（slave）\nEQ6L_SPI0（master）\n速率：10Mbps; MCU Component ：F01/MCU; None：B; None：E20; None：P20.11; None：P20.11/GTM_TIM3_IN7_6/GTM_TIM2_IN7_6/QSPI0_SCLKA/GTM_TOUT67/QSPI0_SCLK; None：QSPI0_SCLKA; None：MCU_SPI0_CLK_P20.11; None：/; None：I; None：EQ发送SPI时钟信号到MCU\nMCU配置为内置下拉（SPI模式配置为：极性CPOL=0，相位CPHA=1）; None：HI-Z; None：—; SW Variable Name or SW Function Name：— ——Port1\nECU Connector：X2000-57; MCU Component ：F01/MCU; None：B; None：D20; None：P20.13; None：P20.13/GTM_TIM3_IN1_4/GTM_TIM2_IN1_4/QSPI0_SLSIA/GTM_TOUT69/QSPI0_SLSO2/QSPI1_SLSO2/QSPI0_SCLK; None：QSPI0_SLSIA; None：MCU_SPI0_CS_P20.13; None：/; None：I; None：EQ发送SPI片选信号到MCU\nMCU配置为内置上拉（SPI模式配置为：极性CPOL=0，相位CPHA=1）; None：HI-Z; None：—; SW Variable Name or SW Function Name：— ——Port1"", ""<table><tr><td>HM ID</td><td>F15</td></tr><tr><td>模块功能 \nModule Function</td><td>VCC3V3转0V75_MIPI_DDR应用于EQ6的IO口供电，现使用矽力杰的SA23002进行设计。\nVCC3V3 to 0V75_MIPI_DDR for EQ6 IO port power supply, Silergy’s SA23002 is designed.</td></tr><tr><td>模块框图\nModule diagram</td><td></td></tr><tr><td>模块方案\nModule solution</td><td>采用SA23002电源芯片，将VCC3V3转换为0V75_MIPI_DDR，提供给EQ6的IO口供电。用MCU的P22.1引脚使能该芯片。\nSA23002 power chip is used to convert VCC3V3 to 0V75_MIPI_DDR to supply power to the I/O port of EQ6. The P22.1 pin of the MCU is used to enable the chip. \n</td></tr></table>"", ""<table><caption> over operating junction temperature (Tj = -40 °℃ to 150 °C) and Vin = 2.7 V to 6 V. Typical values at Vin = 3.3 V and Tj = 25</caption>\n<tr><th  >°C (unless otherwise noted).</th><th  >PARAMETER</th><th  > TEST CONDITIONS</th><th  >MIN</th><th  >TYP</th><th  >MAX</th><th  >UNIT</th></tr>\n<tr><th  >loH</th><th  >High-level output current (PG)</th><th  >VoH = 3.3 V</th><th></th><th></th><th  >200</th><th  >nA</th></tr>\n<tr><th  >VIH</th><th  >High-level input voltage (PG)</th><th  >Device configured as a secondary device  in stacked operation</th><th  >0.8</th><th></th><th></th><th  >V</th></tr>\n<tr><th  >VIL</th><th  >Low-level input voltage (PG)</th><th  >Device configured as a secondary device  in stacked operation </th><th></th><th></th><th  >0.4</th><th  >V</th></tr>\n<tr><th  >liH</th><th  >High-level input current (PG)</th><th  > Device configured as a secondary device in stacked operation</th><th></th><th></th><th></th><th  >μA</th></tr>\n<tr><th  >IL</th><th  >Low-level input current (PG)</th><th  > Device configured as a secondary device in stacked operation </th><th  >-1</th><th></th><th></th><th  >μA</th></tr>\n<tr><th  >td(PG)</th><th  >Deglitch time (PG)</th><th  > High-to-low or low-to-high transition on  the PG pin </th><th  >34</th><th  >40</th><th  >46</th><th  >μs</th></tr>\n<tr><th  >OUTPUT</th><th></th><th></th><th></th><th></th><th></th><th></th></tr>\n<tr><td  >VouT</td><td  >Output accuracy</td><td  >VIn ≥ Vout + 1.4 V</td><td  >-1</td><td></td><td  >1</td><td  >% </td></tr>\n<tr><th  >IB</th><th  >Input bias current (GOSNS)</th><th  >V(GosNs) = -100 mV to 100 mV </th><th  >-6</th><th></th><th></th><th  >μA</th></tr>\n<tr><th  >IB</th><th  >Input bias current (VOSNS)</th><th  >V(vosns) = 3.3 v, Vin = 6 V</th><th></th><th></th><th  >6</th><th  >μA</th></tr>\n<tr><th  >VicR</th><th  >Input common-mode range (GOSNS)</th><th></th><th  >-100</th><th></th><th  >100</th><th  >mV</th></tr>\n<tr><td></td><td></td><td  >fsw = 1.5 MHz, PWM operation, VIn 3.3 V, Vout = 0.75 V</td><td  >1.35</td><td  >1.5</td><td  >1.65</td><td></td></tr>\n<tr><td></td><td></td><td  >fsw = 2.25 MHz, PWM operation, VIn 3.3 V, Vout = 0.75 V</td><td  >2.025</td><td  >2.25</td><td  >2.475</td><td></td></tr>\n<tr><th  >fsw</th><th  >Switching frequency (SW)</th><th  >fsw = 2.5 MHz, PWM operation, VIn 3.3 V, Vout = 0.75 V</th><th  >2.25</th><th  >2.5</th><th  >2.75</th><th  >MHz</th></tr>\n<tr><td></td><td></td><td  >fsw = 3 MHz, PWM operation, VIn 3.3 V, Vout = 0.75 V</td><td  >2.7</td><td  >3</td><td  >3.3</td><td></td></tr>\n<tr><th  >fmod</th><th  >Frequency of the spread-spectrum sweep</th><th></th><th></th><th  >fsw/2048</th><th></th><th  >kHz</th></tr>\n<tr><th  >△fsw</th><th  > Switching frequency variation during  spread-spectrum operation</th><th></th><th></th><th  >±10%</th><th></th><th></th></tr>\n<tr><th  >T</th><th  >Emulated current time constant</th><th></th><th></th><th  >12.5</th><th></th><th  >μS</th></tr>\n<tr><th  >[DS(on) </th><th  >High-side FET static on-state resistance</th><th  >VIn = 3.3 V</th><th></th><th></th><th  >16</th><th  >mQ</th></tr>\n<tr><th  >[DS(on) </th><th  >Low-side FET static on-state resistance</th><th  >VIn = 3.3 V</th><th></th><th  >4.1</th><th  >9.4</th><th  >mQ</th></tr>\n<tr><th  >I(sw)(off)</th><th  >High-side FET off-state current Low-side FET off-state current</th><th  >VIn = 6 V, V(sw) = 0 v, TJ= 25 °℃ VIn = 6 V, V(sw) = 6 V, T= 25 °℃</th><th  >-1</th><th></th><th  >100</th><th  >μA</th></tr>\n<tr><td></td><td  >TPS62870-Q1</td><td></td><td  >9</td><td  >12</td><td  >14</td><td></td></tr>\n<tr><td  >ILIM</td><td  >High-side FET forward TPS62871-Q1 switch current limit, DC  TPS62872-Q1</td><td></td><td  >12 15</td><td  >16 20</td><td  >18 22</td><td  >A</td></tr>\n<tr><td></td><td  >TPS62873-Q1</td><td></td><td  >18</td><td  >24</td><td  >26</td><td></td></tr>\n<tr><td></td><td  >Low-side FET negative current limit, DC </td><td></td><td  >7.5</td><td></td><td  >12</td><td  >A</td></tr>\n</table>""]","{""original_context_count"": 30, ""original_context_characters"": 41248, ""scored_context_count"": 8, ""scored_context_characters"": 4050, ""contexts_truncated"": true, ""context_selection"": ""claim_coverage"", ""selected_evidence_ids"": [""document:b6943ae371d76077""], ""selected_claim_ids"": [""sq_1:claim_1"", ""sq_2:claim_1"", ""sq_3:claim_1""], ""excluded_evidence_ids"": [""circuit:21:instance:X1903"", ""circuit:21:module_connection:Group 14 · Ethernet/PHY:Group 15 · Power/PMIC:GND"", ""circuit:21:module_connection:Group 14 · Ethernet/PHY:Group 17 · Power/PMIC:GND"", ""circuit:21:module_connection:Group 14 · Ethernet/PHY:Group 18 · Power/PMIC:GND"", ""circuit:21:module_connection:Group 14 · Ethernet/PHY:Group 6 · Power/PMIC:GND"", ""circuit:21:module_connection:Group 15 · Power/PMIC:Group 17 · Power/PMIC:GND"", ""circuit:21:module_connection:Group 15 · Power/PMIC:Group 18 · Power/PMIC:GND"", ""circuit:21:module_connection:Group 15 · Power/PMIC:Group 6 · Power/PMIC:GND"", ""document:0eb6659a764f4d29"", ""document:136b2d26099fb0e7"", ""document:2d98070e9d1ea13a"", ""document:2d9ba8a423c020c7"", ""document:2f7fc0d49bc3067e"", ""document:2f8baf0f2ad1d779"", ""document:35108004bab10732"", ""document:3862b04ac47a9499"", ""document:74353e6817c9fe60"", ""document:916fc402dc905104"", ""document:a75146a5b6179e1f"", ""document:a7e34b06aa5a295c"", ""document:af98fef66e3629af"", ""document:bf52768a2f9667cf"", ""document:ce749383d8f1b59a"", ""document:d6a0c0ee0360415f"", ""document:de3eb714c3f4ad8b"", ""document:eeb35b1228d7836f"", ""document:f4318d00b223c30b"", ""document:f5d436fe49a38172"", ""document:fb065f5f73229021""]}",0.3782201209041438,0.36983241972059816,0.6,not_applicable,0.9999999999,0.5,0.5,0.3076923076923077,not_applicable
hw-v1-joint-overvoltage,success,3.3V 电源有没有过压保护，是如何实现的？,HSI 2.3.12 节声明存在 3V3 过压保护电路；EDF 只能用于说明观察到的二极管或 TVS 连接拓扑，不能在没有数据手册证据时断言具体阈值或保护能力。,"是的，3.3V电源（VCC3V3_MCU）有硬件外部过压保护电路，其实现方式是一个基于电压监测和MOSFET开关的电源切断电路，触发阈值为4.03V。

**支撑证据：**
1.  **存在性与目的**：描述模块F18的文档明确指出，AOU要求MCU增加外部过压保护电路用于监控3V3_MCU电压，该模块功能定义即为“用于MCU电源VCC3V3_MCU的外部过压保护”[11][6]。
2.  **实现电路与工作原理**：文档[6]的模块方案详细描述了其工作原理，核心是使用一个电压监测器件和两个MOSFET（一个NMOS, 一个PMOS）：
    *   **正常状态**：当VCC3V3电压大于MOSFET的开启阈值（VGS门限）但小于4.03V时，NMOS和PMOS均导通，VCC3V3_SW与VCC3V3直通，为后级供电。
    *   **过压保护状态**：当VCC3V3电压超过4.03V时，监测器件的cathode引脚输出逻辑低电平，导致NMOS和PMOS关闭，VCC3V3_SW断电，从而对后级负载起到过压保护作用。
    *   **低电压状态**：当VCC3V3电压低于MOSFET的开启阈值时，NMOS和PMOS也处于关闭状态，VCC3V3_SW无电。

**缺失信息：**
无。","是的，3.3V电源（VCC3V3_MCU）有硬件外部过压保护电路，其实现方式是一个基于电压监测和MOSFET开关的电源切断电路，触发阈值为4.03V。

**支撑证据：**
1.  **存在性与目的**：描述模块F18的文档明确指出，AOU要求MCU增加外部过压保护电路用于监控3V3_MCU电压，该模块功能定义即为“用于MCU电源VCC3V3_MCU的外部过压保护”[11][6]。
2.  **实现电路与工作原理**：文档[6]的模块方案详细描述了其工作原理，核心是使用一个电压监测器件和两个MOSFET（一个NMOS, 一个PMOS）：
    *   **正常状态**：当VCC3V3电压大于MOSFET的开启阈值（VGS门限）但小于4.03V时，NMOS和PMOS均导通，VCC3V3_SW与VCC3V3直通，为后级供电。
    *   **过压保护状态**：当VCC3V3电压超过4.03V时，监测器件的cathode引脚输出逻辑低电平，导致NMOS和PMOS关闭，VCC3V3_SW断电，从而对后级负载起到过压保护作用。
    *   **低电压状态**：当VCC3V3电压低于MOSFET的开启阈值时，NMOS和PMOS也处于关闭状态，VCC3V3_SW无电。

**缺失信息：**
无。","[""Net VCC3V3_MCU connects C1109.&1, C1204.&1, C1221.&1, C1303.&1, C1308.&1, C509.&2, C835.&2, C906.&1, C909.&1, C910.&1, C911.&1, C913.&1, C914.&1, C915.&1, C929.&1, DP907.&1, L1703.&2, L901.&1, L902.&1, L903.&2, R1007.&2, R1009.&2, R1115.&2, R1205.&2, R1218.&2, R1229.&2, R1235.&2, R1240.&2, R1241.&2, R1300.&2, R1301.&2, R1309.&2, R1310.&2, R1322.&2, R1328.&2, R1703.&1, R805.&2, R900.&1, R903.&2, R904.&2, R906.&2, R909.&2, R913.&2, R915.&2, R919.&2, R920.&1, R921.&1, U1200.VI/O, U1203.VI/O, U1204.VI/O, U1205.VI/O, U1302.VI/O, U1303.VI/O, U1304.VI/O, U1305.VI/O, U503.VCCB, U900C.VEVRSB, U900C.VEXT, U900C.VEXT, U900C.VEXT, U900C.VEXT, U900C.VEXT, U900C.VFLEX, Y1100.std-by, Y1100.VCC."", ""Observed protection tvs component D1200 connects protected nets CAN0L, CAN0H and ground nets GND; this topology does not confirm short-circuit protection capability."", ""Observed protection tvs component D1201 connects protected nets CAN1L, CAN1H and ground nets GND; this topology does not confirm short-circuit protection capability."", ""Observed protection tvs component D1300 connects protected nets CAN2L, CAN2H and ground nets GND; this topology does not confirm short-circuit protection capability."", ""Observed protection tvs component D1301 connects protected nets CAN3L, CAN3H and ground nets GND; this topology does not confirm short-circuit protection capability."", ""Observed protection tvs component D1400 connects protected nets N22957741, N22957686 and ground nets GND; this topology does not confirm short-circuit protection capability."", ""Observed protection tvs component D1401 connects protected nets N23085748, N23085751 and ground nets GND; this topology does not confirm short-circuit protection capability."", ""Observed protection tvs component D1601 connects protected nets UBD and ground nets GND; this topology does not confirm short-circuit protection capability."", ""<table><tr><td>HM ID</td><td>F11/F12/F13/F14/F15/F16/F17/F18/F19/F25/F27</td></tr><tr><td>模块功能 \nModule Function</td><td>系统使用车载电池12V电压供电，经过EMI电路后输入至电源转换芯片，转换输出系统各模块所需电源。\nThe system uses 12V voltage power supply from the vehicle battery, which is input to the power conversion chip through the EMI circuit. Then the power conversion chip convert and output the power required by each module of the system.</td></tr><tr><td>模块框图\nModule diagram</td><td></td></tr><tr><td>模块方案\nModule solution</td><td>KL30 EMI (ASIL-B)\nKL30供电口处增加EMI电路，用于供电保护和滤波。硬件电路设计在UBD网络增加两个串联ESD电容，PCB布局靠近主连接器引脚处，用于吸收外部ESD信号，后端增加双向TVS管用于瞬态过压保护\nThe EMI circuit is added at the KL30 power supply port for power supply protection and filtering. The hardware circuit design adds two series ESD capacitors in the UBD network, the PCB layout is close to the main connector pin for absorbing external ESD signals, and the two-way TVS tube is added at the back end for transient overvoltage protection.\nKL30 to VCC3V3 (ASILB)\nKL30转VCC3V3是系统一级DC-DC，给MCU提供VCC3V3_MCU电源，所以系统要求其满足ASILB，确保MCU功能安全。\nKL30 to VCC3V3 is a system primary DC-DC chip, because the MCU needs VCC3V3_MCU power supply, so the system requires it to meet the ASILB to ensure the functional safety of the MCU.\nVCC3V3_MCU to VCC1V25_MCU(ASILB)\n3V3转1V25_MCU是使用MCU内置控制器进行控制的BUCK电源，用于MCU的核供电，功能安全需求达到ASILB，确保MCU功能安全。\n3V3 to 1V25_MCU is a BUCK power supply controlled by MCU built-in controller, which is used for MCU nuclear power supply. Functional safety requirements meet ASILB to ensure the functional safety of MCU.\nVCC3V3 to VCC0V75(QM(B))\nVCC3V3转VCC0V75应用于EQ6的内核供电，要求输出电流能力大，现选型TI的电源方案TPS62872。用MCU的P22.0引脚使能芯片，用MCU_SDA_P15.5，MCU_SCL_P15.4引脚I2C通信来设置输出电压和通信。\nVCC3V3 to VCC0V75 is applied to the core power supply of EQ6, which requires large output current capacity. The power supply scheme TPS62872 of TI is selected. P22.0 pin of MCU is used to enable the chip, and MCU_SDA_P15.5, MCU_SCL_P15.4 pin I2C communication is used to set the output voltage and communication. \nVCC3V3 to 0V75_MIPI_DDR(QM(B))\nVCC3V3转0V75_MIPI_DDR用于EQ6的IO口供电，现使用矽力杰的SA23002进行设计。用MCU的P22.1引脚使能该芯片。\nVCC3V3 to 0V75_MIPI_DDR for EQ6 IO port power supply, Silergy’s SA23002 is designed. The P22.1 pin of the MCU is used to enable the chip.\nVCC3V3转VCC1V8、VCC1V1、VCC50(QM(B))\nVCC1V8用于EQ6、CAM、DDR、FLASH供电，VCC1V1用于EQ6、DDR供电，VCC50用于CAN收发器供电，现选择LP87702 PMIC方案。用MCU的P15.3引脚使能该芯片的5V输出，用MCU_SCL_P15.4，MCU_SDA_P15.5 I2C通信来设置1.8V和1.1V输出电压和使能。\nVCC1V8 is used for EQ6, CAM, DDR, FLASH power supply, VCC1V1 is used for EQ6, DDR power supply, VCC50 is used for CAN transceiver  power supply, LP87702 PMIC scheme is selected. P15.3 pin of MCU is used to enable 5V output of the chip, and MCU_SCL_P15.4, MCU_SDA_P15.5 I2C communication is used to set 1.8V and 1.1V output voltage and enable it. \nVCC3V3 to VCC3V3_EQ(QM(B))\nVCC3V3转VCC3V3_EQ用于EQ6的IO和摄像头供电，现使用负载开关进行设计。用MCU的P20.3引脚使能该芯片。\nVCC3V3 to VCC3V3_EQ for EQ6’s IO and camera power supply, now using the load switch is designed. .The P20.3 pin of the MCU is used to enable the chip.\n\tVCC3V3 to VCC3V3_ETH(QM)\n3V3转3V3_ETH用于ETH供电，现选择负载开关方案。用MCU的P21.0引脚使能该芯片。\n3V3 to 3V3_ETH for ETH power supply, the load switch scheme is selected. . The P21.0 pin of the MCU is used to enable the chip.\n\tVCC1V8 to VCC1V8_EQ(QM(B))\nVCC1V8转VCC1V8_EQ用于EQ供电，现选择负载开关方案。用MCU的P20.0引脚使能该芯片。\nVCC1V8 to VCC1V8_EQ for EQ power supply, the load switch scheme is selected. . The P20.0 pin of the MCU is used to enable the chip.</td></tr><tr><td colspan='2'></td></tr></table>"", ""注：使用本模板时请先阅读填写说明页，形成工作产品时本页不可删除变更历史Change History目  录Table of Contents1\t概述 Introduction\t81.1 目的 Purpose\t81.2 适用范围 Range of Application\t81.3 读者对象 TReader\t81.4 术语及缩写解释 Terms and Abbreviations\t81.5 参考文档 Reference Document\t82\t硬件架构 Hardware Architecture\t92.1 系统概述 System overview\t92.2 硬件框图 Hardware block diagram\t102.3 模块电路 Module circuit\t122.3.1 KL30电源管理电路 KL30 supply management circuit\t122.3.2 唤醒电路 Wake Up circuit\t132.3.3 电源电路 power circuit\t152.3.4 TC377最小系统 TC377 minimum system\t232.3.5 EQ6最小系统 EQ6 minimum system\t252.3.6 摄像头最小系统 camera minimum system\t282.3.7 看门狗电路 Watchdog circuit\t302.3.8 温度采样电路 Temp Sample circuit\t302.3.9 系统内电源电压采样电源 The power System Voltage Sampling circuit\t312.3.10 ETH电路 ETH circuit\t332.3.11 CAN/CAN FD电路 CAN/CAN FD circuit\t342.3.12 3V3过压保护电路 3V3 overvoltage protection circuit\t353\t硬件运行模式 Hardware Operation Mode\t363.1 硬件运行模式 Hardware Operation Mode\t363.2 运行模式定义 Definition of Operation Mode\t373.3 运行模式转换条件 Transition Condition of Operation Mode\t393.3.1 KL30电源管理电路 KL30 supply management circuit\t393.3.2 唤醒电路 Wake Up circuit\t413.3.3 电源电路 Power Circuit\t423.3.4 TC377最小系统 TC377 minimum system\t53"", ""唤醒电路 Wake Up circuit电源电路 power circuitKL30 EMI电路 KL30 EMI circuitKL30 转VCC3V3 KL30 to VCC3V3VCC3V3_MCU转VCC1V25_MCU  VCC3V3_MCU to VCC1V25_MCUVCC3V3转VCC0V75  VCC3V3 to VCC0V75VCC3V3转0V75_MIPI_DDR  VCC3V3 to 0V75_MIPI_DDRVCC3V3转VCC1V8、VCC1V1、VCC50   VCC3V3 to VCC1V8、VCC1V1、VCC50VCC3V3转VCC3V3_EQ  VCC3V3 to VCC3V3_EQVCC3V3转VCC3V3_ETH  VCC3V3 to VCC3V3_ETHVCC1V8转VCC1V8_EQ  VCC1V8 to VCC1V8_EQTC377最小系统 TC377 minimum systemEQ6最小系统 EQ6 minimum system摄像头最小系统 camera minimum system看门狗电路 Watchdog circuit温度采样电路 Temp Sample circuit系统内电源电压采样电源 The power System Voltage Sampling circuitETH电路 ETH circuitCAN/CAN FD电路 CAN/CAN FD circuit3V3过压保护电路 3V3 overvoltage protection circuit硬件运行模式 Hardware Operation Mode主要用于描述当前ADAS硬件不同的运行模式（例如上电模式，下电模式，Sleep模式，运行模式等）。描述各个运行模式下的硬件模块功能，以及模式之间的切换条件。Describe the different operating mode of ADAS Hardware (e.g. power on mode, power off mode, Sleep mode，normal mode). Define the HW component functions in each operating mode, describe the transition condition between different modes.硬件运行模式 Hardware Operation Mode系统功能矩阵描述系统不同模式下各功能模块运行状态。The system function matrix describes the operation status of each function module in different modes of the system."", ""<table><tr><td>HM ID</td><td>F01</td></tr><tr><td>模块功能 \nModule Function</td><td>32位MCU芯片TC377最小系统模块有SAK-TC377TP-96F300S AA主控芯片和晶体、硬件配置组成，实现SAK-TC377TP-96F300S AA最小硬件系统工作单元，功能安全等级最高可达到ASIL-D，满足应用要求。\n32-bit MCU chip TC377 minimum system module has SAK-TC377TP-96F300S AA main control chip and crystal, hardware configuration, to achieve SAK-TC377TP-96F300S AA minimum hardware system work unit, functional safety level up to ASIL-D, meet the application requirements. </td></tr><tr><td>模块框图\nModule diagram</td><td></td></tr><tr><td>模块方案\nModule solution</td><td>处理器\n根据ADAS产品需求，综合评估选型为32位MCU芯片SAK-TC377TP-96F300S AA， MCU接口资源丰富，功能安全等级最高可达到ASIL-D，满足应用要求。\nProcessor \nAccording to ADAS product requirements, 32-bit MCU chip SAK-TC377TP-96F300S AA is selected through comprehensive evaluation, which has rich MCU interface resources and the highest functional safety level can reach ASIL-D to meet application requirements\n时钟设计\n硬件选型20MHz晶振给MCU提供时钟输入，由其内部PLL等电路完成倍频、分频，供其内核和各模块使用。\nClock design\nHardware selection of clock design 20MHz crystal oscillator provides clock input to MCU, and its internal PLL and other circuits complete frequency doubling and frequency division for its kernel and each module.\n复位及watchdog\n系统复位及看门狗芯片采用LP87702内部看门狗，喂狗方式为窗口喂狗，当喂狗窗口无有效喂狗次数超过OTP配置时，将触发整个系统复位。\na)\t上电时，看门狗芯片对MCU启动过程进行监控，同时对MCU的电源VCC3V3电压进行低压监控，异常时主动复位MCU。\nb)\t运行过程中由看门狗监控MCU运行状态，当MCU程序跑飞时看门狗超时触发复位信号主动复位MCU。\nReset and watchdog\nThe system reset and watchdog chip adopts LP87702 internal watchdog, and the feeding method is window feeding. When the number of effective dog feeding in the feeding window exceeds the OTP configuration, the whole system reset will be triggered. \n When powering on, the watchdog chip monitors the start-up process of MCU, and at the same time, it monitors the low voltage voltage of MCU's power supply VCC3V3, and actively resets MCU when abnormal. \n MCU running status is monitored by watchdog during operation. When MCU program runs, watchdog timeout triggers reset signal and actively reset MCU.\n电源需求\nMCU需要1路VCC3V3_MCU（精度：3.3V±10%）和1路VCC1V25_MCU（精度：1.2-1.35V）供电。\n4. Power demand\nThe MCU needs 1 channel VCC3V3_MCU (accuracy: 3.3V±10%) and 1 channel VCC1V25_MCU (accuracy: 1.2-1.35V) power supply.</td></tr></table>"", ""<table><tr><td>HM ID</td><td>F12</td></tr><tr><td>模块功能 \nModule Function</td><td>KL30转VCC3V3是系统一级DC-DC，基于LN10046设计，给系统提供电源。\nThe KL30 to VCC3V3 is a first-level DC-DC based on the LN10046 design and provides power to the system.</td></tr><tr><td>模块框图\nModule diagram</td><td></td></tr><tr><td>模块方案\nModule solution</td><td>采用LN10046电源DCDC芯片，将12V系统电源转换为3.3V，提供给系统供电使用。\nThe LN10046 power supply DCDC chip is used to convert the 12V system power supply to 3.3V and provide power supply to the system for use.\n</td></tr></table>"", ""<table><tr><td>HM ID</td><td>F18</td></tr><tr><td>模块功能 \nModule Function</td><td>AOU要求MCU需要硬件外部增加过压保护电路对3V3_MCU进行电压监控。\nAOU requires MCU to increase the overvoltage protection circuit outside the hardware to monitor the voltage of 3V3_MCU. </td></tr><tr><td>模块框图\nModule diagram</td><td>\n\n</td></tr><tr><td>模块方案\nModule solution</td><td>1.当VCC3V3 <4.03V时，cathode引脚为高阻态, 当VCC3V3 <VGS门限（Q1701）时，NMOS关闭，PMOS关闭，VCC3V3_SW无电。\n2、当4.03V＞VCC3V3 > VGS门限（Q1701）时，NMOS打开，PMOS打开，VCC3V3_SW和VCC3V3直通。\n3、当VCC3V3＞4.03V时，cathode引脚输出逻辑低（最高1V），NMOS关闭，PMOS关闭，VCC3V3_SW无电，对后级负载起到过压保护作用。\n1. When VCC3V3 <4.03V, the cathode pin is in the high resistance state. When VCC3V3 <VGs threshold (Q1701), NMOS is off, PMOS is off, and VCC3V3_SW has no electricity.\n2.When 4.03V>VCC3V3>VGS threshold (Q1701), NMOS opens, PMOS opens, and VCC3V3_sw and VCC3V3 pass through.\n3.When VCC3V3>4.03V, the cathode pin output logic is low (up to 1V), NMOS is off, PMOS is off, and VCC3V3_Sw has no power, which plays an overvoltage protection role on the load of the later stage.\n</td></tr></table>"", ""\nNone：MCU采样摄像头的1V8电源电压，精度要求：1.7~1.9V; MCU Component ：F01/ MCU; None：B; None：U6; None：AN14; None：AN14/EVADC_G1CH6/EDSADC_EDS3PB; None：ADC，分辨率10bit; None：VCC1V8_CAM_ACQ; None：/; None：I; None：索尼摄像头模组电源1.8V电压采样。\nU1V8_CAM_ACQ=3.3*ADC值/1024\n精度：1.7~1.9V\n硬件滤波截止频率：≥121.7Hz\n硬件滤波时间：≤1.5ms; None：HI-Z; None：—; SW Variable Name or SW Function Name：— ——Port1\nNone：Config; MCU Component ：F01/ MCU; None：QM; None：H19; None：P20.2; None：P20.2/TESTMODE; None：TESTMODE; None：—; None：/; None：I; None：TESTMODE：\n高：正常工作模式\n低：英飞凌内部测试模式; None：HI-Z，硬件外部上拉; None：—; SW Variable Name or SW Function Name：— ——Port1\nNone：Config; MCU Component ：F01/ MCU; None：B; None：A14; None：P14.5; None：P14.5/GTM_TIM1_IN0_4/GTM_TIM0_IN0_4/PMS_HWCFG1IN/GTM_DTMA2_0/GTM_TOUT85/ERAY0_TXD; None：PMS_HWCFG1IN; None：—; None：/; None：I; None：EVR33控制内部3.3V电压转换:\n高：内部使用5V转换为3.3V电压\n低：禁止5V转换为3.3V电压; None：HI-Z，硬件外部下拉; None：—; SW Variable Name or SW Function Name：— ——Port1"", ""\nNone：MCU采样EQ6l系统的VCC0V75_MIPI_DDR电源电压\n精度要求：0V75±5%; MCU Component ：F01/ MCU; None：B; None：W4; None：AN18; None：AN18/P40.11/SENT_SENT11A/EVADC_G11CH8/EVADC_G2CH2; None：ADC，分辨率10bit; None：0V75_MIPI_DDR_ACQ; None：/; None：I; None：0V75_MIPI_DDR电压采样\nU0V75_MIPI_DDR_ACQ=3.3*ADC值/1024\n硬件滤波截止频率：≥121.7Hz\n硬件滤波时间：≤1.6ms\n精度要求：0.75V±5%; None：HI-Z; None：—; SW Variable Name or SW Function Name：— ——Port1\nNone：MCU采样摄像头系统的3.3V电源电压，精度要求：3V3±5%; MCU Component ：F01/ MCU; None：B; None：T7; None：AN12; None：AN12/EVADC_G1CH4/EDSADC_EDS0PB; None：ADC，分辨率10bit; None：VCC3V3_CAM_ACQ; None：/; None：I; None：索尼摄像头模组电源3.3V电压采样。\nCAM 3V3电压采样\nU3V3_CAM_ACQ=3.3*ADC值/1024\nU3V3_CAM=U3V3_CAM_ACQ/分压比，分压比=1/2\n精度要求：3.3V±5%; None：HI-Z; None：—; SW Variable Name or SW Function Name：— ——Port1\nNone：MCU采样摄像头的1V1电源电压，精度要求：1~1.2V; MCU Component ：F01/ MCU; None：B; None：W6; None：AN13; None：AN13/EVADC_G1CH5/EDSADC_EDS0NB; None：ADC，分辨率10bit; None：VCC1V1_CAM_ACQ; None：/; None：I; None：索尼摄像头模组电源1.1V电压采样。\nU1V1_ACQ=3.3*ADC值/1024\n精度：1~1.2V\n硬件滤波截止频率：≥121.7Hz\n硬件滤波时间：≤1.6ms; None：HI-Z; None：—; SW Variable Name or SW Function Name：— ——Port1"", ""<table><tr><td>电源轨</td><td colspan='2'>软件设置阈值</td></tr><tr><td>电源轨</td><td>Min</td><td>Max</td></tr><tr><td>VCC3V3_EQ</td><td>2.884</td><td>3.782</td></tr><tr><td>VCC1V8</td><td>1.613</td><td>2.012</td></tr><tr><td>VCC1V8_EQ</td><td>1.613</td><td>2.012</td></tr><tr><td>VCC1V1</td><td>0.993</td><td>1.253</td></tr><tr><td>VCC0V75</td><td>0.673</td><td>0.836</td></tr><tr><td>0V75_MIPI_DDR</td><td>0.658</td><td>0.842</td></tr><tr><td>VCC3V3_CAM</td><td>2.884</td><td>3.782</td></tr><tr><td>VCC1V8_CAM</td><td>1.603</td><td>2.023</td></tr><tr><td>VCC1V1_CAM</td><td>0.9335</td><td>1.284</td></tr><tr><td>VCC50</td><td>4.379</td><td>5.721</td></tr><tr><td>VCC3V3_ETH</td><td>2.731</td><td>3.961</td></tr></table>"", ""\nNo.：86; Alarm ID：ALM9[0]; Alarm name：Temperature overflow; Related SMs：SM[HW]:DTS:TEMPERATURE_MONITOR; Safety related ?：Y; Fault Handling\n(Refer to Note)：Internal actions: \n• INTERRUPT REQUEST or NMI TRAP REQUEST\n• 中断触发后，软件在中断中保存SMU_AG到一片外狗复位不清除的RAM区，然后通过外狗进行复位\n• 软件在TRAP中，先判断SMU_AG是否为0。若SMU_AG≠0，则保存SMU_AG到一片外狗复位不清除的RAM区，然后通过外狗进行复位。若SMU_AG=0，则不保存SMU_AG。; Status：nan; Person in charge：nan; Comment：软件应该正确配置MCU过温保护阈值，过温阈值为150℃。 ——12.1 TC37X_HWSM\nNo.：87; Alarm ID：ALM9[1]; Alarm name：Temperature underflow; Related SMs：SM[HW]:DTS:TEMPERATURE_MONITOR; Safety related ?：Y; Fault Handling\n(Refer to Note)：Internal actions: \n• INTERRUPT REQUEST or NMI TRAP REQUEST\n• 中断触发后，软件在中断中保存SMU_AG到一片外狗复位不清除的RAM区，然后通过外狗进行复位\n• 软件在TRAP中，先判断SMU_AG是否为0。若SMU_AG≠0，则保存SMU_AG到一片外狗复位不清除的RAM区，然后通过外狗进行复位。若SMU_AG=0，则不保存SMU_AG。; Status：nan; Person in charge：nan; Comment：软件应该正确配置MCU欠温保护阈值，欠温阈值-50℃。 ——12.1 TC37X_HWSM\nNo.：88; Alarm ID：ALM9[3]; Alarm name：Over-voltage Alarm; Related SMs：SM[HW]:PMS:VDDM_MONITOR\nSM[HW]:PMS:VDDP3_MONITOR\nSM[HW]:PMS:VDDPD_MONITOR\nSM[HW]:PMS:VDD_MONITOR\nSM[HW]:PMS:VEVRSB_MONITOR\nSM[HW]:PMS:VEXT_MONITOR; Safety related ?：Y; Fault Handling\n(Refer to Note)：Internal actions: \n• INTERRUPT REQUEST or NMI TRAP REQUEST\n• 中断触发后，软件在中断中保存SMU_AG到一片外狗复位不清除的RAM区，然后通过外狗进行复位\n• 软件在TRAP中，先判断SMU_AG是否为0。若SMU_AG≠0，则保存SMU_AG到一片外狗复位不清除的RAM区，然后通过外狗进行复位。若SMU_AG=0，则不保存SMU_AG。; Status：nan; Person in charge：nan; Comment：nan ——12.1 TC37X_HWSM"", ""<table><tr><td>模块序号\nModule number</td><td>模块名称\nModule name</td><td>功能定义\nFunction definition.</td><td>功能安全需求\nFunctional safety requirements</td></tr><tr><td>F01</td><td>MCU</td><td>SAK-TC377TP-96F300S AA</td><td>B(B)</td></tr><tr><td>F02</td><td>EYEQ6-L</td><td>EYEQ6-L，用于sensor的视频处理</td><td>B</td></tr><tr><td>F03</td><td>EYEQ6_LPDDR4</td><td>EQ6的1GB LPDDR4</td><td>B</td></tr><tr><td>F04</td><td>EYEQ6_NAND FLASH</td><td>EQ6的2Gb NAND FLASH</td><td>B</td></tr><tr><td>F05</td><td>CAM SENSOR</td><td>Sony 728摄像头模组</td><td>B</td></tr><tr><td>F06</td><td>KL30 sample</td><td>KL30电压采样</td><td>QM</td></tr><tr><td>F07</td><td>KL15 sample</td><td>KL15电压采样</td><td>QM</td></tr><tr><td>F08</td><td>EQ system power sample1</td><td>EQ6L系统供电电源电压ADC采样滤波、分压电路</td><td>B(B)</td></tr><tr><td>F09</td><td>ETH and CAN power sample2</td><td>CAN和ETH电源电压ADC采样滤波、分压电路</td><td>QM</td></tr><tr><td>F10</td><td>NTC temp sensor</td><td>NTC温度传感器，监控EQ6L/LPDDR4周边环境温度。</td><td>B</td></tr><tr><td>F11</td><td>KL30 EMI</td><td>KL30供电口EMI滤波电路.</td><td>B</td></tr><tr><td>F12</td><td>POWER</td><td>LN10046，KL30电源转VCC3V3电源</td><td>B</td></tr><tr><td>F13</td><td>POWER</td><td>LP87702，VCC3V3电压输入，VCC1V1、VCC1V8、VCC50电压输出</td><td>QM(B)</td></tr><tr><td>F14</td><td>POWER</td><td>TPS62872，VCC3V3电压输入，VCC0V75电压输出</td><td>QM(B)</td></tr><tr><td>F15</td><td>POWER</td><td>SA23002，VCC3V3输入，VCC0V75电压输出</td><td>QM(B)</td></tr><tr><td>F16</td><td>POWER</td><td>TPS22918负载开关，VCC3V3电压输入，VCC3V3_EQ输出</td><td>QM(B)</td></tr><tr><td>F17</td><td>POWER</td><td>TPS22918负载开关，VCC3V3输入，VCC3V3_ETH输出</td><td>QM</td></tr><tr><td>F18</td><td>overvoltage protect</td><td>用于MCU电源VCC3V3_MCU的外部过压保护</td><td>B</td></tr><tr><td>F19</td><td>POWER</td><td>TPS22918 负载开关，VCC1V8电压输入，VCC1V8_EQ电压输出</td><td>QM(B)</td></tr><tr><td>F20</td><td>CAN3</td><td>基于TCAN1145的CAN通讯，硬件支持特定报文唤醒</td><td>QM</td></tr><tr><td>F21</td><td>CAN2</td><td>基于TCAN1044A的CAN通讯.</td><td>QM</td></tr><tr><td>F22</td><td>CAN1</td><td>基于TCAN1044A的CAN通讯</td><td>QM</td></tr><tr><td>F23</td><td>CAN0</td><td>基于TCAN1044A的CAN通讯.</td><td>QM</td></tr><tr><td>F24</td><td>ETH</td><td>基于DP83TC812R的100BASE-T1通讯</td><td>QM</td></tr><tr><td>F25</td><td>Wake up</td><td>唤醒源和一级电源使能电路设计</td><td>QM</td></tr><tr><td>F26</td><td>watchdog</td><td>LP87702的看门狗功能，用于监控MCU运行状态</td><td>B</td></tr><tr><td>F27</td><td>POWER</td><td>VCC3V3_MCU转VCC1V25_MCU电压，由MCU的EVRC进行控制。</td><td>B</td></tr><tr><td>F28</td><td>level translation</td><td>3V3和1V8双向电压转换芯片</td><td>QM</td></tr></table>"", ""\nNo.：81; Alarm ID：ALM8[27]; Alarm name：External Request Unit Alarm 5; Related SMs：SM[HW]:SCU.ERU:EXT_ALARM_GENERATION; Safety related ?：N; Fault Handling\n(Refer to Note)：• NO ACTION; Status：nan; Person in charge：nan; Comment：nan ——12.1 TC37X_HWSM\nNo.：82; Alarm ID：ALM8[28]; Alarm name：External Request Unit Alarm 6; Related SMs：SM[HW]:SCU.ERU:EXT_ALARM_GENERATION; Safety related ?：N; Fault Handling\n(Refer to Note)：• NO ACTION; Status：nan; Person in charge：nan; Comment：nan ——12.1 TC37X_HWSM\nNo.：83; Alarm ID：ALM8[29]; Alarm name：External Request Unit Alarm 7; Related SMs：SM[HW]:SCU.ERU:EXT_ALARM_GENERATION; Safety related ?：N; Fault Handling\n(Refer to Note)：• NO ACTION; Status：nan; Person in charge：nan; Comment：nan ——12.1 TC37X_HWSM\nNo.：84; Alarm ID：ALM8[30]; Alarm name：Temperature underflow; Related SMs：SM[HW]:DTS:TEMPERATURE_MONITOR; Safety related ?：Y; Fault Handling\n(Refer to Note)：Internal actions: \n• INTERRUPT REQUEST or NMI TRAP REQUEST\n• 中断触发后，软件在中断中保存SMU_AG到一片外狗复位不清除的RAM区，然后通过外狗进行复位\n• 软件在TRAP中，先判断SMU_AG是否为0。若SMU_AG≠0，则保存SMU_AG到一片外狗复位不清除的RAM区，然后通过外狗进行复位。若SMU_AG=0，则不保存SMU_AG。; Status：nan; Person in charge：nan; Comment：软件应该正确配置MCU欠温保护阈值，欠温阈值-50℃。 ——12.1 TC37X_HWSM\nNo.：85; Alarm ID：ALM8[31]; Alarm name：Temperature overflow; Related SMs：SM[HW]:DTS:TEMPERATURE_MONITOR; Safety related ?：Y; Fault Handling\n(Refer to Note)：Internal actions: \n• INTERRUPT REQUEST or NMI TRAP REQUEST\n• 中断触发后，软件在中断中保存SMU_AG到一片外狗复位不清除的RAM区，然后通过外狗进行复位\n• 软件在TRAP中，先判断SMU_AG是否为0。若SMU_AG≠0，则保存SMU_AG到一片外狗复位不清除的RAM区，然后通过外狗进行复位。若SMU_AG=0，则不保存SMU_AG。; Status：nan; Person in charge：nan; Comment：软件应该正确配置MCU过温保护阈值，过温阈值为150℃。 ——12.1 TC37X_HWSM"", ""Figure 10-1. Typical ApplicationSchematic\n110 nH±20%\n0.75V\nV\nVIN\nSW\n3.3V\nVIN\nMODE/SYNC\n20 kQ\nC\nC\nVoO\nLoad\nVOSNS\nEN\nGOSNS\nSDA\nSCL\n>Rz\nVSEL\nFSEL\n3.3V\nCc\n6.2 kQ\n[cc\nM10 kQ\nCOMP\n1kQ\nOPG\nPG\nSYNC_OUT\nGND\n10pF\nGND\n""]","{""original_context_count"": 21, ""original_context_characters"": 19855, ""scored_context_count"": 8, ""scored_context_characters"": 5171, ""contexts_truncated"": true, ""context_selection"": ""claim_coverage"", ""selected_evidence_ids"": [""document:b6943ae371d76077""], ""selected_claim_ids"": [""sq_1:claim_1""], ""excluded_evidence_ids"": [""circuit:21:net:VCC3V3_MCU"", ""document:3862b04ac47a9499"", ""document:3a1035b0af82a890"", ""document:5fe56e0953406ff6"", ""document:6620a6e887eb13f5"", ""document:87e0c61422f91bc3"", ""document:917faf28c7975633"", ""document:91f27d32c7bf7787"", ""document:a075d2642b8e135f"", ""document:a266ee5764d45ab0"", ""document:b257f3b0795806a8"", ""document:e6627ad70c8cab97"", ""document:ed178b5d659e251d""]}",0.2287008449658376,0.44529037122133386,0.0,not_applicable,0.19642857141875,0.0,0.5,0.0,not_applicable
hw-v1-circuit-tps22918-enumeration,success,板上用 TPS22918 做了哪些电源开关？逐个给出输入、输出和使能。,U1500：VCC3V3 到 VCC3V3_ETH，使能 MCU_3V3_ETH_EN；U1802：VCC3V3 到 VCC3V3_EQ，使能 MCU_3V3_EQ_EN；U1803：VCC1V8 到 VCC1V8_EQ，使能 MCU_1V8_EQ_EN。,"板上共有 **3 个 TPS22918 电源开关**，实例编号分别为 **U1803**、**U1802** 和 **U1500**。每个实例的输入、输出和使能引脚连接如下：

### 1. U1803
- **输入**：VCC1V8（来自电源转换芯片的1.8V输出）
- **输出**：VCC1V8_EQ（用于EQ6系统供电）
- **使能**：MCU_1V8_EQ_EN（由MCU的P20.0引脚控制）
- **证据**：
  - 实例U1803被识别为TPS22918（证据[9]）。
  - 文档[13]描述：“采用TPS22918负载开关，将VCC1V8电源转换为VCC1V8_EQ，给EQ6供电。用MCU的P20.0引脚使能该芯片。”
  - 网络MCU_1V8_EQ_EN连接U1803.ON（证据[6]）。

### 2. U1802
- **输入**：VCC3V3（系统3.3V电源）
- **输出**：VCC3V3_EQ（用于EQ6 IO和摄像头供电）
- **使能**：MCU_3V3_EQ_EN（由MCU的P20.3引脚控制）
- **证据**：
  - 实例U1802被识别为TPS22918（证据[12]）。
  - 文档[15]描述：“采用TPS22918负载开关，将VCC3V3系统电源转换为VCC3V3_EQ，提供给EQ6和摄像头供电。用MCU的P20.3引脚使能该芯片。”
  - 网络MCU_3V3_EQ_EN连接U1802.ON（证据[7]）。

### 3. U1500
- **输入**：VCC3V3（系统3.3V电源）
- **输出**：VCC3V3_ETH（用于MCU的ETH供电）
- **使能**：MCU_3V3_ETH_EN（由MCU的P21.0引脚控制）
- **证据**：
  - 实例U1500被识别为TPS22918（证据[10]）。
  - 文档[16]描述：“采用TPS22918负载开关，将VCC3V3系统电源转换为VCC3V3_ETH，提供给MCU的ETH供电。P21.0引脚使能该芯片。”
  - 网络MCU_3V3_ETH_EN连接U1500.ON（证据[8]）。

**注意**：以上输入和输出网络名称（如VCC1V8、VCC3V3_EQ等）来源于文字文档描述，电路图原理图中未直接标注这些网络名称，但文档描述与电路图实例对应关系一致，无证据冲突。","板上共有 **3 个 TPS22918 电源开关**，实例编号分别为 **U1803**、**U1802** 和 **U1500**。每个实例的输入、输出和使能引脚连接如下：

### 1. U1803
- **输入**：VCC1V8（来自电源转换芯片的1.8V输出）
- **输出**：VCC1V8_EQ（用于EQ6系统供电）
- **使能**：MCU_1V8_EQ_EN（由MCU的P20.0引脚控制）
- **证据**：
  - 实例U1803被识别为TPS22918（证据[9]）。
  - 文档[13]描述：“采用TPS22918负载开关，将VCC1V8电源转换为VCC1V8_EQ，给EQ6供电。用MCU的P20.0引脚使能该芯片。”
  - 网络MCU_1V8_EQ_EN连接U1803.ON（证据[6]）。

### 2. U1802
- **输入**：VCC3V3（系统3.3V电源）
- **输出**：VCC3V3_EQ（用于EQ6 IO和摄像头供电）
- **使能**：MCU_3V3_EQ_EN（由MCU的P20.3引脚控制）
- **证据**：
  - 实例U1802被识别为TPS22918（证据[12]）。
  - 文档[15]描述：“采用TPS22918负载开关，将VCC3V3系统电源转换为VCC3V3_EQ，提供给EQ6和摄像头供电。用MCU的P20.3引脚使能该芯片。”
  - 网络MCU_3V3_EQ_EN连接U1802.ON（证据[7]）。

### 3. U1500
- **输入**：VCC3V3（系统3.3V电源）
- **输出**：VCC3V3_ETH（用于MCU的ETH供电）
- **使能**：MCU_3V3_ETH_EN（由MCU的P21.0引脚控制）
- **证据**：
  - 实例U1500被识别为TPS22918（证据[10]）。
  - 文档[16]描述：“采用TPS22918负载开关，将VCC3V3系统电源转换为VCC3V3_ETH，提供给MCU的ETH供电。P21.0引脚使能该芯片。”
  - 网络MCU_3V3_ETH_EN连接U1500.ON（证据[8]）。

**注意**：以上输入和输出网络名称（如VCC1V8、VCC3V3_EQ等）来源于文字文档描述，电路图原理图中未直接标注这些网络名称，但文档描述与电路图实例对应关系一致，无证据冲突。","[""Net CAN_EN_MCU_SPI3_MRST_P02.5 connects R1213.&1, R1231.&1, R1318.&1, R1324.&1, TP1119.&1, U900D.P02.5/I2C0_SCLA/PSI5_RX1B/PSI5S_RXB/QSPI3_MRSTA/SENT_SENT3C/CAN0_ECTT2/CAN11_TXD/QSPI3_MRST/I2C0_SCL/ERAY0_TXENB."", ""Net ECU_EN connects C1625.&2, D1608.K, D1611.K, D1612.K, D1613.K, D1614.K, D1615.K, R1610.&1, R1612.&2, TP1609.&1, U1600.EN/SYNC."", ""Net EQ_1V8_TSENS connects C651.&1, C653.&1, L601.&1, U400-10.VDDA_TSENS0, U400-10.VDDA_TSENS1."", ""Net EYEQ6_FCMU_RSTEN_N_P11.13 connects R520.&1, TP1138.&1, U900D.P11.13/GETH_RXERA/CAN13_RXDD/CSIH1CSS3 /SENT0SPCO / ADCA0I1S / RIIC1SCL."", ""Net EYEQ6_TESTEN connects R529.&2, TP513.&1, U400-5.TESTEN, X2000.&11."", ""Net MCU_1V8_EQ_EN connects R1817.&2, TP1819.&1, U1803.ON, U900E.P20.0/CAN03_RXDC/CBS_TGI0/SCU_E_REQ6_0/GPT120_T6EUDA/ASCLIN3_ATX/ASCLIN3_ASCLK/HSCT0_SYSCLK_OUT/CBS_TGO0."", ""Net MCU_3V3_EQ_EN connects R1818.&2, TP1822.&1, U1802.ON, U900E.P20.3/ASCLIN3_ARXC/GPT120_T6INA/ASCLIN3_ATX/QSPI0_SLSO9/QSPI2_SLSO9/CAN03_TXD, X2000.&13."", ""Net MCU_3V3_ETH_EN connects R1500.&2, TP1500.&1, U1500.ON, U900E.P21.0/ASCLIN11_ARXC/ASCLIN11_ATX/ASCLIN11_ATX."", ""Instance U1803: TPS22918, 20181204001, TPS22918TDBVRQ1, SOT23X145-6."", ""Instance U1500: TPS22918, 20181204001, TPS22918TDBVRQ1, SOT23X145-6."", ""Instance U1600: LN10046FSQ1LQR, 202309205790, LN10046FSQ1LQR, QFN50X52D5P400x350x90-14."", ""Instance U1802: TPS22918, 20181204001, TPS22918TDBVRQ1, SOT23X145-6."", ""<table><tr><td>HM ID</td><td>F19</td></tr><tr><td>模块功能 \nModule Function</td><td>1V8转1V8_EQ用于EQ6供电，现选择负载开关方案。\n1V8 to 1V8_EQ is used for the EQ6 power supply, now choose the load switch scheme.\n</td></tr><tr><td>模块框图\nModule diagram</td><td></td></tr><tr><td>模块方案\nModule solution</td><td>采用TPS22918负载开关，将VCC1V8电源转换为VCC1V8_EQ，给EQ6供电。用MCU的P20.0引脚使能该芯片。\nThe TPS22918 load switch chip is used to convert the VCC1V8 to VCC1V8_EQ to power EQ6. The P20.0 pin of the MCU is used to enable the chip.\n</td></tr></table>"", ""\nHW Interface Component ：QM（B）; None：F16/POWER; None：1、负载开关TPS22918，VCC3V3转VCC3V3_EQ。\n2、TPS22918由MCU进行使能和关断控制。; MCU Component ：F01/MCU; None：B; None：G20; None：P20.3; None：P20.3/GTM_TIM4_IN5_11/GTM_TIM3_IN4_5/GTM_TIM2_IN4_5/GTM_TOUT61/QSPI0_SLSO9/QSPI2_SLSO9/CAN03_TXD; None：GPIO; None：MCU_3V3_EQ_EN; None：/; None：O; None：VCC3V3_EQ电源使能控制信号\n高：使能VCC3V3_EQ电源\n低：关断VCC3V3_EQ电源; None：HI-Z,硬件外部下拉; None：—; SW Variable Name or SW Function Name：— ——Port1\nHW Interface Component ：QM; None：F17/POWER; None：1、负载开关TPS22918，VCC3V3转VCC3V3_ETH。\n2、TPS22918由MCU进行使能和关断控制。; MCU Component ：F01/MCU; None：QM; None：K17; None：P21.0; None：P21.0/GTM_TIM4_IN0_11/GTM_TIM3_IN4_6/GTM_TIM2_IN4_6/QSPI4_MRSTDN/DMU_FDEST/GTM_TOUT51/HSM_HSM1; None：GPIO; None：MCU_3V3_ETH_EN; None：/; None：O; None：VCC3V3_ETH电源使能控制信号\n高：使能VCC3V3_EQ电源\n低：关断VCC3V3_EQ电源; None：HI-Z, 硬件外部下拉; None：—; SW Variable Name or SW Function Name：— ——Port1\nHW Interface Component ：QM; None：F14/POWER; None：1、电源转换芯片TPS62872，VCC3V3转VCC0V75。\n2、TPS62872由MCU进行使能和关断控制。; MCU Component ：F01/MCU; None：QM; None：P20; None：P22.0; None：P22.0/GTM_TIM1_IN1_7/GTM_TIM0_IN1_7/QSPI4_MTSRB/GTM_TOUT47/QSPI4_MTSR/QSPI4_SCLKN; None：GPIO; None：MCU_VCC0V75_EN; None：/; None：O; None：VCC0V75电源使能控制信号\n高：使能VCC0V75电源\n低：关断VCC0V75电源; None：HI-Z, 硬件外部下拉; None：—; SW Variable Name or SW Function Name：— ——Port1"", ""<table><tr><td>HM ID</td><td>F16</td></tr><tr><td>模块功能 \nModule Function</td><td>VCC3V3转VCC3V3_EQ用于EQ6的IO和摄像头供电，现使用负载开关TPS22918进行设计。\nVCC3V3 to VCC3V3-EQ is used for the IO and camera power supply of EQ6, and the load switch TPS22918 is used for the design.</td></tr><tr><td>模块框图\nModule diagram</td><td></td></tr><tr><td>模块方案\nModule solution</td><td>采用TPS22918负载开关，将VCC3V3系统电源转换为VCC3V3_EQ，提供给EQ6和摄像头供电。用MCU的P20.3引脚使能该芯片。\nThe TPS22918 load switch is used to convert the VCC3V3 system power to VCC3V3-EQ to supply power to EQ6 and the camera. The P20.3 pin of the MCU is used to enable the chip.\n</td></tr></table>"", ""<table><tr><td>HM ID</td><td>F17</td></tr><tr><td>模块功能 \nModule Function</td><td>3V3转3V3_ETH用于ETH供电，现选择负载开关方案。\n3V3 to 3V3_ETH is used for ETH power supply, and the load switching scheme is now selected.</td></tr><tr><td>模块框图\nModule diagram</td><td></td></tr><tr><td>模块方案\nModule solution</td><td>采用TPS22918负载开关，将VCC3V3系统电源转换为VCC3V3_ETH，提供给MCU的ETH供电。P21.0引脚使能该芯片。\nThe TPS22918 load switch is used to convert the VCC3V3 system power to VCC3V3-ETH to supply power to ETH of the MCU. The P21.0 pin of the MCU is used to enable the chip.\n</td></tr></table>"", ""<table><tr><td>HM ID</td><td>F19</td></tr><tr><td>运行模式\nOperation Mode</td><td>上电模式、下电模式、运行模式\nPower on mode, Power off mode, Run mode.</td></tr><tr><td>模式定义\nDefinition of Operation mode</td><td>1、\t上电模式\nMCU通过将MCU_1V8_EQ_EN信号配置为逻辑高使能VCC1V8_EQ电源输出，用于EQ系统供电。\n2、\t下电模式\nMCU通过将MCU_1V8_EQ_EN信号配置为逻辑低关闭VCC1V8_EQ电源输出。\n3、\t运行模式\nTPS22918正常输出VCC1V8_EQ。\nPower on mode\nThe MCU is used to power the EQ system by configuring the MCU-1 V8-EQ_EN signal to the logical high enable VCCIV8-EQ power output. \nPower off mode\nThe MCU turns off the VCC1V8-EQ power output by configuring the MCU-1V8-EQ_EN signal to logic low.\nRun mode\nTPS22918 normal output VCC1V8_EQ.</td></tr><tr><td>模式切换接口\nMode switching interface</td><td></td></tr><tr><td>模式状态机\nMode state machine</td><td></td></tr><tr><td>模式切换条件\nMode switching condition</td><td>参考：\n产品系统需求规格说明\n产品系统方案设计说明书\nReference: \nProduct system requirement specification \nProduct system scheme design specification.</td></tr><tr><td>备注\nNote</td><td></td></tr></table>"", ""<table><tr><td>HM ID</td><td>F17</td></tr><tr><td>运行模式\nOperation Mode</td><td>上电模式、下电模式、运行模式\nPower on mode, Power off mode, Run mode.</td></tr><tr><td>模式定义\nDefinition of Operation mode</td><td>1、\t上电模式\nMCU通过将MCU_3V3_ETH_EN信号配置为逻辑高使能VCC3V3_ETH电源输出，用于MCU ETH系统供电。\n2、\t下电模式\nMCU通过将MCU_3V3_ETH_EN信号配置为逻辑低关闭VCC3V3_ETH电源输出。\n3、\t运行模式\nTPS22918正常输出VCC3V3_ETH。\nPower on mode \nThe MCU is used to power the MCU ETH system by configuring the MCU_3V3_ETH_EN signal as a logical high enabled VCC3V3_ETH power output.\nPower off mode\nThe MCU turns off the VCC3V3_ETH power output by configuring the MCU_3V3_ETH_EN signal to logical low.\nRun mode \nTPS22918 normal output VCC3V3_ETH. \n</td></tr><tr><td>模式切换接口\nMode switching interface</td><td></td></tr><tr><td>模式状态机\nMode state machine</td><td></td></tr><tr><td>模式切换条件\nMode switching condition</td><td>参考：\n产品系统需求规格说明\n产品系统方案设计说明书\nReference: \nProduct system requirement specification \nProduct system scheme design specification.</td></tr><tr><td>备注\nNote</td><td></td></tr></table>"", ""<table><tr><td>HM ID</td><td>F16</td></tr><tr><td>运行模式\nOperation Mode</td><td>上电模式、下电模式、运行模式\nPower on mode, Power off mode, Run mode.</td></tr><tr><td>模式定义\nDefinition of Operation mode</td><td>1、\t上电模式\nMCU通过将MCU_3V3_EQ_EN信号配置为逻辑高使能VCC3V3_EQ电源输出，用于EQ6和CAM系统供电。\n2、\t下电模式\nMCU通过将MCU_3V3_EQ_EN信号配置为逻辑低关闭VCC3V3_EQ输出。\n3、\t运行模式\nTPS22918正常输出VCC3V3_EQ。\nPower on mode\nThe MCU is used to power EQ6 and CAM systems by configuring the McU-3v3-eqen signal as a logical high enable VCC3V3 EQ power output. \nPower off mode\nThe MCU turns off the VCC3V3_EQ output by configuring the MCU_3V3_EQ_EN signal to logic low.\nRun mode \nTPS22918 normal output VCC3V3_EQ.</td></tr><tr><td>模式切换接口\nMode switching interface</td><td></td></tr><tr><td>模式状态机\nMode state machine</td><td></td></tr><tr><td>模式切换条件\nMode switching condition</td><td>参考：\n产品系统需求规格说明\n产品系统方案设计说明书\nReference: \nProduct system requirement specification \nProduct system scheme design specification.</td></tr><tr><td>备注\nNote</td><td></td></tr></table>"", ""<table><tr><td>序号</td><td>模块序号</td><td>模块名称</td><td>功能定义</td><td>功能安全需求</td></tr><tr><td>1</td><td>F013</td><td>POWER</td><td>LP87702，VCC3V3电压输入，VCC1V1、VCC1V8、VCC50电压输出</td><td>QM(B)</td></tr><tr><td>1</td><td>F01</td><td>MCU</td><td>SAK-TC377TP-96F300S AA</td><td>B(B)</td></tr><tr><td>1</td><td>F08</td><td>EQ system power sample1</td><td>EQ6L系统供电电源电压ADC采样滤波、分压电路</td><td>B(B)</td></tr><tr><td>2</td><td>F14</td><td>POWER</td><td>TPS62872，VCC3V3电压输入，VCC0V75电压输出，EQ6L核电供电</td><td>QM(B)</td></tr><tr><td>2</td><td>F01</td><td>MCU</td><td>SAK-TC377TP-96F300S AA</td><td>B(B)</td></tr><tr><td>2</td><td>F08</td><td>EQ system power sample</td><td>EQ6L系统供电电源电压ADC采样滤波、分压电路</td><td>B(B)</td></tr><tr><td>3</td><td>F15</td><td>POWER</td><td>SA23002，VCC3V3输入，0V75_MIPI_DDR电压输出</td><td>QM(B)</td></tr><tr><td>3</td><td>F01</td><td>MCU</td><td>SAK-TC377TP-96F300S AA</td><td>B(B)</td></tr><tr><td>3</td><td>F08</td><td>EQ system power sample</td><td>EQ6L系统供电电源电压ADC采样滤波、分压电路</td><td>B(B)</td></tr><tr><td>4</td><td>F16</td><td>POWER</td><td>TPS22918负载开关，VCC3V3电压输入，VCC3V3_EQ输出</td><td>QM(B)</td></tr><tr><td>4</td><td>F01</td><td>MCU</td><td>SAK-TC377TP-96F300S AA</td><td>B(B)</td></tr><tr><td>4</td><td>F08</td><td>EQ system power sample</td><td>EQ6L系统供电电源电压ADC采样滤波、分压电路</td><td>B(B)</td></tr></table>""]","{""original_context_count"": 20, ""original_context_characters"": 8603, ""scored_context_count"": 8, ""scored_context_characters"": 1426, ""contexts_truncated"": true, ""context_selection"": ""claim_coverage"", ""selected_evidence_ids"": [""document:377c425a6fdda20d"", ""circuit:21:net:MCU_3V3_ETH_EN""], ""selected_claim_ids"": [""sq_1:claim_1"", ""sq_2:claim_1""], ""excluded_evidence_ids"": [""circuit:21:instance:U1500"", ""circuit:21:instance:U1600"", ""circuit:21:instance:U1802"", ""circuit:21:instance:U1803"", ""circuit:21:net:CAN_EN_MCU_SPI3_MRST_P02.5"", ""circuit:21:net:ECU_EN"", ""circuit:21:net:EQ_1V8_TSENS"", ""circuit:21:net:EYEQ6_FCMU_RSTEN_N_P11.13"", ""circuit:21:net:EYEQ6_TESTEN"", ""circuit:21:net:MCU_1V8_EQ_EN"", ""circuit:21:net:MCU_3V3_EQ_EN"", ""document:1df5e4ce3f22f944"", ""document:44c4021cbbe6e903"", ""document:7a6ae2179c8765b3"", ""document:ac72bb1a220bade2"", ""document:c9de70b50adbca8c"", ""document:d59fddc6838a7925"", ""document:f57a25ce2df13fee""]}",0.5875493052209716,0.548229476810683,1.0,not_applicable,0.0,0.3333333333333333,1.0,0.36363636363636365,not_applicable
hw-v1-multihop-eth-power,success,以太网 PHY 的 1.0V 电源如何一级级供出来？,供电链路为 VCC3V3 → U1500（TPS22918，ON=MCU_3V3_ETH_EN）→ VCC3V3_ETH → U1501（TPS74501 LDO）→ VCC1V0_ETH。,"**直接结论：**

1.  **以太网PHY的电源要求：** 以太网PHY需要两个电压轨：**1.0V**（对应网络VCC1V0_ETH）和 **3.3V**（对应网络VCC3V3_ETH）。
2.  **1.0V电源轨的供电链路：** 1.0V电源轨（VCC1V0_ETH）来源于一个LDO（U1501），该LDO的输入电源是3.3V电源轨（VCC3V3_ETH）。**（缺口：从系统输入电源到VCC3V3_ETH的完整供电链路未找到直接证据。）**

**支撑证据：**

*   **关于以太网PHY的电源要求：**
    *   电路图显示，以太网PHY芯片（U1400）的引脚连接到了网络VCC1V0_ETH和VCC3V3_ETH[10]。
    *   系统设计文档明确列出了以太网PHY的电源监控要求，包括VCC3V3_ETH和VCC1V0_ETH，并给出了VCC1V0_ETH的精度要求为0.9V～1.1V[2][5]。
*   **关于1.0V电源轨的供电链路：**
    *   电路图显示，LDO芯片（U1501）的输入（IN）和使能（EN）引脚连接至网络VCC3V3_ETH，其输出（OUT）引脚连接至网络VCC1V0_ETH[11]。这表明VCC1V0_ETH是由VCC3V3_ETH通过LDO U1501直接转换而来。

**缺失信息：**

*   **从系统输入电源到VCC3V3_ETH的完整供电链路：** 现有证据[8][9]仅描述了系统输入电源（如12V电池）通过一级DC-DC（如LN10046）转换为3.3V，但未明确该3.3V电源轨是否就是VCC3V3_ETH或其上游电源。因此，从系统输入到VCC3V3_ETH的完整转换链路、中间转换器型号及具体连接关系均无直接证据。","**直接结论：**

1.  **以太网PHY的电源要求：** 以太网PHY需要两个电压轨：**1.0V**（对应网络VCC1V0_ETH）和 **3.3V**（对应网络VCC3V3_ETH）。
2.  **1.0V电源轨的供电链路：** 1.0V电源轨（VCC1V0_ETH）来源于一个LDO（U1501），该LDO的输入电源是3.3V电源轨（VCC3V3_ETH）。**（缺口：从系统输入电源到VCC3V3_ETH的完整供电链路未找到直接证据。）**

**支撑证据：**

*   **关于以太网PHY的电源要求：**
    *   电路图显示，以太网PHY芯片（U1400）的引脚连接到了网络VCC1V0_ETH和VCC3V3_ETH[10]。
    *   系统设计文档明确列出了以太网PHY的电源监控要求，包括VCC3V3_ETH和VCC1V0_ETH，并给出了VCC1V0_ETH的精度要求为0.9V～1.1V[2][5]。
*   **关于1.0V电源轨的供电链路：**
    *   电路图显示，LDO芯片（U1501）的输入（IN）和使能（EN）引脚连接至网络VCC3V3_ETH，其输出（OUT）引脚连接至网络VCC1V0_ETH[11]。这表明VCC1V0_ETH是由VCC3V3_ETH通过LDO U1501直接转换而来。

**缺失信息：**

*   **从系统输入电源到VCC3V3_ETH的完整供电链路：** 现有证据[8][9]仅描述了系统输入电源（如12V电池）通过一级DC-DC（如LN10046）转换为3.3V，但未明确该3.3V电源轨是否就是VCC3V3_ETH或其上游电源。因此，从系统输入到VCC3V3_ETH的完整转换链路、中间转换器型号及具体连接关系均无直接证据。","[""Pin mapping for U1400: CLKOUT/GPIO_2 -> N22957239, EP_GND -> GND, INH -> ETH_INH, INT_N -> MCU_ETH_INTB_P20.10, LED_0/GPIO_0 -> N22956596, LED_1/GPIO_1 -> N22956594, MDC -> MCU_ETH_MDC_P21.2, MDIO -> MCU_ETH_MDIO_P21.3, PIN_21 -> N22957266, PIN_9 -> N22957266, RESET_N -> PHY_RESET_N_P22.3, RX_CLK -> N22957105, RX_D0 -> N22956588, RX_D1 -> N22956586, RX_D2 -> N22956584, RX_D3 -> N22956582, RX_DV/CRS_DV/RX_CTRL -> N22956590, RX_ER -> N22956592, TRD_M -> PHY_MDIN, TRD_P -> PHY_MDIP, TX_CLK -> N22956845, TX_D0 -> MCU_MII_TXD0, TX_D1 -> MCU_MII_TXD1, TX_D2 -> MCU_MII_TXD2, TX_D3 -> MCU_MII_TXD3, TX_EN/TX_CTRL -> MCU_MII_TXEN, VDDA -> N22956977, VDDIO -> N22956687, VDDMAC -> N22956687, VSLEEP -> VSLEEP, WAKE -> PHY_WAKE_P21.5, XI -> N22957465, XO -> N22957404."", ""Pin mapping for U1501: OUT -> VCC1V0_ETH, FB -> N22964030, GND -> GND, EN -> VCC3V3_ETH, IN -> VCC3V3_ETH, PAD -> GND."", ""Net PHY_MDIN connects R1434.&1, R1435.&1, U1400.TRD_M."", ""Net PHY_MDIP connects R1432.&1, R1433.&1, U1400.TRD_P."", ""Net PHY_RESET_N_P22.3 connects C1422.&2, R1402.&1, TP1401.&1, U1400.RESET_N, U900E.P22.3/ASCLIN5_ARXC/QSPI3_SCLKD/QSPI3_SCLK."", ""Net PHY_WAKE_P21.5 connects R1421.&1, R1439.&2, TP1402.&1, U1400.WAKE, U900E.P21.5/ASCLIN11_ARXF/ASCLIN3_ASCLK/ASCLIN11_ATX/HSCT0_TXDP."", ""Net MCU_CAM_ERRORFLAG connects TP548.&1, U400-9.GPIO_A29_TIMER_EXT1_OUTCMP2, X1903.&14."", ""Net MONITOR_CLK connects C503.&1, R546.&2, U400-9.GPIO_A30_EXT_CLK."", ""Net VCC1V0_ETH connects C1420.&1, C1506.&1, C1507.&1, L1403.&2, R1146.&1, R1504.&2, TP1503.&1, U1501.OUT."", ""Net VCC3V3_ETH connects C1404.&1, C1410.&1, C1502.&1, C1503.&1, C1504.&1, L1400.&2, L1401.&2, R1110.&1, R1400.&2, R1401.&2, R1402.&2, R1403.&2, R1404.&2, R1405.&2, R1406.&2, R1407.&2, R1408.&2, R1409.&2, R1410.&2, TP1502.&1, U1500.QOD, U1500.VOUT, U1501.EN, U1501.IN."", ""Instance D1606: S1J, 20190402010, BAS521-Q, SOD523X65-2_V01."", ""Instance D1608: S1J, 20190402010, BAS521-Q, SOD523X65-2_V01."", ""Instance D1609: S1J, 20190402010, BAS521-Q, SOD523X65-2_V01."", ""Instance D1611: S1J, 20190402010, BAS521-Q, SOD523X65-2_V01."", ""Instance D1612: S1J, 20190402010, BAS521-Q, SOD523X65-2_V01."", ""Instance U1400: DP83TC812R-Q1, 2025020711161, DP83TC812RRHARQ1, PQFN50P600X600X100-36."", ""Instance D1613: S1J, 20190402010, BAS521-Q, SOD523X65-2_V01."", ""Module Group 14 · Ethernet/PHY uses net B_D_ETH_1000_N."", ""Module Group 14 · Ethernet/PHY uses net B_D_ETH_1000_P."", ""Module Group 14 · Ethernet/PHY uses net B_D_ETH_100_N."", ""Module Group 14 · Ethernet/PHY uses net B_D_ETH_100_P."", ""\nNone：MCU采样以太网的VCC3V3_ETH电源电压\n精度要求：3.135V～3.465V; MCU Component ：F01/ MCU; None：QM; None：W8; None：AN8; None：AN8/EVADC_G11CH4/EVADC_G1CH0; None：ADC，分辨率10bit; None：3V3_ETH_ACQ; None：/; None：I; None：ETH 3V3电压采样\nU3V3_ETH_ACQ=3.3*ADC值/1024\nU3V3_ETH=U3V3_ETH_ACQ/分压比，分压比=1/2\n精度要求：3.3V±10%; None：HI-Z; None：—; SW Variable Name or SW Function Name：— ——Port1\nHW Interface Component ：B; None：F08/EQ system power sample1; None：MCU采样EQ6L系统的VCC3V3_EQ电源电压\n精度要求：3V3±5%; MCU Component ：F01/ MCU; None：B; None：W9; None：AN2; None：AN2/EVADC_G0CH2/EDSADC_EDS0PA; None：ADC，分辨率10bit; None：3V3_EQ_ACQ; None：/; None：I; None：EQ 3V3电压采样\nU3V3_EQ_ACQ=3.3*ADC值/1024\nU3V3_EQ=U3V3_EQ_ACQ/分压比，分压比=1/2\n精度要求：3.3V±5%; None：HI-Z; None：—; SW Variable Name or SW Function Name：— ——Port1\nNone：MCU采样EQ6L系统的VCC1V8电源电压\n精度要求：1V8±5%; MCU Component ：F01/ MCU; None：B; None：U9; None：AN3; None：AN3/EVADC_G0CH3/EDSADC_EDS0NA; None：ADC，分辨率10bit; None：1V8_ACQ; None：/; None：I; None：1V8电压采样\nU1V8_ACQ=3.3*ADC值/1024\n精度：1V8±5%\n硬件滤波截止频率：≥121.7Hz\n硬件滤波时间：≤1.6ms; None：HI-Z; None：—; SW Variable Name or SW Function Name：— ——Port1"", ""\nNone：MCU外挂20MHz晶体; MCU Component ：F01/ MCU; None：B; None：M20; None：XTAL1; None：XTAL /VEXT; None：CLOCK; None：——; None：/; None：I; None：MCU的时钟信号输入; None：I; None：—; SW Variable Name or SW Function Name：— ——Port1\nMCU Component ：F01/ MCU; None：B; None：M19; None：XTAL2; None：XTAL /VEXT; None：CLOCK; None：——; None：/; None：O; None：MCU的时钟驱动信号输出; None：O; None：—; SW Variable Name or SW Function Name：— ——Port1\nHW Interface Component ：QM; None：F09/ETH and CAN power samp2; None：MCU采样CAN的VCC50电源电压，精度要求：5V±5%; MCU Component ：F01/ MCU; None：QM; None：U10; None：AN1; None：AN1/EVADC_G0CH1/EDSADC_EDS3NA; None：ADC，分辨率10bit; None：VCC50_ACQ; None：/; None：I; None：5V电压采样\nU5V0_ACQ=3.3*ADC值/1024\nU5V0=U5V0_ACQ/分压比，分压比=1/2\n精度要求：5V±10%; None：HI-Z; None：—; SW Variable Name or SW Function Name：— ——Port1\nNone：MCU采样以太网的VCC1V0_ETH电源电压\n精度要求：0.9V～1.1V\n（仅当使用千兆以太网时采样）; MCU Component ：F01/ MCU; None：QM; None：U7; None：AN9; None：AN9/EVADC_G11CH5/EVADC_G1CH1; None：ADC，分辨率10bit; None：1V0_ETH_ACQ; None：以太网1V0电压采样\nU1V1_ACQ=3.3*ADC值/1024\n精度：0.95~1.1V\n硬件滤波截止频率：≥121.7Hz\n硬件滤波时间：≤1.6ms; None：HI-Z; None：—; SW Variable Name or SW Function Name：— ——Port1"", ""<table><tr><td>HM ID</td><td>F24</td></tr><tr><td>运行模式\nOperation Mode</td><td>正常模式、复位模式，待机模式，断电模式，休眠模式\nNormal mode, reset mode, standby mode, power off mode, sleep mode</td></tr><tr><td>模式定义\nDefinition of Operation mode</td><td>1、\t正常模式\n模块上电，正常运行模式，以太网收发正常。MDIO可以访问，Link处于连接状态。\n2、\t复位模式\nUV或Reset event时，PHY芯片将进行复位，在Reset期间将无法LINKUP，MDIO无法总线访问\n待机模式\n仅当PHY为MASTER且配置成管理模式时，上电自动进入待机模式。如果是自动模式，上电后自动进入正常模式。\n4、\t断电模式\n当任何一个电源轨低于POR阈值（0.6V）时，PHY处于断电状态，所有数字IO都将保持高阻态。\n休眠模式\n当有休眠指令且MDI总线空闲时，将进入休眠模式，除了能量检测外，禁用所有PHY模块。在睡眠模式下，所有寄存器配置都会丢失。\nNormal mode\nPower on，Normal Run mode, Ethernet transceiver is normal. MDIO is accessible and Link is in a connected state.\nReset mode\nUV or Reset event, the PHY chip will Reset, during reset will not be able to LINKUPMDIO cannot bus access.\nStandby mode\nThe device will automatically enter standby mode upon power-up only if*the PHY is configured in Master mode and set to managed mode. If the PHY operates in auto mode, it will automatically enter normal mode after power-on.\n4. Sleep mode\nThe PHY enters sleep mode when a sleep command is issued and the MDI bus is idle. In this mode, all PHY modules are disabled except for energy detection functionality. Note that all register configurations will be lost during sleep mode.</td></tr><tr><td>模式切换接口\nMode switching interface</td><td></td></tr><tr><td>模式状态机\nMode state machine</td><td></td></tr><tr><td>模式切换条件\nMode switching condition</td><td>参考：\n产品系统需求规格说明\n产品系统方案设计说明书\nReference: \nProduct system requirement specification \nProduct system scheme design specification.</td></tr><tr><td>备注\nNote</td><td></td></tr></table>"", ""\nNone：U20; None：P23.2; None：P23.2/GTM_TIM1_IN6_5/GTM_TIM0_IN6_5/GTM_TOUT43/CAN12_TXD; None：GPIO; None：MCU_RST_FLASH_P23.2; None：/; None：O; None：FLASH复位信号\n低：FLASH复位\n高：FLASH进入工作状态; None：HI-Z，硬件外部下拉; None：—; SW Variable Name or SW Function Name：— ——Port1\nNone：未使用; MCU Component ：F01/ MCU; None：NA; None：/; None：D7; None：P11.14; None：P11.14/GTM_TIM4_IN7_4/GTM_TIM2_IN7_8/GETH_CRSDVB/GETH_RXDVB/GETH_CRSA/GTM_TOUT126; None：GPIO; None：MCU_ETH_CFG1_P11.14; None：/; None：I; None：CFG1：BOM配置，判断是否有以太网\n高：TBD\n低：TBD; None：HI-Z; None：—; SW Variable Name or SW Function Name：— ——Port1\nNone：未使用; MCU Component ：F01/ MCU; None：NA; None：/; None：D6; None：P11.15; None：P11.15/GTM_TIM4_IN7_5/GTM_TIM0_IN7_8/GETH_COLA/GTM_TOUT127; None：GPIO; None：MCU_ETH_CFG2_P11.15; None：/; None：I; None：CFG2：BOM配置，判断以太网接口类型\n高：TBD\n低：TBD; None：HI-Z; None：—; SW Variable Name or SW Function Name：— ——Port1\nHW Interface Component ：QM(B); None：F13/POWER; None：1、LP87702实现VCC3V3转VCC1V8、VCC1V1、VCC50三路电源输出\n2、LP87702的VCC50由MCU的GPIO控制使能和关断，VCC1V8、VCC1V1由MCU的I2C控制使能和关断。\n3、预留中断信号用于MCU辅助监控LP87702的工作状态。\n4、MCU可以通过I2C监控和管理LP87702的状态。; MCU Component ：F01/ MCU; None：QM; None：B17; None：P15.3; None：P15.3/GTM_TIM3_IN6_4/GTM_TIM2_IN6_4/CAN01_RXDA/QSPI2_SCLKA/GTM_TOUT74/QSPI2_SCLK/MSC0_EN1; None：GPIO; None：MCU_5V_EN; None：/; None：O; None：VCC50（LP87702）电源使能控制信号\n高：使能VCC50电压输出\n低：关断VCC50电压输出; None：HI-Z，硬件外部下拉; None：—; SW Variable Name or SW Function Name：— ——Port1"", ""<table><tr><td>电源轨</td><td colspan='2'>软件设置阈值</td></tr><tr><td>电源轨</td><td>Min</td><td>Max</td></tr><tr><td>VCC3V3_EQ</td><td>2.884</td><td>3.782</td></tr><tr><td>VCC1V8</td><td>1.613</td><td>2.012</td></tr><tr><td>VCC1V8_EQ</td><td>1.613</td><td>2.012</td></tr><tr><td>VCC1V1</td><td>0.993</td><td>1.253</td></tr><tr><td>VCC0V75</td><td>0.673</td><td>0.836</td></tr><tr><td>0V75_MIPI_DDR</td><td>0.658</td><td>0.842</td></tr><tr><td>VCC3V3_CAM</td><td>2.884</td><td>3.782</td></tr><tr><td>VCC1V8_CAM</td><td>1.603</td><td>2.023</td></tr><tr><td>VCC1V1_CAM</td><td>0.9335</td><td>1.284</td></tr><tr><td>VCC50</td><td>4.379</td><td>5.721</td></tr><tr><td>VCC3V3_ETH</td><td>2.731</td><td>3.961</td></tr></table>"", ""<table><tr><td>HM ID</td><td>F01/F08/F09</td></tr><tr><td>模块功能 \nModule Function</td><td>系统需求需要板内电源电压进行ADC采样和异常监控，要求功能安全达到ASIL-B等级，确保EQ6系统工作安全。\nThe system requirements require the on-board power supply voltage for ADC sampling and anomaly monitoring, and the functional safety is required to reach ASIL-B level to ensure the working safety of EQ6 system.</td></tr><tr><td>模块框图\nModule diagram</td><td></td></tr><tr><td>模块方案\nModule solution</td><td>EQ6系统电源电压采样  \n系统需求需要MCU对LP87702、TPS62872、SA23002、TPS22918和摄像头端的电压VCC3V3_EQ，VCC1V8，VCC1V1，VCC0V75，0V75_MIPI_DDR、VCC3V3_CAM，VCC_1V8_CAM、VCC1V1_CAM进行ADC采样和异常监控。其中VCC1V8，VCC1V1，VCC0V75，0V75_MIPI_DDR，VCC_1V8_CAM、VCC1V1_CAM电压范围未超量程对电压直接采样。VCC3V3_EQ和VCC3V3_CAM经过两个10K 1%精度电阻分压后采样。VCC3V3_EQ用AN2引脚采样，VCC1V8用AN3引脚采样，VCC1V1用AN4引脚采样，VCC1V8_EQ用AN5引脚采样，VCC3V3_CAM用AN12引脚采样，VCC1V1_CAM用AN13引脚采样，VCC1V8_CAM用AN14引脚采样，VCC0V75_MIPI_DDR用AN18引脚采样，VCC0V75用AN19引脚采样。\nEQ6 system power supply voltage sampling\nThe system requirements specify that the MCU must perform ADC sampling and abnormal monitoring on the voltages VCC3V3_EQ, VCC1V8, VCC1V1, VCC0V75, 0V75_MIPI_DDR, VCC3V3_CAM, VCC_1V8_CAM, and VCC1V1_CAM for the LP87702, TPS62872, SA23002, TPS22918, and camera-side devices. Among these voltages, VCC1V8, VCC1V1, VCC0V75, 0V75_MIPI_DDR, VCC_1V8_CAM, and VCC1V1_CAM have voltage ranges within the measurement range and are directly sampled. VCC3V3_EQ and VCC3V3_CAM are sampled after being divided by two 10K resistors with 1% precision. Specifically, VCC3V3_EQ is sampled using AN2, VCC1V8 using AN3, VCC1V1 using AN4, VCC1V8_EQ using AN5, VCC3V3_CAM using AN12, VCC1V1_CAM using AN13, VCC_1V8_CAM using AN14, 0V75_MIPI_DDR using AN18, and VCC0V75 using AN19.\nCAN&ETH电源电压采样\n系统需求MCU对LP87702、TPS22918的输出电压VCC3V3_ETH，VCC50进行ADC采样和异常监控，VCC3V3_ETH和VCC50经过两个10K 1%精度电阻分压后采样。VCC3V3_ETH用AN8引脚采样，VCC50用AN1引脚采样。\nCAN&ETH power supply voltage sampling\nThe system requirements specify that the MCU must perform ADC sampling and abnormal monitoring on the output voltages VCC3V3_ETH and VCC50 from the LP87702 and TPS22918. Both VCC3V3_ETH and VCC50 are sampled after being divided by two 10K resistors with 1% precision. Specifically, VCC3V3_ETH is sampled using AN8, and VCC50 is sampled using AN1.</td></tr></table>"", ""\nNone：MCU采样摄像头的1V8电源电压，精度要求：1.7~1.9V; MCU Component ：F01/ MCU; None：B; None：U6; None：AN14; None：AN14/EVADC_G1CH6/EDSADC_EDS3PB; None：ADC，分辨率10bit; None：VCC1V8_CAM_ACQ; None：/; None：I; None：索尼摄像头模组电源1.8V电压采样。\nU1V8_CAM_ACQ=3.3*ADC值/1024\n精度：1.7~1.9V\n硬件滤波截止频率：≥121.7Hz\n硬件滤波时间：≤1.5ms; None：HI-Z; None：—; SW Variable Name or SW Function Name：— ——Port1\nNone：Config; MCU Component ：F01/ MCU; None：QM; None：H19; None：P20.2; None：P20.2/TESTMODE; None：TESTMODE; None：—; None：/; None：I; None：TESTMODE：\n高：正常工作模式\n低：英飞凌内部测试模式; None：HI-Z，硬件外部上拉; None：—; SW Variable Name or SW Function Name：— ——Port1\nNone：Config; MCU Component ：F01/ MCU; None：B; None：A14; None：P14.5; None：P14.5/GTM_TIM1_IN0_4/GTM_TIM0_IN0_4/PMS_HWCFG1IN/GTM_DTMA2_0/GTM_TOUT85/ERAY0_TXD; None：PMS_HWCFG1IN; None：—; None：/; None：I; None：EVR33控制内部3.3V电压转换:\n高：内部使用5V转换为3.3V电压\n低：禁止5V转换为3.3V电压; None：HI-Z，硬件外部下拉; None：—; SW Variable Name or SW Function Name：— ——Port1"", ""<table><tr><td>HM ID</td><td>F11/F12/F13/F14/F15/F16/F17/F18/F19/F25/F27</td></tr><tr><td>模块功能 \nModule Function</td><td>系统使用车载电池12V电压供电，经过EMI电路后输入至电源转换芯片，转换输出系统各模块所需电源。\nThe system uses 12V voltage power supply from the vehicle battery, which is input to the power conversion chip through the EMI circuit. Then the power conversion chip convert and output the power required by each module of the system.</td></tr><tr><td>模块框图\nModule diagram</td><td></td></tr><tr><td>模块方案\nModule solution</td><td>KL30 EMI (ASIL-B)\nKL30供电口处增加EMI电路，用于供电保护和滤波。硬件电路设计在UBD网络增加两个串联ESD电容，PCB布局靠近主连接器引脚处，用于吸收外部ESD信号，后端增加双向TVS管用于瞬态过压保护\nThe EMI circuit is added at the KL30 power supply port for power supply protection and filtering. The hardware circuit design adds two series ESD capacitors in the UBD network, the PCB layout is close to the main connector pin for absorbing external ESD signals, and the two-way TVS tube is added at the back end for transient overvoltage protection.\nKL30 to VCC3V3 (ASILB)\nKL30转VCC3V3是系统一级DC-DC，给MCU提供VCC3V3_MCU电源，所以系统要求其满足ASILB，确保MCU功能安全。\nKL30 to VCC3V3 is a system primary DC-DC chip, because the MCU needs VCC3V3_MCU power supply, so the system requires it to meet the ASILB to ensure the functional safety of the MCU.\nVCC3V3_MCU to VCC1V25_MCU(ASILB)\n3V3转1V25_MCU是使用MCU内置控制器进行控制的BUCK电源，用于MCU的核供电，功能安全需求达到ASILB，确保MCU功能安全。\n3V3 to 1V25_MCU is a BUCK power supply controlled by MCU built-in controller, which is used for MCU nuclear power supply. Functional safety requirements meet ASILB to ensure the functional safety of MCU.\nVCC3V3 to VCC0V75(QM(B))\nVCC3V3转VCC0V75应用于EQ6的内核供电，要求输出电流能力大，现选型TI的电源方案TPS62872。用MCU的P22.0引脚使能芯片，用MCU_SDA_P15.5，MCU_SCL_P15.4引脚I2C通信来设置输出电压和通信。\nVCC3V3 to VCC0V75 is applied to the core power supply of EQ6, which requires large output current capacity. The power supply scheme TPS62872 of TI is selected. P22.0 pin of MCU is used to enable the chip, and MCU_SDA_P15.5, MCU_SCL_P15.4 pin I2C communication is used to set the output voltage and communication. \nVCC3V3 to 0V75_MIPI_DDR(QM(B))\nVCC3V3转0V75_MIPI_DDR用于EQ6的IO口供电，现使用矽力杰的SA23002进行设计。用MCU的P22.1引脚使能该芯片。\nVCC3V3 to 0V75_MIPI_DDR for EQ6 IO port power supply, Silergy’s SA23002 is designed. The P22.1 pin of the MCU is used to enable the chip.\nVCC3V3转VCC1V8、VCC1V1、VCC50(QM(B))\nVCC1V8用于EQ6、CAM、DDR、FLASH供电，VCC1V1用于EQ6、DDR供电，VCC50用于CAN收发器供电，现选择LP87702 PMIC方案。用MCU的P15.3引脚使能该芯片的5V输出，用MCU_SCL_P15.4，MCU_SDA_P15.5 I2C通信来设置1.8V和1.1V输出电压和使能。\nVCC1V8 is used for EQ6, CAM, DDR, FLASH power supply, VCC1V1 is used for EQ6, DDR power supply, VCC50 is used for CAN transceiver  power supply, LP87702 PMIC scheme is selected. P15.3 pin of MCU is used to enable 5V output of the chip, and MCU_SCL_P15.4, MCU_SDA_P15.5 I2C communication is used to set 1.8V and 1.1V output voltage and enable it. \nVCC3V3 to VCC3V3_EQ(QM(B))\nVCC3V3转VCC3V3_EQ用于EQ6的IO和摄像头供电，现使用负载开关进行设计。用MCU的P20.3引脚使能该芯片。\nVCC3V3 to VCC3V3_EQ for EQ6’s IO and camera power supply, now using the load switch is designed. .The P20.3 pin of the MCU is used to enable the chip.\n\tVCC3V3 to VCC3V3_ETH(QM)\n3V3转3V3_ETH用于ETH供电，现选择负载开关方案。用MCU的P21.0引脚使能该芯片。\n3V3 to 3V3_ETH for ETH power supply, the load switch scheme is selected. . The P21.0 pin of the MCU is used to enable the chip.\n\tVCC1V8 to VCC1V8_EQ(QM(B))\nVCC1V8转VCC1V8_EQ用于EQ供电，现选择负载开关方案。用MCU的P20.0引脚使能该芯片。\nVCC1V8 to VCC1V8_EQ for EQ power supply, the load switch scheme is selected. . The P20.0 pin of the MCU is used to enable the chip.</td></tr><tr><td colspan='2'></td></tr></table>"", ""<table><tr><td>HM ID</td><td>F12</td></tr><tr><td>模块功能 \nModule Function</td><td>KL30转VCC3V3是系统一级DC-DC，基于LN10046设计，给系统提供电源。\nThe KL30 to VCC3V3 is a first-level DC-DC based on the LN10046 design and provides power to the system.</td></tr><tr><td>模块框图\nModule diagram</td><td></td></tr><tr><td>模块方案\nModule solution</td><td>采用LN10046电源DCDC芯片，将12V系统电源转换为3.3V，提供给系统供电使用。\nThe LN10046 power supply DCDC chip is used to convert the 12V system power supply to 3.3V and provide power supply to the system for use.\n</td></tr></table>""]","{""original_context_count"": 30, ""original_context_characters"": 15484, ""scored_context_count"": 8, ""scored_context_characters"": 2408, ""contexts_truncated"": true, ""context_selection"": ""claim_coverage"", ""selected_evidence_ids"": [""document:52442775cd88bf71"", ""circuit:21:pin_mapping:U1400""], ""selected_claim_ids"": [""sq_1:claim_1"", ""sq_2:claim_1""], ""excluded_evidence_ids"": [""circuit:21:instance:D1606"", ""circuit:21:instance:D1608"", ""circuit:21:instance:D1609"", ""circuit:21:instance:D1611"", ""circuit:21:instance:D1612"", ""circuit:21:instance:D1613"", ""circuit:21:instance:U1400"", ""circuit:21:module_connection:Group 14 · Ethernet/PHY:B_D_ETH_1000_N"", ""circuit:21:module_connection:Group 14 · Ethernet/PHY:B_D_ETH_1000_P"", ""circuit:21:module_connection:Group 14 · Ethernet/PHY:B_D_ETH_100_N"", ""circuit:21:module_connection:Group 14 · Ethernet/PHY:B_D_ETH_100_P"", ""circuit:21:net:MCU_CAM_ERRORFLAG"", ""circuit:21:net:MONITOR_CLK"", ""circuit:21:net:PHY_MDIN"", ""circuit:21:net:PHY_MDIP"", ""circuit:21:net:PHY_RESET_N_P22.3"", ""circuit:21:net:PHY_WAKE_P21.5"", ""circuit:21:net:VCC1V0_ETH"", ""circuit:21:net:VCC3V3_ETH"", ""circuit:21:pin_mapping:U1501"", ""document:3e7520f6096ce557"", ""document:5fe56e0953406ff6"", ""document:91f27d32c7bf7787"", ""document:a6f318d1053a4c7e"", ""document:aad8bd920bc191c1"", ""document:b6943ae371d76077"", ""document:ed178b5d659e251d"", ""document:f4318d00b223c30b""]}",0.4641032924200903,0.8368538577331112,0.5,not_applicable,0.0,0.0,1.0,0.5882352941176471,not_applicable
hw-v1-missing-u1700-price,success,U1700 的替代料和采购单价是多少？,当前知识库只有电路和 HSI 文档，没有 BOM、替代料或价格表证据；只能确认 U1700 的已知料号为 20200424007，不能编造替代料或单价。,"**U1700 的替代料和采购单价均未在现有证据中找到明确信息。**

- **替代料**：无任何证据直接列出 U1700 的替代料型号。  
  **缺口**：缺少 U1700 替代料的明确列表或文档说明（如 BOM 表、替代料推荐表等）。

- **采购单价**：无任何证据直接给出 U1700 的采购单价。  
  **缺口**：缺少 U1700 采购单价的记录（如报价单、采购清单、价格表等）。

**说明：** 当前唯一相关证据（电路图实例 `circuit:21:instance:U1700`）仅确认了 U1700 的存在，但未包含其替代料或价格信息。其他文档（如 `600608964_ADAS_HSI_0506_1952_shoulin.wang.docx` 和 `FF4D6750FC7339E769C3F6246C6F971C.pdf`）中提及的 LP87702、TPS62872 等器件与 U1700 的关系未在证据中建立，不能作为推断依据。","**U1700 的替代料和采购单价均未在现有证据中找到明确信息。**

- **替代料**：无任何证据直接列出 U1700 的替代料型号。  
  **缺口**：缺少 U1700 替代料的明确列表或文档说明（如 BOM 表、替代料推荐表等）。

- **采购单价**：无任何证据直接给出 U1700 的采购单价。  
  **缺口**：缺少 U1700 采购单价的记录（如报价单、采购清单、价格表等）。

**说明：** 当前唯一相关证据（电路图实例 `circuit:21:instance:U1700`）仅确认了 U1700 的存在，但未包含其替代料或价格信息。其他文档（如 `600608964_ADAS_HSI_0506_1952_shoulin.wang.docx` 和 `FF4D6750FC7339E769C3F6246C6F971C.pdf`）中提及的 LP87702、TPS62872 等器件与 U1700 的关系未在证据中建立，不能作为推断依据。","[""Instance U1700: LP87702-Q1, 20200424007, LP87702RRHBRQ1, pqfn50p5x5x90-32."", ""<table><tr><td>HM ID</td><td>F13</td></tr><tr><td>运行模式\nOperation Mode</td><td>SHUTDOWN、READ OTP、STANDBY、ACTIVE</td></tr><tr><td>模式定义\nDefinition of Operation mode</td><td>SHUTDOWN\nNRST电压低于阈值。LP87702-Q1器件停止工作。\nREAD OTP\n电源电压VANA高于VANAUVLO电平，并且NRST电压高于阈值电平。电压转换器被禁用，LP87702-Q1的参考电平和偏置电路被启用。OTP配置被加载到寄存器。\nSTANDBY\n电源电压VANA高于VANAUVLO水平，NRST电压高于阈值水平。电压转换器被禁用，LP87702-Q1的参考电平、控制和偏压电路被启用。所有的寄存器都可以被主机处理器通过系统串口读写。电压转换器可以根据需要进行使能输出。\nACTIVE\n电源电压VANA高于VANAUVLO水平，NRST电压高于阈值水平。稳压DC/DC变换器处于使能状态。所有的寄存器都可以被MCU通过系统串口读写。\nSHUTDOWN\nAfter the enable signal MCU_OV75_MIPI_DDR_EN=L, the secondary power stops the 0V75_MIPI_DDR power supply. \nREADY OTP\nThe supply voltage VANA is above the VANAUVLO level, and the NRST voltage is above the threshold level. The voltage converter is disabled and the reference level and bias circuits of the LP87702-Q1 are enabled. The OTP configuration is loaded into the register.\nSTANDBY\nThe supply voltage VANA is above the VANAUVLO level and the NRST voltage is above the threshold level. The voltage converter is disabled and the reference level, control, and bias circuits of the LP87702-Q1 are enabled. All registers can be read and written by the host processor through the system serial port. The voltage converter can perform enabling output as needed.\nACTIVE\nThe supply voltage VANA is above the VANAUVLO level and the NRST voltage is above the threshold level. The regulated DC/DC converter is in the enabled state. All the registers can be read and written by the MCU through the system serial port. </td></tr><tr><td>模式切换接口\nMode switching interface</td><td></td></tr><tr><td>模式状态机\nMode state machine</td><td></td></tr><tr><td>模式切换条件\nMode switching condition</td><td>参考：\n产品系统需求规格说明\n产品系统方案设计说明书\nReference: \nProduct system requirement specification \nProduct system scheme design specification.</td></tr><tr><td>备注\nNote</td><td>1、VANAUVLO阈值电压\n\n2、NRST阈值电压\n</td></tr><tr><td>备注\nNote</td><td></td></tr></table>"", ""<table><tr><td>HM ID</td><td>F13</td></tr><tr><td>模块功能 \nModule Function</td><td>VCC1V8用于EQ6、CAM、DDR、FLASH供电。VCC1V1用于EQ6、DDR供电。VCC50用于CAN收发器供电，现选择LP87702 PMIC方案。\nVCCIV8 is used to power EQ6, CAM, DDR, FLASH.VCC1V1 is used to power EQ6,DDR. VCC50 is used for CAN transceiver power supply, now choose LP87702 PMIC scheme. \n</td></tr><tr><td>模块框图\nModule diagram</td><td></td></tr><tr><td>模块方案\nModule solution</td><td>\n采用LP87702芯片，将VCC3V3转换为VCC1V8、VCC1V1、VCC50，其中VCC1V8用于EQ6、CAM、DDR、FLASH供电，VCC1V1用于EQ6、DDR供电，VCC50用于CAN收发器供电。用MCU的P15.3引脚使能该芯片的5V输出，用MCU_SCL_P15.4，MCU_SDA_P15.5 I2C通信来设置1.8V和1.1输出电压和使能。用MCU的P12.1引脚复位该芯片。\nLP87702 chip is used to convert VCC3V3 into VCC1V8, VCC1V1 and VCC50, in which VCC1V8 is used for EQ6, CAM, DDR and FLASH power supply, VCC1V1 is used for EQ6 and DDR power supply, and VCC50 is used for CAN transceiver power supplyP15.3 pin of MCU is used to enable 5V output of the chip, and MCU_SCL_P15.4, MCU_SDA_P15.5 I2C communication is used to set 1.8V and 1.1 output voltage and enable it. Reset the chip with P12.1 pin of the MCU. </td></tr></table>"", ""<table><caption> PACKAGINGINFORMATION (1) The markting status values aredefined a fllows: ACTivE: Product device recommended for new designs. LIFEBuY: TI has announced that the device will be discontinued, and a lifetime-buy period is in effect.  NRND: Not recommended for new designs. Device is in production to support existing customers, but TI does not recommend using this part in a new design. PREVIEW: Device has been announced but is not in production. Samples may or may not be available. OBsoLETE: TI has discontinued the production of the device.</caption>\n<tr><td  > Orderable Device</td><td  > Status (1)</td><td  >Package Type</td><td  >Package Pins Package Drawing</td><td></td><td  >Qty</td><td  >Eco Plan (2)</td><td  >Lead finish/ Ball material</td><td  > MSL Peak Temp (3)</td><td  >Op Temp (°C)</td><td  >Device Marking (4/5)</td><td  >Samples</td></tr>\n<tr><td></td><td></td><td></td><td></td><td></td><td></td><td></td><td  >(6)</td><td></td><td></td><td></td><td></td></tr>\n<tr><td  >TPS62870N0QWRXSRQ1</td><td  >ACTIVE</td><td  >VQFN-FCRLF</td><td  >RXS</td><td  >16</td><td  >3000</td><td  >RoHS & Green</td><td  >NIPDAU </td><td  >Level-2-260C-1 YEAR</td><td  >-40 to 125</td><td  >870NOB</td><td  >Samples</td></tr>\n<tr><td  >TPS62870QWRXSRQ1</td><td  >ACTIVE</td><td  >VQFN-FCRLF</td><td  >RXS</td><td  >16</td><td  >3000</td><td  >RoHS & Green</td><td  >NIPDAU</td><td  >Level-2-260C-1 YEAR</td><td  >-40 to 125</td><td  >870B</td><td  >Samples</td></tr>\n<tr><td  >TPS62870Y0QWRXSRQ1</td><td  >ACTIVE</td><td  >VQFN-FCRLF</td><td  >RXS</td><td  >16</td><td  >3000</td><td  >RoHS & Green</td><td  >NIPDAU</td><td  >Level-2-260C-1 YEAR</td><td  >-40 to 125</td><td  >870Y0B</td><td  > Samples</td></tr>\n<tr><td  >TPS62870Y1QWRXSRQ1</td><td  >ACTIVE</td><td  >VQFN-FCRLF</td><td  >RXS</td><td  >16</td><td  >3000</td><td  >RoHS & Green</td><td  >NIPDAU</td><td  >Level-2-260C-1 YEAR</td><td  >-40 to 125</td><td  >870Y1B</td><td  >Samples</td></tr>\n<tr><td  >TPS62870Y2QWRXSRQ1</td><td  >ACTIVE</td><td  >VQFN-FCRLF</td><td  >RXS</td><td  >16</td><td  >3000</td><td  >RoHS & Green</td><td  >NIPDAU</td><td  >Level-2-260C-1 YEAR</td><td  >-40 to 125</td><td  >870Y2B</td><td  > Samples</td></tr>\n<tr><td  >TPS62870Y3QWRXSRQ1</td><td  >ACTIVE</td><td  >VQFN-FCRLF</td><td  >RXS</td><td  >16</td><td  >3000</td><td  >RoHS & Green</td><td  >NIPDAU</td><td  >Level-2-260C-1 YEAR</td><td  >-40 to 125 </td><td  >870Y3B</td><td  >Samples </td></tr>\n<tr><td  >TPS62871QWRXSRQ1</td><td  >ACTIVE</td><td  >VQFN-FCRLF</td><td  >RXS</td><td  >16</td><td  >3000</td><td  >RoHS & Green</td><td  >NIPDAU</td><td  >Level-2-260C-1 YEAR</td><td  >-40 to 125 </td><td  >871B</td><td  >Samples</td></tr>\n<tr><td  >TPS62871Y1QWRXSRQ1</td><td  >ACTIVE</td><td  >VQFN-FCRLF</td><td  >RXS</td><td  >16</td><td  >3000</td><td  >RoHS & Green</td><td  >NIPDAU</td><td  >Level-2-260C-1 YEAR</td><td  >-40 to 125</td><td  >871Y1B</td><td  >Samples</td></tr>\n<tr><td  >TPS62872N0QWRXSRQ1</td><td  >ACTIVE</td><td  >VQFN-FCRLF</td><td  >RXS</td><td  >16</td><td  >3000</td><td  >RoHS & Green</td><td  >NIPDAU</td><td  >Level-2-260C-1 YEAR</td><td  >-40 to 125 </td><td  >872NOB</td><td  > Samples</td></tr>\n<tr><td  >TPS62872QWRXSRQ1</td><td  >ACTIVE</td><td  >VQFN-FCRLF</td><td  >RXS</td><td  >16</td><td  >3000</td><td  >RoHS &Green</td><td  >NIPDAU</td><td  >Level-2-260C-1 YEAR</td><td  >-40 to 125</td><td  >872B</td><td  >Samples </td></tr>\n<tr><td  >TPS62872Y1QWRXSRQ1</td><td  >ACTIVE</td><td  >VQFN-FCRLF</td><td  >RXS</td><td  >16</td><td  >3000</td><td  >RoHS & Green</td><td  >NIPDAU</td><td  >Level-2-260C-1 YEAR</td><td  >-40 to 125 </td><td  >872Y1B</td><td  >Samples</td></tr>\n<tr><td  >TPS62873QWRXSRQ1</td><td  >ACTIVE</td><td  >VQFN-FCRLF</td><td  >RXS</td><td  >16</td><td  >3000</td><td  >RoHS& Green</td><td  >NIPDAU</td><td  >Level-2-260C-1 YEAR</td><td  >-40 to 125</td><td  >873B</td><td  >Samples</td></tr>\n<tr><td  >TPS62873Y1QWRXSRQ1</td><td  >ACTIVE </td><td  >VQFN-FCRLF</td><td  >RXS</td><td  >16</td><td  >3000</td><td  >RoHS & Green</td><td  >NIPDAU</td><td  >Level-2-260C-1 YEAR</td><td  >-40 to 125</td><td  >873Y1B</td><td  >Samples</td></tr>\n</table>"", ""\nMCU Component ：F01/ MCU; None：QM; None：E11; None：P12.1; None：P12.1/GTM_TIM4_IN1_6/GTM_TIM3_IN1_6/GETH_MDIOC/GTM_TOUT129/CAN00_TXD/GETH_MDIO; None：GPIO; None：MCU_nINT_PMIC_P12.1; None：/; None：I; None：LP87702的输出中断信号。\n高：无中断信号\n低：输出中断信号; None：HI-Z，硬件外部上拉; None：—; SW Variable Name or SW Function Name：— ——Port1\nHW Interface Component ：QM(B); None：F13/POWER\nF14/POWER; None：MCU配置LP87702、TPS62872; MCU Component ：F01/MCU; None：B; None：E14; None：P15.5; None：P15.5/GTM_TIM3_IN0_4/GTM_TIM2_IN0_4/QSPI2_MTSRA/GTM_TOUT76/QSPI2_MTSR/MSC0_EN0/I2C0_SDA; None：I2C0_SDAC; None：MCU_SDA_P15.5; None：/; None：IO; None：IIC_SDA信号\n\n外挂LP87702和TPS62872\n\nLP87702地址：0x08\nTPS62872地址：0x41; None：HI-Z，硬件外部上拉; None：—; SW Variable Name or SW Function Name：— ——Port1\nMCU Component ：F01/MCU; None：B; None：A17; None：P15.4; None：P15.4/GTM_TIM3_IN7_4/GTM_TIM2_IN7_4/I2C0_SCLC/QSPI2_MRSTA/SCU_E_REQ0_0/GTM_TOUT75/QSPI2_MRST; None：I2C0_SCL; None：MCU_SCL_P15.4; None：/; None：O; None：IIC_CLK信号\n\n外挂LP87702和TPS62872\n\nLP87702地址：0x08\nTPS62872地址：0x41; None：HI-Z，硬件外部上拉; None：—; SW Variable Name or SW Function Name：— ——Port1"", ""<table><caption> Table 7-1. Pin Functions (continued) I = input, O = output, P = power, GND = ground(1)</caption>\n<tr><td  >Pin</td><td></td><td></td><td></td></tr>\n<tr><td  >Name</td><td  >No.</td><td  >Type(1)</td><td  >Description</td></tr>\n<tr><td></td><td></td><td></td><td  >Internal clock output pin for synchronization in stacked mode. Leave this pin floating for single </td></tr>\n<tr><td></td><td></td><td></td><td  >device operation. Connect this pin to the MODE/SYNC pin of the next device in the daisy-chain in </td></tr>\n<tr><td  >SYNC_OUT</td><td  >14</td><td></td><td  >stacked operation. Do not use this pin to connect to a non-TPS6287x-Q1 device.  During start-up, this pin is used to identify if a device must operate as a secondary converter in</td></tr>\n<tr><td></td><td></td><td></td><td  >stacked operation. Connect a 47-kQ resistor from this pin to GND to define a secondary converter</td></tr>\n<tr><td></td><td></td><td></td><td  > in stacked operation. See Section 9.3.17 for a detailed description.</td></tr>\n<tr><td  >VSEL</td><td  >15</td><td  >一</td><td  > Start-up output voltage select pin. A resistor or short circuit to GND or Vin defines the selected output voltage. See Section 9.3.6.2.</td></tr>\n<tr><td  >FSEL</td><td  >16</td><td  >一</td><td  >Frequency select pin. A resistor or a short circuit to GND or Vin determines the free-running switching frequency. See Section 9.3.6.2.</td></tr>\n<tr><td  >Exposed Thermal Pad</td><td></td><td  >一</td><td  >The thermal pad must be soldered to GND to achieve an appropriate thermal resistance and for mechanical stability.</td></tr>\n</table>"", ""<table><caption> *All dimensics are nominal</caption>\n<tr><th  >Device</th><th  >Package</th><th  >Package</th><th  >Pins</th><th  >SPQ</th><th  >Reel</th><th  >Reel</th><th  >A0</th><th  >BO</th><th  >K0</th><th  >P1</th><th  >W</th><th  >Pin1</th></tr>\n<tr><th></th><th  >Type</th><th  >Drawing</th><th></th><th></th><th  >Diameter</th><th  >Width</th><th  >(mm)</th><th  >(mm)</th><th  >(mm)</th><th  >(mm)</th><th  >(mm)</th><th  >Quadrant</th></tr>\n<tr><th></th><th></th><th></th><th></th><th></th><th  >(mm)</th><th  >W1(mm)</th><th></th><th></th><th></th><th></th><th></th><th></th></tr>\n<tr><td  >TPS62870N0QWRXSRQ1</td><td  >VQFN-</td><td  >RXS</td><td  >16</td><td  >3000</td><td  >330.0</td><td  >12.4</td><td  >2.8</td><td  >3.8</td><td  >1.2</td><td  >4.0</td><td  >12.0</td><td  >Q1</td></tr>\n<tr><th></th><th  >FCRLF</th><th></th><th></th><th></th><th></th><th></th><th></th><th></th><th></th><th></th><th></th><th></th></tr>\n<tr><td  >TPS62870QWRXSRQ1</td><td  >VQFN-</td><td  >RXS</td><td  >16</td><td  >3000</td><td  >330.0</td><td  >12.4</td><td  >2.8</td><td  >3.8</td><td  >1.2</td><td  >4.0</td><td  >12.0</td><td  >Q1</td></tr>\n<tr><td  >TPS62870Y0QWRXSRQ1</td><td  >VQFN-</td><td  >RXS</td><td  >16</td><td  >3000</td><td  >330.0</td><td  >12.4</td><td  >2.8</td><td  >3.8</td><td  >1.2</td><td  >4.0</td><td  >12.0</td><td  >Q1</td></tr>\n<tr><td  >TPS62870Y1QWRXSRQ1</td><td  >VQFN-</td><td  >RXS</td><td  >16</td><td  >3000</td><td  >330.0</td><td  >12.4</td><td  >2.8</td><td  >3.8</td><td  >1.2</td><td  >4.0</td><td  >12.0</td><td  >Q1</td></tr>\n<tr><td  >TPS62870Y2QWRXSRQ1</td><td  >VQFN-</td><td  >RXS</td><td  >16</td><td  >3000</td><td  >330.0</td><td  >12.4</td><td  >2.8</td><td  >3.8</td><td  >1.2</td><td  >4.0</td><td  >12.0</td><td  >Q1</td></tr>\n<tr><td  >TPS62870Y3QWRXSRQ1</td><td  >VQFN-</td><td  >RXS</td><td  >16</td><td  >3000</td><td  >330.0</td><td  >12.4</td><td  >2.8</td><td  >3.8</td><td  >1.2</td><td  >4.0</td><td  >12.0</td><td  >Q1</td></tr>\n<tr><td  >TPS62871QWRXSRQ1</td><td  >VQFN-</td><td  >RXS</td><td  >16</td><td  >3000</td><td  >330.0</td><td  >12.4</td><td  >2.8</td><td  >3.8</td><td  >1.2</td><td  >4.0</td><td  >12.0</td><td  >Q1</td></tr>\n<tr><td  >TPS62871Y1QWRXSRQ1</td><td  >VQFN-</td><td  >RXS</td><td  >16</td><td  >3000</td><td  >330.0</td><td  >12.4</td><td  >2.8</td><td  >3.8</td><td  >1.2</td><td  >4.0</td><td  >12.0</td><td  >Q1</td></tr>\n<tr><td  >TPS62872N0QWRXSRQ1</td><td  >VQFN-</td><td  >RXS</td><td  >16</td><td  >3000</td><td  >330.0</td><td  >12.4</td><td  >2.8</td><td  >3.8</td><td  >1.2</td><td  >4.0</td><td  >12.0</td><td  >Q1</td></tr>\n<tr><th  >Device</th><th  >Package</th><th  >Package</th><th  >Pins</th><th  >SPQ</th><th  >Reel</th><th  >Reel</th><th  >A0</th><th  >BO</th><th  >KO</th><th  >P1</th><th  >W</th><th  >Pin1</th></tr>\n<tr><th></th><th  >Type</th><th  >Drawing</th><th></th><th></th><th  >Diameter</th><th  >Width</th><th  >(mm)</th><th  >(mm)</th><th  >(mm)</th><th  >(mm)</th><th  >(mm)</th><th  >[Quadrant</th></tr>\n<tr><th></th><th></th><th></th><th></th><th></th><th  >(mm)</th><th  >W1 (mm)]</th><th></th><th></th><th></th><th></th><th></th><th></th></tr>\n<tr><td  >TPS62872QWRXSRQ1</td><td  >VQFN-</td><td  >RXS</td><td  >16</td><td  >3000</td><td  >330.0</td><td  >12.4</td><td  >2.8</td><td  >3.8</td><td  >1.2</td><td  >4.0</td><td  >12.0</td><td  >Q1</td></tr>\n<tr><th></th><th  > FCRLF</th><th></th><th></th><th></th><th></th><th></th><th></th><th></th><th></th><th></th><th></th><th></th></tr>\n<tr><td  >TPS62872Y1QWRXSRQ1</td><td  >VQFN-</td><td  >RXS</td><td  >16</td><td  >3000</td><td  >330.0</td><td  >12.4</td><td  >2.8</td><td  >3.8</td><td  >1.2</td><td  >4.0</td><td  >12.0</td><td  >Q1</td></tr>\n<tr><td  >TPS62873QWRXSRQ1</td><td  >VQFN-</td><td  >RXS</td><td  >16</td><td  >3000</td><td  >330.0</td><td  >12.4</td><td  >2.8</td><td  >3.8</td><td  >1.2</td><td  >4.0</td><td  >12.0</td><td  >Q1</td></tr>\n<tr><td  >TPS62873Y1QWRXSRQ1</td><td  >VQFN-</td><td  >RXS</td><td  >16</td><td  >3000</td><td  >330.0</td><td  >12.4</td><td  >2.8</td><td  >3.8</td><td  >1.2</td><td  >4.0</td><td  >12.0</td><td  >Q1</td></tr>\n</table>"", ""ADC电压采集阈值 The ADC voltage acquisition thresholdWCCA计算结果如下，软件应按照如下过欠压阈值设置：The WCCA calculation results are as follows. The software should be set according to the following overvoltage and undervoltage thresholds:EQ6L上下电时序要求 EQ6L Power-on and power-off sequence requirements共享和独占的硬件资源 Shared and Exclusive Hardware ResourceECU-MCU信号对应关系 ECU-MCU Signal MappingMCU时钟配置 MCU Clock Configuration存储器配置 Memeory ConfigurationTable 4-5Memory Configuration其他芯片配置 Other IC Configuration其他芯片的通讯机制 Communication Mechanism with Other ICLP87702配置 LP87702 ConfigurationLP87702运行期间需要MCU通过I2C配置的寄存器如下所示：Table 5-2 LP87702 ConfigurationTPS62872配置 TPS62872 ConfigurationTPS62872运行期间需要MCU通过I2C配置的寄存器如下所示：Table 5-3 TPS62872 Configuration安全机制 Safety MechanismsSystem levelHW level硬件安全分析无新增安全机制IC level模板变更历史Template Change History填写说明Filling instructions：变更单号YYYYMM00X为记录顺序号，如：202203002，表示的是2022年03月的第二份此类文档。首次发布不分配变更单号，变更单号处填NA。The change order number YYYYMM00X is the record sequence number, such as 202203002, which represents the second such document in March 2022. No change order number will be allocated for the first release, and Na will be filled in the change order number.变更原因填写以客户审核需要变更为例：由于XX客户在客户审核时发现XX问题，需要调整模板。Fill in the revision note. Take the need for change in customer audit as an example: because XX customer found XX problem during customer audit, the template needs to be adjusted.变更内容填写以客户审核发现问题需要更改为例：由于XX客户在客户审核时发现XX问题，特增加XXX的变更内容。"", ""<table><tr><td>序号</td><td>模块序号</td><td>模块名称</td><td>功能定义</td><td>功能安全需求</td></tr><tr><td>1</td><td>F013</td><td>POWER</td><td>LP87702，VCC3V3电压输入，VCC1V1、VCC1V8、VCC50电压输出</td><td>QM(B)</td></tr><tr><td>1</td><td>F01</td><td>MCU</td><td>SAK-TC377TP-96F300S AA</td><td>B(B)</td></tr><tr><td>1</td><td>F08</td><td>EQ system power sample1</td><td>EQ6L系统供电电源电压ADC采样滤波、分压电路</td><td>B(B)</td></tr><tr><td>2</td><td>F14</td><td>POWER</td><td>TPS62872，VCC3V3电压输入，VCC0V75电压输出，EQ6L核电供电</td><td>QM(B)</td></tr><tr><td>2</td><td>F01</td><td>MCU</td><td>SAK-TC377TP-96F300S AA</td><td>B(B)</td></tr><tr><td>2</td><td>F08</td><td>EQ system power sample</td><td>EQ6L系统供电电源电压ADC采样滤波、分压电路</td><td>B(B)</td></tr><tr><td>3</td><td>F15</td><td>POWER</td><td>SA23002，VCC3V3输入，0V75_MIPI_DDR电压输出</td><td>QM(B)</td></tr><tr><td>3</td><td>F01</td><td>MCU</td><td>SAK-TC377TP-96F300S AA</td><td>B(B)</td></tr><tr><td>3</td><td>F08</td><td>EQ system power sample</td><td>EQ6L系统供电电源电压ADC采样滤波、分压电路</td><td>B(B)</td></tr><tr><td>4</td><td>F16</td><td>POWER</td><td>TPS22918负载开关，VCC3V3电压输入，VCC3V3_EQ输出</td><td>QM(B)</td></tr><tr><td>4</td><td>F01</td><td>MCU</td><td>SAK-TC377TP-96F300S AA</td><td>B(B)</td></tr><tr><td>4</td><td>F08</td><td>EQ system power sample</td><td>EQ6L系统供电电源电压ADC采样滤波、分压电路</td><td>B(B)</td></tr></table>"", ""<table><caption> Device Information</caption>\n<tr><td colspan=3 rowspan=3 >Part Number Current Rating Package TPS62870-Q1 6A TPS62871-Q1 9A RXS (VQFN-FCRLF, TPS62872-Q1 12 A 16) TPS62873-Q1 15 A</td></tr>\n\n</table>"", ""VOUT(VIN - VoUT\nIL(PP) = VU(NxLxW)"", ""\nNone：YYYY年MM月DD日发布\nReleased on DD/MM/YYYY; 文件编号File No：6XXXXXXXX_BBB_HW_IP_00X\n保存期限：产品生命周期加1个日历年；如属安全件，保存15个日历年以上\nRetention period:Product life cycle +1 calendar year.\nIf it is a safety part, keep it for more than 15 calendar years\n密级：内部\nSecurity level：Internal：YYYY年MM月DD日实施\nImplemented on DD/MM/YYYY ——封面Cover\nNone：北京经纬恒润科技股份有限公司\nBeijing Jingwei Hirain Technologies Co., Inc. ——封面Cover\nECU Connector：Pin No.; None：Pin Desc.; None：Signal Type; HW Interface Component ：ASIL; None：HW ID / Name; None：Characteristic; MCU Component ：HW ID; None：Pin ASIL; None：Trace; None：MCU Pin; None：Port Pin; None：Pin Name; None：Pin Function; None：Peripheral; None：Register; None：Direction; None：Function\nDescription; None：Default status after reset release; None：Standby/sleep state Settings ——Port1\nMCU Component ：/ Name; None：Solution ID; None：No.; None：Group; None：Name / Channel; None：Name ——Port1\nECU Connector：X1900-1; None：UBD; None：POWER; HW Interface Component ：QM; None：F06/KL30 sample; None：UBD供电要求范围：9~16VDC，要求MCU通过ADC对UBD电源电压进行采样和监控，实现电源管理功能。; MCU Component ：F01/ MCU; None：QM; None：K5; None：P00.10; None：P00.10/GTM_TIM4_IN1_11/GTM_TIM1_IN1_1/GTM_TIM0_IN1_1/GTM_TOUT19/EVADC_G9CH2; None：GPIO; None：MCU_UB_SW_P00.10; None：/; None：O; None：KL30电源电压ADC采样控制信号\n高：打开通道，ADC可以采集\n低：关闭通道，ADC不可以采集; None：HI-Z，硬件外部下拉; None：—; SW Variable Name or SW Function Name：— ——Port1"", ""<table><tr><td></td></tr></table>"", ""<table><caption> Table9-5.DefaultOutputVoltageSetpoints</caption>\n<tr><td  >VSEL Pin(1)</td><td  >Device Number</td><td  >VSET[7:0]</td><td  >Output Voltage Setpoint</td></tr>\n<tr><td></td><td  >TPS6287x-Q1</td><td  >0x5a</td><td  >850 mV</td></tr>\n<tr><td></td><td  >TPS6287xY0-Q1</td><td  >0x50</td><td  >800 mV</td></tr>\n<tr><td></td><td  >TPS6287xY1-Q1</td><td  >0x14</td><td  >500 mV</td></tr>\n<tr><td></td><td  >TPS6287xY2-Q1</td><td  >0x64</td><td  >1800 mV</td></tr>\n<tr><td  >6.2 kQ to GND</td><td  >TPS6287xY3-Q1</td><td  >0x52</td><td  >810 mV</td></tr>\n<tr><td></td><td  >TPS6287xN0-Q1</td><td  >0x14</td><td  >500 mV</td></tr>\n<tr><td></td><td  >TPS6287xN1-Q1</td><td  >0x50</td><td  >800 mV</td></tr>\n<tr><td></td><td  >TPS6287xN2-Q1</td><td  >0x64</td><td  >1800 mV</td></tr>\n</table>"", ""\nNone：MCU采样EQ6l系统的VCC0V75_MIPI_DDR电源电压\n精度要求：0V75±5%; MCU Component ：F01/ MCU; None：B; None：W4; None：AN18; None：AN18/P40.11/SENT_SENT11A/EVADC_G11CH8/EVADC_G2CH2; None：ADC，分辨率10bit; None：0V75_MIPI_DDR_ACQ; None：/; None：I; None：0V75_MIPI_DDR电压采样\nU0V75_MIPI_DDR_ACQ=3.3*ADC值/1024\n硬件滤波截止频率：≥121.7Hz\n硬件滤波时间：≤1.6ms\n精度要求：0.75V±5%; None：HI-Z; None：—; SW Variable Name or SW Function Name：— ——Port1\nNone：MCU采样摄像头系统的3.3V电源电压，精度要求：3V3±5%; MCU Component ：F01/ MCU; None：B; None：T7; None：AN12; None：AN12/EVADC_G1CH4/EDSADC_EDS0PB; None：ADC，分辨率10bit; None：VCC3V3_CAM_ACQ; None：/; None：I; None：索尼摄像头模组电源3.3V电压采样。\nCAM 3V3电压采样\nU3V3_CAM_ACQ=3.3*ADC值/1024\nU3V3_CAM=U3V3_CAM_ACQ/分压比，分压比=1/2\n精度要求：3.3V±5%; None：HI-Z; None：—; SW Variable Name or SW Function Name：— ——Port1\nNone：MCU采样摄像头的1V1电源电压，精度要求：1~1.2V; MCU Component ：F01/ MCU; None：B; None：W6; None：AN13; None：AN13/EVADC_G1CH5/EDSADC_EDS0NB; None：ADC，分辨率10bit; None：VCC1V1_CAM_ACQ; None：/; None：I; None：索尼摄像头模组电源1.1V电压采样。\nU1V1_ACQ=3.3*ADC值/1024\n精度：1~1.2V\n硬件滤波截止频率：≥121.7Hz\n硬件滤波时间：≤1.6ms; None：HI-Z; None：—; SW Variable Name or SW Function Name：— ——Port1"", ""<table><tr><td>模块序号\nModule number</td><td>模块名称\nModule name</td><td>功能定义\nFunction definition.</td><td>功能安全需求\nFunctional safety requirements</td></tr><tr><td>F01</td><td>MCU</td><td>SAK-TC377TP-96F300S AA</td><td>B(B)</td></tr><tr><td>F02</td><td>EYEQ6-L</td><td>EYEQ6-L，用于sensor的视频处理</td><td>B</td></tr><tr><td>F03</td><td>EYEQ6_LPDDR4</td><td>EQ6的1GB LPDDR4</td><td>B</td></tr><tr><td>F04</td><td>EYEQ6_NAND FLASH</td><td>EQ6的2Gb NAND FLASH</td><td>B</td></tr><tr><td>F05</td><td>CAM SENSOR</td><td>Sony 728摄像头模组</td><td>B</td></tr><tr><td>F06</td><td>KL30 sample</td><td>KL30电压采样</td><td>QM</td></tr><tr><td>F07</td><td>KL15 sample</td><td>KL15电压采样</td><td>QM</td></tr><tr><td>F08</td><td>EQ system power sample1</td><td>EQ6L系统供电电源电压ADC采样滤波、分压电路</td><td>B(B)</td></tr><tr><td>F09</td><td>ETH and CAN power sample2</td><td>CAN和ETH电源电压ADC采样滤波、分压电路</td><td>QM</td></tr><tr><td>F10</td><td>NTC temp sensor</td><td>NTC温度传感器，监控EQ6L/LPDDR4周边环境温度。</td><td>B</td></tr><tr><td>F11</td><td>KL30 EMI</td><td>KL30供电口EMI滤波电路.</td><td>B</td></tr><tr><td>F12</td><td>POWER</td><td>LN10046，KL30电源转VCC3V3电源</td><td>B</td></tr><tr><td>F13</td><td>POWER</td><td>LP87702，VCC3V3电压输入，VCC1V1、VCC1V8、VCC50电压输出</td><td>QM(B)</td></tr><tr><td>F14</td><td>POWER</td><td>TPS62872，VCC3V3电压输入，VCC0V75电压输出</td><td>QM(B)</td></tr><tr><td>F15</td><td>POWER</td><td>SA23002，VCC3V3输入，VCC0V75电压输出</td><td>QM(B)</td></tr><tr><td>F16</td><td>POWER</td><td>TPS22918负载开关，VCC3V3电压输入，VCC3V3_EQ输出</td><td>QM(B)</td></tr><tr><td>F17</td><td>POWER</td><td>TPS22918负载开关，VCC3V3输入，VCC3V3_ETH输出</td><td>QM</td></tr><tr><td>F18</td><td>overvoltage protect</td><td>用于MCU电源VCC3V3_MCU的外部过压保护</td><td>B</td></tr><tr><td>F19</td><td>POWER</td><td>TPS22918 负载开关，VCC1V8电压输入，VCC1V8_EQ电压输出</td><td>QM(B)</td></tr><tr><td>F20</td><td>CAN3</td><td>基于TCAN1145的CAN通讯，硬件支持特定报文唤醒</td><td>QM</td></tr><tr><td>F21</td><td>CAN2</td><td>基于TCAN1044A的CAN通讯.</td><td>QM</td></tr><tr><td>F22</td><td>CAN1</td><td>基于TCAN1044A的CAN通讯</td><td>QM</td></tr><tr><td>F23</td><td>CAN0</td><td>基于TCAN1044A的CAN通讯.</td><td>QM</td></tr><tr><td>F24</td><td>ETH</td><td>基于DP83TC812R的100BASE-T1通讯</td><td>QM</td></tr><tr><td>F25</td><td>Wake up</td><td>唤醒源和一级电源使能电路设计</td><td>QM</td></tr><tr><td>F26</td><td>watchdog</td><td>LP87702的看门狗功能，用于监控MCU运行状态</td><td>B</td></tr><tr><td>F27</td><td>POWER</td><td>VCC3V3_MCU转VCC1V25_MCU电压，由MCU的EVRC进行控制。</td><td>B</td></tr><tr><td>F28</td><td>level translation</td><td>3V3和1V8双向电压转换芯片</td><td>QM</td></tr></table>"", ""<table><tr><td>HM ID</td><td>F14</td></tr><tr><td>模块功能 \nModule Function</td><td>VCC3V3转VCC0V75应用于EQ6的内核供电，要求输出电流能力大，现选型TI的方案TPS62872。\nVCC3V3 to VCCOV75 is applied to the kernel power supply of EQ6, which requires large output current capacity. TI's scheme TPS62872 is selected.</td></tr><tr><td>模块框图\nModule diagram</td><td></td></tr><tr><td>模块方案\nModule solution</td><td>\t采用TPS62872电源芯片，将VCC3V3转换为VCC0V75，提供给EQ6核电供电。用MCU的P22.0引脚使能芯片，用MCU_SDA_P15.5，MCU_SCL_P15.4引脚I2C通信来设置输出电压和通信。\nTPS62872 power chip is used to convert VCC3V3 to VCCOV75, which is supplied to EQ nuclear power supply. P22.0 pin of MCU is used to enable chip, MCU_SDA_P15.5, MCU_SCL_P15.4 pin I2C communication is used to set output voltage and communication. +</td></tr></table>"", ""<table>\n<tr><td></td><td></td><td></td><td  >MIN</td><td  >NOM</td><td  >MAX</td><td  >UNIT</td></tr>\n<tr><td  >VIN</td><td  >Input voltage</td><td  >VIN SDA, SCL</td><td  >2.7</td><td></td><td  >6 5</td><td  >V</td></tr>\n<tr><td  >VouT</td><td  >Output voltage</td><td></td><td  >0.4</td><td></td><td  >3.35 V or (ViN - 1.4</td><td></td></tr>\n<tr><td></td><td></td><td></td><td></td><td></td><td  >V)(1)</td><td></td></tr>\n<tr><td></td><td></td><td  >TPS62870-Q1</td><td></td><td></td><td  >6</td><td></td></tr>\n<tr><td></td><td></td><td  >TPS62871-Q1</td><td></td><td></td><td  >9</td><td></td></tr>\n<tr><td  >loUT</td><td  >Output current</td><td  >TPS62872-Q1</td><td></td><td></td><td  >12</td><td  >A</td></tr>\n<tr><td></td><td></td><td  >TPS62873-Q1</td><td></td><td></td><td  >15</td><td></td></tr>\n<tr><td></td><td  >Inductance</td><td></td><td  >110</td><td></td><td  >330</td><td  >nH</td></tr>\n<tr><td></td><td></td><td  >fsw≥2.25MHz andVouT≤1.675V</td><td  >55</td><td></td><td  >330</td><td></td></tr>\n</table>"", ""\nECU Connector：X190011\nX1900-10; None：CAN1L\nCAN1H; None：CAN Communction; HW Interface Component ：QM; None：F22/CAN1; None：CAN1外挂TCAN1044A收发器，支持速率为：\nCAN：500Kbps\nCANFD：2/5/8Mbps\n支持兼容TCAN1145/TJA1043; MCU Component ：F01/ MCU; None：QM; None：F19; None：P20.7; None：P20.7/GTM_TIM3_IN7_5/GTM_TIM2_IN7_5/GTM_TIM1_IN5_8/CAN00_RXDB/GTM_TOUT63/CAN12_TXD; None：CAN12_TXD; None：MCU_CAN1_TXD_P20.7; None：/; None：O; None：CAN1信号输出; None：HI-Z; None：—; SW Variable Name or SW Function Name：— ——Port1\nMCU Component ：F01/ MCU; None：QM; None：F17; None：P20.6; None：P20.6/GTM_TIM3_IN6_5/GTM_TIM2_IN6_5/CAN12_RXDA/GTM_TOUT62/QSPI0_SLSO8/QSPI2_SLSO8; None：CAN12_RXDA; None：MCU_CAN1_RXD_P20.6; None：/; None：I; None：CAN1信号输入; None：HI-Z,硬件外部上拉; None：—; SW Variable Name or SW Function Name：— ——Port1\nMCU Component ：F01/MCU; None：QM; None：H1; None：P00.2; None：P00.2/GTM_TIM5_IN6_11/GTM_TIM3_IN1_2/GTM_TOUT11/PSI5_TX0/CAN03_TXD/QSPI3_SLSO4/EVADC_G9CH10; None：GPIO/QSPI3_SLSO4; None：CAN1_STB_MCU_SPI3_CS4_P00.2; None：/; None：O; None：当贴TCAN1044A时：CAN1待机控制信号：\n高：进入STANDBY模式\n低：退出STANDBY模式\n当贴TCAN1145时：CAN1 SPI3片选信号：\n高：释放设备\n低：选中设备; None：HI-Z; None：—; SW Variable Name or SW Function Name：— ——Port1"", ""\nECU Connector：X2000-47; None：EQ6L的UART0串口，预留外部调试以及和MCU进行通讯。; MCU Component ：F01/ MCU; None：QM; None：C1; None：P02.2; None：P02.2/ASCLIN1_ATX/QSPI3_SLSO3/PSI5_TX0/CAN02_TXD/ERAY0_TXDB; None：ASCLIN1_ATX; None：EQ6L_UART0_RX; None：/; None：O; None：EQ接收UARTA数据; None：HI-Z，硬件外部上拉; None：—; SW Variable Name or SW Function Name：— ——Port1\nECU Connector：X2103-48; MCU Component ：F01/ MCU; None：QM; None：D2; None：P02.3; None：P02.3/ERAY0_RXDB2/CAN02_RXDB/ASCLIN1_ARXG/PSI5_RX0B/ASCLIN2_ASLSO/QSPI3_SLSO4; None：ASCLIN1_ARXG; None：EQ6L_UART0_TX; None：/; None：I; None：EQ发送UARTA数据; None：HI-Z，硬件外部上拉; None：—; SW Variable Name or SW Function Name：— ——Port1\nNone：MCU的UART串口，预留外部调试; MCU Component ：F01/ MCU; None：QM; None：J4; None：P00.6; None：P00.6/GTM_TIM3_IN5_1/GTM_TIM3_IN1_14/GTM_TIM2_IN5_1/GTM_TOUT15/EVADC_G9CH6; None：GPIO; None：MCU_UART_RX; None：/; None：I; None：MCU接收UART数据; None：HI-Z，硬件外部上拉; None：—; SW Variable Name or SW Function Name：— ——Port1\nMCU Component ：F01/ MCU; None：QM; None：K1; None：P00.7; None：P00.7/GTM_TIM3_IN6_1/GTM_TIM3_IN2_11/GTM_TIM2_IN6_1/GPT120_T2INA/GTM_TOUT16/EVADC_G9CH5; None：GPIO; None：MCU_UART_TX; None：/; None：O; None：MCU发送UART数据; None：HI-Z; None：—; SW Variable Name or SW Function Name：— ——Port1"", ""<table><caption> Table 10-4. List of Recommended Output Capacitors See the Third-Party Products Disclaimer.(1) (17) (18) (19) (20) (21)</caption>\n<tr><td  >Capacitance</td><td  > Dimensions mm (Inch)</td><td  >Voltage Rating</td><td  > Manufacturer, Part Number(1)</td></tr>\n<tr><td  >22 μF ±20%</td><td  >2012 (0805)</td><td  >6.3 V</td><td  >TDK, CGA4J1X7T0J226M125AC</td></tr>\n<tr><td  >22 μF ±10%</td><td  >2012 (0805)</td><td  >6.3 V</td><td  >Murata, GCM31CR71A226KE02</td></tr>\n<tr><td  >47 μF ±20%</td><td  >3216 (1206)</td><td  >4V</td><td  >TDK, CGA5L1X7T0G476M160AC</td></tr>\n<tr><td  >47 μF ±20%</td><td  >2012 (1210)</td><td  >6.3 V</td><td  >Murata, GCM32ER70J476ME19</td></tr>\n<tr><td  >100μF ±20%</td><td  >3225 (1210)</td><td  >4V</td><td  >TDK, CGA6P1X7T0G107M250AC</td></tr>\n<tr><td  >100μF ±20%</td><td  >3216 (1210)</td><td  >6.3 V</td><td  >Murata, GRT32EC70J107ME13</td></tr>\n</table>"", ""\nNone：MCU采样摄像头的1V8电源电压，精度要求：1.7~1.9V; MCU Component ：F01/ MCU; None：B; None：U6; None：AN14; None：AN14/EVADC_G1CH6/EDSADC_EDS3PB; None：ADC，分辨率10bit; None：VCC1V8_CAM_ACQ; None：/; None：I; None：索尼摄像头模组电源1.8V电压采样。\nU1V8_CAM_ACQ=3.3*ADC值/1024\n精度：1.7~1.9V\n硬件滤波截止频率：≥121.7Hz\n硬件滤波时间：≤1.5ms; None：HI-Z; None：—; SW Variable Name or SW Function Name：— ——Port1\nNone：Config; MCU Component ：F01/ MCU; None：QM; None：H19; None：P20.2; None：P20.2/TESTMODE; None：TESTMODE; None：—; None：/; None：I; None：TESTMODE：\n高：正常工作模式\n低：英飞凌内部测试模式; None：HI-Z，硬件外部上拉; None：—; SW Variable Name or SW Function Name：— ——Port1\nNone：Config; MCU Component ：F01/ MCU; None：B; None：A14; None：P14.5; None：P14.5/GTM_TIM1_IN0_4/GTM_TIM0_IN0_4/PMS_HWCFG1IN/GTM_DTMA2_0/GTM_TOUT85/ERAY0_TXD; None：PMS_HWCFG1IN; None：—; None：/; None：I; None：EVR33控制内部3.3V电压转换:\n高：内部使用5V转换为3.3V电压\n低：禁止5V转换为3.3V电压; None：HI-Z，硬件外部下拉; None：—; SW Variable Name or SW Function Name：— ——Port1"", ""D = 0.973.3 = 0.253\n0.75"", ""<table><caption> (8) (9) (10) Table 10-3 lists a number of capacitors suitable for this application. This list is not exhaustive and other Table 10-3. List of Recommended Input Capacitors (1) See the Third-Party Products Disclaimer</caption>\n<tr><td  > Capacitance</td><td  >Dimensions mm (Inch)</td><td  >Voltage Rating</td><td  >Manufacturer, Part Number(1)</td></tr>\n<tr><td  >470 nF ±10%</td><td  >1005 (0402)</td><td  >10 V</td><td  >Murata,GCM155C71A474KE36D</td></tr>\n<tr><td  >470 nF ±10%</td><td  >1005 (0402)</td><td  >10 V</td><td  >TDK,CGA2B3X7S1A474K050BB</td></tr>\n<tr><td  >10μF±10%</td><td  >2012 (0805)</td><td  >10V</td><td  >Murata,GCM21BR71A106KE22L</td></tr>\n<tr><td  >10 μF ±10%</td><td  >2012 (0805)</td><td  >10 V</td><td  >TDK, CGA4J3X7S1A106K125AB</td></tr>\n<tr><td  >22 μF ±10%</td><td  >3216 (1206)</td><td  >10 V</td><td  >Murata,GCM31CR71A226KE02L</td></tr>\n<tr><td  >22 μF ±20%</td><td  >3216 (1206)</td><td  >10 V</td><td  >TDK,CGA5L1X7S1A226M160AC</td></tr>\n</table>"", ""<table><caption> Table 9-10. Table 6-2. Devices Without I2C Interface</caption>\n<tr><td  > Device Number</td><td  >Output Current</td><td  >Start-Up Voltage(2)</td><td  >VSEL Settings</td><td  > Spread Spectrum Clocking</td><td  > Soft-Start Time</td></tr>\n<tr><td  >TPS62870N0QWRXSRQ1</td><td  >6A</td><td  >0.500 V</td><td  >6.2 kQ to GND</td><td></td><td></td></tr>\n<tr><td  >TPS62871N0QWRXSRQ1</td><td  >9A</td><td  >0.750V</td><td  > Short to GND</td><td  >On</td><td  >0.5 ms</td></tr>\n<tr><td  >TPS62872N0QWRXSRQ1</td><td  >12 A</td><td  >0.875 V</td><td  >Short to VIN </td><td></td><td></td></tr>\n<tr><td  >TPS62873N0QWRXSRQ1</td><td  >15 A</td><td  >1.050 V</td><td  >47 kQ to VIN</td><td></td><td></td></tr>\n</table>""]","{""original_context_count"": 25, ""original_context_characters"": 30546, ""scored_context_count"": 7, ""scored_context_characters"": 12000, ""contexts_truncated"": true, ""context_selection"": ""claim_coverage"", ""selected_evidence_ids"": [""document:ea7b2234534382bf""], ""selected_claim_ids"": [""sq_1:claim_1"", ""sq_2:claim_1""], ""excluded_evidence_ids"": [""document:0a2d86c848720c0c"", ""document:0eb6659a764f4d29"", ""document:164e966ead8b523d"", ""document:22bf3d58fa1f3273"", ""document:29cc1a9be32b6d7f"", ""document:2f8baf0f2ad1d779"", ""document:2fb73f629dc36cc6"", ""document:3862b04ac47a9499"", ""document:44c4021cbbe6e903"", ""document:4e638b9fb82d4ad2"", ""document:5e69a562758e3536"", ""document:6a3bd411d529c73f"", ""document:7970eec1b28a0159"", ""document:8729d6e2c254c2be"", ""document:91f27d32c7bf7787"", ""document:947efb39a112e100"", ""document:a47f93f7ac4e825a"", ""document:d69d04d302326d46"", ""document:dd6d958dffe7c372"", ""document:e6627ad70c8cab97"", ""document:e7b64e57f6f89035"", ""document:f1685b5058950fe7"", ""document:fff26d224ab88aef""]}",0.8346504376201419,0.0,0.0,not_applicable,0.0,0.0,1.0,0.875,1.0
hw-v1-conflict-main-mcu,success,主控 MCU 是哪颗，型号是什么？,EDF 中 U900 为 SAK-TC367DP-64F300S，即 AURIX TC367；HSI 章节名称写作 TC377 最小系统。回答应披露 TC367 与 TC377 的来源差异，不能合并为无冲突的单一型号。,"主控MCU的型号是 **SAK-TC377TP-96F300S AA**。

*   证据10（文档 `600608964_ADAS_HSI_0506_1952_shoulin.wang.docx`）明确说明：“32位MCU芯片TC377最小系统模块有SAK-TC377TP-96F300S AA主控芯片”。
*   证据14（同一文档的模块列表）中，F01模块（MCU）的功能定义列为“SAK-TC377TP-96F300S AA”。","主控MCU的型号是 **SAK-TC377TP-96F300S AA**。

*   证据10（文档 `600608964_ADAS_HSI_0506_1952_shoulin.wang.docx`）明确说明：“32位MCU芯片TC377最小系统模块有SAK-TC377TP-96F300S AA主控芯片”。
*   证据14（同一文档的模块列表）中，F01模块（MCU）的功能定义列为“SAK-TC377TP-96F300S AA”。","[""Net CAN0_STB_MCU_SPI3_CS5_P02.8 connects R1126.&1, R1228.&2, R1241.&1, TP1217.&1, U1200.SCSN, U1202.STB, U1203.NSTB."", ""Net CAN1_STB_MCU_SPI3_CS4_P00.2 connects R1233.&2, R1240.&1, TP1227.&1, U1201.STB, U1204.SCSN, U1205.NSTB, U900D.P00.2/SENT_SENT1B/EVADC_G9CH10/ASCLIN3_ASCLK/PSI5_TX0/CAN03_TXD/QSPI3_SLSO4."", ""Net CAN2_STB_MCU_SPI3_CS3_P00.5 connects R1301.&1, R1320.&2, TP1304.&1, U1300.STB, U1302.SCSN, U1303.NSTB, U900D.P00.5/EDSADC_DSCIN2A/SENT_SENT4B/CAN11_RXDB/EVADC_G9CH7/EDSADC_CGPWMN/QSPI3_SLSO3/EDSADC_DSCOUT2/EVADC_FC0BFLOUT/SENT_SPC4."", ""Net CAN3_STB_MCU_SPI3_CS6_P00.8 connects R1310.&1, R1326.&2, TP1310.&1, U1301.STB, U1304.SCSN, U1305.NSTB, U900D.P00.8/SENT_SENT7B/GPT120_T2EUDA/ASCLIN10_ARXB/EVADC_G9CH4/QSPI3_SLSO6/ASCLIN10_ATX/EVADC_EMUX12/SENT_SPC7."", ""Net CAN_EN_MCU_SPI3_MRST_P02.5 connects R1213.&1, R1231.&1, R1318.&1, R1324.&1, TP1119.&1, U900D.P02.5/I2C0_SCLA/PSI5_RX1B/PSI5S_RXB/QSPI3_MRSTA/SENT_SENT3C/CAN0_ECTT2/CAN11_TXD/QSPI3_MRST/I2C0_SCL/ERAY0_TXENB."", ""Net CAN_ERR_MCU_SPI3_CLK_P02.7 connects R1125.&1, TP1216.&1, U1200.SCK, U1203.NERR, U1204.SCK, U1205.NERR, U1302.SCK, U1303.NERR, U1304.SCK, U1305.NERR."", ""Net MCU_1V8_EQ_EN connects R1817.&2, TP1819.&1, U1803.ON, U900E.P20.0/CAN03_RXDC/CBS_TGI0/SCU_E_REQ6_0/GPT120_T6EUDA/ASCLIN3_ATX/ASCLIN3_ASCLK/HSCT0_SYSCLK_OUT/CBS_TGO0."", ""Net MCU_3V3_EQ_EN connects R1818.&2, TP1822.&1, U1802.ON, U900E.P20.3/ASCLIN3_ARXC/GPT120_T6INA/ASCLIN3_ATX/QSPI0_SLSO9/QSPI2_SLSO9/CAN03_TXD, X2000.&13."", ""<table><tr><td>HM ID</td><td>F02/F03/F04/F28</td></tr><tr><td>模块功能 \nModule Function</td><td>EYEQ6-L最小系统组成：外部30MHz晶体给EYEQ6-L提供基本时钟输入，外部20MHz有源晶振提供监控时钟，外扩OSPI接口的2Gb NAND FLASH存储程序，外扩1GB的LPDDR4运存。NXB0104是用于MCU的3V3_SPI和NAND FLASH的1V8_SPI进行电平转换，用于MCU读写NAND FLASH。\nEYEQ6-L minimum system components: an external 30MHz crystal provides the basic clock input for EYEQ6-L, an external 20MHz active crystal provides the monitoring clock, an external 2GbNAND FLASH memory program for OSPI interface, and an external 1GB LPDDR4 operation memory. NXB0104 is used for level conversion of 3V3_SPI of MCU and 1V8-SPI of NAND FLASH for MCU to read and write NAND FLASH.</td></tr><tr><td>模块框图\nModule diagram</td><td></td></tr><tr><td>模块方案\nModule solution</td><td>\n1、处理器\n根据ADAS产品需求图像处理SOC功能安全需要达到ASIL-B，经综合评估选择Mobileye产品EYEQ6-L，最高功能安全可达到ASIL-B，接口资源丰富。\n1.Processor\nAccording to the requirements of ADAS products, the functional safety of image processing SOC needs to reach ASIL-B. After comprehensive evaluation, Mobileye product EYEQ6-L is selected, and the highest functional safety can reach ASIL-B with abundant interface resources. +\n2、时钟\n硬件选型30MHz晶振给EYEQ6-L提供时钟输入，由其内部PLL等电路完成倍频、分频，供其内核和各模块使用。外部20MHz有源晶振作为内部监控时钟。\n2.Clock\nThe 30MHz crystal provides clock input to the EYEQ6-L, and its internal PLL circuit completes frequency multiplication and frequency division for the EyeQ6-L core and each module. The external 20MHz active crystal is energized as an internal monitoring clock.\n3、DDR\nEYEQ6在外扩的DDR中运行程序和存储临时数据，其DDR控制器可支持32bits位宽的LPDDR4 SDRAM，最大读写速率4266 Mb/s/pin 。本设计中选用1片32bit的LPDDR4 SDRAM，型号为车规级器件K4F8E3S4HD-GHCL02V，以充分利用数据带宽，保证EYEQ6的处理速度，LPDDR4工作环境温度为-40℃~105℃，单片总容量1GB。\n3.DDR\nEYEQ6 runs programs and stores temporary data in the extended DDR. Its DDR controller supports LPDDR4 SDRAM with 32bits wide and a maximum read/write rate of 4266Mb/s/pin. In this design, a 32bit LPDDR4 SDRAM is selected, the model is car grade device K4F8E3S4HD-GHCLO2V, in order to make full use of the data bandwidth and ensure the processing speed of EYEQ6. The working environment temperature of LPDDR4 is -40℃-105℃, and the total capacity of a single chip is 1GB.\n\n\n4、NAND FLASH\n选择ME推荐的WinBond公司产品W35N02JWTBKF，容量2Gb，FLASH支持CRC安全机制。\nNXB0104是用于MCU的3V3_ SPI和NAND FLASH的1V8_ SPI进行电平转换，通过MCU_SPI1_CS片选电平转换芯片，实现MCU对NAND FLASH的读写操作，转换芯片在本应用场景下支持最大传输速率80Mbps。\nNAND FLASH\nChoose the WinBond company product W35N02JWTBKF recommended by ME, with a capacity of 2Gb and FLASH supporting CRC security mechanism. \nNXB0104 is used for the level conversion of 3V3_SPI of MCU and 1V8_SPI of NAND FLASH. The level conversion chip is selected by MCU_SPI1_CS chip to realize the reading and writing operation of MCU to NAND FLASH. The converter chip supports a maximum transmission rate of 80Mbps in this application scenario. \n5、电源和复位\nEYEQ6-L需要6路电源：VCC3V3_EQ、VCC0V75、0V75_MIPI_DDR、VCC1V8、VCC1V1、VCC1V8_EQ，其中VCC0V75用于给内核供电。复位信号由MCU通过P02.4口进行控制。\nPower and reset\nEYEQ6-L requires six power sources: VCC3V3-EQ, VCCOV75, OV75_MIPI_DDR, VCC1V8, VCC1V1, VCC1V8_EQ, where VCCOV75 is used to power the core. The reset signal is controlled by the MCU through the P02.4 pin.</td></tr></table>"", ""<table><tr><td>HM ID</td><td>F01</td></tr><tr><td>模块功能 \nModule Function</td><td>32位MCU芯片TC377最小系统模块有SAK-TC377TP-96F300S AA主控芯片和晶体、硬件配置组成，实现SAK-TC377TP-96F300S AA最小硬件系统工作单元，功能安全等级最高可达到ASIL-D，满足应用要求。\n32-bit MCU chip TC377 minimum system module has SAK-TC377TP-96F300S AA main control chip and crystal, hardware configuration, to achieve SAK-TC377TP-96F300S AA minimum hardware system work unit, functional safety level up to ASIL-D, meet the application requirements. </td></tr><tr><td>模块框图\nModule diagram</td><td></td></tr><tr><td>模块方案\nModule solution</td><td>处理器\n根据ADAS产品需求，综合评估选型为32位MCU芯片SAK-TC377TP-96F300S AA， MCU接口资源丰富，功能安全等级最高可达到ASIL-D，满足应用要求。\nProcessor \nAccording to ADAS product requirements, 32-bit MCU chip SAK-TC377TP-96F300S AA is selected through comprehensive evaluation, which has rich MCU interface resources and the highest functional safety level can reach ASIL-D to meet application requirements\n时钟设计\n硬件选型20MHz晶振给MCU提供时钟输入，由其内部PLL等电路完成倍频、分频，供其内核和各模块使用。\nClock design\nHardware selection of clock design 20MHz crystal oscillator provides clock input to MCU, and its internal PLL and other circuits complete frequency doubling and frequency division for its kernel and each module.\n复位及watchdog\n系统复位及看门狗芯片采用LP87702内部看门狗，喂狗方式为窗口喂狗，当喂狗窗口无有效喂狗次数超过OTP配置时，将触发整个系统复位。\na)\t上电时，看门狗芯片对MCU启动过程进行监控，同时对MCU的电源VCC3V3电压进行低压监控，异常时主动复位MCU。\nb)\t运行过程中由看门狗监控MCU运行状态，当MCU程序跑飞时看门狗超时触发复位信号主动复位MCU。\nReset and watchdog\nThe system reset and watchdog chip adopts LP87702 internal watchdog, and the feeding method is window feeding. When the number of effective dog feeding in the feeding window exceeds the OTP configuration, the whole system reset will be triggered. \n When powering on, the watchdog chip monitors the start-up process of MCU, and at the same time, it monitors the low voltage voltage of MCU's power supply VCC3V3, and actively resets MCU when abnormal. \n MCU running status is monitored by watchdog during operation. When MCU program runs, watchdog timeout triggers reset signal and actively reset MCU.\n电源需求\nMCU需要1路VCC3V3_MCU（精度：3.3V±10%）和1路VCC1V25_MCU（精度：1.2-1.35V）供电。\n4. Power demand\nThe MCU needs 1 channel VCC3V3_MCU (accuracy: 3.3V±10%) and 1 channel VCC1V25_MCU (accuracy: 1.2-1.35V) power supply.</td></tr></table>"", ""\nSheet名称：0_Instruction Manual; 内容摘要：使用说明; 项目适配说明：nan ——0_Instruction Manual\nSheet名称：1_Face; 内容摘要：文档封面页; 项目适配说明：需要根据实际项目更新编号，\n明确并修改xxx的型号 ——0_Instruction Manual\nSheet名称：2_Sign; 内容摘要：本文档的当前状态、编制、审核和批准人员的信息; 项目适配说明：需要根据具体项目，更新文档\n的当前状态，编制、审核和批准人员的信息等 ——0_Instruction Manual\nSheet名称：3_Overview; 内容摘要：说明本文档的目的，适用对象和应用范围; 项目适配说明：无须确认和更新，仅用于了解 ——0_Instruction Manual\nSheet名称：4_Change History1; 内容摘要：本文档模板的变更履历; 项目适配说明：填写本文档模板的变更内容 ——0_Instruction Manual\nSheet名称：5_Change History2; 内容摘要：结合实际项目，安全机制的变更履历; 项目适配说明：填写本文档安全机制的变更内容 ——0_Instruction Manual\nSheet名称：6_Reference Document; 内容摘要：导出安全机制的参考文档; 项目适配说明：根据实际项目，需参考最新的\n数据手册和安全手册 ——0_Instruction Manual\nSheet名称：7_Definition&Arch; 内容摘要：xxx系列产品的定义及架构; 项目适配说明：需要需求开发人员在开发需求之前了解xxx系列产品的定义及架构 ——0_Instruction Manual\nSheet名称：8_SG&FSR; 内容摘要：xxx系列产品的假设\n安全目标和FSR; 项目适配说明：需要需求开发人员在开发需求\n前了解xxx系列产品的安全目标和FSR ——0_Instruction Manual"", ""\nMCU Component ：F01/MCU; None：B; None：T1; None：VAREF2; None：VAREF2; None：POWER; None：VCC3V3_MCU; None：/; None：/; None：3V3供电，MCU ADC参考电源; None：/; None：—; SW Variable Name or SW Function Name：— ——Port1\nMCU Component ：F01/MCU; None：B; None：T11; None：VEVRSB; None：VEVRSB; None：POWER; None：VCC3V3_MCU; None：/; None：/; None：3V3供电，备用域电源; None：/; None：—; SW Variable Name or SW Function Name：— ——Port1\nNone：GND; None：POWER; None：MCU的GND; MCU Component ：F01/MCU; None：NA; None：Y4; None：VSSM; None：VSSM; None：GND; None：GND; None：/; None：/; None：/; None：/; None：—; SW Variable Name or SW Function Name：— ——Port1\nMCU Component ：F01/MCU; None：NA; None：Y7; None：VAGND1; None：VAGND1; None：GND; None：GND; None：/; None：/; None：/; None：/; None：—; SW Variable Name or SW Function Name：— ——Port1\nMCU Component ：F01/MCU; None：NA; None：T2; None：VAGND2; None：VAGND2; None：GND; None：GND; None：/; None：/; None：/; None：/; None：—; SW Variable Name or SW Function Name：— ——Port1\nMCU Component ：F01/MCU; None：NA; None：B2; None：VSS1; None：VSS1; None：GND; None：GND; None：/; None：/; None：/; None：/; None：—; SW Variable Name or SW Function Name：— ——Port1\nMCU Component ：F01/MCU; None：NA; None：D4; None：VSS2; None：VSS2; None：GND; None：GND; None：/; None：/; None：/; None：/; None：—; SW Variable Name or SW Function Name：— ——Port1"", ""\nECU Connector：X2000-59; MCU Component ：F01/MCU; None：B; None：D19; None：P20.12; None：P20.12/GTM_TIM3_IN0_5/GTM_TIM2_IN0_5/QSPI0_MRSTA/GTM_TOUT68/QSPI0_MRST/QSPI0_MTSR; None：QSPI0_MRST; None：MCU_SPI0_MRST_P20.12; None：/; None：O; None：MCU向EQ发送数据\nMCU配置为内置下拉（SPI模式配置为：极性CPOL=0，相位CPHA=1）\n; None：HI-Z; None：—; SW Variable Name or SW Function Name：— ——Port1\nECU Connector：X2000-53; MCU Component ：F01/MCU; None：B; None：C20; None：P20.14; None：P20.14/GTM_TIM3_IN2_4/GTM_TIM2_IN2_4/QSPI0_MTSRA/GTM_TOUT70/QSPI0_MTSR; None：QSPI0_MTSRA; None：MCU_SPI0_MTSR_P20.14; None：/; None：I; None：EQ向MCU发送数据\nMCU配置为内置下拉（SPI模式配置为：极性CPOL=0，相位CPHA=1）; None：HI-Z; None：—; SW Variable Name or SW Function Name：— ——Port1\nECU Connector：X2000-58; None：SPI Communction; HW Interface Component ：B; None：F02/EYEQ6L; None：MCU_SPI2（master）\nEQ6L_SPI1（slave）\n速率：10Mbps; MCU Component ：F01/MCU; None：B; None：D15; None：P15.7; None：P15.7/GTM_TIM1_IN1_5/GTM_TIM0_IN1_5/QSPI2_MRSTB/GTM_TOUT78/QSPI2_MRST; None：QSPI2_MRSTB; None：MCU_SPI2_MRST_P15.7; None：/; None：I; None：EQ向MCU发送数据\nMCU配置为内置下拉（SPI模式配置为：极性CPOL=0，相位CPHA=1）; None：HI-Z; None：—; SW Variable Name or SW Function Name：— ——Port1"", ""<table><tr><td>模块序号\nModule number</td><td>模块名称\nModule name</td><td>功能定义\nFunction definition.</td><td>功能安全需求\nFunctional safety requirements</td></tr><tr><td>F01</td><td>MCU</td><td>SAK-TC377TP-96F300S AA</td><td>B(B)</td></tr><tr><td>F02</td><td>EYEQ6-L</td><td>EYEQ6-L，用于sensor的视频处理</td><td>B</td></tr><tr><td>F03</td><td>EYEQ6_LPDDR4</td><td>EQ6的1GB LPDDR4</td><td>B</td></tr><tr><td>F04</td><td>EYEQ6_NAND FLASH</td><td>EQ6的2Gb NAND FLASH</td><td>B</td></tr><tr><td>F05</td><td>CAM SENSOR</td><td>Sony 728摄像头模组</td><td>B</td></tr><tr><td>F06</td><td>KL30 sample</td><td>KL30电压采样</td><td>QM</td></tr><tr><td>F07</td><td>KL15 sample</td><td>KL15电压采样</td><td>QM</td></tr><tr><td>F08</td><td>EQ system power sample1</td><td>EQ6L系统供电电源电压ADC采样滤波、分压电路</td><td>B(B)</td></tr><tr><td>F09</td><td>ETH and CAN power sample2</td><td>CAN和ETH电源电压ADC采样滤波、分压电路</td><td>QM</td></tr><tr><td>F10</td><td>NTC temp sensor</td><td>NTC温度传感器，监控EQ6L/LPDDR4周边环境温度。</td><td>B</td></tr><tr><td>F11</td><td>KL30 EMI</td><td>KL30供电口EMI滤波电路.</td><td>B</td></tr><tr><td>F12</td><td>POWER</td><td>LN10046，KL30电源转VCC3V3电源</td><td>B</td></tr><tr><td>F13</td><td>POWER</td><td>LP87702，VCC3V3电压输入，VCC1V1、VCC1V8、VCC50电压输出</td><td>QM(B)</td></tr><tr><td>F14</td><td>POWER</td><td>TPS62872，VCC3V3电压输入，VCC0V75电压输出</td><td>QM(B)</td></tr><tr><td>F15</td><td>POWER</td><td>SA23002，VCC3V3输入，VCC0V75电压输出</td><td>QM(B)</td></tr><tr><td>F16</td><td>POWER</td><td>TPS22918负载开关，VCC3V3电压输入，VCC3V3_EQ输出</td><td>QM(B)</td></tr><tr><td>F17</td><td>POWER</td><td>TPS22918负载开关，VCC3V3输入，VCC3V3_ETH输出</td><td>QM</td></tr><tr><td>F18</td><td>overvoltage protect</td><td>用于MCU电源VCC3V3_MCU的外部过压保护</td><td>B</td></tr><tr><td>F19</td><td>POWER</td><td>TPS22918 负载开关，VCC1V8电压输入，VCC1V8_EQ电压输出</td><td>QM(B)</td></tr><tr><td>F20</td><td>CAN3</td><td>基于TCAN1145的CAN通讯，硬件支持特定报文唤醒</td><td>QM</td></tr><tr><td>F21</td><td>CAN2</td><td>基于TCAN1044A的CAN通讯.</td><td>QM</td></tr><tr><td>F22</td><td>CAN1</td><td>基于TCAN1044A的CAN通讯</td><td>QM</td></tr><tr><td>F23</td><td>CAN0</td><td>基于TCAN1044A的CAN通讯.</td><td>QM</td></tr><tr><td>F24</td><td>ETH</td><td>基于DP83TC812R的100BASE-T1通讯</td><td>QM</td></tr><tr><td>F25</td><td>Wake up</td><td>唤醒源和一级电源使能电路设计</td><td>QM</td></tr><tr><td>F26</td><td>watchdog</td><td>LP87702的看门狗功能，用于监控MCU运行状态</td><td>B</td></tr><tr><td>F27</td><td>POWER</td><td>VCC3V3_MCU转VCC1V25_MCU电压，由MCU的EVRC进行控制。</td><td>B</td></tr><tr><td>F28</td><td>level translation</td><td>3V3和1V8双向电压转换芯片</td><td>QM</td></tr></table>"", ""\nMCU Component ：F01/MCU; None：B; None：N14; None：VDD; None：VDD; None：POWER; None：VCC1V25_MCU; None：/; None：/; None：1V25供电，MCU核电源域; None：/; None：—; SW Variable Name or SW Function Name：— ——Port1\nMCU Component ：F01/MCU; None：B; None：E15; None：VDD; None：VDD; None：POWER; None：VCC1V25_MCU; None：/; None：/; None：1V25供电，MCU核电源域; None：/; None：—; SW Variable Name or SW Function Name：— ——Port1\nMCU Component ：F01/MCU; None：B; None：H14; None：VDD; None：VDD; None：POWER; None：VCC1V25_MCU; None：/; None：/; None：1V25供电，MCU核电源域; None：/; None：—; SW Variable Name or SW Function Name：— ——Port1\nMCU Component ：F01/MCU; None：B; None：D16; None：VDD; None：VDD; None：POWER; None：VCC1V25_MCU; None：/; None：/; None：1V25供电，MCU核电源域; None：/; None：—; SW Variable Name or SW Function Name：— ——Port1\nMCU Component ：F01/MCU; None：B; None：G13; None：VDD; None：VDD; None：POWER; None：VCC1V25_MCU; None：/; None：/; None：1V25供电，MCU核电源域; None：/; None：—; SW Variable Name or SW Function Name：— ——Port1\nMCU Component ：F01/MCU; None：B; None：G8; None：VDD; None：VDD; None：POWER; None：VCC1V25_MCU; None：/; None：/; None：1V25供电，MCU核电源域; None：/; None：—; SW Variable Name or SW Function Name：— ——Port1"", ""\nUnnamed: 0：SM[HW]:VMT:MBIST; Unnamed: 1：6.499; Unnamed: 2：nan; Unnamed: 3：SMC[SW]:VMT:MBIST; Unnamed: 4：ESM[SW]:VMT:MBIST; Unnamed: 5：nan; Unnamed: 6：nan; Unnamed: 7：nan; Unnamed: 8：nan; Unnamed: 9：nan; Unnamed: 10：nan; Unnamed: 11：nan; Unnamed: 12：nan; Unnamed: 13：nan; Unnamed: 14：nan; Unnamed: 15：nan ——12.1TC3XXX_SM\nUnnamed: 0：2 Functional Blocks; Unnamed: 1：nan; Unnamed: 2：nan; Unnamed: 3：nan; Unnamed: 4：nan; Unnamed: 5：nan; Unnamed: 6：nan; Unnamed: 7：nan; Unnamed: 8：nan; Unnamed: 9：nan; Unnamed: 10：nan; Unnamed: 11：nan; Unnamed: 12：nan; Unnamed: 13：nan; Unnamed: 14：nan; Unnamed: 15：nan ——12.1TC3XXX_SM\nUnnamed: 0：2.1 MCU Function - Processing; Unnamed: 1：nan; Unnamed: 2：nan; Unnamed: 3：nan; Unnamed: 4：nan; Unnamed: 5：nan; Unnamed: 6：nan; Unnamed: 7：nan; Unnamed: 8：nan; Unnamed: 9：nan; Unnamed: 10：nan; Unnamed: 11：nan; Unnamed: 12：nan; Unnamed: 13：nan; Unnamed: 14：nan; Unnamed: 15：nan ——12.1TC3XXX_SM\nUnnamed: 0：2.1.1 CPU; Unnamed: 1：nan; Unnamed: 2：nan; Unnamed: 3：nan; Unnamed: 4：nan; Unnamed: 5：nan; Unnamed: 6：nan; Unnamed: 7：nan; Unnamed: 8：nan; Unnamed: 9：nan; Unnamed: 10：nan; Unnamed: 11：nan; Unnamed: 12：nan; Unnamed: 13：nan; Unnamed: 14：nan; Unnamed: 15：nan ——12.1TC3XXX_SM"", ""<table><caption> Device Information</caption>\n<tr><td colspan=3 rowspan=3 >Part Number Current Rating Package TPS62870-Q1 6A TPS62871-Q1 9A RXS (VQFN-FCRLF, TPS62872-Q1 12 A 16) TPS62873-Q1 15 A</td></tr>\n\n</table>"", ""<table><caption> Figure 9-22. CONTROL1 Register</caption>\n<tr><td colspan=2 >7 6 RESET SSCEN R/W-0b R/W-0b</td><td colspan=4 >5 3 2 SWEN FPWMEN DISCHEN HICCUPEN R/W-1b R/W-0b R/W-1b R/W-0b</td><td  >VRAMP R/W-10b</td></tr>\n</table>"", ""<table><caption> Table 9-1 shows the function table of the MODE/SYNC pin and the FPWMEN bit in the CONTROL1 register, Table 9-1. FPWM Mode and Power-Save Mode Selection Note</caption>\n<tr><td  >MODE/SYNCPin</td><td  >FPWMEN Bit</td><td  >OperatingMode</td><td  >Remark</td></tr>\n<tr><td  >Low</td><td  >0</td><td  >PSM</td><td  >Do not use in a stacked configuration.</td></tr>\n<tr><td></td><td  >1</td><td  >FPWM</td><td></td></tr>\n<tr><td  >High</td><td  >X</td><td  >FPWM</td><td></td></tr>\n<tr><td  >Sync Clock</td><td  >X</td><td  >FPWM</td><td></td></tr>\n</table>"", ""<table><caption> Table 6-2. Devices Without I²C Interface (continued) Unless otherwise noted, device variants without I2C operate with the same default settings as device variants with 12C.</caption>\n<tr><td  >DeviceNumber</td><td  >OutputCurrent</td><td  >Start-UpVoltage(2)</td><td  >VSEL Settings</td><td  > Spread Spectrum Clocking</td><td  > Soft-Start Time</td></tr>\n<tr><td  >TPS62870N1QWRXSRQ1</td><td  >6A</td><td  >0.800 V</td><td  >6.2kQ to GND</td><td></td><td></td></tr>\n<tr><td  >TPS62871N1QWRXSRQ1</td><td  >9A</td><td  >0.750V</td><td  >Short to GND</td><td></td><td></td></tr>\n<tr><td  >TPS62872N1QWRXSRQ1</td><td  >12 A</td><td  >0.875V</td><td  >Short to VIN</td><td  >On</td><td></td></tr>\n<tr><td  >TPS62873N1QWRXSRQ1</td><td  >15 A</td><td  >0.840V</td><td  >47 kQ to VIN </td><td></td><td  >1 ms</td></tr>\n<tr><td></td><td></td><td  >1.800 V</td><td  >6.2 kQ to GND</td><td></td><td></td></tr>\n<tr><td  >TPS62872N2QWRXSRQ1</td><td  >12 A</td><td  >1.500 V 1.750 V</td><td  >Short to GND Short to VIN </td><td  >Off</td><td></td></tr>\n<tr><td></td><td></td><td  >3.300 V</td><td  >47kQ to VIN</td><td></td><td></td></tr>\n</table>"", ""<table><caption> Table 7-1. Pin Functions (continued) I = input, O = output, P = power, GND = ground(1)</caption>\n<tr><td  >Pin</td><td></td><td></td><td></td></tr>\n<tr><td  >Name</td><td  >No.</td><td  >Type(1)</td><td  >Description</td></tr>\n<tr><td></td><td></td><td></td><td  >Internal clock output pin for synchronization in stacked mode. Leave this pin floating for single </td></tr>\n<tr><td></td><td></td><td></td><td  >device operation. Connect this pin to the MODE/SYNC pin of the next device in the daisy-chain in </td></tr>\n<tr><td  >SYNC_OUT</td><td  >14</td><td></td><td  >stacked operation. Do not use this pin to connect to a non-TPS6287x-Q1 device.  During start-up, this pin is used to identify if a device must operate as a secondary converter in</td></tr>\n<tr><td></td><td></td><td></td><td  >stacked operation. Connect a 47-kQ resistor from this pin to GND to define a secondary converter</td></tr>\n<tr><td></td><td></td><td></td><td  > in stacked operation. See Section 9.3.17 for a detailed description.</td></tr>\n<tr><td  >VSEL</td><td  >15</td><td  >一</td><td  > Start-up output voltage select pin. A resistor or short circuit to GND or Vin defines the selected output voltage. See Section 9.3.6.2.</td></tr>\n<tr><td  >FSEL</td><td  >16</td><td  >一</td><td  >Frequency select pin. A resistor or a short circuit to GND or Vin determines the free-running switching frequency. See Section 9.3.6.2.</td></tr>\n<tr><td  >Exposed Thermal Pad</td><td></td><td  >一</td><td  >The thermal pad must be soldered to GND to achieve an appropriate thermal resistance and for mechanical stability.</td></tr>\n</table>"", ""<table><caption> Table9-5.DefaultOutputVoltageSetpoints</caption>\n<tr><td  >VSEL Pin(1)</td><td  >Device Number</td><td  >VSET[7:0]</td><td  >Output Voltage Setpoint</td></tr>\n<tr><td></td><td  >TPS6287x-Q1</td><td  >0x5a</td><td  >850 mV</td></tr>\n<tr><td></td><td  >TPS6287xY0-Q1</td><td  >0x50</td><td  >800 mV</td></tr>\n<tr><td></td><td  >TPS6287xY1-Q1</td><td  >0x14</td><td  >500 mV</td></tr>\n<tr><td></td><td  >TPS6287xY2-Q1</td><td  >0x64</td><td  >1800 mV</td></tr>\n<tr><td  >6.2 kQ to GND</td><td  >TPS6287xY3-Q1</td><td  >0x52</td><td  >810 mV</td></tr>\n<tr><td></td><td  >TPS6287xN0-Q1</td><td  >0x14</td><td  >500 mV</td></tr>\n<tr><td></td><td  >TPS6287xN1-Q1</td><td  >0x50</td><td  >800 mV</td></tr>\n<tr><td></td><td  >TPS6287xN2-Q1</td><td  >0x64</td><td  >1800 mV</td></tr>\n</table>"", ""VOUT(VIN - VoUT\nIL(PP) = VU(NxLxW)"", ""1. In device variants without IC the SDA and SCL pins are internally connected, but their functionality is disabled.\nVIN\nSW\nVIN\nBias\nGate Drive and Control\nRegulator\nEN\nGND\nGND\nRampandSlope\nCompensation\nPG\nControl\nGOSNS\nFSEL[\nVSEL[\nOscillator\nCOMP\nSCL1[\nSDA1[\nThermal\nShutdown\nSYNCOUT\nMODE/SYNC\nM""]","{""original_context_count"": 24, ""original_context_characters"": 19826, ""scored_context_count"": 8, ""scored_context_characters"": 2149, ""contexts_truncated"": true, ""context_selection"": ""claim_coverage"", ""selected_evidence_ids"": [""document:df1cc9e82e10ab38""], ""selected_claim_ids"": [""sq_1:claim_1""], ""excluded_evidence_ids"": [""circuit:21:net:CAN0_STB_MCU_SPI3_CS5_P02.8"", ""circuit:21:net:CAN1_STB_MCU_SPI3_CS4_P00.2"", ""circuit:21:net:CAN2_STB_MCU_SPI3_CS3_P00.5"", ""circuit:21:net:CAN3_STB_MCU_SPI3_CS6_P00.8"", ""circuit:21:net:CAN_EN_MCU_SPI3_MRST_P02.5"", ""circuit:21:net:CAN_ERR_MCU_SPI3_CLK_P02.7"", ""circuit:21:net:MCU_1V8_EQ_EN"", ""circuit:21:net:MCU_3V3_EQ_EN"", ""document:034c767118e5df31"", ""document:03f25b2ba7da50a5"", ""document:07eafc1ebcb200f1"", ""document:18855329310af467"", ""document:29cc1a9be32b6d7f"", ""document:2f8baf0f2ad1d779"", ""document:34883e566717f8dd"", ""document:4e638b9fb82d4ad2"", ""document:7970eec1b28a0159"", ""document:87e0c61422f91bc3"", ""document:aac59875b92ed6b0"", ""document:b3ccd4d870e372c3"", ""document:c525ee76c4d237d2"", ""document:e6627ad70c8cab97"", ""document:ff2eeeb86c7de1f5""]}",0.15180116844409808,0.33377189929674617,0.2,0.0,0.0,0.0,0.5,0.0,not_applicable
hw-v1-permission-empty-scope,success,U1700 连接到哪些网络？,在无 ADAS 部门权限的上下文中，不应检索到该电路；回答应说明当前知识库中未找到可支撑证据，且不得串库。,当前知识库中未找到可支撑回答的证据。,当前知识库中未找到可支撑回答的证据。,[],"{""original_context_count"": 0, ""original_context_characters"": 0, ""scored_context_count"": 0, ""scored_context_characters"": 0, ""contexts_truncated"": false, ""context_selection"": ""original_order"", ""selected_evidence_ids"": [], ""selected_claim_ids"": [], ""excluded_evidence_ids"": []}",0.5881104882354586,0.0,1.0,not_applicable,not_applicable,not_applicable,not_applicable,not_applicable,1.0
hw-v1-direct-capabilities,success,你好，你能做什么？,应直接介绍自己是硬件资料助手，可协助查询文档、表格和电路信息；不应触发知识库检索。,你好！我是硬件知识库助手，可以协助你查询项目文档、表格与电路信息。无论是元器件数据手册、电路原理图说明、硬件设计规范，还是项目中的技术文档与测试数据，都可以向我提问。如果你有具体的硬件问题或需要查找某个文档，请随时告诉我！,你好！我是硬件知识库助手，可以协助你查询项目文档、表格与电路信息。无论是元器件数据手册、电路原理图说明、硬件设计规范，还是项目中的技术文档与测试数据，都可以向我提问。如果你有具体的硬件问题或需要查找某个文档，请随时告诉我！,[],"{""original_context_count"": 0, ""original_context_characters"": 0, ""scored_context_count"": 0, ""scored_context_characters"": 0, ""contexts_truncated"": false, ""context_selection"": ""original_order"", ""selected_evidence_ids"": [], ""selected_claim_ids"": [], ""excluded_evidence_ids"": []}",0.12571322696935847,0.7917604927587973,1.0,not_applicable,not_applicable,not_applicable,not_applicable,not_applicable,not_applicable
hw-v1-joint-main-pmic-paraphrase,success,板上最主要的电源管理芯片是谁？说清楚输入、三路输出和软件配置出处。,U1700 LP87702-Q1 从 VCC3V3 取电，关键输出为 VCC1V1、VCC1V8、VCC50，软件配置出处为 HSI 7.2 节。,"板上最主要的电源管理芯片是 **LP87702**。

**1. 型号与输入**
- **结论**：电源管理芯片型号为 LP87702，其输入电压为 **VCC3V3**（3.3V）。
- **证据**：文档[19]明确说明：“采用LP87702芯片，将VCC3V3转换为VCC1V8、VCC1V1、VCC50”。

**2. 三路输出规格**
- **结论**：LP87702 的三路输出分别为 **VCC1V8**、**VCC1V1** 和 **VCC50**，用于给系统不同部分供电。
- **证据**：文档[19]指出这三路输出分别用于为EQ6、CAM、DDR、FLASH等供电（VCC1V8），为EQ6、DDR供电（VCC1V1），以及为CAN收发器供电（VCC50）。
- **缺失信息**：证据中未提供这三路输出的具体电流规格（如最大电流值）。

**3. 软件配置出处**
- **结论**：LP87702 的软件配置（寄存器设置）在文档 **“LP87702 Configuration”** 章节中，该章节包含了运行期间需要通过I2C配置的寄存器列表。
- **证据**：文档[3]中明确列出了“LP87702配置 LP87702 Configuration”章节，并说明“LP87702运行期间需要MCU通过I2C配置的寄存器如下所示：Table 5-2 LP87702 Configuration”。此外，文档[20]提到看门狗喂狗参数由LP87702的OTP文件配置。","板上最主要的电源管理芯片是 **LP87702**。

**1. 型号与输入**
- **结论**：电源管理芯片型号为 LP87702，其输入电压为 **VCC3V3**（3.3V）。
- **证据**：文档[19]明确说明：“采用LP87702芯片，将VCC3V3转换为VCC1V8、VCC1V1、VCC50”。

**2. 三路输出规格**
- **结论**：LP87702 的三路输出分别为 **VCC1V8**、**VCC1V1** 和 **VCC50**，用于给系统不同部分供电。
- **证据**：文档[19]指出这三路输出分别用于为EQ6、CAM、DDR、FLASH等供电（VCC1V8），为EQ6、DDR供电（VCC1V1），以及为CAN收发器供电（VCC50）。
- **缺失信息**：证据中未提供这三路输出的具体电流规格（如最大电流值）。

**3. 软件配置出处**
- **结论**：LP87702 的软件配置（寄存器设置）在文档 **“LP87702 Configuration”** 章节中，该章节包含了运行期间需要通过I2C配置的寄存器列表。
- **证据**：文档[3]中明确列出了“LP87702配置 LP87702 Configuration”章节，并说明“LP87702运行期间需要MCU通过I2C配置的寄存器如下所示：Table 5-2 LP87702 Configuration”。此外，文档[20]提到看门狗喂狗参数由LP87702的OTP文件配置。","[""Instance U1400: DP83TC812R-Q1, 2025020711161, DP83TC812RRHARQ1, PQFN50P600X600X100-36."", ""Instance U503: NXB0104PW-Q100, 20220529784, NXB0104PW-Q100, SOP65P640X500X110-14."", ""Net UBD_PR connects C1202.&1, C1220.&1, C1310.&1, C1312.&1, C1508.&1, C1509.&1, C1604.&2, C1605.&2, C1606.&1, C1607.&1, C1609.&1, C1612.&2, C1613.&1, C1614.&1, C1615.&2, L1600.&2, TP1601.&1, U1200.Vbat, U1203.VBAT, U1204.Vbat, U1205.VBAT, U1302.Vbat, U1303.VBAT, U1304.Vbat, U1305.VBAT, U1502.EN, U1502.IN, U1600.VIN1, U1600.VIN2."", ""Net VCC1V8 connects C1712.&1, C1714.&1, C1715.&2, C1829.&1, C507.&2, C508.&2, C510.&2, C615.&1, C618.&1, C623.&1, C626.&1, C629.&1, C632.&1, C634.&1, C636.&1, C638.&1, C640.&1, C641.&1, C642.&1, C801.&1, C803.&1, C806.&1, C810.&1, C811.&1, C812.&1, C813.&1, C815.&1, C817.&1, C819.&1, C822.&1, C824.&1, L1702.&2, R1111.&1, R1722.&2, R500.&2, R501.&2, R503.&2, R504.&2, R505.&2, R509.&2, R533.&1, R534.&1, R574.&2, TP1725.&1, U1700.FB_B1, U1803.VIN, U400-2.VDD_RING_I2C_4, U400-2.VDD_RING_3_0_0-1, U400-2.VDD_RING_2_0-1, U400-2.VDD_RING_3_1_0-1, U400-2.VDD_RING_3_1_0-2, U400-2.VDD_RING_10_0_0-1, U400-2.VDD_RING_10_0_0-2, U400-2.VDD_RING_2_0-2, U400-2.VDD_RING_3_0_0-2, U400-2.VDD_RING_3_1_0-3, U502.VCC, U502.VCC, U502.VCC, U503.VCCA, U800-2.VDD1_1, U800-2.VDD1_2, U800-2.VDD1_3, U800-2.VDD1_4, U800-2.VDD1_5, U800-2.VDD1_6, U800-2.VDD1_7, U800-2.VDD1_8, X1903.&12, X2000.&2."", ""Net VCC3V3 connects C1500.&1, C1617.&1, C1618.&1, C1621.&1, C1633.&2, C1700.&1, C1701.&1, C1702.&1, C1704.&1, C1709.&1, C1710.&1, C1711.&1, C1716.&1, C1800.&1, C1801.&1, C1802.&1, C1803.&1, C1804.&1, C1805.&1, C1811.&1, C1812.&1, C1821.&1, C1823.&1, C1828.&1, L1601.&2, L1701.&1, Q1700.S, R1622.&2, R1701.&1, R1706.&1, R1709.&1, R1710.&1, R1711.&2, R1712.&2, R1800.&2, TP1605.&1, TP1803.&1, U1500.VIN, U1600.VCCIN, U1700.VIN_B0_1, U1700.VIN_B1_1, U1700.VANA, U1700.VIN_B0_2, U1700.VIN_B1_2, U1800.VIN, U1800.VIN, U1800.MODE/SYNC, U1802.VIN, U1804.VIN, U1804.VIN, X2000.&1, X2000.&3."", ""Instance U1500: TPS22918, 20181204001, TPS22918TDBVRQ1, SOT23X145-6, VIN->VCC3V3, GND->GND, ON->MCU_3V3_ETH_EN, CT->N22963649, QOD->VCC3V3_ETH, VOUT->VCC3V3_ETH."", ""Instance U1600: LN10046FSQ1LQR, 202309205790, LN10046FSQ1LQR, QFN50X52D5P400x350x90-14, VCCIN->VCC3V3, VCC->N22297372, AGND->GND, FB->N20069767, PG, RT->N22296740, EN/SYNC->ECU_EN, VIN1->UBD_PR, PGND1->GND, SW->N20069524, PGND2->GND, VIN2->UBD_PR, RBST->N22298801, CBST->N22298804."", ""Instance U1700: LP87702-Q1, 20200424007, LP87702RRHBRQ1, pqfn50p5x5x90-32, nINT->MCU_nINT_PMIC_P12.1, EN1->MCU_5V_EN, VIN_B0_1->VCC3V3, VIN_B1_1->VCC3V3, VANA->VCC3V3, SW_BST->N19935658, NRST->N19935946, SDA(EN3)->MCU_SDA_P15.5, SCL(EN2)->MCU_SCL_P15.4, FB_B1->VCC1V8, CLKIN(GPO2)->MCU_WD_INH, VMON1, VMON2, WDI->MCU_WDI_P13.3, VOUT_BST->VCC50, PG0, PG1(GPO1)->N19936014, WD_RESET->TC367_RESET_N, SW_B1_1->N19935668, FB_B0->VCC1V1, SW_B0_1->N19935443, SW_B0_2->N19935443, VIN_B0_2->VCC3V3, VIN_B1_2->VCC3V3, SW_B1_2->N19935668, PAD->GND, AGND->GND, PGND_BST->GND, GPO0, PGND_B1_2->GND, PGND_B1_1->GND, PGND_B0_2->GND, PGND_B0_1->GND."", ""Instance U1800: TPS62872Y1QWRXSRQ1, 202308165398, TPS62872Y1QWRXSRQ1, PQFN50P355X255X105-16, COMP->N19809013, GOSNS->GND, VOSNS->VCC0V75, EN->N19888813, VIN->VCC3V3, GND->GND, SW->N19808656, GND->GND, VIN->VCC3V3, PG, MODE/SYNC->VCC3V3, SDA->MCU_SDA_P15.5, SCL->MCU_SCL_P15.4, SYNC_OUT, VSEL->N19808994, FSEL->N19808812, TAB->GND."", ""Instance U1802: TPS22918, 20181204001, TPS22918TDBVRQ1, SOT23X145-6, VIN->VCC3V3, GND->GND, ON->MCU_3V3_EQ_EN, CT->N20145936, QOD->VCC3V3_EQ, VOUT->VCC3V3_EQ."", ""ADC电压采集阈值 The ADC voltage acquisition thresholdWCCA计算结果如下，软件应按照如下过欠压阈值设置：The WCCA calculation results are as follows. The software should be set according to the following overvoltage and undervoltage thresholds:EQ6L上下电时序要求 EQ6L Power-on and power-off sequence requirements共享和独占的硬件资源 Shared and Exclusive Hardware ResourceECU-MCU信号对应关系 ECU-MCU Signal MappingMCU时钟配置 MCU Clock Configuration存储器配置 Memeory ConfigurationTable 4-5Memory Configuration其他芯片配置 Other IC Configuration其他芯片的通讯机制 Communication Mechanism with Other ICLP87702配置 LP87702 ConfigurationLP87702运行期间需要MCU通过I2C配置的寄存器如下所示：Table 5-2 LP87702 ConfigurationTPS62872配置 TPS62872 ConfigurationTPS62872运行期间需要MCU通过I2C配置的寄存器如下所示：Table 5-3 TPS62872 Configuration安全机制 Safety MechanismsSystem levelHW level硬件安全分析无新增安全机制IC level模板变更历史Template Change History填写说明Filling instructions：变更单号YYYYMM00X为记录顺序号，如：202203002，表示的是2022年03月的第二份此类文档。首次发布不分配变更单号，变更单号处填NA。The change order number YYYYMM00X is the record sequence number, such as 202203002, which represents the second such document in March 2022. No change order number will be allocated for the first release, and Na will be filled in the change order number.变更原因填写以客户审核需要变更为例：由于XX客户在客户审核时发现XX问题，需要调整模板。Fill in the revision note. Take the need for change in customer audit as an example: because XX customer found XX problem during customer audit, the template needs to be adjusted.变更内容填写以客户审核发现问题需要更改为例：由于XX客户在客户审核时发现XX问题，特增加XXX的变更内容。"", ""<table><tr><td>HM ID</td><td>F01/F06/F11</td></tr><tr><td>运行模式\nOperation Mode</td><td>上电模式、下电模式、运行模式、复位模式、OTA模式\nPower on mode, power off mode, run mode, reset mode, OTA mode</td></tr><tr><td>模式定义\nDefinition of Operation mode</td><td>上电模式 Power on\n当唤醒信号有效后，系统一级电源输出VCC3V3电源，MCU开始工作，MCU_UB_SW_P00.10信号输出逻辑高，使能KL30电压采样电路，之后UBSW_ACQ输出分压后的模拟信号，MCU开始通过ADC采样UBSW_ACQ信号。\n1. Power on\nWhen the wake-up signal becomes active, the system's primary power supply outputs the VCC3V3 voltage, and the MCU starts operating. The MCU_UB_SW_P00.10 signal then outputs a logic high level to enable the KL30 voltage sampling circuit. Subsequently, UBSW_ACQ outputs a divided analog signal, after which the MCU begins ADC sampling of the UBSW_ACQ signal.运行模式\nMCU实时采样UBSW_ACQ用于电源管理功能。\n2.Run mode\nMCU real-time sampling UBSW_ACQ is used for power management functions.\n下电模式 \n唤醒信号无效后，MCU在off delay期间将MCU_UB_SW_P00.10信号配置为逻辑低，关闭KL30采样功能，系统下电。\n3. Power off\nAfter the wake-up signal is invalid, the MCU will configure the MCU_UB_Sw_P00.10 signal to logic low during offdelay, turn off the KL30 sampling function, and power down the system. </td></tr><tr><td>模式切换接口\nMode switching interface</td><td></td></tr><tr><td>模式状态机\nMode state machine</td><td>\n\n</td></tr><tr><td>模式切换条件\nMode switching condition</td><td>\n参考：\n产品系统需求规格说明\n产品系统方案设计说明书\nReference: \nProduct system requirements specification.\nProduct system design specification</td></tr><tr><td>备注\nNote</td><td></td></tr></table>"", ""\n组件\ncomponent：nan; 功能\nFunction：HWC_1.3_VLDO1    The function of this module is to regulate the wide power supply input voltage range from 6V~24V,and provide the power supply(5V) to XXX;; 需求\nRequirement：The range of Input Voltage for SBC:6V-24V;\nThe range of output Voltage for SBC(5V): 4.9V~5.1V;\nThe operating voltage range XXX is 4.5V~5.5V ; 潜在的失效模式\nPotential Failure Mode：MF-HWC_1.3\nOutput voltage is outside XXX required operation voltage range.; 潜在的失效后果\nPotential Consequence：SBC can not provide correct power supply to XXX.\nXXX cannot operate correctly.; Related TSR：根据项目实际情况选择对应的TSR，，若未使用或安全无关，则NA; Safety related?：Yes; safety measure/safety mechanism：Implement SBC VLDO1 safety mechanism.; APXXXXXX_项目软硬件需求跟踪\nTraceability：SBC_FS26_HWSR001\nSBC_FS26_HWSR002\nSBC_FS26_HWSR003\nSBC_FS26_HWSR004\nSBC_FS26_SWSR019\nSBC_FS26_HWSR020\nSBC_FS26_HWSR021\nSBC_FS26_SWSR026 ——11_FS26xxB(D)_HWFMEA\n组件\ncomponent：nan; 功能\nFunction：HWC_1.4_VLDO2    The function of this module is to regulate the wide power supply input voltage range from 6V~24V,and provide the power supply(3.3V) to XXX.; 需求\nRequirement：The range of Input Voltage for SBC:6V-24V;\nThe range of output Voltage for SBC(3.3V): 3.25V~3.35V;; 潜在的失效模式\nPotential Failure Mode：MF-HWC_1.4\nOutput voltage is outside XXX required operation voltage range.; 潜在的失效后果\nPotential Consequence：SBC can not provide correct power supply to XXX.\nXXX cannot operate correctly.; Related TSR：根据项目实际情况选择对应的TSR，，若未使用或安全无关，则NA; Safety related?：Yes; safety measure/safety mechanism：Implement SBC VLDO2 safety mechanism.; APXXXXXX_项目软硬件需求跟踪\nTraceability：SBC_FS26_HWSR001\nSBC_FS26_HWSR002\nSBC_FS26_HWSR003\nSBC_FS26_HWSR004\nSBC_FS26_SWSR027\nSBC_FS26_HWSR028\nSBC_FS26_HWSR029\nSBC_FS26_SWSR034 ——11_FS26xxB(D)_HWFMEA"", ""\nRecognition Unit ：nan ——10_Recognition Unit\nRecognition Unit ：nan ——10_Recognition Unit\nRecognition Unit ：2.安全目标 ——10_Recognition Unit\nRecognition Unit ：nan ——10_Recognition Unit\nRecognition Unit ：nan ——10_Recognition Unit\nRecognition Unit ：3.硬件架构 ——10_Recognition Unit\n组件\ncomponent：HWC_1_FS2620D/HWC_1_FS2620B; 功能\nFunction：HWC_1.1_VPRE  The function of this module is to regulate the wide power supply input voltage range from 6.5V~24V,and provide the power supply(5.8V) to integrate regulator;; 需求\nRequirement：The range of Input Voltage for SBC:6V-24V;\nThe range of output Voltage for SBC 5.6~6V ;\n; 潜在的失效模式\nPotential Failure Mode：MF-HWC_1.1 \nThe output voltage is incorrect.; 潜在的失效后果\nPotential Consequence：SBC can not provide correct power supply to MCU. \nMCU cannot operate correctly.; Related TSR：根据项目实际情况选择对应的TSR，，若未使用或安全无关，则NA; Safety related?：Yes; safety measure/safety mechanism：Implement SBC VPRE safety mechanism.; APXXXXXX_项目软硬件需求跟踪\nTraceability：SBC_FS26_HWSR001\nSBC_FS26_HWSR002\nSBC_FS26_HWSR003\nSBC_FS26_HWSR004\nSBC_FS26_SWSR005\nSBC_FS26_HWSR006\nSBC_FS26_HWSR007\nSBC_FS26_HWSR010\nSBC_FS26_SWSR011 ——11_FS26xxB(D)_HWFMEA\n组件\ncomponent：nan; 功能\nFunction：HWC_1.2_VCORE   The function of this module is to regulate the wide power supply input voltage range from 6V~24V,and provide the power supply(3.3V) to MCU core;; 需求\nRequirement：The range of Input Voltage for SBC:6V-24V;\nThe range of output Voltage for SBC 3.23~3.37V ;\nThe operating voltage range of MCU core is 2.97V~3.63V ; 潜在的失效模式\nPotential Failure Mode：MF-HWC_1.2\nOutput voltage is outside MCU Core required operation voltage range.; 潜在的失效后果\nPotential Consequence：SBC can not provide correct power supply to MCU Core. \nMCU Core cannot operate correctly.; Related TSR：根据项目实际情况选择对应的TSR，，若未使用或安全无关，则NA; Safety related?：Yes; safety measure/safety mechanism：Implement SBC VCORE safety mechanism.; APXXXXXX_项目软硬件需求跟踪\nTraceability：SBC_FS26_HWSR001\nSBC_FS26_HWSR002\nSBC_FS26_HWSR003\nSBC_FS26_HWSR004\nSBC_FS26_SWSR012\nSBC_FS26_HWSR013\nSBC_FS26_HWSR014\nSBC_FS26_HWSR017\nSBC_FS26_SWSR018 ——11_FS26xxB(D)_HWFMEA"", ""\n组件\ncomponent：nan; 功能\nFunction：HWC_1.7_VTRK1    The function of this module is to regulate the wide power supply input voltage range from 6V~24V,and provide the power supply(5V) to XXX; 需求\nRequirement：The range of Input Voltage for SBC:6V-24V;\nThe range of output Voltage for SBC(5V): 4.95V~5.05V;\nThe operating voltage range is 4.85V~5.15V ; 潜在的失效模式\nPotential Failure Mode：MF-HWC_1.7\nOutput voltage is outside XXX required operation voltage range.; 潜在的失效后果\nPotential Consequence：SBC can not provide correct power supply to XXX. \nXXX cannot operate correctly.; Related TSR：根据项目实际情况选择对应的TSR，，若未使用或安全无关，则NA; Safety related?：Yes; safety measure/safety mechanism：Implement SBC VTRK1 safety mechanism.; APXXXXXX_项目软硬件需求跟踪\nTraceability：SBC_FS26_HWSR001\nSBC_FS26_HWSR002\nSBC_FS26_HWSR003\nSBC_FS26_HWSR004\nSBC_FS26_SWSR035\nSBC_FS26_HWSR036\nSBC_FS26_HWSR037\nSBC_FS26_SWSR041\n ——11_FS26xxB(D)_HWFMEA\n组件\ncomponent：nan; 功能\nFunction：HWC_1.8_SPI    The function of this module is to communication with MCU; 需求\nRequirement：\nSBC communication with MCU; 潜在的失效模式\nPotential Failure Mode：MF-HWC_1.8\nSBC can not communication with MCU  correctly. ; 潜在的失效后果\nPotential Consequence：SBC can not provide correct interactive signal to MCU. \nMCU cannot operate correctly.; Related TSR：根据项目实际情况选择对应的TSR，，若未使用或安全无关，则NA; Safety related?：Yes; safety measure/safety mechanism：Implement SBC SPI safety mechanism.; APXXXXXX_项目软硬件需求跟踪\nTraceability：SBC_FS26_SWSR001\nSBC_FS26_SWSR004\nSBC_FS26_HWSR003\nSBC_FS26_SWSR089 ——11_FS26xxB(D)_HWFMEA"", ""\n组件\ncomponent：nan; 功能\nFunction：HWC_1.14_FCCU     The function of this module is monitor the MCU SMU state; 需求\nRequirement：Monitor the MCU SMU state.; 潜在的失效模式\nPotential Failure Mode：MF-HWC_1.14\nSBC can not monitor MCU SMU state correctly.; 潜在的失效后果\nPotential Consequence：MCU SMU stste cannot be monitored correctly.; Related TSR：根据项目实际情况选择对应的TSR，，若未使用或安全无关，则NA; Safety related?：Yes; safety measure/safety mechanism：Implement monitor the MCU SMU state safety mechanism.; APXXXXXX_项目软硬件需求跟踪\nTraceability：SBC_FS26_HWSR001\nSBC_FS26_HWSR002\nSBC_FS26_HWSR003\nSBC_FS26_HWSR004\nSBC_FS26_HWSR068\nSBC_FS26_HWSR069\nSBC_FS26_SWSR071\nSBC_FS26_SWSR073\nSBC_FS26_SWSR074\nSBC_FS26_SWSR075\nSBC_FS26_SWSR076 ——11_FS26xxB(D)_HWFMEA\n组件\ncomponent：nan; 功能\nFunction：HWC_1.15_WAKEUP     The function of this module is wake up MCU; 需求\nRequirement：Wake up MCU normally; 潜在的失效模式\nPotential Failure Mode：Wake up can not work correctly. ; 潜在的失效后果\nPotential Consequence：MCU cannot operate correctly.; Related TSR：根据项目实际情况选择对应的TSR，，若未使用或安全无关，则NA; Safety related?：Yes; safety measure/safety mechanism：Implement ERRMON monitoring safety mechanism.; APXXXXXX_项目软硬件需求跟踪\nTraceability：SBC_FS26_HWSR077\nSBC_FS26_SWSR078\nSBC_FS26_SWSR079 ——11_FS26xxB(D)_HWFMEA\n组件\ncomponent：nan; 功能\nFunction：HWC_1.16_TRK2     The function of this module is to regulate the wide power supply input voltage range from 6V~24V,and provide the power supply(5V) to XXX;; 需求\nRequirement：The range of Input Voltage for SBC:6V-24V;\nThe range of output Voltage for SBC(5V): 4.95V~5.05V;\nThe operating voltage range is 4.85V~5.15V ; 潜在的失效模式\nPotential Failure Mode：MF-HWC_1.7\nOutput voltage is outside XXX required operation voltage range.; 潜在的失效后果\nPotential Consequence：SBC can not provide correct power supply to XXX. \nXXX cannot operate correctly.; Related TSR：根据项目实际情况选择对应的TSR，，若未使用或安全无关，则NA; Safety related?：Yes; safety measure/safety mechanism：Implement SBC VTRK2 safety mechanism.; APXXXXXX_项目软硬件需求跟踪\nTraceability：SBC_FS26_HWSR001\nSBC_FS26_HWSR002\nSBC_FS26_HWSR003\nSBC_FS26_HWSR004\nSBC_FS26_SWSR043\nSBC_FS26_HWSR044\nSBC_FS26_HWSR045\nSBC_FS26_SWSR049\n ——11_FS26xxB(D)_HWFMEA"", ""\nRegister：nan; Symbol：nan; Description：nan; Unnamed: 3：nan; Register.1：nan; Symbol.1：nan; Description.1：111 Closed Window : 50 % / Open Window : 50 % ——13_Registers Bit Description\nRegister：Register; Symbol：Symbol; Description：Description; Unnamed: 3：nan; Register.1：nan; Symbol.1：nan; Description.1：Reset on Power On Reset (POR) ——13_Registers Bit Description\nRegister：FS_I_OVUV_SAFE_\nREACTION1; Symbol：VMON_LDO1_OV_\nFS_REACTION; Description：00 No effect on RSTB and FS0B; Unnamed: 3：nan; Register.1：nan; Symbol.1：nan; Description.1：nan ——13_Registers Bit Description\nRegister：nan; Symbol：nan; Description：01 VMON_LDO1 OV asserts FS0B only; Unnamed: 3：nan; Register.1：nan; Symbol.1：nan; Description.1：nan ——13_Registers Bit Description\nRegister：nan; Symbol：nan; Description：10 VMON_LDO1 OV asserts RSTB and FS0B; Unnamed: 3：nan; Register.1：nan; Symbol.1：nan; Description.1：nan ——13_Registers Bit Description\nRegister：nan; Symbol：nan; Description：11 VMON_LDO1 OV asserts RSTB and FS0B; Unnamed: 3：nan; Register.1：Note:本页均为配置寄存器，以支持需求开发人员快速确定具体项目需要配置的bits; Symbol.1：nan; Description.1：nan ——13_Registers Bit Description\nRegister：nan; Symbol：nan; Description：Reset on Power On Reset (POR); Unnamed: 3：nan; Register.1：nan; Symbol.1：nan; Description.1：nan ——13_Registers Bit Description\nRegister：nan; Symbol：VMON_LDO1_UV_\nFS_REACTION; Description：00 No effect on RSTB and FS0B; Unnamed: 3：nan; Register.1：nan; Symbol.1：nan; Description.1：nan ——13_Registers Bit Description\nRegister：nan; Symbol：nan; Description：01 VMON_LDO1 OV asserts FS0B only; Unnamed: 3：nan; Register.1：nan; Symbol.1：nan; Description.1：nan ——13_Registers Bit Description"", ""<table><tr><td>HM ID</td><td>F05</td></tr><tr><td>运行模式\nOperation Mode</td><td>上电模式、运行模式、复位模式、下电模式\nPower on mode, Power off mode, Run mode,Reset mode</td></tr><tr><td>模式定义\nDefinition of Operation mode</td><td>1、上电模式\n    MCU使能EQ6系统电源，EQ6上电后将VCC3V3_EQ和VCC1V8通过FPC连接器提供给摄像头，其中VCC3V3_EQ再转换成VCC1V1，EQ6运行后配置RESET_N为高电平，并通过I2C配置CAM参数，摄像头开始工作。\n2、运行模式\n   摄像头正常运行，输出图像信息给EQ6。\n3、复位模式\n   EQ6配置摄像头的RESET_N信号为低电平，CAM进入复位模式。\n4、下电模式\nMCU控制EQ6系统下电（VCC3V3_EQ、VCC1V8）。\nPower on mode\nMCU enables EQ6 system power supply, After EQ6 is powered on, VCC3V3_EQ and VCCIV8 are provided to the camera through the FPC connector, where VCC3V3_EQ is converted into VCC1V1. After EQ6 runs, RESET_N is configured to high level, and CAM parameters are configured through I2C, and the camera starts to work.\nRun mode\nThe camera operates normally and outputs the image information to EQ6.\nReset mode\nEQ6 config the RESET_N signal of the camera to be low and the CAM enters the reset mode. \nPower off mode\nMCU controls the power down of EQ6 system (VCC3V3_EQ, VCC1V8).</td></tr><tr><td>模式切换接口\nMode switching interface</td><td></td></tr><tr><td>模式状态机\nMode state machine</td><td></td></tr><tr><td>模式切换条件\nMode switching condition</td><td>参考：\n产品系统需求规格说明\n产品系统方案设计说明书\nReference: \nProduct system requirement specification \nProduct system scheme design specification.</td></tr><tr><td>备注\nNote</td><td>摄像头上需要3路电源（VCC3V3、VCC1V8、VCC1V1），其中VCC1V8和VCC3V3是主板提供，VCC1V1由3V3转换得到。\n摄像头复位信号由EQ6通过GPIO口进行控制。\n摄像头3路电源的上下电和复位信号的时序要求如下所示：\nThe camera needs 3 power sources (VCC2V8, VCC1V8, VCC1V05), VCC1V8 and VCC3V3 are provided by the Main board, VCC1V1 is converted from 3V3. \nThe camera reset signal is controlled by EQ6 through the GPIO port. \nThe timing requirements for the power-on and reset signals of the camera's 3-way power supply are as follows.\n</td></tr></table>"", ""<table><tr><td>HM ID</td><td>F16</td></tr><tr><td>运行模式\nOperation Mode</td><td>上电模式、下电模式、运行模式\nPower on mode, Power off mode, Run mode.</td></tr><tr><td>模式定义\nDefinition of Operation mode</td><td>1、\t上电模式\nMCU通过将MCU_3V3_EQ_EN信号配置为逻辑高使能VCC3V3_EQ电源输出，用于EQ6和CAM系统供电。\n2、\t下电模式\nMCU通过将MCU_3V3_EQ_EN信号配置为逻辑低关闭VCC3V3_EQ输出。\n3、\t运行模式\nTPS22918正常输出VCC3V3_EQ。\nPower on mode\nThe MCU is used to power EQ6 and CAM systems by configuring the McU-3v3-eqen signal as a logical high enable VCC3V3 EQ power output. \nPower off mode\nThe MCU turns off the VCC3V3_EQ output by configuring the MCU_3V3_EQ_EN signal to logic low.\nRun mode \nTPS22918 normal output VCC3V3_EQ.</td></tr><tr><td>模式切换接口\nMode switching interface</td><td></td></tr><tr><td>模式状态机\nMode state machine</td><td></td></tr><tr><td>模式切换条件\nMode switching condition</td><td>参考：\n产品系统需求规格说明\n产品系统方案设计说明书\nReference: \nProduct system requirement specification \nProduct system scheme design specification.</td></tr><tr><td>备注\nNote</td><td></td></tr></table>"", ""<table><tr><td>HM ID</td><td>F24</td></tr><tr><td>运行模式\nOperation Mode</td><td>正常模式、复位模式，待机模式，断电模式，休眠模式\nNormal mode, reset mode, standby mode, power off mode, sleep mode</td></tr><tr><td>模式定义\nDefinition of Operation mode</td><td>1、\t正常模式\n模块上电，正常运行模式，以太网收发正常。MDIO可以访问，Link处于连接状态。\n2、\t复位模式\nUV或Reset event时，PHY芯片将进行复位，在Reset期间将无法LINKUP，MDIO无法总线访问\n待机模式\n仅当PHY为MASTER且配置成管理模式时，上电自动进入待机模式。如果是自动模式，上电后自动进入正常模式。\n4、\t断电模式\n当任何一个电源轨低于POR阈值（0.6V）时，PHY处于断电状态，所有数字IO都将保持高阻态。\n休眠模式\n当有休眠指令且MDI总线空闲时，将进入休眠模式，除了能量检测外，禁用所有PHY模块。在睡眠模式下，所有寄存器配置都会丢失。\nNormal mode\nPower on，Normal Run mode, Ethernet transceiver is normal. MDIO is accessible and Link is in a connected state.\nReset mode\nUV or Reset event, the PHY chip will Reset, during reset will not be able to LINKUPMDIO cannot bus access.\nStandby mode\nThe device will automatically enter standby mode upon power-up only if*the PHY is configured in Master mode and set to managed mode. If the PHY operates in auto mode, it will automatically enter normal mode after power-on.\n4. Sleep mode\nThe PHY enters sleep mode when a sleep command is issued and the MDI bus is idle. In this mode, all PHY modules are disabled except for energy detection functionality. Note that all register configurations will be lost during sleep mode.</td></tr><tr><td>模式切换接口\nMode switching interface</td><td></td></tr><tr><td>模式状态机\nMode state machine</td><td></td></tr><tr><td>模式切换条件\nMode switching condition</td><td>参考：\n产品系统需求规格说明\n产品系统方案设计说明书\nReference: \nProduct system requirement specification \nProduct system scheme design specification.</td></tr><tr><td>备注\nNote</td><td></td></tr></table>"", ""<table><tr><td>HM ID</td><td>F17</td></tr><tr><td>运行模式\nOperation Mode</td><td>上电模式、下电模式、运行模式\nPower on mode, Power off mode, Run mode.</td></tr><tr><td>模式定义\nDefinition of Operation mode</td><td>1、\t上电模式\nMCU通过将MCU_3V3_ETH_EN信号配置为逻辑高使能VCC3V3_ETH电源输出，用于MCU ETH系统供电。\n2、\t下电模式\nMCU通过将MCU_3V3_ETH_EN信号配置为逻辑低关闭VCC3V3_ETH电源输出。\n3、\t运行模式\nTPS22918正常输出VCC3V3_ETH。\nPower on mode \nThe MCU is used to power the MCU ETH system by configuring the MCU_3V3_ETH_EN signal as a logical high enabled VCC3V3_ETH power output.\nPower off mode\nThe MCU turns off the VCC3V3_ETH power output by configuring the MCU_3V3_ETH_EN signal to logical low.\nRun mode \nTPS22918 normal output VCC3V3_ETH. \n</td></tr><tr><td>模式切换接口\nMode switching interface</td><td></td></tr><tr><td>模式状态机\nMode state machine</td><td></td></tr><tr><td>模式切换条件\nMode switching condition</td><td>参考：\n产品系统需求规格说明\n产品系统方案设计说明书\nReference: \nProduct system requirement specification \nProduct system scheme design specification.</td></tr><tr><td>备注\nNote</td><td></td></tr></table>"", ""<table><tr><td>HM ID</td><td>F2/F3/F4/F28</td></tr><tr><td>运行模式\nOperation Mode</td><td>上电模式、下电模式、运行模式、复位模式\nPower on mode, Power off mode, Run mode,Reset mode</td></tr><tr><td>模式定义\nDefinition of Operation mode</td><td>1、上电模式\nMCU按照时序控制EQ6的电源VCC3V3_EQ、VCC1V8、VCC1V8_EQ、VCC0V75、0V75_MIPI_DDR、VCC1V1上电和复位信号EYEQ6_RESET_N配置为高电平。\n2、下电模式\nMCU按照时序控制EQ6的电源VCC3V3_EQ、VCC1V8、VCC1V8_EQ、VCC0V75、0V75_MIPI_DDR、VCC1V1下电，复位信号EYEQ6_RESET_N配置为低电平。\n3、运行模式\nEQ6系统工作，实时处理CAM图像数据并发送给MCU。\n4、复位模式\nMCU控制复位信号EYEQ6_RESET_N配置为低电平，EQ6进入复位状态。\nPower on mode\nMCU controls EQ6 power supply VCC3V3_EQ, VCC1V8, VCC1V8_EQ, VCCOV75, 0V75_MIPI_DDR, VCC1V1 power on and RESET signal EYEQ6 RESET_N to high level according to timing. \nPower off mode\nMCU controls the power supply VCC3V3_EQ, VCCIV8, VCC1V8_EQ, VCCOV75, OV75_MIPI_DDR and VCC1V1 of EQ6 according to the timing, and the reset signal EYEQ6_RESET_N is configured to low level. \nRun mode\nThe EQ6 system works and processes CAM image data in real time and sends it to the MCU.\nReset mode\nMCU controls the reset signal EYEQ6_RESET_N configured to low and EQ6 enters the reset state.</td></tr><tr><td>模式切换接口\nMode switching interface</td><td></td></tr><tr><td>模式状态机\nMode state machine</td><td></td></tr><tr><td>模式切换条件\nMode switching condition</td><td>参考：\n产品系统需求规格说明\n产品系统方案设计说明书\nReference: \nProduct system requirement specification \nProduct system scheme design specification.</td></tr><tr><td>备注\nNote</td><td>EYEQ6L需要6路电源：VCC3V3_EQ、VCC1V8、VCC1V8_EQ、VCC0V75、0V75_MIPI_DDR、VCC1V1，其中VCC0V75用于给内核供电。复位信号由MCU通过GPIO口进行控制。\nEYEQ6L 6路电源的上下电和复位信号时序由MCU进行控制，时序要求如下所示：\nEYEQ6L requires six power sources: VCC3V3-EQ, VCC1V8, VCC1V8-EQ, VCCOV75, 0V75_MIPI_DDR, VCC1V1, where VCCOV75 is used to power the core. The reset signal is controlled by the MCU through the GPIO port. The timing of EYEQ6L's power on and off and reset signals are controlled by MCU, and the timing requirements are as follows:\n\n</td></tr></table>"", ""<table><tr><td>HM ID</td><td>F20/F21/F22/F23</td></tr><tr><td>运行模式\nOperation Mode</td><td>运行模式、待机模式、Sleep模式、OFF模式、Overtemp模式\nRun mode, standby mode, Sleep mode, OFF mode, Overtemp mode.</td></tr><tr><td>模式定义\nDefinition of Operation mode</td><td>TCAN1044A：\n1、\t运行模式\nSTB设置为低电平使能Normal模式，收发器可以通过总线CANH和CANL发送接收数据。\n2、\t待机模式\nSTB设置为高电平使能Standby模式，收发器将不再发送接收数据。\n1.Run mode\nThe STB is set to low to enable Normal mode, and the transceiver can send and receive data through the bus CANH and CANL. \n2.Standby mode\nThe STB is set to high level enable Standby mode, and the transceiver will no longer send the received data.\nTCAN1145：\n1、Normal模式\n通过SPI3配置寄存器MC=111进入Normal模式，收发器可以通过总线CANH和CANL发送接收数据。\n2、Standby模式\n通过SPI3配置寄存器MC=100，使能Standby模式，收发器将不再发送接收数据，但INH引脚依然有效。\n3、Sleep模式\n   通过SPI3配置寄存器MC=001或者发生欠压事件，CAN收发器进入sleep模式。该模式下INH为高阻态。\n与TJA1145寄存器地址有差别，软件开发需要注意。\n4、Off模式\n当电源电压过低无法为IC供电，收发器进入Off模式，该模式下CAN引脚和INH引脚为高阻态。\n5、Overtemp模式\n当芯片整体温度高于阈值，会进入过温模式，该模式下收发器的发送端和接收端被禁用，INH引脚为高阻态。\nNormal mode\nThe Normal mode is entered through SPI3 configuration register MC=111, and the transceiver can send and receive data through buses CANH and CANL. \nStandby mode\nBy configuring the SPI3 register MC=100 to enable the Standby mode, the transceiver will no longer send the received data, but the INH pin will remain active. \nSleep mode\nThrough SPI3 configuration register MC=001 or an undervoltage event occurs, the CAN transceiver goes into sleep mode. In this mode, INH is in the high impedance state. \nOff mode\nWhen the supply voltage is too low to power the IC, the transceiver enters the Of mode, in which the CAN pin and INH pin are in the high resistance state. \nOvertemp mode\nWhen the overall chip temperature is higher than the threshold, it will enter the over-temperature mode, in which the transmitter and receiver of the transceiver are disabled, and the INH pin is in the high impedance state. </td></tr><tr><td>模式切换接口\nMode switching interface</td><td></td></tr><tr><td>模式状态机\nMode state machine</td><td>TCAN1044A：\n\nTCAN1145：\n\n</td></tr><tr><td>模式切换条件\nMode switching condition</td><td>参考：\n产品系统需求规格说明\n产品系统方案设计说明书\nReference: \nProduct system requirement specification \nProduct system scheme design specification.</td></tr><tr><td>备注\nNote</td><td></td></tr></table>"", ""\nID：SWRS_TC3XX_030; SM Name：SMC[SW]:MCU:LBIST_CFG; SM TSR：In initialization process, the SW shall configure LBIST parameters via LBISTCTRL0, LBISTCTRL1, LBISTCTRL2 and start LBIST execution. Detailed LBIST parameters configuration can refer to <FusaCoderRequirement>. ——SYS SM \nID：SWRS_TC3XX_040; SM TSR：The SW shall configure \""SW trigger LBIST\"" by via UCB.  ——SYS SM \nID：SWRS_TC3XX_031; SM Name：SMC[SW]:PMS:MONBIST_CFG; SM TSR：In initialization process, the SW shall configure MONBIST parameters and start MONBIST execution according to the User Manual description. Detailed MONBIST parameters configuration can refer to <FusaCoderRequirement>. ——SYS SM \nID：SWRS_TC3XX_032; SM Name：SMC[SW]:VMT:MBIST; SM TSR：In initialization process, the SW shall configure the MTU for performing MBIST by setting MCx_CONFIG0, MCx_CONFIG1 and MCx_MCONTROL registers, where x identifies the SRAM instance. Detailed MBIST parameters configuration can refer to <FusaCoderRequirement>. ——SYS SM \nID：同SWRS_TC3XX_030; SM Name：SMC[SW]:PMS:MONBIST_CFG; SM TSR：同SWRS_TC3XX_031 ——SYS SM \n数量统计：6; ID：88; SM Name：Watch Dog; SM TSR：ECU shall provide a watchdog independent from processor. _x000D_\nIf processor do not feed watchdog, according to chip-LP87702 datasheet's specification, the watchdog shall reset processor. _x000D_\nAfter the reset , if processor can feed the watchdog successfully, processor will recover to normal run._x000D_\nFHTI <300ms. ——SYS SM \n数量统计：7; ID：91; SM Name：limitation on AEB by <EscStEscSt>; SM TSR：ECU shall provide a safety mechanism independent from AEB intended function._x000D_\nSM shall monitor signal <EscStEscSt> in real time，during system normal run._x000D_\nWhen the signal <EscStEscSt> ≠ EscSt1_Ok or EscSt1_UsrOff , and AEB intended function output signal <SftyDecelGroupSafeAsySftyEnaDecel>=OnOff1_On , SM shall shut off signal <SftyDecelGroupSafeAsySftyEnaDecel>._x000D_\nWhen the signal <EscStEscSt> = EscSt1_Ok or EscSt1_UsrOff, SM shall allow signal <SftyDecelGroupSafeAsySftyEnaDecel> to be output._x000D_\nFHTI < 500ms ——SYS SM "", ""<table><tr><td>HM ID</td><td>F02/F03/F04/F28</td></tr><tr><td>模块功能 \nModule Function</td><td>EYEQ6-L最小系统组成：外部30MHz晶体给EYEQ6-L提供基本时钟输入，外部20MHz有源晶振提供监控时钟，外扩OSPI接口的2Gb NAND FLASH存储程序，外扩1GB的LPDDR4运存。NXB0104是用于MCU的3V3_SPI和NAND FLASH的1V8_SPI进行电平转换，用于MCU读写NAND FLASH。\nEYEQ6-L minimum system components: an external 30MHz crystal provides the basic clock input for EYEQ6-L, an external 20MHz active crystal provides the monitoring clock, an external 2GbNAND FLASH memory program for OSPI interface, and an external 1GB LPDDR4 operation memory. NXB0104 is used for level conversion of 3V3_SPI of MCU and 1V8-SPI of NAND FLASH for MCU to read and write NAND FLASH.</td></tr><tr><td>模块框图\nModule diagram</td><td></td></tr><tr><td>模块方案\nModule solution</td><td>\n1、处理器\n根据ADAS产品需求图像处理SOC功能安全需要达到ASIL-B，经综合评估选择Mobileye产品EYEQ6-L，最高功能安全可达到ASIL-B，接口资源丰富。\n1.Processor\nAccording to the requirements of ADAS products, the functional safety of image processing SOC needs to reach ASIL-B. After comprehensive evaluation, Mobileye product EYEQ6-L is selected, and the highest functional safety can reach ASIL-B with abundant interface resources. +\n2、时钟\n硬件选型30MHz晶振给EYEQ6-L提供时钟输入，由其内部PLL等电路完成倍频、分频，供其内核和各模块使用。外部20MHz有源晶振作为内部监控时钟。\n2.Clock\nThe 30MHz crystal provides clock input to the EYEQ6-L, and its internal PLL circuit completes frequency multiplication and frequency division for the EyeQ6-L core and each module. The external 20MHz active crystal is energized as an internal monitoring clock.\n3、DDR\nEYEQ6在外扩的DDR中运行程序和存储临时数据，其DDR控制器可支持32bits位宽的LPDDR4 SDRAM，最大读写速率4266 Mb/s/pin 。本设计中选用1片32bit的LPDDR4 SDRAM，型号为车规级器件K4F8E3S4HD-GHCL02V，以充分利用数据带宽，保证EYEQ6的处理速度，LPDDR4工作环境温度为-40℃~105℃，单片总容量1GB。\n3.DDR\nEYEQ6 runs programs and stores temporary data in the extended DDR. Its DDR controller supports LPDDR4 SDRAM with 32bits wide and a maximum read/write rate of 4266Mb/s/pin. In this design, a 32bit LPDDR4 SDRAM is selected, the model is car grade device K4F8E3S4HD-GHCLO2V, in order to make full use of the data bandwidth and ensure the processing speed of EYEQ6. The working environment temperature of LPDDR4 is -40℃-105℃, and the total capacity of a single chip is 1GB.\n\n\n4、NAND FLASH\n选择ME推荐的WinBond公司产品W35N02JWTBKF，容量2Gb，FLASH支持CRC安全机制。\nNXB0104是用于MCU的3V3_ SPI和NAND FLASH的1V8_ SPI进行电平转换，通过MCU_SPI1_CS片选电平转换芯片，实现MCU对NAND FLASH的读写操作，转换芯片在本应用场景下支持最大传输速率80Mbps。\nNAND FLASH\nChoose the WinBond company product W35N02JWTBKF recommended by ME, with a capacity of 2Gb and FLASH supporting CRC security mechanism. \nNXB0104 is used for the level conversion of 3V3_SPI of MCU and 1V8_SPI of NAND FLASH. The level conversion chip is selected by MCU_SPI1_CS chip to realize the reading and writing operation of MCU to NAND FLASH. The converter chip supports a maximum transmission rate of 80Mbps in this application scenario. \n5、电源和复位\nEYEQ6-L需要6路电源：VCC3V3_EQ、VCC0V75、0V75_MIPI_DDR、VCC1V8、VCC1V1、VCC1V8_EQ，其中VCC0V75用于给内核供电。复位信号由MCU通过P02.4口进行控制。\nPower and reset\nEYEQ6-L requires six power sources: VCC3V3-EQ, VCCOV75, OV75_MIPI_DDR, VCC1V8, VCC1V1, VCC1V8_EQ, where VCCOV75 is used to power the core. The reset signal is controlled by the MCU through the P02.4 pin.</td></tr></table>"", ""<table><tr><td>HM ID</td><td>F01/F08/F09</td></tr><tr><td>模块功能 \nModule Function</td><td>系统需求需要板内电源电压进行ADC采样和异常监控，要求功能安全达到ASIL-B等级，确保EQ6系统工作安全。\nThe system requirements require the on-board power supply voltage for ADC sampling and anomaly monitoring, and the functional safety is required to reach ASIL-B level to ensure the working safety of EQ6 system.</td></tr><tr><td>模块框图\nModule diagram</td><td></td></tr><tr><td>模块方案\nModule solution</td><td>EQ6系统电源电压采样  \n系统需求需要MCU对LP87702、TPS62872、SA23002、TPS22918和摄像头端的电压VCC3V3_EQ，VCC1V8，VCC1V1，VCC0V75，0V75_MIPI_DDR、VCC3V3_CAM，VCC_1V8_CAM、VCC1V1_CAM进行ADC采样和异常监控。其中VCC1V8，VCC1V1，VCC0V75，0V75_MIPI_DDR，VCC_1V8_CAM、VCC1V1_CAM电压范围未超量程对电压直接采样。VCC3V3_EQ和VCC3V3_CAM经过两个10K 1%精度电阻分压后采样。VCC3V3_EQ用AN2引脚采样，VCC1V8用AN3引脚采样，VCC1V1用AN4引脚采样，VCC1V8_EQ用AN5引脚采样，VCC3V3_CAM用AN12引脚采样，VCC1V1_CAM用AN13引脚采样，VCC1V8_CAM用AN14引脚采样，VCC0V75_MIPI_DDR用AN18引脚采样，VCC0V75用AN19引脚采样。\nEQ6 system power supply voltage sampling\nThe system requirements specify that the MCU must perform ADC sampling and abnormal monitoring on the voltages VCC3V3_EQ, VCC1V8, VCC1V1, VCC0V75, 0V75_MIPI_DDR, VCC3V3_CAM, VCC_1V8_CAM, and VCC1V1_CAM for the LP87702, TPS62872, SA23002, TPS22918, and camera-side devices. Among these voltages, VCC1V8, VCC1V1, VCC0V75, 0V75_MIPI_DDR, VCC_1V8_CAM, and VCC1V1_CAM have voltage ranges within the measurement range and are directly sampled. VCC3V3_EQ and VCC3V3_CAM are sampled after being divided by two 10K resistors with 1% precision. Specifically, VCC3V3_EQ is sampled using AN2, VCC1V8 using AN3, VCC1V1 using AN4, VCC1V8_EQ using AN5, VCC3V3_CAM using AN12, VCC1V1_CAM using AN13, VCC_1V8_CAM using AN14, 0V75_MIPI_DDR using AN18, and VCC0V75 using AN19.\nCAN&ETH电源电压采样\n系统需求MCU对LP87702、TPS22918的输出电压VCC3V3_ETH，VCC50进行ADC采样和异常监控，VCC3V3_ETH和VCC50经过两个10K 1%精度电阻分压后采样。VCC3V3_ETH用AN8引脚采样，VCC50用AN1引脚采样。\nCAN&ETH power supply voltage sampling\nThe system requirements specify that the MCU must perform ADC sampling and abnormal monitoring on the output voltages VCC3V3_ETH and VCC50 from the LP87702 and TPS22918. Both VCC3V3_ETH and VCC50 are sampled after being divided by two 10K resistors with 1% precision. Specifically, VCC3V3_ETH is sampled using AN8, and VCC50 is sampled using AN1.</td></tr></table>"", ""<table><tr><td>HM ID</td><td>F13</td></tr><tr><td>模块功能 \nModule Function</td><td>VCC1V8用于EQ6、CAM、DDR、FLASH供电。VCC1V1用于EQ6、DDR供电。VCC50用于CAN收发器供电，现选择LP87702 PMIC方案。\nVCCIV8 is used to power EQ6, CAM, DDR, FLASH.VCC1V1 is used to power EQ6,DDR. VCC50 is used for CAN transceiver power supply, now choose LP87702 PMIC scheme. \n</td></tr><tr><td>模块框图\nModule diagram</td><td></td></tr><tr><td>模块方案\nModule solution</td><td>\n采用LP87702芯片，将VCC3V3转换为VCC1V8、VCC1V1、VCC50，其中VCC1V8用于EQ6、CAM、DDR、FLASH供电，VCC1V1用于EQ6、DDR供电，VCC50用于CAN收发器供电。用MCU的P15.3引脚使能该芯片的5V输出，用MCU_SCL_P15.4，MCU_SDA_P15.5 I2C通信来设置1.8V和1.1输出电压和使能。用MCU的P12.1引脚复位该芯片。\nLP87702 chip is used to convert VCC3V3 into VCC1V8, VCC1V1 and VCC50, in which VCC1V8 is used for EQ6, CAM, DDR and FLASH power supply, VCC1V1 is used for EQ6 and DDR power supply, and VCC50 is used for CAN transceiver power supplyP15.3 pin of MCU is used to enable 5V output of the chip, and MCU_SCL_P15.4, MCU_SDA_P15.5 I2C communication is used to set 1.8V and 1.1 output voltage and enable it. Reset the chip with P12.1 pin of the MCU. </td></tr></table>"", ""<table><tr><td>HM ID</td><td>F26</td></tr><tr><td>模块功能 \nModule Function</td><td>系统需求MCU外置看门狗，用于监控MCU功能异常时进行复位。\nThe system requires MCU external watchdog, used to monitor MCU function abnormal reset.</td></tr><tr><td>模块框图\nModule diagram</td><td></td></tr><tr><td>模块方案\nModule solution</td><td>窗口看门狗喂狗参数由LP87702的OTP文件进行配置，具体参数为：喂狗长周期600ms，窗口为10~30ms，看门狗输出复位信号低电平持续10ms。用MCU的P13.3引脚喂狗。\nThe window watchdog feeding parameters are configured by the OTP file of LP87702, the specific parameters are: feeding the dog for a long period of 600ms, the window is 10~30ms, and the low level of the watchdog output reset signal lasts for 10ms. Feed the dog with P13.3 pin of the MCU. </td></tr></table>"", ""<table><tr><td>HM ID</td><td>F13</td></tr><tr><td>运行模式\nOperation Mode</td><td>SHUTDOWN、READ OTP、STANDBY、ACTIVE</td></tr><tr><td>模式定义\nDefinition of Operation mode</td><td>SHUTDOWN\nNRST电压低于阈值。LP87702-Q1器件停止工作。\nREAD OTP\n电源电压VANA高于VANAUVLO电平，并且NRST电压高于阈值电平。电压转换器被禁用，LP87702-Q1的参考电平和偏置电路被启用。OTP配置被加载到寄存器。\nSTANDBY\n电源电压VANA高于VANAUVLO水平，NRST电压高于阈值水平。电压转换器被禁用，LP87702-Q1的参考电平、控制和偏压电路被启用。所有的寄存器都可以被主机处理器通过系统串口读写。电压转换器可以根据需要进行使能输出。\nACTIVE\n电源电压VANA高于VANAUVLO水平，NRST电压高于阈值水平。稳压DC/DC变换器处于使能状态。所有的寄存器都可以被MCU通过系统串口读写。\nSHUTDOWN\nAfter the enable signal MCU_OV75_MIPI_DDR_EN=L, the secondary power stops the 0V75_MIPI_DDR power supply. \nREADY OTP\nThe supply voltage VANA is above the VANAUVLO level, and the NRST voltage is above the threshold level. The voltage converter is disabled and the reference level and bias circuits of the LP87702-Q1 are enabled. The OTP configuration is loaded into the register.\nSTANDBY\nThe supply voltage VANA is above the VANAUVLO level and the NRST voltage is above the threshold level. The voltage converter is disabled and the reference level, control, and bias circuits of the LP87702-Q1 are enabled. All registers can be read and written by the host processor through the system serial port. The voltage converter can perform enabling output as needed.\nACTIVE\nThe supply voltage VANA is above the VANAUVLO level and the NRST voltage is above the threshold level. The regulated DC/DC converter is in the enabled state. All the registers can be read and written by the MCU through the system serial port. </td></tr><tr><td>模式切换接口\nMode switching interface</td><td></td></tr><tr><td>模式状态机\nMode state machine</td><td></td></tr><tr><td>模式切换条件\nMode switching condition</td><td>参考：\n产品系统需求规格说明\n产品系统方案设计说明书\nReference: \nProduct system requirement specification \nProduct system scheme design specification.</td></tr><tr><td>备注\nNote</td><td>1、VANAUVLO阈值电压\n\n2、NRST阈值电压\n</td></tr><tr><td>备注\nNote</td><td></td></tr></table>"", ""3.3.5 EQ6最小系统 EQ6 minimum system\t553.3.6 摄像头最小系统 camera minimum system\t593.3.7 看门狗电路 Watchdog circuit\t613.3.8 温度采样电路 Temp Sample circuit\t623.3.9 ETH电路 ETH circuit\t633.3.10 CAN FD电路 CAN FD circuit\t654\tADC电压采集阈值 The ADC voltage acquisition threshold\t685\tEQ6L上下电时序要求 EQ6L Power-on and power-off sequence requirements\t686\t共享和独占的硬件资源 Shared and Exclusive Hardware Resource\t696.1 ECU-MCU信号对应关系 ECU-MCU Signal Mapping\t696.2 MCU时钟配置 MCU Clock Configuration\t706.3 存储器配置 Memeory Configuration\t717\t其他芯片配置 Other IC Configuration\t717.1 其他芯片的通讯机制 Communication Mechanism with Other IC\t717.2 LP87702配置 LP87702 Configuration\t727.3 TPS62872配置 TPS62872 Configuration\t728\t安全机制 Safety Mechanisms\t736.1 System level\t736.2 HW level\t736.3 IC level\t73概述 Introduction目的 Purpose软硬接口文档的目的是描述软件和硬件的交互，并且确保软件硬件和TSR的一致性。The goal of the hardware software interface document is to specify the hardware and software interaction and be consistent with the technical safety concept.适用范围 Range of Application此文档适用于奇瑞EQ6L T1G ADAS项目的功能安全开发全过程。This document is applied for the whole functional safety development process of  EQ6L T1G ADAS project.读者对象 TReader项目经理Project Manager项目组成员Project Team Members功能安全经理Functional Safety Manager功能安全工程师Functional Safety System Engineer硬件工程师 Hardware Engineer软件工程师 Software Engineer质量和审查人员QA and Assessor产品测试人员Product Test Engineer""]","{""original_context_count"": 30, ""original_context_characters"": 37440, ""scored_context_count"": 8, ""scored_context_characters"": 3831, ""contexts_truncated"": true, ""context_selection"": ""claim_coverage"", ""selected_evidence_ids"": [""document:d69d04d302326d46""], ""selected_claim_ids"": [""sq_1:claim_1"", ""sq_2:claim_1"", ""sq_3:claim_1"", ""sq_4:claim_1""], ""excluded_evidence_ids"": [""circuit:21:instance:U1400"", ""circuit:21:instance:U503"", ""document:0987620a09f7a3bf"", ""document:1df5e4ce3f22f944"", ""document:201466284b7808e0"", ""document:33c144f4fddf5ce2"", ""document:435e668de9a072b2"", ""document:58106bd2421dc2d1"", ""document:5e69a562758e3536"", ""document:83eb1e6ff3c49393"", ""document:aac59875b92ed6b0"", ""document:aad8bd920bc191c1"", ""document:c04b893f1c2a267b"", ""document:c9de70b50adbca8c"", ""document:cb6d396a056edcd9"", ""document:cf5ae31cdbc4ed64"", ""document:e1cc3eaeb1e15088"", ""document:e77e5c2e5b2dc3ea"", ""document:ea7b2234534382bf"", ""document:f4318d00b223c30b"", ""document:f5d436fe49a38172""]}",0.5048198778972659,0.43974324146298793,0.5714285714285714,not_applicable,0.0,0.0,0.5,0.36363636363636365,not_applicable
hw-v1-circuit-u1800-control,success,U1800 的输入、输出检测、使能和 I²C 控制网络分别是什么？,U1800 是 TPS62872，VIN 为 VCC3V3，VOSNS 为 VCC0V75，EN 接 N19888813，并通过连接到 MCU 的 SDA/SCL 进行 I²C 控制。,"根据图纸引脚映射，U1800的输入、输出检测、使能和I²C控制网络如下：

- **输入网络**：VCC3V3（连接至VIN引脚）  
- **输出检测网络**：VOSNS连接至VCC0V75（输出电压检测），GOSNS连接至GND（地检测）  
- **使能网络**：N19888813（连接至EN引脚）  
- **I²C控制网络**：SDA连接至MCU_SDA_P15.5，SCL连接至MCU_SCL_P15.4  

**证据来源**：  
- `circuit:21:pin_mapping:U1800`（825504380_ADAS_SCH_TCN2.EDF）中列出的引脚映射：VIN→VCC3V3，VOSNS→VCC0V75，GOSNS→GND，EN→N19888813，SDA→MCU_SDA_P15.5，SCL→MCU_SCL_P15.4。","根据图纸引脚映射，U1800的输入、输出检测、使能和I²C控制网络如下：

- **输入网络**：VCC3V3（连接至VIN引脚）  
- **输出检测网络**：VOSNS连接至VCC0V75（输出电压检测），GOSNS连接至GND（地检测）  
- **使能网络**：N19888813（连接至EN引脚）  
- **I²C控制网络**：SDA连接至MCU_SDA_P15.5，SCL连接至MCU_SCL_P15.4  

**证据来源**：  
- `circuit:21:pin_mapping:U1800`（825504380_ADAS_SCH_TCN2.EDF）中列出的引脚映射：VIN→VCC3V3，VOSNS→VCC0V75，GOSNS→GND，EN→N19888813，SDA→MCU_SDA_P15.5，SCL→MCU_SCL_P15.4。","[""Pin mapping for U1800: COMP -> N19809013, GOSNS -> GND, VOSNS -> VCC0V75, EN -> N19888813, VIN -> VCC3V3, GND -> GND, SW -> N19808656, GND -> GND, VIN -> VCC3V3, MODE/SYNC -> VCC3V3, SDA -> MCU_SDA_P15.5, SCL -> MCU_SCL_P15.4, VSEL -> N19808994, FSEL -> N19808812, TAB -> GND."", ""Instance U1800: TPS62872Y1QWRXSRQ1, 202308165398, TPS62872Y1QWRXSRQ1, PQFN50P355X255X105-16."", ""<table><tr><td>HM ID</td><td>F11/F12/F13/F14/F15/F16/F17/F18/F19/F25/F27</td></tr><tr><td>模块功能 \nModule Function</td><td>系统使用车载电池12V电压供电，经过EMI电路后输入至电源转换芯片，转换输出系统各模块所需电源。\nThe system uses 12V voltage power supply from the vehicle battery, which is input to the power conversion chip through the EMI circuit. Then the power conversion chip convert and output the power required by each module of the system.</td></tr><tr><td>模块框图\nModule diagram</td><td></td></tr><tr><td>模块方案\nModule solution</td><td>KL30 EMI (ASIL-B)\nKL30供电口处增加EMI电路，用于供电保护和滤波。硬件电路设计在UBD网络增加两个串联ESD电容，PCB布局靠近主连接器引脚处，用于吸收外部ESD信号，后端增加双向TVS管用于瞬态过压保护\nThe EMI circuit is added at the KL30 power supply port for power supply protection and filtering. The hardware circuit design adds two series ESD capacitors in the UBD network, the PCB layout is close to the main connector pin for absorbing external ESD signals, and the two-way TVS tube is added at the back end for transient overvoltage protection.\nKL30 to VCC3V3 (ASILB)\nKL30转VCC3V3是系统一级DC-DC，给MCU提供VCC3V3_MCU电源，所以系统要求其满足ASILB，确保MCU功能安全。\nKL30 to VCC3V3 is a system primary DC-DC chip, because the MCU needs VCC3V3_MCU power supply, so the system requires it to meet the ASILB to ensure the functional safety of the MCU.\nVCC3V3_MCU to VCC1V25_MCU(ASILB)\n3V3转1V25_MCU是使用MCU内置控制器进行控制的BUCK电源，用于MCU的核供电，功能安全需求达到ASILB，确保MCU功能安全。\n3V3 to 1V25_MCU is a BUCK power supply controlled by MCU built-in controller, which is used for MCU nuclear power supply. Functional safety requirements meet ASILB to ensure the functional safety of MCU.\nVCC3V3 to VCC0V75(QM(B))\nVCC3V3转VCC0V75应用于EQ6的内核供电，要求输出电流能力大，现选型TI的电源方案TPS62872。用MCU的P22.0引脚使能芯片，用MCU_SDA_P15.5，MCU_SCL_P15.4引脚I2C通信来设置输出电压和通信。\nVCC3V3 to VCC0V75 is applied to the core power supply of EQ6, which requires large output current capacity. The power supply scheme TPS62872 of TI is selected. P22.0 pin of MCU is used to enable the chip, and MCU_SDA_P15.5, MCU_SCL_P15.4 pin I2C communication is used to set the output voltage and communication. \nVCC3V3 to 0V75_MIPI_DDR(QM(B))\nVCC3V3转0V75_MIPI_DDR用于EQ6的IO口供电，现使用矽力杰的SA23002进行设计。用MCU的P22.1引脚使能该芯片。\nVCC3V3 to 0V75_MIPI_DDR for EQ6 IO port power supply, Silergy’s SA23002 is designed. The P22.1 pin of the MCU is used to enable the chip.\nVCC3V3转VCC1V8、VCC1V1、VCC50(QM(B))\nVCC1V8用于EQ6、CAM、DDR、FLASH供电，VCC1V1用于EQ6、DDR供电，VCC50用于CAN收发器供电，现选择LP87702 PMIC方案。用MCU的P15.3引脚使能该芯片的5V输出，用MCU_SCL_P15.4，MCU_SDA_P15.5 I2C通信来设置1.8V和1.1V输出电压和使能。\nVCC1V8 is used for EQ6, CAM, DDR, FLASH power supply, VCC1V1 is used for EQ6, DDR power supply, VCC50 is used for CAN transceiver  power supply, LP87702 PMIC scheme is selected. P15.3 pin of MCU is used to enable 5V output of the chip, and MCU_SCL_P15.4, MCU_SDA_P15.5 I2C communication is used to set 1.8V and 1.1V output voltage and enable it. \nVCC3V3 to VCC3V3_EQ(QM(B))\nVCC3V3转VCC3V3_EQ用于EQ6的IO和摄像头供电，现使用负载开关进行设计。用MCU的P20.3引脚使能该芯片。\nVCC3V3 to VCC3V3_EQ for EQ6’s IO and camera power supply, now using the load switch is designed. .The P20.3 pin of the MCU is used to enable the chip.\n\tVCC3V3 to VCC3V3_ETH(QM)\n3V3转3V3_ETH用于ETH供电，现选择负载开关方案。用MCU的P21.0引脚使能该芯片。\n3V3 to 3V3_ETH for ETH power supply, the load switch scheme is selected. . The P21.0 pin of the MCU is used to enable the chip.\n\tVCC1V8 to VCC1V8_EQ(QM(B))\nVCC1V8转VCC1V8_EQ用于EQ供电，现选择负载开关方案。用MCU的P20.0引脚使能该芯片。\nVCC1V8 to VCC1V8_EQ for EQ power supply, the load switch scheme is selected. . The P20.0 pin of the MCU is used to enable the chip.</td></tr><tr><td colspan='2'></td></tr></table>"", ""\nNone：POWER; HW Interface Component ：QM; None：F19/POWER; None：使能TPS22918的1V8_EQ输出和关断; MCU Component ：F01/MCU; None：QM; None：H20; None：P20.0; None：P20.0/GTM_TIM1_IN6_7CAN03_RXDC/CBS_TGI0/SCU_E_REQ6_0/GPT120_T6EUDA/GTM_TOUT59; None：GPIO; None：MCU_1V8_EQ_EN; None：/; None：O; None：EQ 1V8供电的使能信号; None：HI-Z，硬件外部下拉; None：—; SW Variable Name or SW Function Name：— ——Port1\nNone：RESET; HW Interface Component ：B; None：F02/EYEQ6L; None：EQ6L的复位信号，由MCU进行控制EQ6L的工作和复位。; MCU Component ：F01/ MCU; None：B; None：D1; None：P02.4; None：P02.4/GTM_TIM1_IN4_1/QSPI3_SLSIA/I2C0_SDAA/CAN11_RXDA/CAN0_ECTT1/GTM_TOUT4/QSPI3_SLSO0; None：GPIO; None：MCU_RESET_EQ_P02.4; None：/; None：O; None：MCU输出用于控制EQ复位\n高：EQ6L复位信号无效\n低：EQ6L复位信号有效\n\n注意EQ上下电时序。; None：HI-Z，硬件外部下拉; None：—; SW Variable Name or SW Function Name：— ——Port1\nNone：EQ6L的中断信号，由MCU输入触发EQ6L的中断。; MCU Component ：F01/ MCU; None：B; None：H2; None：P00.3; None：P00.3/GTM_TIM5_IN7_10/GTM_TIM3_IN2_1/GTM_TIM2_IN2_1/CAN03_RXDA/GTM_TOUT12/EVADC_G9CH9; None：INT; None：EYEQ6_XINT_OSCBYP_P00.3; None：/; None：O; None：EQ6时钟模式采集\n高：外部晶振\n低：外部晶体; None：HI-Z, 硬件外部下拉; None：—; SW Variable Name or SW Function Name：— ——Port1"", ""<table><tr><td>模块序号\nModule number</td><td>模块名称\nModule name</td><td>功能定义\nFunction definition.</td><td>功能安全需求\nFunctional safety requirements</td></tr><tr><td>F01</td><td>MCU</td><td>SAK-TC377TP-96F300S AA</td><td>B(B)</td></tr><tr><td>F02</td><td>EYEQ6-L</td><td>EYEQ6-L，用于sensor的视频处理</td><td>B</td></tr><tr><td>F03</td><td>EYEQ6_LPDDR4</td><td>EQ6的1GB LPDDR4</td><td>B</td></tr><tr><td>F04</td><td>EYEQ6_NAND FLASH</td><td>EQ6的2Gb NAND FLASH</td><td>B</td></tr><tr><td>F05</td><td>CAM SENSOR</td><td>Sony 728摄像头模组</td><td>B</td></tr><tr><td>F06</td><td>KL30 sample</td><td>KL30电压采样</td><td>QM</td></tr><tr><td>F07</td><td>KL15 sample</td><td>KL15电压采样</td><td>QM</td></tr><tr><td>F08</td><td>EQ system power sample1</td><td>EQ6L系统供电电源电压ADC采样滤波、分压电路</td><td>B(B)</td></tr><tr><td>F09</td><td>ETH and CAN power sample2</td><td>CAN和ETH电源电压ADC采样滤波、分压电路</td><td>QM</td></tr><tr><td>F10</td><td>NTC temp sensor</td><td>NTC温度传感器，监控EQ6L/LPDDR4周边环境温度。</td><td>B</td></tr><tr><td>F11</td><td>KL30 EMI</td><td>KL30供电口EMI滤波电路.</td><td>B</td></tr><tr><td>F12</td><td>POWER</td><td>LN10046，KL30电源转VCC3V3电源</td><td>B</td></tr><tr><td>F13</td><td>POWER</td><td>LP87702，VCC3V3电压输入，VCC1V1、VCC1V8、VCC50电压输出</td><td>QM(B)</td></tr><tr><td>F14</td><td>POWER</td><td>TPS62872，VCC3V3电压输入，VCC0V75电压输出</td><td>QM(B)</td></tr><tr><td>F15</td><td>POWER</td><td>SA23002，VCC3V3输入，VCC0V75电压输出</td><td>QM(B)</td></tr><tr><td>F16</td><td>POWER</td><td>TPS22918负载开关，VCC3V3电压输入，VCC3V3_EQ输出</td><td>QM(B)</td></tr><tr><td>F17</td><td>POWER</td><td>TPS22918负载开关，VCC3V3输入，VCC3V3_ETH输出</td><td>QM</td></tr><tr><td>F18</td><td>overvoltage protect</td><td>用于MCU电源VCC3V3_MCU的外部过压保护</td><td>B</td></tr><tr><td>F19</td><td>POWER</td><td>TPS22918 负载开关，VCC1V8电压输入，VCC1V8_EQ电压输出</td><td>QM(B)</td></tr><tr><td>F20</td><td>CAN3</td><td>基于TCAN1145的CAN通讯，硬件支持特定报文唤醒</td><td>QM</td></tr><tr><td>F21</td><td>CAN2</td><td>基于TCAN1044A的CAN通讯.</td><td>QM</td></tr><tr><td>F22</td><td>CAN1</td><td>基于TCAN1044A的CAN通讯</td><td>QM</td></tr><tr><td>F23</td><td>CAN0</td><td>基于TCAN1044A的CAN通讯.</td><td>QM</td></tr><tr><td>F24</td><td>ETH</td><td>基于DP83TC812R的100BASE-T1通讯</td><td>QM</td></tr><tr><td>F25</td><td>Wake up</td><td>唤醒源和一级电源使能电路设计</td><td>QM</td></tr><tr><td>F26</td><td>watchdog</td><td>LP87702的看门狗功能，用于监控MCU运行状态</td><td>B</td></tr><tr><td>F27</td><td>POWER</td><td>VCC3V3_MCU转VCC1V25_MCU电压，由MCU的EVRC进行控制。</td><td>B</td></tr><tr><td>F28</td><td>level translation</td><td>3V3和1V8双向电压转换芯片</td><td>QM</td></tr></table>"", ""<table><tr><td>HM ID</td><td>F01/F06/F11</td></tr><tr><td>模块功能\nModule Function</td><td>ADAS正常工作电压范围9~16VDC，系统需求需要对产品供电KL30进行电源管理，硬件电路对UBD电源网络进行ADC采样。\nADAS normal operating voltage range is 9~16VDC. System requirements require power management for the product power supply KL30. The hardware circuit performs ADC sampling on the UBD power supply.</td></tr><tr><td>模块框图\nModule diagram</td><td></td></tr><tr><td>模块方案\nModule solution</td><td>MCU_UB_SW_P00.10信号是由MCU I/O控制的数字信号，用于使能KL30电压采样功能。\n  MCU_UB_SW_P00.10 signal is a digital signal controlled by MCU I/O, used to enable KL30 voltage sampling function.\nUBSW_ACQ_AN6信号是UBD经过100K 1%、10K 1%电阻分压后的模拟信号。\n  UBSW_ACQ_AN6 signal is an analog signal of UBD divided by 100K 1%、10K 1% resistors. Which is connected to the ADC pin of MCU for sampling. \nMCU的ADC采集到UBD后进行电源管理，当软件诊断到UBD电压范围异常时，MCU会关断EQ和其他负载工作电源，确保ADAS功能安全。\n  The ADC of MCU collects UBD for power management. When the software detects that UBD voltage range is abnormal, the MCU will turn off EQ and other load power supplies to ensure the functional safety of ADAS.</td></tr></table>"", ""\nNone：U20; None：P23.2; None：P23.2/GTM_TIM1_IN6_5/GTM_TIM0_IN6_5/GTM_TOUT43/CAN12_TXD; None：GPIO; None：MCU_RST_FLASH_P23.2; None：/; None：O; None：FLASH复位信号\n低：FLASH复位\n高：FLASH进入工作状态; None：HI-Z，硬件外部下拉; None：—; SW Variable Name or SW Function Name：— ——Port1\nNone：未使用; MCU Component ：F01/ MCU; None：NA; None：/; None：D7; None：P11.14; None：P11.14/GTM_TIM4_IN7_4/GTM_TIM2_IN7_8/GETH_CRSDVB/GETH_RXDVB/GETH_CRSA/GTM_TOUT126; None：GPIO; None：MCU_ETH_CFG1_P11.14; None：/; None：I; None：CFG1：BOM配置，判断是否有以太网\n高：TBD\n低：TBD; None：HI-Z; None：—; SW Variable Name or SW Function Name：— ——Port1\nNone：未使用; MCU Component ：F01/ MCU; None：NA; None：/; None：D6; None：P11.15; None：P11.15/GTM_TIM4_IN7_5/GTM_TIM0_IN7_8/GETH_COLA/GTM_TOUT127; None：GPIO; None：MCU_ETH_CFG2_P11.15; None：/; None：I; None：CFG2：BOM配置，判断以太网接口类型\n高：TBD\n低：TBD; None：HI-Z; None：—; SW Variable Name or SW Function Name：— ——Port1\nHW Interface Component ：QM(B); None：F13/POWER; None：1、LP87702实现VCC3V3转VCC1V8、VCC1V1、VCC50三路电源输出\n2、LP87702的VCC50由MCU的GPIO控制使能和关断，VCC1V8、VCC1V1由MCU的I2C控制使能和关断。\n3、预留中断信号用于MCU辅助监控LP87702的工作状态。\n4、MCU可以通过I2C监控和管理LP87702的状态。; MCU Component ：F01/ MCU; None：QM; None：B17; None：P15.3; None：P15.3/GTM_TIM3_IN6_4/GTM_TIM2_IN6_4/CAN01_RXDA/QSPI2_SCLKA/GTM_TOUT74/QSPI2_SCLK/MSC0_EN1; None：GPIO; None：MCU_5V_EN; None：/; None：O; None：VCC50（LP87702）电源使能控制信号\n高：使能VCC50电压输出\n低：关断VCC50电压输出; None：HI-Z，硬件外部下拉; None：—; SW Variable Name or SW Function Name：— ——Port1"", ""\nNone：EYEQ6L 边界位置检测输出; MCU Component ：F01/ MCU; None：QM; None：A7; None：P10.0; None：P10.0/GTM_TIM4_IN0_12/GTM_TIM1_IN4_2/GTM_TIM0_IN4_2/GETH_RXERC/GTM_TOUT102/QSPI1_SLSO10; None：GPIO; None：EQ_DAISY_CHAIN_IN_P10.0; None：/; None：O; None：EYEQ6L 边界位置检测输出; None：HI-Z; None：—; SW Variable Name or SW Function Name：— ——Port1\nNone：EYEQ6L 关键性错误指示信号; MCU Component ：F01/ MCU; None：QM; None：B4; None：P10.8; None：P10.8/GTM_TIM4_IN0_13/GTM_TIM1_IN5_2/CAN12_RXDB/QSPI3_SCLKB/GTM_TOUT110/QSPI3_SCLK; None：GPIO; None：EYEQ6_CRERR_N_P10.8; None：/; None：I; None：EYEQ6L 关键性错误指示信号\n高：未发生错误\n低：发生错误; None：HI-Z，硬件外部上拉; None：—; SW Variable Name or SW Function Name：— ——Port1\nNone：FCMU RESET ENABLE\n低有效; MCU Component ：F01/ MCU; None：B; None：E6; None：P11.13; None：P11.13/GTM_TIM4_IN6_5/GTM_TIM2_IN6_7/GETH_RXERA/CAN13_RXDD/GTM_TOUT125; None：GPIO; None：EYEQ6_FCMU_RSTEN_N_P11.13; None：/; None：O; None：FCMU RESET ENABLE\n低有效; None：HI-Z，硬件外部下拉; None：—; SW Variable Name or SW Function Name：— ——Port1\nNone：MCU和EQ6的GPIO信号; MCU Component ：F01/ MCU; None：QM; None：J17; None：P21.1; None：P21.1/GTM_TIM4_IN1_13/GTM_TIM3_IN5_6/GTM_TIM2_IN5_6/QSPI4_MRSTDP/GTM_DTMA4_1/GTM_TOUT52/HSM_HSM2; None：UBOOT; None：EQ6L_GPIO_A14_UBOOT; None：/; None：O; None：UBOOT; None：HI-Z; None：—; SW Variable Name or SW Function Name：— ——Port1"", ""\nECU Connector：X190011\nX1900-10; None：CAN1L\nCAN1H; None：CAN Communction; HW Interface Component ：QM; None：F22/CAN1; None：CAN1外挂TCAN1044A收发器，支持速率为：\nCAN：500Kbps\nCANFD：2/5/8Mbps\n支持兼容TCAN1145/TJA1043; MCU Component ：F01/ MCU; None：QM; None：F19; None：P20.7; None：P20.7/GTM_TIM3_IN7_5/GTM_TIM2_IN7_5/GTM_TIM1_IN5_8/CAN00_RXDB/GTM_TOUT63/CAN12_TXD; None：CAN12_TXD; None：MCU_CAN1_TXD_P20.7; None：/; None：O; None：CAN1信号输出; None：HI-Z; None：—; SW Variable Name or SW Function Name：— ——Port1\nMCU Component ：F01/ MCU; None：QM; None：F17; None：P20.6; None：P20.6/GTM_TIM3_IN6_5/GTM_TIM2_IN6_5/CAN12_RXDA/GTM_TOUT62/QSPI0_SLSO8/QSPI2_SLSO8; None：CAN12_RXDA; None：MCU_CAN1_RXD_P20.6; None：/; None：I; None：CAN1信号输入; None：HI-Z,硬件外部上拉; None：—; SW Variable Name or SW Function Name：— ——Port1\nMCU Component ：F01/MCU; None：QM; None：H1; None：P00.2; None：P00.2/GTM_TIM5_IN6_11/GTM_TIM3_IN1_2/GTM_TOUT11/PSI5_TX0/CAN03_TXD/QSPI3_SLSO4/EVADC_G9CH10; None：GPIO/QSPI3_SLSO4; None：CAN1_STB_MCU_SPI3_CS4_P00.2; None：/; None：O; None：当贴TCAN1044A时：CAN1待机控制信号：\n高：进入STANDBY模式\n低：退出STANDBY模式\n当贴TCAN1145时：CAN1 SPI3片选信号：\n高：释放设备\n低：选中设备; None：HI-Z; None：—; SW Variable Name or SW Function Name：— ——Port1"", ""\nECU Connector：X1900-12\nX1900-4; None：CAN2L\nCAN2H; None：CAN Communction; HW Interface Component ：QM; None：F21/CAN2; None：CAN2外挂TCAN1044A收发器，支持速率为：\nCAN：500Kbps\nCANFD：2/5/8Mbps\n支持兼容TCAN1145/TJA1043; MCU Component ：F01/ MCU; None：QM; None：B16; None：P14.0; None：P14.0/GTM_TIM1_IN3_5/GTM_TIM0_IN3_5/GTM_TOUT80/ERAY0_TXDA/ERAY0_TXDB/CAN01_TXD; None：CAN01_TXD; None：MCU_CAN2_TXD_P14.0; None：/; None：O; None：CAN2信号输出; None：HI-Z，TCAN1044A有内置硬件上拉; None：—; SW Variable Name or SW Function Name：— ——Port1\nMCU Component ：F01/ MCU; None：QM; None：A15; None：P14.1; None：P14.1/GTM_TIM1_IN4_3/GTM_TIM0_IN4_3/CAN01_RXDB/SCU_E_REQ3_1/PMS_PINAWKP/GTM_TOUT81; None：CAN01_RXDB; None：MCU_CAN2_RXD_P14.1; None：/; None：I; None：CAN2信号输入; None：HI-Z,硬件外部上拉; None：—; SW Variable Name or SW Function Name：— ——Port1\nMCU Component ：F01/MCU; None：QM; None：J2; None：P00.5; None：P00.5/GTM_TIM3_IN4_1/GTM_TIM3_IN0_11/CAN11_RXDB/GTM_TOUT14/QSPI3_SLSO3//EVADC_G9CH7; None：GPIO/QSPI3_SLSO3; None：CAN2_STB_MCU_SPI3_CS3_P00.5; None：/; None：O; None：当贴TCAN1044A时：CAN2待机控制信号：\n高：进入STANDBY模式\n低：退出STANDBY模式\n当贴TCAN1145时：CAN2 SPI3片选信号：\n高：释放设备\n低：选中设备; None：HI-Z; None：—; SW Variable Name or SW Function Name：— ——Port1""]","{""original_context_count"": 10, ""original_context_characters"": 13538, ""scored_context_count"": 8, ""scored_context_characters"": 11212, ""contexts_truncated"": true, ""context_selection"": ""claim_coverage"", ""selected_evidence_ids"": [""circuit:21:pin_mapping:U1800""], ""selected_claim_ids"": [""sq_1:claim_1""], ""excluded_evidence_ids"": []}",0.8635264405483759,0.38405178436784004,0.8571428571428571,not_applicable,0.7555555555303703,1.0,1.0,1.0,not_applicable
hw-v1-circuit-vcc1v8-switch,success,VCC1V8 到 EQ 的 1.8V 电源经过哪颗负载开关，使能信号是什么？,VCC1V8 经 U1803（TPS22918）输出为 VCC1V8_EQ，使能信号为 MCU_1V8_EQ_EN。,"**结论：**  
VCC1V8 到 EQ 的 1.8V 电源经过的负载开关是 **TPS22918**，其使能信号为 **MCU_1V8_EQ_EN**（由 MCU 的 P20.0 引脚控制）。

**证据支撑：**  
1. **负载开关型号**  
   - 文档[18]（F19 模块方案）明确说明：“采用 TPS22918 负载开关，将 VCC1V8 电源转换为 VCC1V8_EQ，给 EQ6 供电”。  
   - 文档[20]（F19 模块列表）记载：“TPS22918 负载开关，VCC1V8电压输入，VCC1V8_EQ电压输出”。  
   - 电路图[9][12]中，网络 MCU_1V8_EQ_EN 连接到 U1803（负载开关）的 ON 引脚，网络 VCC1V8_EQ 连接到 U1803 的 VOUT 引脚，印证了该负载开关的存在。

2. **使能信号**  
   - 文档[18]说明：“用 MCU 的 P20.0 引脚使能该芯片”。  
   - 电路图[9]显示网络 MCU_1V8_EQ_EN 连接至 U900E（MCU）的 P20.0 引脚，同时连接至 U1803 的 ON 引脚（即使能引脚）。  
   - 文档[17]（模块功能描述）也指出：“VCC1V8 to VCC1V8_EQ … 用 MCU 的 P20.0 引脚使能该芯片”。

**缺失信息：** 无。所有必要信息均已覆盖。","**结论：**  
VCC1V8 到 EQ 的 1.8V 电源经过的负载开关是 **TPS22918**，其使能信号为 **MCU_1V8_EQ_EN**（由 MCU 的 P20.0 引脚控制）。

**证据支撑：**  
1. **负载开关型号**  
   - 文档[18]（F19 模块方案）明确说明：“采用 TPS22918 负载开关，将 VCC1V8 电源转换为 VCC1V8_EQ，给 EQ6 供电”。  
   - 文档[20]（F19 模块列表）记载：“TPS22918 负载开关，VCC1V8电压输入，VCC1V8_EQ电压输出”。  
   - 电路图[9][12]中，网络 MCU_1V8_EQ_EN 连接到 U1803（负载开关）的 ON 引脚，网络 VCC1V8_EQ 连接到 U1803 的 VOUT 引脚，印证了该负载开关的存在。

2. **使能信号**  
   - 文档[18]说明：“用 MCU 的 P20.0 引脚使能该芯片”。  
   - 电路图[9]显示网络 MCU_1V8_EQ_EN 连接至 U900E（MCU）的 P20.0 引脚，同时连接至 U1803 的 ON 引脚（即使能引脚）。  
   - 文档[17]（模块功能描述）也指出：“VCC1V8 to VCC1V8_EQ … 用 MCU 的 P20.0 引脚使能该芯片”。

**缺失信息：** 无。所有必要信息均已覆盖。","[""Net &1V8_EQ_ACQ connects C1111.&2, R1141.&2, TP1139.&1, U900A.AN5/EVADC_G0CH5."", ""Net &3V3_EQ_ACQ connects C1102.&2, R1108.&2, R1113.&2, TP1109.&1, U900A.AN2/EVADC_G0CH2/EDSADC_EDS0PA."", ""Net EQ6L_GPIO_A0_P23.0 connects R541.&1, TP1024.&1, U900E.P23.0/CAN10_RXDC."", ""Net EQ6L_GPIO_A14_UBOOT connects R545.&1, TP1031.&1, U900E.P21.1/ASCLIN11_ARXD/HSM_HSM2."", ""Net EQ6L_GPIO_A1_P23.1 connects R542.&1, TP1025.&1, U900E.P23.1/ASCLIN6_ARXF/ASCLIN1_ARTS/CAN10_TXD/ASCLIN6_ASCLK."", ""Net EQ6L_GPIO_A2_P23.4 connects R535.&1, TP1026.&1, U900E.P23.4/ASCLIN6_ASLSO."", ""Net EQ6L_GPIO_A3_P23.5 connects R543.&1, TP1027.&1, U900E.P23.5/ASCLIN6_ATX."", ""Net EQ6L_PCBVERSION0 connects R550.&2, R556.&1, R564.&2, U400-9.GPIO_A24_SPI_1_DO."", ""Net MCU_1V8_EQ_EN connects R1817.&2, TP1819.&1, U1803.ON, U900E.P20.0/CAN03_RXDC/CBS_TGI0/SCU_E_REQ6_0/GPT120_T6EUDA/ASCLIN3_ATX/ASCLIN3_ASCLK/HSCT0_SYSCLK_OUT/CBS_TGO0."", ""Net MCU_CAM_ERRORFLAG connects TP548.&1, U400-9.GPIO_A29_TIMER_EXT1_OUTCMP2, X1903.&14."", ""Net MONITOR_CLK connects C503.&1, R546.&2, U400-9.GPIO_A30_EXT_CLK."", ""Net VCC1V8_EQ connects C1830.&1, C664.&1, C667.&1, L600.&2, L601.&2, L602.&2, L603.&2, L604.&2, R1141.&1, TP1817.&1, U1803.QOD, U1803.VOUT, U400-10.VDD_MIPI_VPH1, U400-10.VDD_MIPI_VPH2."", ""Module Group 11 · Clock/Oscillator connects to Group 5 · DDR/Memory through net EQ6L_UART0_RX."", ""Module Group 11 · Clock/Oscillator connects to Group 5 · DDR/Memory through net EQ6L_UART0_TX."", ""Module Group 11 · Clock/Oscillator connects to Group 5 · DDR/Memory through net EYEQ6_FCMU_RSTEN_N_P11.13."", ""\nHW Interface Component ：QM（B）; None：F16/POWER; None：1、负载开关TPS22918，VCC3V3转VCC3V3_EQ。\n2、TPS22918由MCU进行使能和关断控制。; MCU Component ：F01/MCU; None：B; None：G20; None：P20.3; None：P20.3/GTM_TIM4_IN5_11/GTM_TIM3_IN4_5/GTM_TIM2_IN4_5/GTM_TOUT61/QSPI0_SLSO9/QSPI2_SLSO9/CAN03_TXD; None：GPIO; None：MCU_3V3_EQ_EN; None：/; None：O; None：VCC3V3_EQ电源使能控制信号\n高：使能VCC3V3_EQ电源\n低：关断VCC3V3_EQ电源; None：HI-Z,硬件外部下拉; None：—; SW Variable Name or SW Function Name：— ——Port1\nHW Interface Component ：QM; None：F17/POWER; None：1、负载开关TPS22918，VCC3V3转VCC3V3_ETH。\n2、TPS22918由MCU进行使能和关断控制。; MCU Component ：F01/MCU; None：QM; None：K17; None：P21.0; None：P21.0/GTM_TIM4_IN0_11/GTM_TIM3_IN4_6/GTM_TIM2_IN4_6/QSPI4_MRSTDN/DMU_FDEST/GTM_TOUT51/HSM_HSM1; None：GPIO; None：MCU_3V3_ETH_EN; None：/; None：O; None：VCC3V3_ETH电源使能控制信号\n高：使能VCC3V3_EQ电源\n低：关断VCC3V3_EQ电源; None：HI-Z, 硬件外部下拉; None：—; SW Variable Name or SW Function Name：— ——Port1\nHW Interface Component ：QM; None：F14/POWER; None：1、电源转换芯片TPS62872，VCC3V3转VCC0V75。\n2、TPS62872由MCU进行使能和关断控制。; MCU Component ：F01/MCU; None：QM; None：P20; None：P22.0; None：P22.0/GTM_TIM1_IN1_7/GTM_TIM0_IN1_7/QSPI4_MTSRB/GTM_TOUT47/QSPI4_MTSR/QSPI4_SCLKN; None：GPIO; None：MCU_VCC0V75_EN; None：/; None：O; None：VCC0V75电源使能控制信号\n高：使能VCC0V75电源\n低：关断VCC0V75电源; None：HI-Z, 硬件外部下拉; None：—; SW Variable Name or SW Function Name：— ——Port1"", ""<table><tr><td>HM ID</td><td>F11/F12/F13/F14/F15/F16/F17/F18/F19/F25/F27</td></tr><tr><td>模块功能 \nModule Function</td><td>系统使用车载电池12V电压供电，经过EMI电路后输入至电源转换芯片，转换输出系统各模块所需电源。\nThe system uses 12V voltage power supply from the vehicle battery, which is input to the power conversion chip through the EMI circuit. Then the power conversion chip convert and output the power required by each module of the system.</td></tr><tr><td>模块框图\nModule diagram</td><td></td></tr><tr><td>模块方案\nModule solution</td><td>KL30 EMI (ASIL-B)\nKL30供电口处增加EMI电路，用于供电保护和滤波。硬件电路设计在UBD网络增加两个串联ESD电容，PCB布局靠近主连接器引脚处，用于吸收外部ESD信号，后端增加双向TVS管用于瞬态过压保护\nThe EMI circuit is added at the KL30 power supply port for power supply protection and filtering. The hardware circuit design adds two series ESD capacitors in the UBD network, the PCB layout is close to the main connector pin for absorbing external ESD signals, and the two-way TVS tube is added at the back end for transient overvoltage protection.\nKL30 to VCC3V3 (ASILB)\nKL30转VCC3V3是系统一级DC-DC，给MCU提供VCC3V3_MCU电源，所以系统要求其满足ASILB，确保MCU功能安全。\nKL30 to VCC3V3 is a system primary DC-DC chip, because the MCU needs VCC3V3_MCU power supply, so the system requires it to meet the ASILB to ensure the functional safety of the MCU.\nVCC3V3_MCU to VCC1V25_MCU(ASILB)\n3V3转1V25_MCU是使用MCU内置控制器进行控制的BUCK电源，用于MCU的核供电，功能安全需求达到ASILB，确保MCU功能安全。\n3V3 to 1V25_MCU is a BUCK power supply controlled by MCU built-in controller, which is used for MCU nuclear power supply. Functional safety requirements meet ASILB to ensure the functional safety of MCU.\nVCC3V3 to VCC0V75(QM(B))\nVCC3V3转VCC0V75应用于EQ6的内核供电，要求输出电流能力大，现选型TI的电源方案TPS62872。用MCU的P22.0引脚使能芯片，用MCU_SDA_P15.5，MCU_SCL_P15.4引脚I2C通信来设置输出电压和通信。\nVCC3V3 to VCC0V75 is applied to the core power supply of EQ6, which requires large output current capacity. The power supply scheme TPS62872 of TI is selected. P22.0 pin of MCU is used to enable the chip, and MCU_SDA_P15.5, MCU_SCL_P15.4 pin I2C communication is used to set the output voltage and communication. \nVCC3V3 to 0V75_MIPI_DDR(QM(B))\nVCC3V3转0V75_MIPI_DDR用于EQ6的IO口供电，现使用矽力杰的SA23002进行设计。用MCU的P22.1引脚使能该芯片。\nVCC3V3 to 0V75_MIPI_DDR for EQ6 IO port power supply, Silergy’s SA23002 is designed. The P22.1 pin of the MCU is used to enable the chip.\nVCC3V3转VCC1V8、VCC1V1、VCC50(QM(B))\nVCC1V8用于EQ6、CAM、DDR、FLASH供电，VCC1V1用于EQ6、DDR供电，VCC50用于CAN收发器供电，现选择LP87702 PMIC方案。用MCU的P15.3引脚使能该芯片的5V输出，用MCU_SCL_P15.4，MCU_SDA_P15.5 I2C通信来设置1.8V和1.1V输出电压和使能。\nVCC1V8 is used for EQ6, CAM, DDR, FLASH power supply, VCC1V1 is used for EQ6, DDR power supply, VCC50 is used for CAN transceiver  power supply, LP87702 PMIC scheme is selected. P15.3 pin of MCU is used to enable 5V output of the chip, and MCU_SCL_P15.4, MCU_SDA_P15.5 I2C communication is used to set 1.8V and 1.1V output voltage and enable it. \nVCC3V3 to VCC3V3_EQ(QM(B))\nVCC3V3转VCC3V3_EQ用于EQ6的IO和摄像头供电，现使用负载开关进行设计。用MCU的P20.3引脚使能该芯片。\nVCC3V3 to VCC3V3_EQ for EQ6’s IO and camera power supply, now using the load switch is designed. .The P20.3 pin of the MCU is used to enable the chip.\n\tVCC3V3 to VCC3V3_ETH(QM)\n3V3转3V3_ETH用于ETH供电，现选择负载开关方案。用MCU的P21.0引脚使能该芯片。\n3V3 to 3V3_ETH for ETH power supply, the load switch scheme is selected. . The P21.0 pin of the MCU is used to enable the chip.\n\tVCC1V8 to VCC1V8_EQ(QM(B))\nVCC1V8转VCC1V8_EQ用于EQ供电，现选择负载开关方案。用MCU的P20.0引脚使能该芯片。\nVCC1V8 to VCC1V8_EQ for EQ power supply, the load switch scheme is selected. . The P20.0 pin of the MCU is used to enable the chip.</td></tr><tr><td colspan='2'></td></tr></table>"", ""<table><tr><td>HM ID</td><td>F19</td></tr><tr><td>模块功能 \nModule Function</td><td>1V8转1V8_EQ用于EQ6供电，现选择负载开关方案。\n1V8 to 1V8_EQ is used for the EQ6 power supply, now choose the load switch scheme.\n</td></tr><tr><td>模块框图\nModule diagram</td><td></td></tr><tr><td>模块方案\nModule solution</td><td>采用TPS22918负载开关，将VCC1V8电源转换为VCC1V8_EQ，给EQ6供电。用MCU的P20.0引脚使能该芯片。\nThe TPS22918 load switch chip is used to convert the VCC1V8 to VCC1V8_EQ to power EQ6. The P20.0 pin of the MCU is used to enable the chip.\n</td></tr></table>"", ""<table><tr><td>HM ID</td><td>F16</td></tr><tr><td>模块功能 \nModule Function</td><td>VCC3V3转VCC3V3_EQ用于EQ6的IO和摄像头供电，现使用负载开关TPS22918进行设计。\nVCC3V3 to VCC3V3-EQ is used for the IO and camera power supply of EQ6, and the load switch TPS22918 is used for the design.</td></tr><tr><td>模块框图\nModule diagram</td><td></td></tr><tr><td>模块方案\nModule solution</td><td>采用TPS22918负载开关，将VCC3V3系统电源转换为VCC3V3_EQ，提供给EQ6和摄像头供电。用MCU的P20.3引脚使能该芯片。\nThe TPS22918 load switch is used to convert the VCC3V3 system power to VCC3V3-EQ to supply power to EQ6 and the camera. The P20.3 pin of the MCU is used to enable the chip.\n</td></tr></table>"", ""<table><tr><td>模块序号\nModule number</td><td>模块名称\nModule name</td><td>功能定义\nFunction definition.</td><td>功能安全需求\nFunctional safety requirements</td></tr><tr><td>F01</td><td>MCU</td><td>SAK-TC377TP-96F300S AA</td><td>B(B)</td></tr><tr><td>F02</td><td>EYEQ6-L</td><td>EYEQ6-L，用于sensor的视频处理</td><td>B</td></tr><tr><td>F03</td><td>EYEQ6_LPDDR4</td><td>EQ6的1GB LPDDR4</td><td>B</td></tr><tr><td>F04</td><td>EYEQ6_NAND FLASH</td><td>EQ6的2Gb NAND FLASH</td><td>B</td></tr><tr><td>F05</td><td>CAM SENSOR</td><td>Sony 728摄像头模组</td><td>B</td></tr><tr><td>F06</td><td>KL30 sample</td><td>KL30电压采样</td><td>QM</td></tr><tr><td>F07</td><td>KL15 sample</td><td>KL15电压采样</td><td>QM</td></tr><tr><td>F08</td><td>EQ system power sample1</td><td>EQ6L系统供电电源电压ADC采样滤波、分压电路</td><td>B(B)</td></tr><tr><td>F09</td><td>ETH and CAN power sample2</td><td>CAN和ETH电源电压ADC采样滤波、分压电路</td><td>QM</td></tr><tr><td>F10</td><td>NTC temp sensor</td><td>NTC温度传感器，监控EQ6L/LPDDR4周边环境温度。</td><td>B</td></tr><tr><td>F11</td><td>KL30 EMI</td><td>KL30供电口EMI滤波电路.</td><td>B</td></tr><tr><td>F12</td><td>POWER</td><td>LN10046，KL30电源转VCC3V3电源</td><td>B</td></tr><tr><td>F13</td><td>POWER</td><td>LP87702，VCC3V3电压输入，VCC1V1、VCC1V8、VCC50电压输出</td><td>QM(B)</td></tr><tr><td>F14</td><td>POWER</td><td>TPS62872，VCC3V3电压输入，VCC0V75电压输出</td><td>QM(B)</td></tr><tr><td>F15</td><td>POWER</td><td>SA23002，VCC3V3输入，VCC0V75电压输出</td><td>QM(B)</td></tr><tr><td>F16</td><td>POWER</td><td>TPS22918负载开关，VCC3V3电压输入，VCC3V3_EQ输出</td><td>QM(B)</td></tr><tr><td>F17</td><td>POWER</td><td>TPS22918负载开关，VCC3V3输入，VCC3V3_ETH输出</td><td>QM</td></tr><tr><td>F18</td><td>overvoltage protect</td><td>用于MCU电源VCC3V3_MCU的外部过压保护</td><td>B</td></tr><tr><td>F19</td><td>POWER</td><td>TPS22918 负载开关，VCC1V8电压输入，VCC1V8_EQ电压输出</td><td>QM(B)</td></tr><tr><td>F20</td><td>CAN3</td><td>基于TCAN1145的CAN通讯，硬件支持特定报文唤醒</td><td>QM</td></tr><tr><td>F21</td><td>CAN2</td><td>基于TCAN1044A的CAN通讯.</td><td>QM</td></tr><tr><td>F22</td><td>CAN1</td><td>基于TCAN1044A的CAN通讯</td><td>QM</td></tr><tr><td>F23</td><td>CAN0</td><td>基于TCAN1044A的CAN通讯.</td><td>QM</td></tr><tr><td>F24</td><td>ETH</td><td>基于DP83TC812R的100BASE-T1通讯</td><td>QM</td></tr><tr><td>F25</td><td>Wake up</td><td>唤醒源和一级电源使能电路设计</td><td>QM</td></tr><tr><td>F26</td><td>watchdog</td><td>LP87702的看门狗功能，用于监控MCU运行状态</td><td>B</td></tr><tr><td>F27</td><td>POWER</td><td>VCC3V3_MCU转VCC1V25_MCU电压，由MCU的EVRC进行控制。</td><td>B</td></tr><tr><td>F28</td><td>level translation</td><td>3V3和1V8双向电压转换芯片</td><td>QM</td></tr></table>"", ""<table><tr><td>序号</td><td>模块序号</td><td>模块名称</td><td>功能定义</td><td>功能安全需求</td></tr><tr><td>1</td><td>F013</td><td>POWER</td><td>LP87702，VCC3V3电压输入，VCC1V1、VCC1V8、VCC50电压输出</td><td>QM(B)</td></tr><tr><td>1</td><td>F01</td><td>MCU</td><td>SAK-TC377TP-96F300S AA</td><td>B(B)</td></tr><tr><td>1</td><td>F08</td><td>EQ system power sample1</td><td>EQ6L系统供电电源电压ADC采样滤波、分压电路</td><td>B(B)</td></tr><tr><td>2</td><td>F14</td><td>POWER</td><td>TPS62872，VCC3V3电压输入，VCC0V75电压输出，EQ6L核电供电</td><td>QM(B)</td></tr><tr><td>2</td><td>F01</td><td>MCU</td><td>SAK-TC377TP-96F300S AA</td><td>B(B)</td></tr><tr><td>2</td><td>F08</td><td>EQ system power sample</td><td>EQ6L系统供电电源电压ADC采样滤波、分压电路</td><td>B(B)</td></tr><tr><td>3</td><td>F15</td><td>POWER</td><td>SA23002，VCC3V3输入，0V75_MIPI_DDR电压输出</td><td>QM(B)</td></tr><tr><td>3</td><td>F01</td><td>MCU</td><td>SAK-TC377TP-96F300S AA</td><td>B(B)</td></tr><tr><td>3</td><td>F08</td><td>EQ system power sample</td><td>EQ6L系统供电电源电压ADC采样滤波、分压电路</td><td>B(B)</td></tr><tr><td>4</td><td>F16</td><td>POWER</td><td>TPS22918负载开关，VCC3V3电压输入，VCC3V3_EQ输出</td><td>QM(B)</td></tr><tr><td>4</td><td>F01</td><td>MCU</td><td>SAK-TC377TP-96F300S AA</td><td>B(B)</td></tr><tr><td>4</td><td>F08</td><td>EQ system power sample</td><td>EQ6L系统供电电源电压ADC采样滤波、分压电路</td><td>B(B)</td></tr></table>"", ""\nNone：U20; None：P23.2; None：P23.2/GTM_TIM1_IN6_5/GTM_TIM0_IN6_5/GTM_TOUT43/CAN12_TXD; None：GPIO; None：MCU_RST_FLASH_P23.2; None：/; None：O; None：FLASH复位信号\n低：FLASH复位\n高：FLASH进入工作状态; None：HI-Z，硬件外部下拉; None：—; SW Variable Name or SW Function Name：— ——Port1\nNone：未使用; MCU Component ：F01/ MCU; None：NA; None：/; None：D7; None：P11.14; None：P11.14/GTM_TIM4_IN7_4/GTM_TIM2_IN7_8/GETH_CRSDVB/GETH_RXDVB/GETH_CRSA/GTM_TOUT126; None：GPIO; None：MCU_ETH_CFG1_P11.14; None：/; None：I; None：CFG1：BOM配置，判断是否有以太网\n高：TBD\n低：TBD; None：HI-Z; None：—; SW Variable Name or SW Function Name：— ——Port1\nNone：未使用; MCU Component ：F01/ MCU; None：NA; None：/; None：D6; None：P11.15; None：P11.15/GTM_TIM4_IN7_5/GTM_TIM0_IN7_8/GETH_COLA/GTM_TOUT127; None：GPIO; None：MCU_ETH_CFG2_P11.15; None：/; None：I; None：CFG2：BOM配置，判断以太网接口类型\n高：TBD\n低：TBD; None：HI-Z; None：—; SW Variable Name or SW Function Name：— ——Port1\nHW Interface Component ：QM(B); None：F13/POWER; None：1、LP87702实现VCC3V3转VCC1V8、VCC1V1、VCC50三路电源输出\n2、LP87702的VCC50由MCU的GPIO控制使能和关断，VCC1V8、VCC1V1由MCU的I2C控制使能和关断。\n3、预留中断信号用于MCU辅助监控LP87702的工作状态。\n4、MCU可以通过I2C监控和管理LP87702的状态。; MCU Component ：F01/ MCU; None：QM; None：B17; None：P15.3; None：P15.3/GTM_TIM3_IN6_4/GTM_TIM2_IN6_4/CAN01_RXDA/QSPI2_SCLKA/GTM_TOUT74/QSPI2_SCLK/MSC0_EN1; None：GPIO; None：MCU_5V_EN; None：/; None：O; None：VCC50（LP87702）电源使能控制信号\n高：使能VCC50电压输出\n低：关断VCC50电压输出; None：HI-Z，硬件外部下拉; None：—; SW Variable Name or SW Function Name：— ——Port1"", ""<table><tr><td>HM ID</td><td>F05</td></tr><tr><td>运行模式\nOperation Mode</td><td>上电模式、运行模式、复位模式、下电模式\nPower on mode, Power off mode, Run mode,Reset mode</td></tr><tr><td>模式定义\nDefinition of Operation mode</td><td>1、上电模式\n    MCU使能EQ6系统电源，EQ6上电后将VCC3V3_EQ和VCC1V8通过FPC连接器提供给摄像头，其中VCC3V3_EQ再转换成VCC1V1，EQ6运行后配置RESET_N为高电平，并通过I2C配置CAM参数，摄像头开始工作。\n2、运行模式\n   摄像头正常运行，输出图像信息给EQ6。\n3、复位模式\n   EQ6配置摄像头的RESET_N信号为低电平，CAM进入复位模式。\n4、下电模式\nMCU控制EQ6系统下电（VCC3V3_EQ、VCC1V8）。\nPower on mode\nMCU enables EQ6 system power supply, After EQ6 is powered on, VCC3V3_EQ and VCCIV8 are provided to the camera through the FPC connector, where VCC3V3_EQ is converted into VCC1V1. After EQ6 runs, RESET_N is configured to high level, and CAM parameters are configured through I2C, and the camera starts to work.\nRun mode\nThe camera operates normally and outputs the image information to EQ6.\nReset mode\nEQ6 config the RESET_N signal of the camera to be low and the CAM enters the reset mode. \nPower off mode\nMCU controls the power down of EQ6 system (VCC3V3_EQ, VCC1V8).</td></tr><tr><td>模式切换接口\nMode switching interface</td><td></td></tr><tr><td>模式状态机\nMode state machine</td><td></td></tr><tr><td>模式切换条件\nMode switching condition</td><td>参考：\n产品系统需求规格说明\n产品系统方案设计说明书\nReference: \nProduct system requirement specification \nProduct system scheme design specification.</td></tr><tr><td>备注\nNote</td><td>摄像头上需要3路电源（VCC3V3、VCC1V8、VCC1V1），其中VCC1V8和VCC3V3是主板提供，VCC1V1由3V3转换得到。\n摄像头复位信号由EQ6通过GPIO口进行控制。\n摄像头3路电源的上下电和复位信号的时序要求如下所示：\nThe camera needs 3 power sources (VCC2V8, VCC1V8, VCC1V05), VCC1V8 and VCC3V3 are provided by the Main board, VCC1V1 is converted from 3V3. \nThe camera reset signal is controlled by EQ6 through the GPIO port. \nThe timing requirements for the power-on and reset signals of the camera's 3-way power supply are as follows.\n</td></tr></table>"", ""<table><caption> Table 10-1 lists the operating parameters for this application example. Table10-1.DesignParameters</caption>\n<tr><td  > Symbol </td><td  >Parameter</td><td  >Value</td></tr>\n<tr><td  >VIN</td><td  >Inputvoltage</td><td  >3.3 V</td></tr>\n<tr><td  >VouT</td><td  >Output voltage</td><td  >0.75 V</td></tr>\n<tr><td  >TOLyouT</td><td  >Output voltage tolerance allowed by the application</td><td  >±3.3%</td></tr>\n<tr><td  >TOLDc</td><td  >Output voltage tolerance of the TPS6287x-Q1(DC accuracy)</td><td  >±1%</td></tr>\n<tr><td  >△louT</td><td  >Output current load step</td><td  >±7.5 A</td></tr>\n<tr><td  >tt</td><td  >Load step transition time</td><td  >1 μs</td></tr>\n<tr><td  >fsw</td><td  >Switching frequency</td><td  >2.25 MHz</td></tr>\n<tr><td></td><td  >Inductance</td><td  >110 nH</td></tr>\n<tr><td  >TOLIND</td><td  >Inductor tolerance</td><td  >±20%</td></tr>\n<tr><td  >9m</td><td  >Error amplifier transconductance</td><td  >1.5 mS</td></tr>\n<tr><td></td><td  > Internal timing parameter</td><td  >12.5 μs</td></tr>\n</table>"", ""Figure 10-1. Typical ApplicationSchematic\n110 nH±20%\n0.75V\nV\nVIN\nSW\n3.3V\nVIN\nMODE/SYNC\n20 kQ\nC\nC\nVoO\nLoad\nVOSNS\nEN\nGOSNS\nSDA\nSCL\n>Rz\nVSEL\nFSEL\n3.3V\nCc\n6.2 kQ\n[cc\nM10 kQ\nCOMP\n1kQ\nOPG\nPG\nSYNC_OUT\nGND\n10pF\nGND\n"", ""<table><caption>  over operating junction temperature (TJ = -40 °C to 150 °C) and Vin = 2.7 V to 6 V. Typical values at Vin = 3.3 V and TJ = 25  °C (unless otherwise noted).</caption>\n<tr><th></th><th  >PARAMETER</th><th></th><th  >TEST CONDITIONS</th><th  >MIN</th><th  >TYP</th><th  >MAX</th><th  >UNIT</th></tr>\n<tr><th  >SUPPLY</th><th></th><th  >Operating</th><th  >EN = high, lout = 0 mA, V(sw) = 0 V,  primary operation, device not switching,</th><th></th><th  >1.75</th><th  >3</th><th  >mA</th></tr>\n<tr><th  >IQ</th><th  >Supply current (VIN) </th><th></th><th  >Tj=25°℃</th><th></th><th></th><th></th><th></th></tr>\n<tr><th></th><th></th><th  >Standby </th><th  >EN = low, V(sw) = 0 V, TJ = 25 °℃ </th><th></th><th  >16.5</th><th  >40</th><th  >μA</th></tr>\n<tr><td  >VIT+</td><td  >Positive-going UVLO threshold voltage (VIN)</td><td></td><td></td><td  >2.5</td><td  >2.6</td><td  >2.7</td><td  >V</td></tr>\n<tr><td  >ViT-</td><td  >Negative-going UVLO threshold voltage (VIN)</td><td></td><td></td><td  >2.4</td><td  >2.5</td><td  >2.6</td><td  >V</td></tr>\n<tr><th  >Vhys</th><th  >UVLO hysteresis voltage (VIN)</th><th></th><th></th><th  >90</th><th></th><th></th><th  >mV</th></tr>\n<tr><td  >VIT+</td><td  >Positive-going OVLO threshold voltage (VIN)</td><td></td><td></td><td  >6.1</td><td  >6.3</td><td  >6.5</td><td  >V</td></tr>\n<tr><td  >ViT-</td><td  >Negative-going OVLO threshold voltage (VIN)</td><td></td><td></td><td  >6.0</td><td  >6.2</td><td  >6.4</td><td  >V</td></tr>\n<tr><th  >Vhys</th><th  >OVLO hysteresis voltage (VIN)</th><th></th><th></th><th  >85</th><th></th><th></th><th  >mV</th></tr>\n<tr><th  >ViT-</th><th  >Negative-going power-on reset threshold</th><th></th><th></th><th  >1.4</th><th></th><th></th><th  >V</th></tr>\n</table>"", ""\nUpdated theDevice OptionsTable.\n3 .5\nModified MODE/SYNC pin Description in Pin Functions Changed the title of Figure 8-5\n12\nAdded approximate minimum on time value.\n15\n Added behavior of device when EN is toggled and input voltage is applied..\n.17\n·\nModified Table 9-5 to reflect new available Orderable Part Number..\n21\nAdded a comment on how to connect secondary devices SYNC_OUT pin..\n27\nAdded a footnote to Table 9-10\n.31\nAdded I2C Register Reset \n.34 Added Number of phases NΦ and adapted passive component selection equations in Typical Application ...41\nPage\nChanges from Revision * (May 2022) to Revision A (July 2022)\nChanged document status from Advance Information to Production Data......\n.1\n5 Description (continued)\nThe switching frequency is resistor-selectable through the FSEL pin. The switching frequency can be set to 1.5 MHz, 2.25 MHz, 2.5 MHz, or 3.0 MHz, or synchronized to an external clock in the same frequency range.\nThe I2C-compatible interface offers several control, monitoring, and warning features, such as voltage monitoring and temperature-related warnings. The output voltage can be quickly adjusted to adapt the power consumption of the load to the performance needs of the application through the I2C-compatible interface. The default start-up voltage is resistor-selectable through the VSEL pin.\n6 Device Options\n The I2C address is linked to the selected start-up voltage. The user cannot select the start-up voltage and I2C address independently.(1)\nThe user can use the VSEL pin to select which of the four start-up voltages the device uses. For more information, see Table 9-5 and (2)\n7 Pin Configuration and Functions\n8 Specifications\n8.1 Absolute Maximum Ratings\nover operating temperature range (unless otherwise noted)(1)\n(1)Operation outside the Absolute Maximum Ratings may cause permanent device damage. Absolute Maximum Ratings do not imply functional operation of the device at these or any other conditions beyond those listed under Recommended Operating Conditions.\nIf used outside the Recommended Operating Conditions but within the Absolute Maximum Ratings, the device may not be fully functional, and this may affect device reliability, functionality, performance, and shorten the device lifetime.\n(2)All voltage values are with respect to the GND pin.\nWhile switching.\n(3)"", ""10.3 Best Design Practices\nFigure 10-22.Shutdown (Discharge Enabled)\n10.2.3 Application Curves (continued)\n100MS/s\n250MS/'s\n3.30\n3.30 V\n→3.0000ms\nT+600.000s\nLoad = 0.75 Ω\nLoad = 7.5 Q\nFigure 10-20. Start-Up Using the EN Pin\nFigure 10-21. Shutdown Using the EN Pin (Discharge Enabled)\nMMMMN\n1.00m.0000ms \n3.30 V\n1Mpoints\n.06V\nT+13.3800m\n1M points\n3.30 V\nLoad = 7.5 Ω\nFigure 10-23. Current Limit (Hiccup)\nINCORRECT\nCORRECT\nTPS6287x-Q1\nTPS6287x-Q1\n2.7 V to 6 V\n2.7Vto6 V\nVIN\n≥ 15 kQ\nEN\nINCORRECT\nCORRECT\nTPS6287x-Q1\nTPS6287x-Q1\n2.7V to 6 V\n2.7V to 6 V\nVIN\n≥15 kΩ\nENABLE\nENABLE\nEN"", ""\n9.3.11 Undervoltage Lockout (UVLO)\nThe device has an undervoltage lockout function that disables the device if the supply voltage is too low for correct operation. The negative-going threshold of the UVLO function is 2.5 V (typical). If the supply voltage decreases below this value, the device stops switching and, if DISCHEN = 1 in the CONTROL1 register, turns on the output discharge.\n9.3.12 Overvoltage Lockout (OVLO)\nThe device has an overvoltage lockout function that disables the DC/DC converter if the supply voltage is too high for correct operation. The positive-going threshold of the OVLO function is 6.3 V (typical). If the supply voltage increases above this value, the device stops switching and, if DISCHEN = 1 in the CONTROL1 register, turns on the output discharge.\nThe device automatically starts switching again - it begins a new soft-start sequence - when the supply voltage falls below 6.2 V (typical)\n9.3.13 Overcurrent Protection\n9.3.13.1 Cycle-by-Cycle Current Limiting\nIf the peak inductor current increases above the high-side current limit threshold, the device turns off the high-side switch and turns on the low-side switch to ramp down the inductor current. The device only turns on the high-side switch again if the inductor current has decreased below the low-side current limit threshold.\nNote that because of the propagation delay of the current limit comparator, the current limit threshold in practice can be greater than the DC value specified in the Electrical Characteristics. The current limit in practice is given by:\nwhere:\n· I, is the inductor current.\n·ILiMH is the high-side current limit threshold measured at DC\nProduct Folder Links: TPS62870-Q1TPS62871-Q1 TPS62872-Q1 TPS62873-Q1"", ""\nTPS6287x-Q1 2.7-V to 6-V Input, 6-A, 9-A, 12-A, 15-A, Stackable, Synchronous Step- Down Converters with Fast Transient Response\n3 Description\n1 Features\n AEC-Q100 qualified for automotive applications\nThe TPS6287x-Q1 is a family of pin-to-pin 6-A, 9-\nTemperature grade 1: -40°C to +125°C, TA\nA, 12-A, and 15-A synchronous step-down DC/DC converters with differential remote sensing. For each\nFunctional Safety-Capable\ncurrent rating, there are full-featured device variants\nDocumentation available to aid functional safety\nwith I²C interface and limited-featured device variants\nsystem design\nwithout I2C interface. All devices offer high efficiency\nDocumentation available to aid functional safety\nand ease of use. Low-resistance power switches\nsystem design\nallow up to 15-A continuous output current at high\nDocumentation available to aid functional safety\nambient temperatures.\nsystem design 2.7-V to 6-V input voltage range\nThe devices can operate in stacked mode to deliver\nFamily of pin-to-pin compatible devices: 6-A, 9-A,\nhigher output currents or to spread the power\n12-A, and 15-A\ndissipation across multiple devices.\n Four output voltage ranges:\nThe TPS6287x-Q1 family implements an enhanced\n0.4-V to 0.71875-V in 1.25-mV steps\nDCS control scheme that supports fast transients with\n 0.4-V to 1.0375-V in 2.5-mV steps\nfixed-frequency operation.  Devices can operatein\n0.4-V to 1.675-V in 5-mV steps\npower save mode for maximum efficiency, or forced-\n0.8-V to 3.35-V in 10-mV steps\nPWM mode for the best transient performance and\n Output voltage accuracy ±1%\nlowest output voltage ripple.\n7-mQ and 4.5-mQ internal power MOSFETs Adjustable external compensation\nAn optional remote sensing feature maximizes voltage\n Resistor-selectable start-up output voltage\n and  the device\nregulation at the point-of-load,\nResistor-selectable switching frequency\nachieves better than ±1% DC voltage accuracy under\nPower-save or forced-PwM operation""]","{""original_context_count"": 30, ""original_context_characters"": 23992, ""scored_context_count"": 8, ""scored_context_characters"": 2031, ""contexts_truncated"": true, ""context_selection"": ""claim_coverage"", ""selected_evidence_ids"": [""circuit:21:net:VCC1V8_EQ"", ""document:7a6ae2179c8765b3""], ""selected_claim_ids"": [""sq_1:claim_1"", ""sq_2:claim_1""], ""excluded_evidence_ids"": [""circuit:21:module_connection:Group 11 · Clock/Oscillator:Group 5 · DDR/Memory:EQ6L_UART0_RX"", ""circuit:21:module_connection:Group 11 · Clock/Oscillator:Group 5 · DDR/Memory:EQ6L_UART0_TX"", ""circuit:21:module_connection:Group 11 · Clock/Oscillator:Group 5 · DDR/Memory:EYEQ6_FCMU_RSTEN_N_P11.13"", ""circuit:21:net:&1V8_EQ_ACQ"", ""circuit:21:net:&3V3_EQ_ACQ"", ""circuit:21:net:EQ6L_GPIO_A0_P23.0"", ""circuit:21:net:EQ6L_GPIO_A14_UBOOT"", ""circuit:21:net:EQ6L_GPIO_A1_P23.1"", ""circuit:21:net:EQ6L_GPIO_A2_P23.4"", ""circuit:21:net:EQ6L_GPIO_A3_P23.5"", ""circuit:21:net:EQ6L_PCBVERSION0"", ""circuit:21:net:MCU_1V8_EQ_EN"", ""circuit:21:net:MCU_CAM_ERRORFLAG"", ""circuit:21:net:MONITOR_CLK"", ""document:228dea636670314c"", ""document:33c144f4fddf5ce2"", ""document:377c425a6fdda20d"", ""document:44c4021cbbe6e903"", ""document:64003cece8ef9ab7"", ""document:88e619c887cf446f"", ""document:8f20a6d958d9bc2d"", ""document:a266ee5764d45ab0"", ""document:a6f318d1053a4c7e"", ""document:ac72bb1a220bade2"", ""document:b6943ae371d76077"", ""document:ce749383d8f1b59a"", ""document:e6627ad70c8cab97"", ""document:e86d6e80be2c934f""]}",0.7718855842343774,0.2966422495848665,1.0,not_applicable,0.0,0.0,1.0,0.0,not_applicable
hw-v1-joint-can-module,success,文档声明板上有哪些 CAN 相关模块，回答时能否用网表确认其具体连接？,HSI 硬件架构包含 CAN/CAN FD 电路；具体器件和网络连接应以 EDF 检索结果为准，文档能力声明与网表拓扑需分别标注来源。,"**直接结论：** 文档声明板上有4个CAN相关模块：CAN0、CAN1、CAN2、CAN3。网表可确认其具体连接，包括差分信号线、待机控制、休眠控制等网络。

**支撑证据：**

1.  **文档声明的CAN相关模块**（来源：`600608964_ADAS_HSI_0506_1952_shoulin.wang.docx`）：
    - **CAN0**：外挂TCAN1145收发器，连接至ECU Connector X1900-2/X1900-3（CAN0H/CAN0L），MCU引脚P13.0（TXD）、P13.1（RXD），待机控制SPI3片选（P02.6）[20]。
    - **CAN1**：外挂TCAN1044A收发器，连接至X1900-10/X1900-11（CAN1H/CAN1L），MCU引脚P20.7（TXD）、P20.6（RXD），待机控制SPI3片选（P00.2）[18]。
    - **CAN2**：外挂TCAN1044A收发器，连接至X1900-4/X1900-12（CAN2H/CAN2L），MCU引脚P14.0（TXD）、P14.1（RXD），待机控制SPI3片选（P00.5）[17]。
    - **CAN3**：外挂TCAN1044A收发器，连接至X1900-16/X1900-15（CAN3H/CAN3L），MCU引脚P32.3（TXD）、P32.2（RXD），待机控制SPI3片选（P00.8）[19]。

2.  **网表确认的具体连接**（来源：`825504380_ADAS_SCH_TCN2.EDF`）：
    - **CAN0模块**：
      - CAN0H：连接至C1201.&1, D1200.cathode1, L1200.&4, R1209.&2, R1214.&2, TP1206.&1, X1900.&2 [1]。
      - CAN0L：连接至C1200.&1, D1200.cathode2, L1200.&3, R1212.&2, R1215.&2, TP1215.&1, X1900.&3 [2]。
      - CAN0_INH：连接至D1203.&1, R1630.&1, TP1219.&1, U1200.INH, U1203.INH [3]。
      - CAN0_INH_ACQ：连接至C1216.&1, R1236.&2, R1237.&2, TP1232.&1, U900A.AN20/EVADC_G2CH4/EDSADC_EDS2PA [4]。
      - CAN0_STB_MCU_SPI3_CS5_P02.8：连接至R1126.&1, R1228.&2, R1241.&1, TP1217.&1, U1200.SCSN, U1202.STB, U1203.NSTB [5]。
    - **CAN1模块**：
      - CAN1H：连接至C1207.&1, D1201.cathode1, L1201.&4, R1220.&2, R1224.&2, TP1222.&1, X1900.&10 [6]。
      - CAN1L：连接至C1206.&1, D1201.cathode2, L1201.&3, R1223.&2, R1225.&2, TP1223.&1, X1900.&11 [7]。
      - CAN1_INH：连接至D1204.&1, R1629.&1, TP1228.&1, U1204.INH, U1205.INH [8]。
    - **CAN2模块**：
      - CAN2H：连接至C1301.&1, D1300.cathode1, L1300.&4, R1302.&2, R1306.&2, TP1301.&1, X1900.&4 [9]。
      - CAN2L：连接至C1300.&1, D1300.cathode2, L1300.&3, R1305.&2, R1307.&2, TP1303.&1, X1900.&12 [10]。
    - **CAN3模块**：
      - CAN3H：连接至C1306.&1, D1301.cathode1, L1301.&4, R1311.&2, R1315.&2, TP1307.&1, X1900.&16 [11]。
      - CAN3L：连接至C1305.&1, D1301.cathode2, L1301.&3, R1314.&2, R1316.&2, TP1309.&1, X1900.&15 [12]。

**结论：** 文档明确声明了CAN0、CAN1、CAN2、CAN3四个模块，网表提供了每个模块的差分信号线、休眠控制、待机控制等网络的详细连接器件，可相互验证。","**直接结论：** 文档声明板上有4个CAN相关模块：CAN0、CAN1、CAN2、CAN3。网表可确认其具体连接，包括差分信号线、待机控制、休眠控制等网络。

**支撑证据：**

1.  **文档声明的CAN相关模块**（来源：`600608964_ADAS_HSI_0506_1952_shoulin.wang.docx`）：
    - **CAN0**：外挂TCAN1145收发器，连接至ECU Connector X1900-2/X1900-3（CAN0H/CAN0L），MCU引脚P13.0（TXD）、P13.1（RXD），待机控制SPI3片选（P02.6）[20]。
    - **CAN1**：外挂TCAN1044A收发器，连接至X1900-10/X1900-11（CAN1H/CAN1L），MCU引脚P20.7（TXD）、P20.6（RXD），待机控制SPI3片选（P00.2）[18]。
    - **CAN2**：外挂TCAN1044A收发器，连接至X1900-4/X1900-12（CAN2H/CAN2L），MCU引脚P14.0（TXD）、P14.1（RXD），待机控制SPI3片选（P00.5）[17]。
    - **CAN3**：外挂TCAN1044A收发器，连接至X1900-16/X1900-15（CAN3H/CAN3L），MCU引脚P32.3（TXD）、P32.2（RXD），待机控制SPI3片选（P00.8）[19]。

2.  **网表确认的具体连接**（来源：`825504380_ADAS_SCH_TCN2.EDF`）：
    - **CAN0模块**：
      - CAN0H：连接至C1201.&1, D1200.cathode1, L1200.&4, R1209.&2, R1214.&2, TP1206.&1, X1900.&2 [1]。
      - CAN0L：连接至C1200.&1, D1200.cathode2, L1200.&3, R1212.&2, R1215.&2, TP1215.&1, X1900.&3 [2]。
      - CAN0_INH：连接至D1203.&1, R1630.&1, TP1219.&1, U1200.INH, U1203.INH [3]。
      - CAN0_INH_ACQ：连接至C1216.&1, R1236.&2, R1237.&2, TP1232.&1, U900A.AN20/EVADC_G2CH4/EDSADC_EDS2PA [4]。
      - CAN0_STB_MCU_SPI3_CS5_P02.8：连接至R1126.&1, R1228.&2, R1241.&1, TP1217.&1, U1200.SCSN, U1202.STB, U1203.NSTB [5]。
    - **CAN1模块**：
      - CAN1H：连接至C1207.&1, D1201.cathode1, L1201.&4, R1220.&2, R1224.&2, TP1222.&1, X1900.&10 [6]。
      - CAN1L：连接至C1206.&1, D1201.cathode2, L1201.&3, R1223.&2, R1225.&2, TP1223.&1, X1900.&11 [7]。
      - CAN1_INH：连接至D1204.&1, R1629.&1, TP1228.&1, U1204.INH, U1205.INH [8]。
    - **CAN2模块**：
      - CAN2H：连接至C1301.&1, D1300.cathode1, L1300.&4, R1302.&2, R1306.&2, TP1301.&1, X1900.&4 [9]。
      - CAN2L：连接至C1300.&1, D1300.cathode2, L1300.&3, R1305.&2, R1307.&2, TP1303.&1, X1900.&12 [10]。
    - **CAN3模块**：
      - CAN3H：连接至C1306.&1, D1301.cathode1, L1301.&4, R1311.&2, R1315.&2, TP1307.&1, X1900.&16 [11]。
      - CAN3L：连接至C1305.&1, D1301.cathode2, L1301.&3, R1314.&2, R1316.&2, TP1309.&1, X1900.&15 [12]。

**结论：** 文档明确声明了CAN0、CAN1、CAN2、CAN3四个模块，网表提供了每个模块的差分信号线、休眠控制、待机控制等网络的详细连接器件，可相互验证。","[""Net CAN0H connects C1201.&1, D1200.cathode1, L1200.&4, R1209.&2, R1214.&2, TP1206.&1, X1900.&2."", ""Net CAN0L connects C1200.&1, D1200.cathode2, L1200.&3, R1212.&2, R1215.&2, TP1215.&1, X1900.&3."", ""Net CAN0_INH connects D1203.&1, R1630.&1, TP1219.&1, U1200.INH, U1203.INH."", ""Net CAN0_INH_ACQ connects C1216.&1, R1236.&2, R1237.&2, TP1232.&1, U900A.AN20/EVADC_G2CH4/EDSADC_EDS2PA."", ""Net CAN0_STB_MCU_SPI3_CS5_P02.8 connects R1126.&1, R1228.&2, R1241.&1, TP1217.&1, U1200.SCSN, U1202.STB, U1203.NSTB."", ""Net CAN1H connects C1207.&1, D1201.cathode1, L1201.&4, R1220.&2, R1224.&2, TP1222.&1, X1900.&10."", ""Net CAN1L connects C1206.&1, D1201.cathode2, L1201.&3, R1223.&2, R1225.&2, TP1223.&1, X1900.&11."", ""Net CAN1_INH connects D1204.&1, R1629.&1, TP1228.&1, U1204.INH, U1205.INH."", ""Net CAN2H connects C1301.&1, D1300.cathode1, L1300.&4, R1302.&2, R1306.&2, TP1301.&1, X1900.&4."", ""Net CAN2L connects C1300.&1, D1300.cathode2, L1300.&3, R1305.&2, R1307.&2, TP1303.&1, X1900.&12."", ""Net CAN3H connects C1306.&1, D1301.cathode1, L1301.&4, R1311.&2, R1315.&2, TP1307.&1, X1900.&16."", ""Net CAN3L connects C1305.&1, D1301.cathode2, L1301.&3, R1314.&2, R1316.&2, TP1309.&1, X1900.&15."", ""Net MCU_CAM_ERRORFLAG connects TP548.&1, U400-9.GPIO_A29_TIMER_EXT1_OUTCMP2, X1903.&14."", ""Net MONITOR_CLK connects C503.&1, R546.&2, U400-9.GPIO_A30_EXT_CLK."", ""Module Group 11 · Clock/Oscillator connects to Group 14 · Ethernet/PHY through net GND."", ""Module Group 11 · Clock/Oscillator connects to Group 5 · DDR/Memory through net EQ6L_UART0_RX."", ""\nECU Connector：X1900-12\nX1900-4; None：CAN2L\nCAN2H; None：CAN Communction; HW Interface Component ：QM; None：F21/CAN2; None：CAN2外挂TCAN1044A收发器，支持速率为：\nCAN：500Kbps\nCANFD：2/5/8Mbps\n支持兼容TCAN1145/TJA1043; MCU Component ：F01/ MCU; None：QM; None：B16; None：P14.0; None：P14.0/GTM_TIM1_IN3_5/GTM_TIM0_IN3_5/GTM_TOUT80/ERAY0_TXDA/ERAY0_TXDB/CAN01_TXD; None：CAN01_TXD; None：MCU_CAN2_TXD_P14.0; None：/; None：O; None：CAN2信号输出; None：HI-Z，TCAN1044A有内置硬件上拉; None：—; SW Variable Name or SW Function Name：— ——Port1\nMCU Component ：F01/ MCU; None：QM; None：A15; None：P14.1; None：P14.1/GTM_TIM1_IN4_3/GTM_TIM0_IN4_3/CAN01_RXDB/SCU_E_REQ3_1/PMS_PINAWKP/GTM_TOUT81; None：CAN01_RXDB; None：MCU_CAN2_RXD_P14.1; None：/; None：I; None：CAN2信号输入; None：HI-Z,硬件外部上拉; None：—; SW Variable Name or SW Function Name：— ——Port1\nMCU Component ：F01/MCU; None：QM; None：J2; None：P00.5; None：P00.5/GTM_TIM3_IN4_1/GTM_TIM3_IN0_11/CAN11_RXDB/GTM_TOUT14/QSPI3_SLSO3//EVADC_G9CH7; None：GPIO/QSPI3_SLSO3; None：CAN2_STB_MCU_SPI3_CS3_P00.5; None：/; None：O; None：当贴TCAN1044A时：CAN2待机控制信号：\n高：进入STANDBY模式\n低：退出STANDBY模式\n当贴TCAN1145时：CAN2 SPI3片选信号：\n高：释放设备\n低：选中设备; None：HI-Z; None：—; SW Variable Name or SW Function Name：— ——Port1"", ""\nECU Connector：X190011\nX1900-10; None：CAN1L\nCAN1H; None：CAN Communction; HW Interface Component ：QM; None：F22/CAN1; None：CAN1外挂TCAN1044A收发器，支持速率为：\nCAN：500Kbps\nCANFD：2/5/8Mbps\n支持兼容TCAN1145/TJA1043; MCU Component ：F01/ MCU; None：QM; None：F19; None：P20.7; None：P20.7/GTM_TIM3_IN7_5/GTM_TIM2_IN7_5/GTM_TIM1_IN5_8/CAN00_RXDB/GTM_TOUT63/CAN12_TXD; None：CAN12_TXD; None：MCU_CAN1_TXD_P20.7; None：/; None：O; None：CAN1信号输出; None：HI-Z; None：—; SW Variable Name or SW Function Name：— ——Port1\nMCU Component ：F01/ MCU; None：QM; None：F17; None：P20.6; None：P20.6/GTM_TIM3_IN6_5/GTM_TIM2_IN6_5/CAN12_RXDA/GTM_TOUT62/QSPI0_SLSO8/QSPI2_SLSO8; None：CAN12_RXDA; None：MCU_CAN1_RXD_P20.6; None：/; None：I; None：CAN1信号输入; None：HI-Z,硬件外部上拉; None：—; SW Variable Name or SW Function Name：— ——Port1\nMCU Component ：F01/MCU; None：QM; None：H1; None：P00.2; None：P00.2/GTM_TIM5_IN6_11/GTM_TIM3_IN1_2/GTM_TOUT11/PSI5_TX0/CAN03_TXD/QSPI3_SLSO4/EVADC_G9CH10; None：GPIO/QSPI3_SLSO4; None：CAN1_STB_MCU_SPI3_CS4_P00.2; None：/; None：O; None：当贴TCAN1044A时：CAN1待机控制信号：\n高：进入STANDBY模式\n低：退出STANDBY模式\n当贴TCAN1145时：CAN1 SPI3片选信号：\n高：释放设备\n低：选中设备; None：HI-Z; None：—; SW Variable Name or SW Function Name：— ——Port1"", ""\nECU Connector：X1900-15\nX1900-16; None：CAN3L\nCAN3H; None：CAN Communction; HW Interface Component ：QM; None：F20/CAN3; None：CAN3外挂TCAN1044A收发器，支持速率为：\nCAN：500Kbps\nCANFD：2/5/8Mbps\n支持兼容TCAN1145/TJA1043; MCU Component ：F01/ MCU; None：QM; None：Y18; None：P32.2; None：P32.2/GTM_TIM1_IN3_8/GTM_TIM0_IN3_8/CAN03_RXDB/GTM_TOUT38/PMS_DCDCSYNCO; None：CAN03_RXDB; None：MCU_CAN3_RXD_P32.2; None：/; None：I; None：CAN3信号输入; None：HI-Z,硬件外部上拉; None：—; SW Variable Name or SW Function Name：— ——Port1\nMCU Component ：F01/ MCU; None：QM; None：Y19; None：P32.3; None：P32.3/GTM_TIM1_IN4_5/GTM_TIM0_IN4_5/GTM_TOUT39/CAN03_TXD; None：CAN03_TXD; None：MCU_CAN3_TXD_P32.3; None：O; None：CAN3信号输出; None：HI-Z，TCAN1044A有内置硬件上拉; None：—; SW Variable Name or SW Function Name：— ——Port1\nMCU Component ：F01/MCU; None：QM; None：K4; None：P00.8; None：P00.8/GTM_TIM3_IN7_1/GTM_TIM3_IN3_11/GTM_TIM2_IN7_1/GTM_TOUT17/QSPI3_SLSO6/EVADC_G9CH4; None：GPIO/QSPI3_SLSO6; None：CAN3_STB_MCU_SPI3_CS6_P00.5; None：/; None：O; None：当贴TCAN1044A时：CAN3待机控制信号：\n高：进入STANDBY模式\n低：退出STANDBY模式\n当贴TCAN1145时：CAN3 SPI3片选信号：\n高：释放设备\n低：选中设备; None：HI-Z; None：—; SW Variable Name or SW Function Name：— ——Port1"", ""\nECU Connector：X1900-3\nX1900-2; None：CAN0L\nCAN0H; None：CAN Communction; HW Interface Component ：QM; None：F23/CAN0 ; None：CAN0外挂TCAN1145收发器，支持CAN特定帧报文唤醒，支持速率：\nCAN：500Kbps\nCANFD：2/5Mbps\n支持兼容TCAN1044A/TJA1043; MCU Component ：F01/ MCU; None：QM; None：B12; None：P13.0; None：P13.0/GTM_TIM3_IN5_3/GTM_TIM2_IN5_3/GTM_TOUT91/QSPI2_SCLKN/MSC0_EN1/MSC0_FCLN/CAN10_TXD; None：CAN10_TXD; None：MCU_CAN0_TXD_P13.0; None：/; None：O; None：CAN0信号输出; None：HI-Z，TCAN1145有内置硬件上拉; None：—; SW Variable Name or SW Function Name：— ——Port1\nMCU Component ：F01/ MCU; None：QM; None：A12; None：P13.1; None：P13.1/GTM_TIM3_IN6_3/GTM_TIM2_IN6_3/I2C0_SCLB/CAN10_RXDD/GTM_TOUT92/QSPI2_SCLKP/MSC0_FCLP/I2C0_SCL; None：CAN10_RXDD; None：MCU_CAN0_RXD_P13.1; None：/; None：I; None：CAN0信号输入; None：HI-Z，硬件外部上拉; None：—; SW Variable Name or SW Function Name：— ——Port1\nMCU Component ：F01/ MCU; None：QM; None：E1; None：P02.6; None：P02.6/GTM_TIM3_IN0_10/QSPI3_MTSRA/GTM_TOUT6/QSPI3_MTSR/PSI5_TX1; None：QSPI3_MTSR; None：MCU_SPI3_MTSR_P02.6; None：/; None：O; None：SPI3总线的主发从收信号; None：HI-Z，硬件外部上拉; None：—; SW Variable Name or SW Function Name：— ——Port1"", ""<table><tr><td>HM ID</td><td>F02/F03/F04/F28</td></tr><tr><td>模块功能 \nModule Function</td><td>EYEQ6-L最小系统组成：外部30MHz晶体给EYEQ6-L提供基本时钟输入，外部20MHz有源晶振提供监控时钟，外扩OSPI接口的2Gb NAND FLASH存储程序，外扩1GB的LPDDR4运存。NXB0104是用于MCU的3V3_SPI和NAND FLASH的1V8_SPI进行电平转换，用于MCU读写NAND FLASH。\nEYEQ6-L minimum system components: an external 30MHz crystal provides the basic clock input for EYEQ6-L, an external 20MHz active crystal provides the monitoring clock, an external 2GbNAND FLASH memory program for OSPI interface, and an external 1GB LPDDR4 operation memory. NXB0104 is used for level conversion of 3V3_SPI of MCU and 1V8-SPI of NAND FLASH for MCU to read and write NAND FLASH.</td></tr><tr><td>模块框图\nModule diagram</td><td></td></tr><tr><td>模块方案\nModule solution</td><td>\n1、处理器\n根据ADAS产品需求图像处理SOC功能安全需要达到ASIL-B，经综合评估选择Mobileye产品EYEQ6-L，最高功能安全可达到ASIL-B，接口资源丰富。\n1.Processor\nAccording to the requirements of ADAS products, the functional safety of image processing SOC needs to reach ASIL-B. After comprehensive evaluation, Mobileye product EYEQ6-L is selected, and the highest functional safety can reach ASIL-B with abundant interface resources. +\n2、时钟\n硬件选型30MHz晶振给EYEQ6-L提供时钟输入，由其内部PLL等电路完成倍频、分频，供其内核和各模块使用。外部20MHz有源晶振作为内部监控时钟。\n2.Clock\nThe 30MHz crystal provides clock input to the EYEQ6-L, and its internal PLL circuit completes frequency multiplication and frequency division for the EyeQ6-L core and each module. The external 20MHz active crystal is energized as an internal monitoring clock.\n3、DDR\nEYEQ6在外扩的DDR中运行程序和存储临时数据，其DDR控制器可支持32bits位宽的LPDDR4 SDRAM，最大读写速率4266 Mb/s/pin 。本设计中选用1片32bit的LPDDR4 SDRAM，型号为车规级器件K4F8E3S4HD-GHCL02V，以充分利用数据带宽，保证EYEQ6的处理速度，LPDDR4工作环境温度为-40℃~105℃，单片总容量1GB。\n3.DDR\nEYEQ6 runs programs and stores temporary data in the extended DDR. Its DDR controller supports LPDDR4 SDRAM with 32bits wide and a maximum read/write rate of 4266Mb/s/pin. In this design, a 32bit LPDDR4 SDRAM is selected, the model is car grade device K4F8E3S4HD-GHCLO2V, in order to make full use of the data bandwidth and ensure the processing speed of EYEQ6. The working environment temperature of LPDDR4 is -40℃-105℃, and the total capacity of a single chip is 1GB.\n\n\n4、NAND FLASH\n选择ME推荐的WinBond公司产品W35N02JWTBKF，容量2Gb，FLASH支持CRC安全机制。\nNXB0104是用于MCU的3V3_ SPI和NAND FLASH的1V8_ SPI进行电平转换，通过MCU_SPI1_CS片选电平转换芯片，实现MCU对NAND FLASH的读写操作，转换芯片在本应用场景下支持最大传输速率80Mbps。\nNAND FLASH\nChoose the WinBond company product W35N02JWTBKF recommended by ME, with a capacity of 2Gb and FLASH supporting CRC security mechanism. \nNXB0104 is used for the level conversion of 3V3_SPI of MCU and 1V8_SPI of NAND FLASH. The level conversion chip is selected by MCU_SPI1_CS chip to realize the reading and writing operation of MCU to NAND FLASH. The converter chip supports a maximum transmission rate of 80Mbps in this application scenario. \n5、电源和复位\nEYEQ6-L需要6路电源：VCC3V3_EQ、VCC0V75、0V75_MIPI_DDR、VCC1V8、VCC1V1、VCC1V8_EQ，其中VCC0V75用于给内核供电。复位信号由MCU通过P02.4口进行控制。\nPower and reset\nEYEQ6-L requires six power sources: VCC3V3-EQ, VCCOV75, OV75_MIPI_DDR, VCC1V8, VCC1V1, VCC1V8_EQ, where VCCOV75 is used to power the core. The reset signal is controlled by the MCU through the P02.4 pin.</td></tr></table>"", ""<table><tr><td>HM ID</td><td>F20/F21/F22/F23</td></tr><tr><td>运行模式\nOperation Mode</td><td>运行模式、待机模式、Sleep模式、OFF模式、Overtemp模式\nRun mode, standby mode, Sleep mode, OFF mode, Overtemp mode.</td></tr><tr><td>模式定义\nDefinition of Operation mode</td><td>TCAN1044A：\n1、\t运行模式\nSTB设置为低电平使能Normal模式，收发器可以通过总线CANH和CANL发送接收数据。\n2、\t待机模式\nSTB设置为高电平使能Standby模式，收发器将不再发送接收数据。\n1.Run mode\nThe STB is set to low to enable Normal mode, and the transceiver can send and receive data through the bus CANH and CANL. \n2.Standby mode\nThe STB is set to high level enable Standby mode, and the transceiver will no longer send the received data.\nTCAN1145：\n1、Normal模式\n通过SPI3配置寄存器MC=111进入Normal模式，收发器可以通过总线CANH和CANL发送接收数据。\n2、Standby模式\n通过SPI3配置寄存器MC=100，使能Standby模式，收发器将不再发送接收数据，但INH引脚依然有效。\n3、Sleep模式\n   通过SPI3配置寄存器MC=001或者发生欠压事件，CAN收发器进入sleep模式。该模式下INH为高阻态。\n与TJA1145寄存器地址有差别，软件开发需要注意。\n4、Off模式\n当电源电压过低无法为IC供电，收发器进入Off模式，该模式下CAN引脚和INH引脚为高阻态。\n5、Overtemp模式\n当芯片整体温度高于阈值，会进入过温模式，该模式下收发器的发送端和接收端被禁用，INH引脚为高阻态。\nNormal mode\nThe Normal mode is entered through SPI3 configuration register MC=111, and the transceiver can send and receive data through buses CANH and CANL. \nStandby mode\nBy configuring the SPI3 register MC=100 to enable the Standby mode, the transceiver will no longer send the received data, but the INH pin will remain active. \nSleep mode\nThrough SPI3 configuration register MC=001 or an undervoltage event occurs, the CAN transceiver goes into sleep mode. In this mode, INH is in the high impedance state. \nOff mode\nWhen the supply voltage is too low to power the IC, the transceiver enters the Of mode, in which the CAN pin and INH pin are in the high resistance state. \nOvertemp mode\nWhen the overall chip temperature is higher than the threshold, it will enter the over-temperature mode, in which the transmitter and receiver of the transceiver are disabled, and the INH pin is in the high impedance state. </td></tr><tr><td>模式切换接口\nMode switching interface</td><td></td></tr><tr><td>模式状态机\nMode state machine</td><td>TCAN1044A：\n\nTCAN1145：\n\n</td></tr><tr><td>模式切换条件\nMode switching condition</td><td>参考：\n产品系统需求规格说明\n产品系统方案设计说明书\nReference: \nProduct system requirement specification \nProduct system scheme design specification.</td></tr><tr><td>备注\nNote</td><td></td></tr></table>"", ""<table><tr><td>模块序号\nModule number</td><td>模块名称\nModule name</td><td>功能定义\nFunction definition.</td><td>功能安全需求\nFunctional safety requirements</td></tr><tr><td>F01</td><td>MCU</td><td>SAK-TC377TP-96F300S AA</td><td>B(B)</td></tr><tr><td>F02</td><td>EYEQ6-L</td><td>EYEQ6-L，用于sensor的视频处理</td><td>B</td></tr><tr><td>F03</td><td>EYEQ6_LPDDR4</td><td>EQ6的1GB LPDDR4</td><td>B</td></tr><tr><td>F04</td><td>EYEQ6_NAND FLASH</td><td>EQ6的2Gb NAND FLASH</td><td>B</td></tr><tr><td>F05</td><td>CAM SENSOR</td><td>Sony 728摄像头模组</td><td>B</td></tr><tr><td>F06</td><td>KL30 sample</td><td>KL30电压采样</td><td>QM</td></tr><tr><td>F07</td><td>KL15 sample</td><td>KL15电压采样</td><td>QM</td></tr><tr><td>F08</td><td>EQ system power sample1</td><td>EQ6L系统供电电源电压ADC采样滤波、分压电路</td><td>B(B)</td></tr><tr><td>F09</td><td>ETH and CAN power sample2</td><td>CAN和ETH电源电压ADC采样滤波、分压电路</td><td>QM</td></tr><tr><td>F10</td><td>NTC temp sensor</td><td>NTC温度传感器，监控EQ6L/LPDDR4周边环境温度。</td><td>B</td></tr><tr><td>F11</td><td>KL30 EMI</td><td>KL30供电口EMI滤波电路.</td><td>B</td></tr><tr><td>F12</td><td>POWER</td><td>LN10046，KL30电源转VCC3V3电源</td><td>B</td></tr><tr><td>F13</td><td>POWER</td><td>LP87702，VCC3V3电压输入，VCC1V1、VCC1V8、VCC50电压输出</td><td>QM(B)</td></tr><tr><td>F14</td><td>POWER</td><td>TPS62872，VCC3V3电压输入，VCC0V75电压输出</td><td>QM(B)</td></tr><tr><td>F15</td><td>POWER</td><td>SA23002，VCC3V3输入，VCC0V75电压输出</td><td>QM(B)</td></tr><tr><td>F16</td><td>POWER</td><td>TPS22918负载开关，VCC3V3电压输入，VCC3V3_EQ输出</td><td>QM(B)</td></tr><tr><td>F17</td><td>POWER</td><td>TPS22918负载开关，VCC3V3输入，VCC3V3_ETH输出</td><td>QM</td></tr><tr><td>F18</td><td>overvoltage protect</td><td>用于MCU电源VCC3V3_MCU的外部过压保护</td><td>B</td></tr><tr><td>F19</td><td>POWER</td><td>TPS22918 负载开关，VCC1V8电压输入，VCC1V8_EQ电压输出</td><td>QM(B)</td></tr><tr><td>F20</td><td>CAN3</td><td>基于TCAN1145的CAN通讯，硬件支持特定报文唤醒</td><td>QM</td></tr><tr><td>F21</td><td>CAN2</td><td>基于TCAN1044A的CAN通讯.</td><td>QM</td></tr><tr><td>F22</td><td>CAN1</td><td>基于TCAN1044A的CAN通讯</td><td>QM</td></tr><tr><td>F23</td><td>CAN0</td><td>基于TCAN1044A的CAN通讯.</td><td>QM</td></tr><tr><td>F24</td><td>ETH</td><td>基于DP83TC812R的100BASE-T1通讯</td><td>QM</td></tr><tr><td>F25</td><td>Wake up</td><td>唤醒源和一级电源使能电路设计</td><td>QM</td></tr><tr><td>F26</td><td>watchdog</td><td>LP87702的看门狗功能，用于监控MCU运行状态</td><td>B</td></tr><tr><td>F27</td><td>POWER</td><td>VCC3V3_MCU转VCC1V25_MCU电压，由MCU的EVRC进行控制。</td><td>B</td></tr><tr><td>F28</td><td>level translation</td><td>3V3和1V8双向电压转换芯片</td><td>QM</td></tr></table>"", ""\nUnnamed: 0：nan; Unnamed: 1：nan; Unnamed: 2：nan; Unnamed: 3：nan; Unnamed: 4：nan; Unnamed: 5：nan; Unnamed: 6：nan ——7_Definition&Arch\nUnnamed: 0：nan; Unnamed: 1：nan; Unnamed: 2：nan; Unnamed: 3：nan; Unnamed: 4：nan; Unnamed: 5：nan; Unnamed: 6：nan ——7_Definition&Arch\nUnnamed: 0：nan; Unnamed: 1：nan; Unnamed: 2：nan; Unnamed: 3：nan; Unnamed: 4：nan; Unnamed: 5：nan; Unnamed: 6：nan ——7_Definition&Arch\nUnnamed: 0：nan; Unnamed: 1：nan; Unnamed: 2：nan; Unnamed: 3：nan; Unnamed: 4：nan; Unnamed: 5：nan; Unnamed: 6：nan ——7_Definition&Arch\nUnnamed: 0：nan; Unnamed: 1：nan; Unnamed: 2：nan; Unnamed: 3：nan; Unnamed: 4：nan; Unnamed: 5：nan; Unnamed: 6：nan ——7_Definition&Arch\nUnnamed: 0：nan; Unnamed: 1：nan; Unnamed: 2：nan; Unnamed: 3：二、XXX系列产品\n安全机制配置列表; Unnamed: 4：nan; Unnamed: 5：nan; Unnamed: 6：nan ——7_Definition&Arch\nUnnamed: 0：nan; Unnamed: 1：nan; Unnamed: 2：nan; Unnamed: 3：nan; Unnamed: 4：nan; Unnamed: 5：nan; Unnamed: 6：本部分用于了解不同系列产品可以配置使能的安全机制有哪些 ——7_Definition&Arch\nUnnamed: 0：nan; Unnamed: 1：nan; Unnamed: 2：nan; Unnamed: 3：nan; Unnamed: 4：nan; Unnamed: 5：nan; Unnamed: 6：nan ——7_Definition&Arch"", ""\nSheet名称：9_SA; 内容摘要：xxx系列产品系统层级假设; 项目适配说明：需要需求开发人员确认本sheet的\nD列是否被满足，并填写确认结果 ——0_Instruction Manual\nSheet名称：10_Recognition Unit; 内容摘要：xxx的硬件组件图; 项目适配说明：需要根据实际的项目需要，\n确认硬件架构图 ——0_Instruction Manual\nSheet名称：11_xxxxxB(D)_HWFMEA; 内容摘要：xxx的硬件FMEA; 项目适配说明：须要需求开发人员结合项目的硬件原理图和安全需求，完善FMEA内容，以判断xxx中的硬件组件在本项目中是否安全相关，并与TSR建立追溯关系 ——0_Instruction Manual\nSheet名称：12_xxxxxB(D)_SIR; 内容摘要：xxx的安全机制及分配给\n软硬件的需求; 项目适配说明：基于FMEA结果，在确认需求后，需要结合客户释放的安全需求和\""Registers Bit Description_13\""sheet页check需求，并明确本sheet中红色字体部分的内容 ——0_Instruction Manual\nSheet名称：13_Registers Bit Description; 内容摘要：需求确认中所需的相关寄存器信息汇总列表; 项目适配说明：需要需求开发人员在确认需求时\n了解相关寄存器 ——0_Instruction Manual\nSheet名称：14_xxxxxB(D)_DTCAndDID Table; 内容摘要：不同故障的DTC和DID; 项目适配说明：对于每一种故障，需要明确DTC和DID为多少 ——0_Instruction Manual\nUnnamed: 0：nan; Unnamed: 1：nan; Unnamed: 2：nan; 文件编号：：ID: ; APXXXXXX_XXX_FS_SM_XXX：APXXXXXX_XXX_FS_SM_XXX ——1_Face"", ""<table><tr><td>HM ID</td><td>F20/F21/ F22/ F23</td></tr><tr><td>模块功能 \nModule Function</td><td>ADAS系统需求MCU外置4路CAN/CAN FD和外部进行通讯。\nThe ADAS system requires MCU external 4-channel CAN/CAN FD and external communication. </td></tr><tr><td>模块框图\nModule diagram</td><td></td></tr><tr><td>模块方案\nModule solution</td><td>根据系统需求ADAS的四路CAN/CANFD都需要兼容TCAN1145和TCAN1044A，最大速率支持5M，根据客户需求进行选贴。\nCAN0芯片用到引脚有MCU_CAN0_TXD_P13.0，MCU_CAN0_RXD_P13.1，MCU_SPI3_MTSR_P02.6，CAN_EN_MCU_SPI3_MRST_P02.5，CAN_ERR_MCU_SPI3_CLK_P02.7，CAN0_STB_MCU_SPI3_CS5_P02.8。\nCAN1芯片用到的引脚有MCU_CAN1_TXD_P20.7，MCU_CAN1_RXD_P20.6，MCU_SPI3_MTSR_P02.6，CAN_EN_MCU_SPI3_MRST_P02.5，CAN_ERR_MCU_SPI3_CLK_P02.7，CAN1_STB_MCU_SPI3_CS4_P00.2。\nCAN2芯片用到的引脚有MCU_CAN2_TXD_P14.0，MCU_CAN2_RXD_P14.1，MCU_SPI3_MTSR_P02.6，CAN_EN_MCU_SPI3_MRST_P02.5，CAN_ERR_MCU_SPI3_CLK_P02.7，CAN2_STB_MCU_SPI3_CS3_P00.5。\nCAN3芯片用到的引脚有MCU_CAN3_TXD_P32.3，MCU_CAN3_RXD_P32.2，MCU_SPI3_MTSR_P02.6，CAN_EN_MCU_SPI3_MRST_P02.5，CAN_ERR_MCU_SPI3_CLK_P02.7，CAN3_STB_MCU_SPI3_CS6_P00.8。\n1, Per system requirements, all four CAN/CAN FD channels in the ADAS must be compatible with both TCAN1145 and TCAN1044A transceivers, supporting a maximum rate of 5 Mbps. The selection of components (TCAN1145 or TCAN1044A) is determined by customer requirements.\nPin Assignments:\nCAN0:\nMCU_CAN0_TXD_P13.0, MCU_CAN0_RXD_P13.1, MCU_SPI3_MTSR_P02.6, CAN_EN_MCU_SPI3_MRST_P02.5, CAN_ERR_MCU_SPI3_CLK_P02.7, CAN0_STB_MCU_SPI3_CS5_P02.8.\nCAN1:\nMCU_CAN1_TXD_P20.7, MCU_CAN1_RXD_P20.6, MCU_SPI3_MTSR_P02.6, CAN_EN_MCU_SPI3_MRST_P02.5, CAN_ERR_MCU_SPI3_CLK_P02.7, CAN1_STB_MCU_SPI3_CS4_P00.2.\nCAN2:\nMCU_CAN2_TXD_P14.0, MCU_CAN2_RXD_P14.1, MCU_SPI3_MTSR_P02.6, CAN_EN_MCU_SPI3_MRST_P02.5, CAN_ERR_MCU_SPI3_CLK_P02.7, CAN2_STB_MCU_SPI3_CS3_P00.5.\nCAN3:\nMCU_CAN3_TXD_P32.3, MCU_CAN3_RXD_P32.2, MCU_SPI3_MTSR_P02.6, CAN_EN_MCU_SPI3_MRST_P02.5, CAN_ERR_MCU_SPI3_CLK_P02.7, CAN3_STB_MCU_SPI3_CS6_P00.8.</td></tr></table>"", ""注：使用本模板时请先阅读填写说明页，形成工作产品时本页不可删除变更历史Change History目  录Table of Contents1\t概述 Introduction\t81.1 目的 Purpose\t81.2 适用范围 Range of Application\t81.3 读者对象 TReader\t81.4 术语及缩写解释 Terms and Abbreviations\t81.5 参考文档 Reference Document\t82\t硬件架构 Hardware Architecture\t92.1 系统概述 System overview\t92.2 硬件框图 Hardware block diagram\t102.3 模块电路 Module circuit\t122.3.1 KL30电源管理电路 KL30 supply management circuit\t122.3.2 唤醒电路 Wake Up circuit\t132.3.3 电源电路 power circuit\t152.3.4 TC377最小系统 TC377 minimum system\t232.3.5 EQ6最小系统 EQ6 minimum system\t252.3.6 摄像头最小系统 camera minimum system\t282.3.7 看门狗电路 Watchdog circuit\t302.3.8 温度采样电路 Temp Sample circuit\t302.3.9 系统内电源电压采样电源 The power System Voltage Sampling circuit\t312.3.10 ETH电路 ETH circuit\t332.3.11 CAN/CAN FD电路 CAN/CAN FD circuit\t342.3.12 3V3过压保护电路 3V3 overvoltage protection circuit\t353\t硬件运行模式 Hardware Operation Mode\t363.1 硬件运行模式 Hardware Operation Mode\t363.2 运行模式定义 Definition of Operation Mode\t373.3 运行模式转换条件 Transition Condition of Operation Mode\t393.3.1 KL30电源管理电路 KL30 supply management circuit\t393.3.2 唤醒电路 Wake Up circuit\t413.3.3 电源电路 Power Circuit\t423.3.4 TC377最小系统 TC377 minimum system\t53"", ""<table><tr><td>HM ID</td><td>F13</td></tr><tr><td>模块功能 \nModule Function</td><td>VCC1V8用于EQ6、CAM、DDR、FLASH供电。VCC1V1用于EQ6、DDR供电。VCC50用于CAN收发器供电，现选择LP87702 PMIC方案。\nVCCIV8 is used to power EQ6, CAM, DDR, FLASH.VCC1V1 is used to power EQ6,DDR. VCC50 is used for CAN transceiver power supply, now choose LP87702 PMIC scheme. \n</td></tr><tr><td>模块框图\nModule diagram</td><td></td></tr><tr><td>模块方案\nModule solution</td><td>\n采用LP87702芯片，将VCC3V3转换为VCC1V8、VCC1V1、VCC50，其中VCC1V8用于EQ6、CAM、DDR、FLASH供电，VCC1V1用于EQ6、DDR供电，VCC50用于CAN收发器供电。用MCU的P15.3引脚使能该芯片的5V输出，用MCU_SCL_P15.4，MCU_SDA_P15.5 I2C通信来设置1.8V和1.1输出电压和使能。用MCU的P12.1引脚复位该芯片。\nLP87702 chip is used to convert VCC3V3 into VCC1V8, VCC1V1 and VCC50, in which VCC1V8 is used for EQ6, CAM, DDR and FLASH power supply, VCC1V1 is used for EQ6 and DDR power supply, and VCC50 is used for CAN transceiver power supplyP15.3 pin of MCU is used to enable 5V output of the chip, and MCU_SCL_P15.4, MCU_SDA_P15.5 I2C communication is used to set 1.8V and 1.1 output voltage and enable it. Reset the chip with P12.1 pin of the MCU. </td></tr></table>"", ""<table><tr><td>HM ID</td><td>F01/F07/F25/F28/F31</td></tr><tr><td>模块功能 \nModule Function</td><td>ADAS产品支持KL15唤醒、CAN唤醒（平台预留）和以太网唤醒（平台预留）三种唤醒方式，当唤醒信号有效时直接使能一级电源，MCU开始工作并启动ADAS产品，并且MCU可以通过MCU_WAKE_HOLD_P12.0信号辅助使能一级电源，实现off delay功能。\nADAS products support KL15 wake up, CAN wake up（Platform reservation），ETH wake up（Platform reservation）, three wake up modes. When the wake up signal is effective, the first-level power supply will be directly enabled. MCU starts to work and start the ADAS product, and the MCU can enable the first-level power supply through the MCU_WAKE_HOLD_P12.0 signal assist to achieve the off delay function.</td></tr><tr><td>模块框图\nModule diagram</td><td></td></tr><tr><td>模块方案\nModule solution</td><td>KL15唤醒  KL15 Wake Up\nKL15分成两路信号：\nThe KL15 signal divides into two signals:\n一路经过防反二极管和分压电阻后用于使能一级电源LN10046，当KL15为逻辑高时有效，一级电源开始工作。并且MCU得电启动后会使能MCU_WKUP_HOLD_P12.0引脚，通过防反接二极管辅助使能一级电源并在唤醒源掉电后实现OFF DELAY功能，确保MCU完成所有必要任务之后ADAS产品进入休眠。\nOne way passes through an anti-reverse diode and two divider resistors , used to enable the EN pin of the primary power supply LN10046, effective when the KL15 is logically high, the primary power supply starts working. The MCU_WKUP_HOLD_P12.0 pin will be enabled after the MCU is powered on, and the primary power supply will be enabled through the anti-reverse diode assist, and the function of OFF DELAY will be performed after the wake source is powered off to ensure that the ADAS product will enter hibernation after the MCU completes all necessary tasks.\n另一路通过防反接二极管和100K,1%、10K,1%分压电路，用于MCU的ADC采样进行是否有效判断。 用到的引脚网络是WKUP_ACQ，对应MCU的AN0引脚。\nThe other way through the anti-reverse diode and 100K,1%, 20K,1% voltage divider circuit, used for MCU ADC sampling to determine whether effective. The pin network used is WKUP_ACQ, which corresponds to the AN0 pin of the MCU.\nCAN特定帧唤醒\nADAS平台支持特定报文的CAN唤醒功能，当唤醒信号有效时会直接使能一级电源的使能信号，系统开始唤醒，MCU工作并启动整个ADAS产品工作。\nCAN通讯接口，TCAN1145配置时支持CAN特定报文唤醒，TCAN1145的VBAT引脚接至UB_PR引脚，INH引脚通过分压和防反电路接至一级电源使能引脚，当CAN总线接收到唤醒报文时INH引脚为逻辑高，会使能一级电源，产品开始工作。INH信号通过一个防范二极管在通过100K和10K电阻分压后用MCU的AN11引脚采样。\n2.CAN0 bus wake up \nThe ADAS platform reserves the CAN wake-up function to support specific messages. When the wake-up signal is effective, the enable signal of the first-level power supply will be directly enabled, the system will start to wake up, and the MCU will work and start the entire ADAS product.\nCAN communication interface, TCAN1145 supports CAN specific message wake-up when configured, the VBAT pin of TCAN1145 is connected to UB_PR pin, The INH pin is connected to the primary power enable pin through the voltage divider and anti-reverse circuit. When the CAN bus receives the wake-up message, the INH pin is logically high, which will enable the primary power and the product will start to work. The INH signal is sampled with the AN11 pin of the MCU via a guard diode after voltage splitting through 100K and 33K resistors.\n3.ETH报文唤醒\nADAS产品唤醒支持ETH报文唤醒，当唤醒信号有效时会直接使能一级电源的使能信号，系统开始唤醒，MCU工作并启动整个ADAS产品工作。ETH PHY DP83TC812R的VSLEEP引脚接至常电，INH引脚通过分压和防反电路接至一级电源使能引脚，当以太网接收到唤醒报文时INH引脚为逻辑高，会使能一级电源，产品开始工作。\n3.Flexray specific packet wakeup \nThe wakeup of ADAS products supports the wakeup of ETH message. When the wakeup signal is effective, the enable signal of the primary power supply will be directly enabled, and the system will start to wake up, and the MCU will work and start the whole ADAS product. The VSLEEP pin of the PHY DP83TC812R is connected to the Constant Power Supply, and the INH pin is connected to the primary power enable pin through the voltage divider and anti-reverse circuit. When the ETH bus receives the wake-up message, the INH pin is logically high, and the primary power is enabled and the product starts to work. \n4.自保持唤醒 MCU_WKUP_HOLD\n当CAN总线唤醒报文中断后，INH引脚电平会无效（逻辑低），此时MCU会通过MCU_WKUP_HOLD_P12.0引脚进入OFF DELAY功能自保持唤醒一段时间，确保MCU完成所有必要任务之后ADAS产品进入休眠。\n4. Self keeping wake up\nWhen the CAN bus wake-up frame is interrupted, the INH pin level will be invalid (low logic), and the MCU will enter the OFF DELAY function through the MCU_WKUP_HOLD_P12.0 pin to keep awake for a period of time to ensure that the ADAS product will enter hibernation after the MCU completes all necessary tasks.</td></tr></table>"", ""<table><tr><td>HM ID</td><td>F11/F12/F13/F14/F15/F16/F17/F18/F19/F25/F27</td></tr><tr><td>模块功能 \nModule Function</td><td>系统使用车载电池12V电压供电，经过EMI电路后输入至电源转换芯片，转换输出系统各模块所需电源。\nThe system uses 12V voltage power supply from the vehicle battery, which is input to the power conversion chip through the EMI circuit. Then the power conversion chip convert and output the power required by each module of the system.</td></tr><tr><td>模块框图\nModule diagram</td><td></td></tr><tr><td>模块方案\nModule solution</td><td>KL30 EMI (ASIL-B)\nKL30供电口处增加EMI电路，用于供电保护和滤波。硬件电路设计在UBD网络增加两个串联ESD电容，PCB布局靠近主连接器引脚处，用于吸收外部ESD信号，后端增加双向TVS管用于瞬态过压保护\nThe EMI circuit is added at the KL30 power supply port for power supply protection and filtering. The hardware circuit design adds two series ESD capacitors in the UBD network, the PCB layout is close to the main connector pin for absorbing external ESD signals, and the two-way TVS tube is added at the back end for transient overvoltage protection.\nKL30 to VCC3V3 (ASILB)\nKL30转VCC3V3是系统一级DC-DC，给MCU提供VCC3V3_MCU电源，所以系统要求其满足ASILB，确保MCU功能安全。\nKL30 to VCC3V3 is a system primary DC-DC chip, because the MCU needs VCC3V3_MCU power supply, so the system requires it to meet the ASILB to ensure the functional safety of the MCU.\nVCC3V3_MCU to VCC1V25_MCU(ASILB)\n3V3转1V25_MCU是使用MCU内置控制器进行控制的BUCK电源，用于MCU的核供电，功能安全需求达到ASILB，确保MCU功能安全。\n3V3 to 1V25_MCU is a BUCK power supply controlled by MCU built-in controller, which is used for MCU nuclear power supply. Functional safety requirements meet ASILB to ensure the functional safety of MCU.\nVCC3V3 to VCC0V75(QM(B))\nVCC3V3转VCC0V75应用于EQ6的内核供电，要求输出电流能力大，现选型TI的电源方案TPS62872。用MCU的P22.0引脚使能芯片，用MCU_SDA_P15.5，MCU_SCL_P15.4引脚I2C通信来设置输出电压和通信。\nVCC3V3 to VCC0V75 is applied to the core power supply of EQ6, which requires large output current capacity. The power supply scheme TPS62872 of TI is selected. P22.0 pin of MCU is used to enable the chip, and MCU_SDA_P15.5, MCU_SCL_P15.4 pin I2C communication is used to set the output voltage and communication. \nVCC3V3 to 0V75_MIPI_DDR(QM(B))\nVCC3V3转0V75_MIPI_DDR用于EQ6的IO口供电，现使用矽力杰的SA23002进行设计。用MCU的P22.1引脚使能该芯片。\nVCC3V3 to 0V75_MIPI_DDR for EQ6 IO port power supply, Silergy’s SA23002 is designed. The P22.1 pin of the MCU is used to enable the chip.\nVCC3V3转VCC1V8、VCC1V1、VCC50(QM(B))\nVCC1V8用于EQ6、CAM、DDR、FLASH供电，VCC1V1用于EQ6、DDR供电，VCC50用于CAN收发器供电，现选择LP87702 PMIC方案。用MCU的P15.3引脚使能该芯片的5V输出，用MCU_SCL_P15.4，MCU_SDA_P15.5 I2C通信来设置1.8V和1.1V输出电压和使能。\nVCC1V8 is used for EQ6, CAM, DDR, FLASH power supply, VCC1V1 is used for EQ6, DDR power supply, VCC50 is used for CAN transceiver  power supply, LP87702 PMIC scheme is selected. P15.3 pin of MCU is used to enable 5V output of the chip, and MCU_SCL_P15.4, MCU_SDA_P15.5 I2C communication is used to set 1.8V and 1.1V output voltage and enable it. \nVCC3V3 to VCC3V3_EQ(QM(B))\nVCC3V3转VCC3V3_EQ用于EQ6的IO和摄像头供电，现使用负载开关进行设计。用MCU的P20.3引脚使能该芯片。\nVCC3V3 to VCC3V3_EQ for EQ6’s IO and camera power supply, now using the load switch is designed. .The P20.3 pin of the MCU is used to enable the chip.\n\tVCC3V3 to VCC3V3_ETH(QM)\n3V3转3V3_ETH用于ETH供电，现选择负载开关方案。用MCU的P21.0引脚使能该芯片。\n3V3 to 3V3_ETH for ETH power supply, the load switch scheme is selected. . The P21.0 pin of the MCU is used to enable the chip.\n\tVCC1V8 to VCC1V8_EQ(QM(B))\nVCC1V8转VCC1V8_EQ用于EQ供电，现选择负载开关方案。用MCU的P20.0引脚使能该芯片。\nVCC1V8 to VCC1V8_EQ for EQ power supply, the load switch scheme is selected. . The P20.0 pin of the MCU is used to enable the chip.</td></tr><tr><td colspan='2'></td></tr></table>""]","{""original_context_count"": 30, ""original_context_characters"": 27568, ""scored_context_count"": 8, ""scored_context_characters"": 1793, ""contexts_truncated"": true, ""context_selection"": ""claim_coverage"", ""selected_evidence_ids"": [""document:b257f3b0795806a8"", ""circuit:21:net:CAN3L""], ""selected_claim_ids"": [""sq_1:claim_1"", ""sq_2:claim_1""], ""excluded_evidence_ids"": [""circuit:21:module_connection:Group 11 · Clock/Oscillator:Group 14 · Ethernet/PHY:GND"", ""circuit:21:module_connection:Group 11 · Clock/Oscillator:Group 5 · DDR/Memory:EQ6L_UART0_RX"", ""circuit:21:net:CAN0H"", ""circuit:21:net:CAN0L"", ""circuit:21:net:CAN0_INH"", ""circuit:21:net:CAN0_INH_ACQ"", ""circuit:21:net:CAN0_STB_MCU_SPI3_CS5_P02.8"", ""circuit:21:net:CAN1H"", ""circuit:21:net:CAN1L"", ""circuit:21:net:CAN1_INH"", ""circuit:21:net:CAN2H"", ""circuit:21:net:CAN2L"", ""circuit:21:net:CAN3H"", ""circuit:21:net:MCU_CAM_ERRORFLAG"", ""circuit:21:net:MONITOR_CLK"", ""document:22bf3d58fa1f3273"", ""document:2d268c72a4fc40c1"", ""document:325498b04763a364"", ""document:50b0651b8a65a165"", ""document:5e69a562758e3536"", ""document:74353e6817c9fe60"", ""document:853d7afe418f353c"", ""document:8d80fbb6ee80deb0"", ""document:aac59875b92ed6b0"", ""document:b6943ae371d76077"", ""document:c24f19730620788e"", ""document:e1cc3eaeb1e15088"", ""document:e6627ad70c8cab97""]}",0.22296140196929057,0.3784448522356405,0.5,not_applicable,0.6249999999791667,0.5,0.5,0.2571428571428571,not_applicable
hw-v1-missing-protection-threshold,success,仅根据网表，3V3 过压保护的精确触发阈值是多少？,网表只能表明连接拓扑，不能给出精确保护阈值；当前缺少对应数据手册或规格证据，应明确无法确认。,"根据网表，无法提取3V3过压保护的精确触发阈值。

**支撑证据**：  
网表（来源：825504380_ADAS_SCH_TCN2.EDF）仅列出了相关网络（如 VCC3V3、MCU_3V3_EQ_EN、MCU_3V3_ETH_EN 等）的节点连接关系，未包含任何电压阈值、比较器参考值或保护器件的触发电压参数。

**缺失信息**：  
- 网表中未定义过压保护的触发阈值数值。  
- 无器件数据手册或设计文档说明该阈值。  

因此，仅凭网表无法确定精确触发阈值，需补充器件规格书或设计说明。","根据网表，无法提取3V3过压保护的精确触发阈值。

**支撑证据**：  
网表（来源：825504380_ADAS_SCH_TCN2.EDF）仅列出了相关网络（如 VCC3V3、MCU_3V3_EQ_EN、MCU_3V3_ETH_EN 等）的节点连接关系，未包含任何电压阈值、比较器参考值或保护器件的触发电压参数。

**缺失信息**：  
- 网表中未定义过压保护的触发阈值数值。  
- 无器件数据手册或设计文档说明该阈值。  

因此，仅凭网表无法确定精确触发阈值，需补充器件规格书或设计说明。","[""Net &3V3_EQ_ACQ connects C1102.&2, R1108.&2, R1113.&2, TP1109.&1, U900A.AN2/EVADC_G0CH2/EDSADC_EDS0PA."", ""Net &3V3_ETH_ACQ connects C1103.&2, R1110.&2, R1112.&2, TP1111.&1, U900A.AN8/EVADC_G1CH0."", ""Net MCU_3V3_EQ_EN connects R1818.&2, TP1822.&1, U1802.ON, U900E.P20.3/ASCLIN3_ARXC/GPT120_T6INA/ASCLIN3_ATX/QSPI0_SLSO9/QSPI2_SLSO9/CAN03_TXD, X2000.&13."", ""Net MCU_3V3_ETH_EN connects R1500.&2, TP1500.&1, U1500.ON, U900E.P21.0/ASCLIN11_ARXC/ASCLIN11_ATX/ASCLIN11_ATX."", ""Net VCC3V3 connects C1500.&1, C1617.&1, C1618.&1, C1621.&1, C1633.&2, C1700.&1, C1701.&1, C1702.&1, C1704.&1, C1709.&1, C1710.&1, C1711.&1, C1716.&1, C1800.&1, C1801.&1, C1802.&1, C1803.&1, C1804.&1, C1805.&1, C1811.&1, C1812.&1, C1821.&1, C1823.&1, C1828.&1, L1601.&2, L1701.&1, Q1700.S, R1622.&2, R1701.&1, R1706.&1, R1709.&1, R1710.&1, R1711.&2, R1712.&2, R1800.&2, TP1605.&1, TP1803.&1, U1500.VIN, U1600.VCCIN, U1700.VIN_B0_1, U1700.VIN_B1_1, U1700.VANA, U1700.VIN_B0_2, U1700.VIN_B1_2, U1800.VIN, U1800.VIN, U1800.MODE/SYNC, U1802.VIN, U1804.VIN, U1804.VIN, X2000.&1, X2000.&3."", ""Net VCC3V3_CAM_ACQ connects C1114.&2, R1143.&2, R1147.&2, TP1146.&1, U900A.AN12/EVADC_G1CH4/EDSADC_EDS0PB."", ""Net VCC3V3_CAM_FB connects R1143.&1, TP1913.&1, X1903.&4."", ""Net VCC3V3_EQ connects C1832.&1, C502.&1, C619.&1, C621.&1, C624.&1, C627.&1, C630.&1, R1108.&1, R1122.&1, R506.&2, R507.&2, R549.&2, R554.&2, R555.&2, R556.&2, R558.&2, R580.&2, R581.&2, TP1816.&1, U1802.QOD, U1802.VOUT, U400-2.VDD_RING_8_0-1, U400-2.VDD_RING_8_0-2, U400-2.VDD_RING_8_0-3, U400-2.VDD_RING_9_0, X1903.&10, Y500.VDD.""]","{""original_context_count"": 8, ""original_context_characters"": 1532, ""scored_context_count"": 8, ""scored_context_characters"": 1532, ""contexts_truncated"": false, ""context_selection"": ""claim_coverage"", ""selected_evidence_ids"": [""circuit:21:net:VCC3V3_EQ""], ""selected_claim_ids"": [""sq_1:claim_1""], ""excluded_evidence_ids"": [""circuit:21:net:&3V3_EQ_ACQ"", ""circuit:21:net:&3V3_ETH_ACQ"", ""circuit:21:net:MCU_3V3_EQ_EN"", ""circuit:21:net:MCU_3V3_ETH_EN"", ""circuit:21:net:VCC3V3"", ""circuit:21:net:VCC3V3_CAM_ACQ"", ""circuit:21:net:VCC3V3_CAM_FB""]}",0.9355671079481271,0.0,0.3333333333333333,not_applicable,0.9617346938638119,0.0,1.0,0.6666666666666666,1.0
hw-v1-missing-bom-paraphrase,success,请给我 LP87702-Q1 的备选型号和当前采购价。,知识库缺少 BOM、替代料清单和价格证据，不能提供备选型号或采购价；可以说明已知器件为 U1700 LP87702-Q1。,"LP87702-Q1 的备选型号和当前采购价：未找到直接证据。备选型号无直接证据支撑，采购价格无任何信息。

**1. 备选型号（替代料号）**  
- **结论**：现有证据中未列出 LP87702-Q1 的任何备选型号。  
- **支撑证据**：  
  - 电路设计文件 `825504380_ADAS_SCH_TCN2.EDF` 中实例 U1700 仅标注为 LP87702-Q1、料号 LP87702RRHBRQ1，未提及替代器件（[18]）。  
  - 文档 `600608964_ADAS_HSI_0506_1952_shoulin.wang.docx` 中模块 F13 使用 LP87702，同文档中其他模块（如 F14 使用 TPS62872）为不同功能域的独立器件，无证据表明其互为替代关系（[3][6]）。  
- **缺口说明**：无直接证据证明存在备选型号，检索账本中虽有覆盖标记，但实际支撑证据均未提供替代料号信息。

**2. 当前采购价格**  
- **结论**：未找到 LP87702-Q1 或其任何备选型号的当前采购价格。  
- **支撑证据**：所有检索到的文档（包括电路设计、PDF 数据手册、Word 说明文档）均未包含价格或单价字段。  
- **缺口说明**：缺少证据类型 `spreadsheet_table`，已检索工具 `spreadsheet_semantic` 未返回任何价格记录。","LP87702-Q1 的备选型号和当前采购价：未找到直接证据。备选型号无直接证据支撑，采购价格无任何信息。

**1. 备选型号（替代料号）**  
- **结论**：现有证据中未列出 LP87702-Q1 的任何备选型号。  
- **支撑证据**：  
  - 电路设计文件 `825504380_ADAS_SCH_TCN2.EDF` 中实例 U1700 仅标注为 LP87702-Q1、料号 LP87702RRHBRQ1，未提及替代器件（[18]）。  
  - 文档 `600608964_ADAS_HSI_0506_1952_shoulin.wang.docx` 中模块 F13 使用 LP87702，同文档中其他模块（如 F14 使用 TPS62872）为不同功能域的独立器件，无证据表明其互为替代关系（[3][6]）。  
- **缺口说明**：无直接证据证明存在备选型号，检索账本中虽有覆盖标记，但实际支撑证据均未提供替代料号信息。

**2. 当前采购价格**  
- **结论**：未找到 LP87702-Q1 或其任何备选型号的当前采购价格。  
- **支撑证据**：所有检索到的文档（包括电路设计、PDF 数据手册、Word 说明文档）均未包含价格或单价字段。  
- **缺口说明**：缺少证据类型 `spreadsheet_table`，已检索工具 `spreadsheet_semantic` 未返回任何价格记录。","[""Instance U1400: DP83TC812R-Q1, 2025020711161, DP83TC812RRHARQ1, PQFN50P600X600X100-36."", ""Instance U1700: LP87702-Q1, 20200424007, LP87702RRHBRQ1, pqfn50p5x5x90-32."", ""Instance U503: NXB0104PW-Q100, 20220529784, NXB0104PW-Q100, SOP65P640X500X110-14."", ""<table><tr><td>HM ID</td><td>F13</td></tr><tr><td>运行模式\nOperation Mode</td><td>SHUTDOWN、READ OTP、STANDBY、ACTIVE</td></tr><tr><td>模式定义\nDefinition of Operation mode</td><td>SHUTDOWN\nNRST电压低于阈值。LP87702-Q1器件停止工作。\nREAD OTP\n电源电压VANA高于VANAUVLO电平，并且NRST电压高于阈值电平。电压转换器被禁用，LP87702-Q1的参考电平和偏置电路被启用。OTP配置被加载到寄存器。\nSTANDBY\n电源电压VANA高于VANAUVLO水平，NRST电压高于阈值水平。电压转换器被禁用，LP87702-Q1的参考电平、控制和偏压电路被启用。所有的寄存器都可以被主机处理器通过系统串口读写。电压转换器可以根据需要进行使能输出。\nACTIVE\n电源电压VANA高于VANAUVLO水平，NRST电压高于阈值水平。稳压DC/DC变换器处于使能状态。所有的寄存器都可以被MCU通过系统串口读写。\nSHUTDOWN\nAfter the enable signal MCU_OV75_MIPI_DDR_EN=L, the secondary power stops the 0V75_MIPI_DDR power supply. \nREADY OTP\nThe supply voltage VANA is above the VANAUVLO level, and the NRST voltage is above the threshold level. The voltage converter is disabled and the reference level and bias circuits of the LP87702-Q1 are enabled. The OTP configuration is loaded into the register.\nSTANDBY\nThe supply voltage VANA is above the VANAUVLO level and the NRST voltage is above the threshold level. The voltage converter is disabled and the reference level, control, and bias circuits of the LP87702-Q1 are enabled. All registers can be read and written by the host processor through the system serial port. The voltage converter can perform enabling output as needed.\nACTIVE\nThe supply voltage VANA is above the VANAUVLO level and the NRST voltage is above the threshold level. The regulated DC/DC converter is in the enabled state. All the registers can be read and written by the MCU through the system serial port. </td></tr><tr><td>模式切换接口\nMode switching interface</td><td></td></tr><tr><td>模式状态机\nMode state machine</td><td></td></tr><tr><td>模式切换条件\nMode switching condition</td><td>参考：\n产品系统需求规格说明\n产品系统方案设计说明书\nReference: \nProduct system requirement specification \nProduct system scheme design specification.</td></tr><tr><td>备注\nNote</td><td>1、VANAUVLO阈值电压\n\n2、NRST阈值电压\n</td></tr><tr><td>备注\nNote</td><td></td></tr></table>"", ""<table><caption> Device Information</caption>\n<tr><td colspan=3 rowspan=3 >Part Number Current Rating Package TPS62870-Q1 6A TPS62871-Q1 9A RXS (VQFN-FCRLF, TPS62872-Q1 12 A 16) TPS62873-Q1 15 A</td></tr>\n\n</table>"", ""<table><tr><td>序号</td><td>模块序号</td><td>模块名称</td><td>功能定义</td><td>功能安全需求</td></tr><tr><td>1</td><td>F013</td><td>POWER</td><td>LP87702，VCC3V3电压输入，VCC1V1、VCC1V8、VCC50电压输出</td><td>QM(B)</td></tr><tr><td>1</td><td>F01</td><td>MCU</td><td>SAK-TC377TP-96F300S AA</td><td>B(B)</td></tr><tr><td>1</td><td>F08</td><td>EQ system power sample1</td><td>EQ6L系统供电电源电压ADC采样滤波、分压电路</td><td>B(B)</td></tr><tr><td>2</td><td>F14</td><td>POWER</td><td>TPS62872，VCC3V3电压输入，VCC0V75电压输出，EQ6L核电供电</td><td>QM(B)</td></tr><tr><td>2</td><td>F01</td><td>MCU</td><td>SAK-TC377TP-96F300S AA</td><td>B(B)</td></tr><tr><td>2</td><td>F08</td><td>EQ system power sample</td><td>EQ6L系统供电电源电压ADC采样滤波、分压电路</td><td>B(B)</td></tr><tr><td>3</td><td>F15</td><td>POWER</td><td>SA23002，VCC3V3输入，0V75_MIPI_DDR电压输出</td><td>QM(B)</td></tr><tr><td>3</td><td>F01</td><td>MCU</td><td>SAK-TC377TP-96F300S AA</td><td>B(B)</td></tr><tr><td>3</td><td>F08</td><td>EQ system power sample</td><td>EQ6L系统供电电源电压ADC采样滤波、分压电路</td><td>B(B)</td></tr><tr><td>4</td><td>F16</td><td>POWER</td><td>TPS22918负载开关，VCC3V3电压输入，VCC3V3_EQ输出</td><td>QM(B)</td></tr><tr><td>4</td><td>F01</td><td>MCU</td><td>SAK-TC377TP-96F300S AA</td><td>B(B)</td></tr><tr><td>4</td><td>F08</td><td>EQ system power sample</td><td>EQ6L系统供电电源电压ADC采样滤波、分压电路</td><td>B(B)</td></tr></table>"", ""ADC电压采集阈值 The ADC voltage acquisition thresholdWCCA计算结果如下，软件应按照如下过欠压阈值设置：The WCCA calculation results are as follows. The software should be set according to the following overvoltage and undervoltage thresholds:EQ6L上下电时序要求 EQ6L Power-on and power-off sequence requirements共享和独占的硬件资源 Shared and Exclusive Hardware ResourceECU-MCU信号对应关系 ECU-MCU Signal MappingMCU时钟配置 MCU Clock Configuration存储器配置 Memeory ConfigurationTable 4-5Memory Configuration其他芯片配置 Other IC Configuration其他芯片的通讯机制 Communication Mechanism with Other ICLP87702配置 LP87702 ConfigurationLP87702运行期间需要MCU通过I2C配置的寄存器如下所示：Table 5-2 LP87702 ConfigurationTPS62872配置 TPS62872 ConfigurationTPS62872运行期间需要MCU通过I2C配置的寄存器如下所示：Table 5-3 TPS62872 Configuration安全机制 Safety MechanismsSystem levelHW level硬件安全分析无新增安全机制IC level模板变更历史Template Change History填写说明Filling instructions：变更单号YYYYMM00X为记录顺序号，如：202203002，表示的是2022年03月的第二份此类文档。首次发布不分配变更单号，变更单号处填NA。The change order number YYYYMM00X is the record sequence number, such as 202203002, which represents the second such document in March 2022. No change order number will be allocated for the first release, and Na will be filled in the change order number.变更原因填写以客户审核需要变更为例：由于XX客户在客户审核时发现XX问题，需要调整模板。Fill in the revision note. Take the need for change in customer audit as an example: because XX customer found XX problem during customer audit, the template needs to be adjusted.变更内容填写以客户审核发现问题需要更改为例：由于XX客户在客户审核时发现XX问题，特增加XXX的变更内容。"", ""\nHW Interface Component ：B; None：F10/NTC temp sensor; None：1、NTC温度采样\n2、MCU通过ADC实时采样; MCU Component ：F01/MCU; None：B; None：U8; None：AN7; None：AN7/EVADC_G11CH3/EVADC_G0CH7; None：ADC，分辨率10bit; None：LP_TMP_IN1_AD; None：/; None：I; None：LPDDR4温度传感器采样\nAD值=VTP804*1024/3.3，R805=10240/ADC值-10\n简化后的公式为：R805=33/VTP804-10\n根据R805电阻值查表，找出对应的温度值; None：HI-Z; None：—; SW Variable Name or SW Function Name：— ——Port1\nECU Connector：X2000-27; HW Interface Component ：B; None：F26/watchdog; None：1、MCU外部看门狗是LP87702的集成看门狗（窗口看门狗），\n喂狗参数如下所示：\n\n上电或者输出复位后第一次喂狗长周期为600ms。\n喂狗窗口为10~30ms，\n看门狗喂狗异常后输出复位信号低电平持续时间为10ms。; MCU Component ：F01/MCU; None：B; None：G17; None：PORST; None：PORST /PD /VEXT; None：RESET; None：TC367_RESET_N; None：/; None：I; None：MCU复位信号\n高：正常工作\n低：MCU被复位; None：HI-Z,硬件外部上拉; None：—; SW Variable Name or SW Function Name：— ——Port1\nECU Connector：X2000-17; MCU Component ：F01/MCU; None：B; None：A11; None：P13.3; None：P13.3/GTM_TIM3_IN0_3/GTM_TIM2_IN0_3/GTM_TOUT94/QSPI2_MTSRP/MSC0_SOP; None：WATCHING DOG; None：MCU_WDI_P13.3; None：/; None：O; None：MCU给外部看门狗喂狗信号。\n\nLP87702集成看门狗喂狗要求：\nlong open time 600ms\nopen time 20ms\ncolse time 10ms\nreset time is 10ms\nWDI time greater than 100us; None：HI-Z,硬件外部下拉; None：—; SW Variable Name or SW Function Name：— ——Port1"", ""<table><tr><td>模块序号\nModule number</td><td>模块名称\nModule name</td><td>功能定义\nFunction definition.</td><td>功能安全需求\nFunctional safety requirements</td></tr><tr><td>F01</td><td>MCU</td><td>SAK-TC377TP-96F300S AA</td><td>B(B)</td></tr><tr><td>F02</td><td>EYEQ6-L</td><td>EYEQ6-L，用于sensor的视频处理</td><td>B</td></tr><tr><td>F03</td><td>EYEQ6_LPDDR4</td><td>EQ6的1GB LPDDR4</td><td>B</td></tr><tr><td>F04</td><td>EYEQ6_NAND FLASH</td><td>EQ6的2Gb NAND FLASH</td><td>B</td></tr><tr><td>F05</td><td>CAM SENSOR</td><td>Sony 728摄像头模组</td><td>B</td></tr><tr><td>F06</td><td>KL30 sample</td><td>KL30电压采样</td><td>QM</td></tr><tr><td>F07</td><td>KL15 sample</td><td>KL15电压采样</td><td>QM</td></tr><tr><td>F08</td><td>EQ system power sample1</td><td>EQ6L系统供电电源电压ADC采样滤波、分压电路</td><td>B(B)</td></tr><tr><td>F09</td><td>ETH and CAN power sample2</td><td>CAN和ETH电源电压ADC采样滤波、分压电路</td><td>QM</td></tr><tr><td>F10</td><td>NTC temp sensor</td><td>NTC温度传感器，监控EQ6L/LPDDR4周边环境温度。</td><td>B</td></tr><tr><td>F11</td><td>KL30 EMI</td><td>KL30供电口EMI滤波电路.</td><td>B</td></tr><tr><td>F12</td><td>POWER</td><td>LN10046，KL30电源转VCC3V3电源</td><td>B</td></tr><tr><td>F13</td><td>POWER</td><td>LP87702，VCC3V3电压输入，VCC1V1、VCC1V8、VCC50电压输出</td><td>QM(B)</td></tr><tr><td>F14</td><td>POWER</td><td>TPS62872，VCC3V3电压输入，VCC0V75电压输出</td><td>QM(B)</td></tr><tr><td>F15</td><td>POWER</td><td>SA23002，VCC3V3输入，VCC0V75电压输出</td><td>QM(B)</td></tr><tr><td>F16</td><td>POWER</td><td>TPS22918负载开关，VCC3V3电压输入，VCC3V3_EQ输出</td><td>QM(B)</td></tr><tr><td>F17</td><td>POWER</td><td>TPS22918负载开关，VCC3V3输入，VCC3V3_ETH输出</td><td>QM</td></tr><tr><td>F18</td><td>overvoltage protect</td><td>用于MCU电源VCC3V3_MCU的外部过压保护</td><td>B</td></tr><tr><td>F19</td><td>POWER</td><td>TPS22918 负载开关，VCC1V8电压输入，VCC1V8_EQ电压输出</td><td>QM(B)</td></tr><tr><td>F20</td><td>CAN3</td><td>基于TCAN1145的CAN通讯，硬件支持特定报文唤醒</td><td>QM</td></tr><tr><td>F21</td><td>CAN2</td><td>基于TCAN1044A的CAN通讯.</td><td>QM</td></tr><tr><td>F22</td><td>CAN1</td><td>基于TCAN1044A的CAN通讯</td><td>QM</td></tr><tr><td>F23</td><td>CAN0</td><td>基于TCAN1044A的CAN通讯.</td><td>QM</td></tr><tr><td>F24</td><td>ETH</td><td>基于DP83TC812R的100BASE-T1通讯</td><td>QM</td></tr><tr><td>F25</td><td>Wake up</td><td>唤醒源和一级电源使能电路设计</td><td>QM</td></tr><tr><td>F26</td><td>watchdog</td><td>LP87702的看门狗功能，用于监控MCU运行状态</td><td>B</td></tr><tr><td>F27</td><td>POWER</td><td>VCC3V3_MCU转VCC1V25_MCU电压，由MCU的EVRC进行控制。</td><td>B</td></tr><tr><td>F28</td><td>level translation</td><td>3V3和1V8双向电压转换芯片</td><td>QM</td></tr></table>"", ""\nNone：U20; None：P23.2; None：P23.2/GTM_TIM1_IN6_5/GTM_TIM0_IN6_5/GTM_TOUT43/CAN12_TXD; None：GPIO; None：MCU_RST_FLASH_P23.2; None：/; None：O; None：FLASH复位信号\n低：FLASH复位\n高：FLASH进入工作状态; None：HI-Z，硬件外部下拉; None：—; SW Variable Name or SW Function Name：— ——Port1\nNone：未使用; MCU Component ：F01/ MCU; None：NA; None：/; None：D7; None：P11.14; None：P11.14/GTM_TIM4_IN7_4/GTM_TIM2_IN7_8/GETH_CRSDVB/GETH_RXDVB/GETH_CRSA/GTM_TOUT126; None：GPIO; None：MCU_ETH_CFG1_P11.14; None：/; None：I; None：CFG1：BOM配置，判断是否有以太网\n高：TBD\n低：TBD; None：HI-Z; None：—; SW Variable Name or SW Function Name：— ——Port1\nNone：未使用; MCU Component ：F01/ MCU; None：NA; None：/; None：D6; None：P11.15; None：P11.15/GTM_TIM4_IN7_5/GTM_TIM0_IN7_8/GETH_COLA/GTM_TOUT127; None：GPIO; None：MCU_ETH_CFG2_P11.15; None：/; None：I; None：CFG2：BOM配置，判断以太网接口类型\n高：TBD\n低：TBD; None：HI-Z; None：—; SW Variable Name or SW Function Name：— ——Port1\nHW Interface Component ：QM(B); None：F13/POWER; None：1、LP87702实现VCC3V3转VCC1V8、VCC1V1、VCC50三路电源输出\n2、LP87702的VCC50由MCU的GPIO控制使能和关断，VCC1V8、VCC1V1由MCU的I2C控制使能和关断。\n3、预留中断信号用于MCU辅助监控LP87702的工作状态。\n4、MCU可以通过I2C监控和管理LP87702的状态。; MCU Component ：F01/ MCU; None：QM; None：B17; None：P15.3; None：P15.3/GTM_TIM3_IN6_4/GTM_TIM2_IN6_4/CAN01_RXDA/QSPI2_SCLKA/GTM_TOUT74/QSPI2_SCLK/MSC0_EN1; None：GPIO; None：MCU_5V_EN; None：/; None：O; None：VCC50（LP87702）电源使能控制信号\n高：使能VCC50电压输出\n低：关断VCC50电压输出; None：HI-Z，硬件外部下拉; None：—; SW Variable Name or SW Function Name：— ——Port1"", ""<table><caption> *All dimensics are nominal</caption>\n<tr><th  >Device</th><th  >Package</th><th  >Package</th><th  >Pins</th><th  >SPQ</th><th  >Reel</th><th  >Reel</th><th  >A0</th><th  >BO</th><th  >K0</th><th  >P1</th><th  >W</th><th  >Pin1</th></tr>\n<tr><th></th><th  >Type</th><th  >Drawing</th><th></th><th></th><th  >Diameter</th><th  >Width</th><th  >(mm)</th><th  >(mm)</th><th  >(mm)</th><th  >(mm)</th><th  >(mm)</th><th  >Quadrant</th></tr>\n<tr><th></th><th></th><th></th><th></th><th></th><th  >(mm)</th><th  >W1(mm)</th><th></th><th></th><th></th><th></th><th></th><th></th></tr>\n<tr><td  >TPS62870N0QWRXSRQ1</td><td  >VQFN-</td><td  >RXS</td><td  >16</td><td  >3000</td><td  >330.0</td><td  >12.4</td><td  >2.8</td><td  >3.8</td><td  >1.2</td><td  >4.0</td><td  >12.0</td><td  >Q1</td></tr>\n<tr><th></th><th  >FCRLF</th><th></th><th></th><th></th><th></th><th></th><th></th><th></th><th></th><th></th><th></th><th></th></tr>\n<tr><td  >TPS62870QWRXSRQ1</td><td  >VQFN-</td><td  >RXS</td><td  >16</td><td  >3000</td><td  >330.0</td><td  >12.4</td><td  >2.8</td><td  >3.8</td><td  >1.2</td><td  >4.0</td><td  >12.0</td><td  >Q1</td></tr>\n<tr><td  >TPS62870Y0QWRXSRQ1</td><td  >VQFN-</td><td  >RXS</td><td  >16</td><td  >3000</td><td  >330.0</td><td  >12.4</td><td  >2.8</td><td  >3.8</td><td  >1.2</td><td  >4.0</td><td  >12.0</td><td  >Q1</td></tr>\n<tr><td  >TPS62870Y1QWRXSRQ1</td><td  >VQFN-</td><td  >RXS</td><td  >16</td><td  >3000</td><td  >330.0</td><td  >12.4</td><td  >2.8</td><td  >3.8</td><td  >1.2</td><td  >4.0</td><td  >12.0</td><td  >Q1</td></tr>\n<tr><td  >TPS62870Y2QWRXSRQ1</td><td  >VQFN-</td><td  >RXS</td><td  >16</td><td  >3000</td><td  >330.0</td><td  >12.4</td><td  >2.8</td><td  >3.8</td><td  >1.2</td><td  >4.0</td><td  >12.0</td><td  >Q1</td></tr>\n<tr><td  >TPS62870Y3QWRXSRQ1</td><td  >VQFN-</td><td  >RXS</td><td  >16</td><td  >3000</td><td  >330.0</td><td  >12.4</td><td  >2.8</td><td  >3.8</td><td  >1.2</td><td  >4.0</td><td  >12.0</td><td  >Q1</td></tr>\n<tr><td  >TPS62871QWRXSRQ1</td><td  >VQFN-</td><td  >RXS</td><td  >16</td><td  >3000</td><td  >330.0</td><td  >12.4</td><td  >2.8</td><td  >3.8</td><td  >1.2</td><td  >4.0</td><td  >12.0</td><td  >Q1</td></tr>\n<tr><td  >TPS62871Y1QWRXSRQ1</td><td  >VQFN-</td><td  >RXS</td><td  >16</td><td  >3000</td><td  >330.0</td><td  >12.4</td><td  >2.8</td><td  >3.8</td><td  >1.2</td><td  >4.0</td><td  >12.0</td><td  >Q1</td></tr>\n<tr><td  >TPS62872N0QWRXSRQ1</td><td  >VQFN-</td><td  >RXS</td><td  >16</td><td  >3000</td><td  >330.0</td><td  >12.4</td><td  >2.8</td><td  >3.8</td><td  >1.2</td><td  >4.0</td><td  >12.0</td><td  >Q1</td></tr>\n<tr><th  >Device</th><th  >Package</th><th  >Package</th><th  >Pins</th><th  >SPQ</th><th  >Reel</th><th  >Reel</th><th  >A0</th><th  >BO</th><th  >KO</th><th  >P1</th><th  >W</th><th  >Pin1</th></tr>\n<tr><th></th><th  >Type</th><th  >Drawing</th><th></th><th></th><th  >Diameter</th><th  >Width</th><th  >(mm)</th><th  >(mm)</th><th  >(mm)</th><th  >(mm)</th><th  >(mm)</th><th  >[Quadrant</th></tr>\n<tr><th></th><th></th><th></th><th></th><th></th><th  >(mm)</th><th  >W1 (mm)]</th><th></th><th></th><th></th><th></th><th></th><th></th></tr>\n<tr><td  >TPS62872QWRXSRQ1</td><td  >VQFN-</td><td  >RXS</td><td  >16</td><td  >3000</td><td  >330.0</td><td  >12.4</td><td  >2.8</td><td  >3.8</td><td  >1.2</td><td  >4.0</td><td  >12.0</td><td  >Q1</td></tr>\n<tr><th></th><th  > FCRLF</th><th></th><th></th><th></th><th></th><th></th><th></th><th></th><th></th><th></th><th></th><th></th></tr>\n<tr><td  >TPS62872Y1QWRXSRQ1</td><td  >VQFN-</td><td  >RXS</td><td  >16</td><td  >3000</td><td  >330.0</td><td  >12.4</td><td  >2.8</td><td  >3.8</td><td  >1.2</td><td  >4.0</td><td  >12.0</td><td  >Q1</td></tr>\n<tr><td  >TPS62873QWRXSRQ1</td><td  >VQFN-</td><td  >RXS</td><td  >16</td><td  >3000</td><td  >330.0</td><td  >12.4</td><td  >2.8</td><td  >3.8</td><td  >1.2</td><td  >4.0</td><td  >12.0</td><td  >Q1</td></tr>\n<tr><td  >TPS62873Y1QWRXSRQ1</td><td  >VQFN-</td><td  >RXS</td><td  >16</td><td  >3000</td><td  >330.0</td><td  >12.4</td><td  >2.8</td><td  >3.8</td><td  >1.2</td><td  >4.0</td><td  >12.0</td><td  >Q1</td></tr>\n</table>"", ""<table><tr><td>HM ID</td><td>F13</td></tr><tr><td>模块功能 \nModule Function</td><td>VCC1V8用于EQ6、CAM、DDR、FLASH供电。VCC1V1用于EQ6、DDR供电。VCC50用于CAN收发器供电，现选择LP87702 PMIC方案。\nVCCIV8 is used to power EQ6, CAM, DDR, FLASH.VCC1V1 is used to power EQ6,DDR. VCC50 is used for CAN transceiver power supply, now choose LP87702 PMIC scheme. \n</td></tr><tr><td>模块框图\nModule diagram</td><td></td></tr><tr><td>模块方案\nModule solution</td><td>\n采用LP87702芯片，将VCC3V3转换为VCC1V8、VCC1V1、VCC50，其中VCC1V8用于EQ6、CAM、DDR、FLASH供电，VCC1V1用于EQ6、DDR供电，VCC50用于CAN收发器供电。用MCU的P15.3引脚使能该芯片的5V输出，用MCU_SCL_P15.4，MCU_SDA_P15.5 I2C通信来设置1.8V和1.1输出电压和使能。用MCU的P12.1引脚复位该芯片。\nLP87702 chip is used to convert VCC3V3 into VCC1V8, VCC1V1 and VCC50, in which VCC1V8 is used for EQ6, CAM, DDR and FLASH power supply, VCC1V1 is used for EQ6 and DDR power supply, and VCC50 is used for CAN transceiver power supplyP15.3 pin of MCU is used to enable 5V output of the chip, and MCU_SCL_P15.4, MCU_SDA_P15.5 I2C communication is used to set 1.8V and 1.1 output voltage and enable it. Reset the chip with P12.1 pin of the MCU. </td></tr></table>"", ""<table>\n<tr><td></td><td></td><td></td><td  >MIN</td><td  >NOM</td><td  >MAX</td><td  >UNIT</td></tr>\n<tr><td  >VIN</td><td  >Input voltage</td><td  >VIN SDA, SCL</td><td  >2.7</td><td></td><td  >6 5</td><td  >V</td></tr>\n<tr><td  >VouT</td><td  >Output voltage</td><td></td><td  >0.4</td><td></td><td  >3.35 V or (ViN - 1.4</td><td></td></tr>\n<tr><td></td><td></td><td></td><td></td><td></td><td  >V)(1)</td><td></td></tr>\n<tr><td></td><td></td><td  >TPS62870-Q1</td><td></td><td></td><td  >6</td><td></td></tr>\n<tr><td></td><td></td><td  >TPS62871-Q1</td><td></td><td></td><td  >9</td><td></td></tr>\n<tr><td  >loUT</td><td  >Output current</td><td  >TPS62872-Q1</td><td></td><td></td><td  >12</td><td  >A</td></tr>\n<tr><td></td><td></td><td  >TPS62873-Q1</td><td></td><td></td><td  >15</td><td></td></tr>\n<tr><td></td><td  >Inductance</td><td></td><td  >110</td><td></td><td  >330</td><td  >nH</td></tr>\n<tr><td></td><td></td><td  >fsw≥2.25MHz andVouT≤1.675V</td><td  >55</td><td></td><td  >330</td><td></td></tr>\n</table>"", ""\nMCU Component ：F01/ MCU; None：QM; None：E11; None：P12.1; None：P12.1/GTM_TIM4_IN1_6/GTM_TIM3_IN1_6/GETH_MDIOC/GTM_TOUT129/CAN00_TXD/GETH_MDIO; None：GPIO; None：MCU_nINT_PMIC_P12.1; None：/; None：I; None：LP87702的输出中断信号。\n高：无中断信号\n低：输出中断信号; None：HI-Z，硬件外部上拉; None：—; SW Variable Name or SW Function Name：— ——Port1\nHW Interface Component ：QM(B); None：F13/POWER\nF14/POWER; None：MCU配置LP87702、TPS62872; MCU Component ：F01/MCU; None：B; None：E14; None：P15.5; None：P15.5/GTM_TIM3_IN0_4/GTM_TIM2_IN0_4/QSPI2_MTSRA/GTM_TOUT76/QSPI2_MTSR/MSC0_EN0/I2C0_SDA; None：I2C0_SDAC; None：MCU_SDA_P15.5; None：/; None：IO; None：IIC_SDA信号\n\n外挂LP87702和TPS62872\n\nLP87702地址：0x08\nTPS62872地址：0x41; None：HI-Z，硬件外部上拉; None：—; SW Variable Name or SW Function Name：— ——Port1\nMCU Component ：F01/MCU; None：B; None：A17; None：P15.4; None：P15.4/GTM_TIM3_IN7_4/GTM_TIM2_IN7_4/I2C0_SCLC/QSPI2_MRSTA/SCU_E_REQ0_0/GTM_TOUT75/QSPI2_MRST; None：I2C0_SCL; None：MCU_SCL_P15.4; None：/; None：O; None：IIC_CLK信号\n\n外挂LP87702和TPS62872\n\nLP87702地址：0x08\nTPS62872地址：0x41; None：HI-Z，硬件外部上拉; None：—; SW Variable Name or SW Function Name：— ——Port1"", ""<table><caption> Table9-5.DefaultOutputVoltageSetpoints</caption>\n<tr><td  >VSEL Pin(1)</td><td  >Device Number</td><td  >VSET[7:0]</td><td  >Output Voltage Setpoint</td></tr>\n<tr><td></td><td  >TPS6287x-Q1</td><td  >0x5a</td><td  >850 mV</td></tr>\n<tr><td></td><td  >TPS6287xY0-Q1</td><td  >0x50</td><td  >800 mV</td></tr>\n<tr><td></td><td  >TPS6287xY1-Q1</td><td  >0x14</td><td  >500 mV</td></tr>\n<tr><td></td><td  >TPS6287xY2-Q1</td><td  >0x64</td><td  >1800 mV</td></tr>\n<tr><td  >6.2 kQ to GND</td><td  >TPS6287xY3-Q1</td><td  >0x52</td><td  >810 mV</td></tr>\n<tr><td></td><td  >TPS6287xN0-Q1</td><td  >0x14</td><td  >500 mV</td></tr>\n<tr><td></td><td  >TPS6287xN1-Q1</td><td  >0x50</td><td  >800 mV</td></tr>\n<tr><td></td><td  >TPS6287xN2-Q1</td><td  >0x64</td><td  >1800 mV</td></tr>\n</table>"", ""\nTPS6287x-Q1 2.7-V to 6-V Input, 6-A, 9-A, 12-A, 15-A, Stackable, Synchronous Step- Down Converters with Fast Transient Response\n3 Description\n1 Features\n AEC-Q100 qualified for automotive applications\nThe TPS6287x-Q1 is a family of pin-to-pin 6-A, 9-\nTemperature grade 1: -40°C to +125°C, TA\nA, 12-A, and 15-A synchronous step-down DC/DC converters with differential remote sensing. For each\nFunctional Safety-Capable\ncurrent rating, there are full-featured device variants\nDocumentation available to aid functional safety\nwith I²C interface and limited-featured device variants\nsystem design\nwithout I2C interface. All devices offer high efficiency\nDocumentation available to aid functional safety\nand ease of use. Low-resistance power switches\nsystem design\nallow up to 15-A continuous output current at high\nDocumentation available to aid functional safety\nambient temperatures.\nsystem design 2.7-V to 6-V input voltage range\nThe devices can operate in stacked mode to deliver\nFamily of pin-to-pin compatible devices: 6-A, 9-A,\nhigher output currents or to spread the power\n12-A, and 15-A\ndissipation across multiple devices.\n Four output voltage ranges:\nThe TPS6287x-Q1 family implements an enhanced\n0.4-V to 0.71875-V in 1.25-mV steps\nDCS control scheme that supports fast transients with\n 0.4-V to 1.0375-V in 2.5-mV steps\nfixed-frequency operation.  Devices can operatein\n0.4-V to 1.675-V in 5-mV steps\npower save mode for maximum efficiency, or forced-\n0.8-V to 3.35-V in 10-mV steps\nPWM mode for the best transient performance and\n Output voltage accuracy ±1%\nlowest output voltage ripple.\n7-mQ and 4.5-mQ internal power MOSFETs Adjustable external compensation\nAn optional remote sensing feature maximizes voltage\n Resistor-selectable start-up output voltage\n and  the device\nregulation at the point-of-load,\nResistor-selectable switching frequency\nachieves better than ±1% DC voltage accuracy under\nPower-save or forced-PwM operation"", ""10.3 Best Design Practices\nFigure 10-22.Shutdown (Discharge Enabled)\n10.2.3 Application Curves (continued)\n100MS/s\n250MS/'s\n3.30\n3.30 V\n→3.0000ms\nT+600.000s\nLoad = 0.75 Ω\nLoad = 7.5 Q\nFigure 10-20. Start-Up Using the EN Pin\nFigure 10-21. Shutdown Using the EN Pin (Discharge Enabled)\nMMMMN\n1.00m.0000ms \n3.30 V\n1Mpoints\n.06V\nT+13.3800m\n1M points\n3.30 V\nLoad = 7.5 Ω\nFigure 10-23. Current Limit (Hiccup)\nINCORRECT\nCORRECT\nTPS6287x-Q1\nTPS6287x-Q1\n2.7 V to 6 V\n2.7Vto6 V\nVIN\n≥ 15 kQ\nEN\nINCORRECT\nCORRECT\nTPS6287x-Q1\nTPS6287x-Q1\n2.7V to 6 V\n2.7V to 6 V\nVIN\n≥15 kΩ\nENABLE\nENABLE\nEN"", ""\nOTHERQUALIFIEDVERSIONSOFTPS62872-Q1,TPS62873-Q1:\n·Catalog :TPS62872,TPS62873\nNOTE: Qualified Version Definitions:\n·Catalog - Tl's standard catalog product\nTAPEANDREELINFORMATION\nPACKAGE MATERIALSINFORMATION\nPLASTIC QUAD FLAT PACK- NO LEAD\nNOTES:\n All linear dimensions are in millimeters. Any dimensions in parenthesis are for reference only. Dimensioning and tolerancing 1.\nper ASME Y14.5M.\nThis drawing is subject to change without notice.2.\nThe package thermal pad must be soldered to the printed circuit board for optimal thermal and mechanical performance.3.\nPLASTICQUADFLATPACK-NOLEAD\n4226093/E 09/2022\nNOTES: (continued)\nThis package is designed to be soldered to a thermal pad on the board. For more information, see Texas Instruments literature4.\nnumberSLUA271(www.ti.com/lit/slua271).\nVias are optional depending on application, refer to device data sheet. If any vias are implemented, refer to their locations shown5.\non this view. It is recommended that vias under paste be flled, plugged or tented.\nSCALE: 15X\nNOTES:(continued)\nLaser cutting apertures with trapezoidal walls and rounded corners may offer better paste release. IPC-7525 may have alternate6.\ndesign recommendations."", ""Figure 9-14. Two TPS6287x-Q1 Devices in a Stacked Configuration\nFigure 9-14 shows the recommended interconnections in a stack of two TPS6287x-Q1 devices.\nPrimary Device\nCLOAD\n100 nH\nVIN\nVIN\nSW\n2.7Vto6V\nVIN\nMODE/SYNC\nVio\nREr\nLoad\nVOSNS\nEN\nGOSNS\nSDA\n2\nSCL\nRcoM\nVSEL\nFSEL\n10pF\nCcOMP\nREsEL\n>RySEI\nCOMP\nPG\nSYNC_OUT\nGND\nGND\nSecondary Device\n100 nH\nVIN\nSW\n333\nVIN\nCIN\nMODE/SYNC\nVOSNS\nEN\nGOSNS\nSDA\nSCL\nVSEL\nVIc\n10 pF\nFSEL\nCOMP\nkQ\nPG\nPG\nSYNC_OUT\nGND\nGND\n47kO""]","{""original_context_count"": 19, ""original_context_characters"": 22515, ""scored_context_count"": 8, ""scored_context_characters"": 6338, ""contexts_truncated"": true, ""context_selection"": ""claim_coverage"", ""selected_evidence_ids"": [""document:ea7b2234534382bf""], ""selected_claim_ids"": [""sq_1:claim_1""], ""excluded_evidence_ids"": [""document:0a2d86c848720c0c"", ""document:29cc1a9be32b6d7f"", ""document:44c4021cbbe6e903"", ""document:5e69a562758e3536"", ""document:7970eec1b28a0159"", ""document:7cadd4f9d478008d"", ""document:88e619c887cf446f"", ""document:947efb39a112e100"", ""document:9dabfddc8aa1021a"", ""document:a6f318d1053a4c7e"", ""document:cb4d0862c228b66e"", ""document:d69d04d302326d46"", ""document:dd6d958dffe7c372"", ""document:e6627ad70c8cab97"", ""document:e86d6e80be2c934f""]}",0.8319166225489943,0.0,1.0,not_applicable,0.0,0.5,not_applicable,0.875,1.0
hw-v1-circuit-tps22918-paraphrase,success,不要概括，逐颗列出所有 TPS22918 的输入电源、输出电源和 ON 控制。,应逐颗列出 U1500、U1802、U1803，分别对应 VCC3V3→VCC3V3_ETH、VCC3V3→VCC3V3_EQ、VCC1V8→VCC1V8_EQ，并给出三个 MCU 使能网络。,"**直接结论：** 电路中存在三颗 TPS22918 器件，分别为 U1500、U1802 和 U1803。它们的输入电源、输出电源和 ON 控制引脚连接如下：

- **U1500**：输入电源（VIN）→ VCC3V3，输出电源（VOUT）→ VCC3V3_ETH，ON 控制 → MCU_3V3_ETH_EN。
- **U1802**：输入电源（VIN）→ VCC3V3，输出电源（VOUT）→ VCC3V3_EQ，ON 控制 → MCU_3V3_EQ_EN。
- **U1803**：输入电源（VIN）→ VCC1V8，输出电源（VOUT）→ VCC1V8_EQ，ON 控制 → MCU_1V8_EQ_EN。

**支撑证据：**  
- 证据 [1]（引脚映射 U1803）：VIN → VCC1V8，VOUT → VCC1V8_EQ，ON → MCU_1V8_EQ_EN。  
- 证据 [2]（引脚映射 U1500）：VIN → VCC3V3，VOUT → VCC3V3_ETH，ON → MCU_3V3_ETH_EN。  
- 证据 [3]（引脚映射 U1802）：VIN → VCC3V3，VOUT → VCC3V3_EQ，ON → MCU_3V3_EQ_EN。  
- 证据 [12]、[13]、[14]（实例信息）确认 U1500、U1802、U1803 的器件型号为 TPS22918。  

**缺失信息：** 无。","**直接结论：** 电路中存在三颗 TPS22918 器件，分别为 U1500、U1802 和 U1803。它们的输入电源、输出电源和 ON 控制引脚连接如下：

- **U1500**：输入电源（VIN）→ VCC3V3，输出电源（VOUT）→ VCC3V3_ETH，ON 控制 → MCU_3V3_ETH_EN。
- **U1802**：输入电源（VIN）→ VCC3V3，输出电源（VOUT）→ VCC3V3_EQ，ON 控制 → MCU_3V3_EQ_EN。
- **U1803**：输入电源（VIN）→ VCC1V8，输出电源（VOUT）→ VCC1V8_EQ，ON 控制 → MCU_1V8_EQ_EN。

**支撑证据：**  
- 证据 [1]（引脚映射 U1803）：VIN → VCC1V8，VOUT → VCC1V8_EQ，ON → MCU_1V8_EQ_EN。  
- 证据 [2]（引脚映射 U1500）：VIN → VCC3V3，VOUT → VCC3V3_ETH，ON → MCU_3V3_ETH_EN。  
- 证据 [3]（引脚映射 U1802）：VIN → VCC3V3，VOUT → VCC3V3_EQ，ON → MCU_3V3_EQ_EN。  
- 证据 [12]、[13]、[14]（实例信息）确认 U1500、U1802、U1803 的器件型号为 TPS22918。  

**缺失信息：** 无。","[""Pin mapping for U1803: VIN -> VCC1V8, GND -> GND, ON -> MCU_1V8_EQ_EN, CT -> N20146977, QOD -> VCC1V8_EQ, VOUT -> VCC1V8_EQ."", ""Pin mapping for U1500: VIN -> VCC3V3, GND -> GND, ON -> MCU_3V3_ETH_EN, CT -> N22963649, QOD -> VCC3V3_ETH, VOUT -> VCC3V3_ETH."", ""Pin mapping for U1802: VIN -> VCC3V3, GND -> GND, ON -> MCU_3V3_EQ_EN, CT -> N20145936, QOD -> VCC3V3_EQ, VOUT -> VCC3V3_EQ."", ""Net EQ6L_PCBVERSION0 connects R550.&2, R556.&1, R564.&2, U400-9.GPIO_A24_SPI_1_DO."", ""Net EQ6L_PCBVERSION1 connects R555.&1, R563.&2, TP547.&1, U400-9.GPIO_A28_TIMER_EXT1_OUTCMP1."", ""Net EQ6L_PCBVERSION2 connects R554.&1, R562.&2, TP538.&1, U400-9.GPIO_A13_TIMER2_CK."", ""Net MONITOR_CLK connects C503.&1, R546.&2, U400-9.GPIO_A30_EXT_CLK."", ""Instance U1200: TJA1145TK/FD, 20210201006, TCAN1145DMTRQ1, PSON65P450X300X100-14."", ""Instance U1201: TJA1044GTK/3, 20220331212, TCAN1044AVDRBRQ1, PSON65P300X300X100-8-V01."", ""Instance U1202: TJA1044GTK/3, 20220331212, TCAN1044AVDRBRQ1, PSON65P300X300X100-8-V01."", ""Instance U1203: TJA1043ATK/0Z, 20181024001, TJA1043ATK, PDFN65P300X450X100-14."", ""Instance U1500: TPS22918, 20181204001, TPS22918TDBVRQ1, SOT23X145-6."", ""Instance U1802: TPS22918, 20181204001, TPS22918TDBVRQ1, SOT23X145-6."", ""Instance U1803: TPS22918, 20181204001, TPS22918TDBVRQ1, SOT23X145-6.""]","{""original_context_count"": 14, ""original_context_characters"": 1236, ""scored_context_count"": 8, ""scored_context_characters"": 782, ""contexts_truncated"": true, ""context_selection"": ""claim_coverage"", ""selected_evidence_ids"": [""circuit:21:pin_mapping:U1803""], ""selected_claim_ids"": [""sq_1:claim_1"", ""sq_2:claim_1""], ""excluded_evidence_ids"": [""circuit:21:net:EQ6L_PCBVERSION0"", ""circuit:21:net:EQ6L_PCBVERSION1"", ""circuit:21:net:EQ6L_PCBVERSION2"", ""circuit:21:net:MONITOR_CLK"", ""circuit:21:pin_mapping:U1500"", ""circuit:21:pin_mapping:U1802""]}",0.6709335344499104,0.44559068768872423,1.0,not_applicable,0.0,1.0,1.0,0.9,not_applicable
hw-v1-circuit-vcc3v3-role,success,VCC3V3 在板上主要给哪些电源器件供电？不要把电阻电容当成主要负载。,VCC3V3 是主要 3.3V 电源轨，供给 U1700、U1800、U1500、U1802、U1804 和 U1600 等 IC；回答应聚焦芯片而非无源器件。,"根据现有证据，VCC3V3网络在板上主要供电给以下电源器件：

- **U1500** (TPS22918 负载开关)：证据[8]和[16]显示，VCC3V3通过U1500转换为VCC3V3_ETH，用于ETH供电。证据[1]中U1500的VIN引脚直接连接VCC3V3。
- **U1802** (TPS22918 负载开关)：证据[8]和[16]显示，VCC3V3通过U1802转换为VCC3V3_EQ，用于EQ6的IO和摄像头供电。证据[1]中U1802的VIN引脚直接连接VCC3V3。
- **U1501**：证据[5]显示U1501的IN引脚连接VCC3V3_ETH，但其输入来源为VCC3V3（通过U1500转换），因此其供电依赖VCC3V3。证据[8]中U1501被描述为“电源转换芯片TPS62872，VCC3V3转VCC0V75”，但未明确其输入网络直接来自VCC3V3主网络。 *（缺口：U1501的输入网络是否直接为VCC3V3，证据不充分，仅从子网络VCC3V3_ETH间接推断。）*
- **U901**：证据[7]显示U901的S2引脚连接VCC3V3_SW子网络，该子网络由VCC3V3通过Q1700转换而来，但U901的具体型号和功能未在证据中明确。 *（缺口：U901的器件类型和功能描述缺失，无法确认其为电源器件。）*

**缺口说明**：以下子问题未完全覆盖：
- **从VCC3V3网络连接的器件中识别出所有电源器件**：无法从给定证据中完整识别出VCC3V3连接的所有IC类器件的型号和功能，尤其是U1600、U1700、U1800、U1804等器件的具体类型未在证据中描述，因此无法确认它们是否为电源器件。","根据现有证据，VCC3V3网络在板上主要供电给以下电源器件：

- **U1500** (TPS22918 负载开关)：证据[8]和[16]显示，VCC3V3通过U1500转换为VCC3V3_ETH，用于ETH供电。证据[1]中U1500的VIN引脚直接连接VCC3V3。
- **U1802** (TPS22918 负载开关)：证据[8]和[16]显示，VCC3V3通过U1802转换为VCC3V3_EQ，用于EQ6的IO和摄像头供电。证据[1]中U1802的VIN引脚直接连接VCC3V3。
- **U1501**：证据[5]显示U1501的IN引脚连接VCC3V3_ETH，但其输入来源为VCC3V3（通过U1500转换），因此其供电依赖VCC3V3。证据[8]中U1501被描述为“电源转换芯片TPS62872，VCC3V3转VCC0V75”，但未明确其输入网络直接来自VCC3V3主网络。 *（缺口：U1501的输入网络是否直接为VCC3V3，证据不充分，仅从子网络VCC3V3_ETH间接推断。）*
- **U901**：证据[7]显示U901的S2引脚连接VCC3V3_SW子网络，该子网络由VCC3V3通过Q1700转换而来，但U901的具体型号和功能未在证据中明确。 *（缺口：U901的器件类型和功能描述缺失，无法确认其为电源器件。）*

**缺口说明**：以下子问题未完全覆盖：
- **从VCC3V3网络连接的器件中识别出所有电源器件**：无法从给定证据中完整识别出VCC3V3连接的所有IC类器件的型号和功能，尤其是U1600、U1700、U1800、U1804等器件的具体类型未在证据中描述，因此无法确认它们是否为电源器件。","[""Net VCC3V3 connects C1500.&1, C1617.&1, C1618.&1, C1621.&1, C1633.&2, C1700.&1, C1701.&1, C1702.&1, C1704.&1, C1709.&1, C1710.&1, C1711.&1, C1716.&1, C1800.&1, C1801.&1, C1802.&1, C1803.&1, C1804.&1, C1805.&1, C1811.&1, C1812.&1, C1821.&1, C1823.&1, C1828.&1, L1601.&2, L1701.&1, Q1700.S, R1622.&2, R1701.&1, R1706.&1, R1709.&1, R1710.&1, R1711.&2, R1712.&2, R1800.&2, TP1605.&1, TP1803.&1, U1500.VIN, U1600.VCCIN, U1700.VIN_B0_1, U1700.VIN_B1_1, U1700.VANA, U1700.VIN_B0_2, U1700.VIN_B1_2, U1800.VIN, U1800.VIN, U1800.MODE/SYNC, U1802.VIN, U1804.VIN, U1804.VIN, X2000.&1, X2000.&3."", ""Net VCC3V3_CAM_ACQ connects C1114.&2, R1143.&2, R1147.&2, TP1146.&1, U900A.AN12/EVADC_G1CH4/EDSADC_EDS0PB."", ""Net VCC3V3_CAM_FB connects R1143.&1, TP1913.&1, X1903.&4."", ""Net VCC3V3_EQ connects C1832.&1, C502.&1, C619.&1, C621.&1, C624.&1, C627.&1, C630.&1, R1108.&1, R1122.&1, R506.&2, R507.&2, R549.&2, R554.&2, R555.&2, R556.&2, R558.&2, R580.&2, R581.&2, TP1816.&1, U1802.QOD, U1802.VOUT, U400-2.VDD_RING_8_0-1, U400-2.VDD_RING_8_0-2, U400-2.VDD_RING_8_0-3, U400-2.VDD_RING_9_0, X1903.&10, Y500.VDD."", ""Net VCC3V3_ETH connects C1404.&1, C1410.&1, C1502.&1, C1503.&1, C1504.&1, L1400.&2, L1401.&2, R1110.&1, R1400.&2, R1401.&2, R1402.&2, R1403.&2, R1404.&2, R1405.&2, R1406.&2, R1407.&2, R1408.&2, R1409.&2, R1410.&2, TP1502.&1, U1500.QOD, U1500.VOUT, U1501.EN, U1501.IN."", ""Net VCC3V3_MCU connects C1109.&1, C1204.&1, C1221.&1, C1303.&1, C1308.&1, C509.&2, C835.&2, C906.&1, C909.&1, C910.&1, C911.&1, C913.&1, C914.&1, C915.&1, C929.&1, DP907.&1, L1703.&2, L901.&1, L902.&1, L903.&2, R1007.&2, R1009.&2, R1115.&2, R1205.&2, R1218.&2, R1229.&2, R1235.&2, R1240.&2, R1241.&2, R1300.&2, R1301.&2, R1309.&2, R1310.&2, R1322.&2, R1328.&2, R1703.&1, R805.&2, R900.&1, R903.&2, R904.&2, R906.&2, R909.&2, R913.&2, R915.&2, R919.&2, R920.&1, R921.&1, U1200.VI/O, U1203.VI/O, U1204.VI/O, U1205.VI/O, U1302.VI/O, U1303.VI/O, U1304.VI/O, U1305.VI/O, U503.VCCB, U900C.VEVRSB, U900C.VEXT, U900C.VEXT, U900C.VEXT, U900C.VEXT, U900C.VEXT, U900C.VFLEX, Y1100.std-by, Y1100.VCC."", ""Net VCC3V3_SW connects C1721.&2, C905.&1, L1703.&1, Q1700.D, R1709.&2, TP1714.&1, U901.S2."", ""Instance U1500: TPS22918, 20181204001, TPS22918TDBVRQ1, SOT23X145-6."", ""Instance U1804: SA23002C, 202403297532, SA23002CDFD, PSON50P200X200X75-8."", ""\nHW Interface Component ：QM（B）; None：F16/POWER; None：1、负载开关TPS22918，VCC3V3转VCC3V3_EQ。\n2、TPS22918由MCU进行使能和关断控制。; MCU Component ：F01/MCU; None：B; None：G20; None：P20.3; None：P20.3/GTM_TIM4_IN5_11/GTM_TIM3_IN4_5/GTM_TIM2_IN4_5/GTM_TOUT61/QSPI0_SLSO9/QSPI2_SLSO9/CAN03_TXD; None：GPIO; None：MCU_3V3_EQ_EN; None：/; None：O; None：VCC3V3_EQ电源使能控制信号\n高：使能VCC3V3_EQ电源\n低：关断VCC3V3_EQ电源; None：HI-Z,硬件外部下拉; None：—; SW Variable Name or SW Function Name：— ——Port1\nHW Interface Component ：QM; None：F17/POWER; None：1、负载开关TPS22918，VCC3V3转VCC3V3_ETH。\n2、TPS22918由MCU进行使能和关断控制。; MCU Component ：F01/MCU; None：QM; None：K17; None：P21.0; None：P21.0/GTM_TIM4_IN0_11/GTM_TIM3_IN4_6/GTM_TIM2_IN4_6/QSPI4_MRSTDN/DMU_FDEST/GTM_TOUT51/HSM_HSM1; None：GPIO; None：MCU_3V3_ETH_EN; None：/; None：O; None：VCC3V3_ETH电源使能控制信号\n高：使能VCC3V3_EQ电源\n低：关断VCC3V3_EQ电源; None：HI-Z, 硬件外部下拉; None：—; SW Variable Name or SW Function Name：— ——Port1\nHW Interface Component ：QM; None：F14/POWER; None：1、电源转换芯片TPS62872，VCC3V3转VCC0V75。\n2、TPS62872由MCU进行使能和关断控制。; MCU Component ：F01/MCU; None：QM; None：P20; None：P22.0; None：P22.0/GTM_TIM1_IN1_7/GTM_TIM0_IN1_7/QSPI4_MTSRB/GTM_TOUT47/QSPI4_MTSR/QSPI4_SCLKN; None：GPIO; None：MCU_VCC0V75_EN; None：/; None：O; None：VCC0V75电源使能控制信号\n高：使能VCC0V75电源\n低：关断VCC0V75电源; None：HI-Z, 硬件外部下拉; None：—; SW Variable Name or SW Function Name：— ——Port1"", ""\nMCU Component ：F01/MCU; None：B; None：H7; None：VDD; None：VDD; None：POWER; None：VCC1V25_MCU; None：/; None：/; None：1V25供电，MCU核电源域; None：/; None：—; SW Variable Name or SW Function Name：— ——Port1\nMCU Component ：F01/MCU; None：B; None：N19; None：VDD; None：VDD; None：POWER; None：VCC1V25_MCU; None：/; None：/; None：1V25供电，MCU核电源域; None：/; None：—; SW Variable Name or SW Function Name：— ——Port1\nHW Interface Component ：B; None：F12/POWER; None：LN10046输出的VCC3V3，经过磁珠转换为VCC3V3_MCU，用于给MCU的3V3电源域供电。; MCU Component ：F01/MCU; None：B; None：B18; None：VDDP3; None：VDDP3; None：POWER; None：VCC3V3_MCU; None：/; None：/; None：3V3供电，MCU内部Flash供电; None：/; None：—; SW Variable Name or SW Function Name：— ——Port1\nMCU Component ：F01/MCU; None：B; None：A19; None：VDDP3; None：VDDP3; None：POWER; None：VCC3V3_MCU; None：/; None：/; None：3V3供电，MCU内部Flash供电; None：/; None：—; SW Variable Name or SW Function Name：— ——Port1\nMCU Component ：F01/MCU; None：B; None：A2; None：VEXT; None：VEXT; None：POWER; None：VCC3V3_MCU; None：/; None：/; None：3V3供电，External Power Supply; None：/; None：—; SW Variable Name or SW Function Name：— ——Port1\nMCU Component ：F01/MCU; None：B; None：B3; None：VEXT; None：VEXT; None：POWER; None：VCC3V3_MCU; None：/; None：/; None：3V3供电，External Power Supply; None：/; None：—; SW Variable Name or SW Function Name：— ——Port1"", ""<table><tr><td>HM ID</td><td>F11/F12/F13/F14/F15/F16/F17/F18/F19/F25/F27</td></tr><tr><td>模块功能 \nModule Function</td><td>系统使用车载电池12V电压供电，经过EMI电路后输入至电源转换芯片，转换输出系统各模块所需电源。\nThe system uses 12V voltage power supply from the vehicle battery, which is input to the power conversion chip through the EMI circuit. Then the power conversion chip convert and output the power required by each module of the system.</td></tr><tr><td>模块框图\nModule diagram</td><td></td></tr><tr><td>模块方案\nModule solution</td><td>KL30 EMI (ASIL-B)\nKL30供电口处增加EMI电路，用于供电保护和滤波。硬件电路设计在UBD网络增加两个串联ESD电容，PCB布局靠近主连接器引脚处，用于吸收外部ESD信号，后端增加双向TVS管用于瞬态过压保护\nThe EMI circuit is added at the KL30 power supply port for power supply protection and filtering. The hardware circuit design adds two series ESD capacitors in the UBD network, the PCB layout is close to the main connector pin for absorbing external ESD signals, and the two-way TVS tube is added at the back end for transient overvoltage protection.\nKL30 to VCC3V3 (ASILB)\nKL30转VCC3V3是系统一级DC-DC，给MCU提供VCC3V3_MCU电源，所以系统要求其满足ASILB，确保MCU功能安全。\nKL30 to VCC3V3 is a system primary DC-DC chip, because the MCU needs VCC3V3_MCU power supply, so the system requires it to meet the ASILB to ensure the functional safety of the MCU.\nVCC3V3_MCU to VCC1V25_MCU(ASILB)\n3V3转1V25_MCU是使用MCU内置控制器进行控制的BUCK电源，用于MCU的核供电，功能安全需求达到ASILB，确保MCU功能安全。\n3V3 to 1V25_MCU is a BUCK power supply controlled by MCU built-in controller, which is used for MCU nuclear power supply. Functional safety requirements meet ASILB to ensure the functional safety of MCU.\nVCC3V3 to VCC0V75(QM(B))\nVCC3V3转VCC0V75应用于EQ6的内核供电，要求输出电流能力大，现选型TI的电源方案TPS62872。用MCU的P22.0引脚使能芯片，用MCU_SDA_P15.5，MCU_SCL_P15.4引脚I2C通信来设置输出电压和通信。\nVCC3V3 to VCC0V75 is applied to the core power supply of EQ6, which requires large output current capacity. The power supply scheme TPS62872 of TI is selected. P22.0 pin of MCU is used to enable the chip, and MCU_SDA_P15.5, MCU_SCL_P15.4 pin I2C communication is used to set the output voltage and communication. \nVCC3V3 to 0V75_MIPI_DDR(QM(B))\nVCC3V3转0V75_MIPI_DDR用于EQ6的IO口供电，现使用矽力杰的SA23002进行设计。用MCU的P22.1引脚使能该芯片。\nVCC3V3 to 0V75_MIPI_DDR for EQ6 IO port power supply, Silergy’s SA23002 is designed. The P22.1 pin of the MCU is used to enable the chip.\nVCC3V3转VCC1V8、VCC1V1、VCC50(QM(B))\nVCC1V8用于EQ6、CAM、DDR、FLASH供电，VCC1V1用于EQ6、DDR供电，VCC50用于CAN收发器供电，现选择LP87702 PMIC方案。用MCU的P15.3引脚使能该芯片的5V输出，用MCU_SCL_P15.4，MCU_SDA_P15.5 I2C通信来设置1.8V和1.1V输出电压和使能。\nVCC1V8 is used for EQ6, CAM, DDR, FLASH power supply, VCC1V1 is used for EQ6, DDR power supply, VCC50 is used for CAN transceiver  power supply, LP87702 PMIC scheme is selected. P15.3 pin of MCU is used to enable 5V output of the chip, and MCU_SCL_P15.4, MCU_SDA_P15.5 I2C communication is used to set 1.8V and 1.1V output voltage and enable it. \nVCC3V3 to VCC3V3_EQ(QM(B))\nVCC3V3转VCC3V3_EQ用于EQ6的IO和摄像头供电，现使用负载开关进行设计。用MCU的P20.3引脚使能该芯片。\nVCC3V3 to VCC3V3_EQ for EQ6’s IO and camera power supply, now using the load switch is designed. .The P20.3 pin of the MCU is used to enable the chip.\n\tVCC3V3 to VCC3V3_ETH(QM)\n3V3转3V3_ETH用于ETH供电，现选择负载开关方案。用MCU的P21.0引脚使能该芯片。\n3V3 to 3V3_ETH for ETH power supply, the load switch scheme is selected. . The P21.0 pin of the MCU is used to enable the chip.\n\tVCC1V8 to VCC1V8_EQ(QM(B))\nVCC1V8转VCC1V8_EQ用于EQ供电，现选择负载开关方案。用MCU的P20.0引脚使能该芯片。\nVCC1V8 to VCC1V8_EQ for EQ power supply, the load switch scheme is selected. . The P20.0 pin of the MCU is used to enable the chip.</td></tr><tr><td colspan='2'></td></tr></table>"", ""\nMCU Component ：F01/MCU; None：B; None：V19; None：VEXT; None：VEXT; None：POWER; None：VCC3V3_MCU; None：/; None：/; None：3V3供电，External Power Supply; None：/; None：—; SW Variable Name or SW Function Name：— ——Port1\nMCU Component ：F01/MCU; None：B; None：W20; None：VEXT; None：VEXT; None：POWER; None：VCC3V3_MCU; None：/; None：/; None：3V3供电，External Power Supply; None：/; None：—; SW Variable Name or SW Function Name：— ——Port1\nMCU Component ：F01/MCU; None：B; None：N20; None：VEXT; None：VEXT; None：POWER; None：VCC3V3_MCU; None：/; None：/; None：3V3供电，External Power Supply; None：/; None：—; SW Variable Name or SW Function Name：— ——Port1\nMCU Component ：F01/MCU; None：B; None：D5; None：VFLEX; None：VFLEX; None：POWER; None：VCC3V3_MCU; None：/; None：/; None：3V3供电，for Flex Port Pads; None：/; None：—; SW Variable Name or SW Function Name：— ——Port1\nMCU Component ：F01/MCU; None：B; None：Y5; None：VDDM; None：VDDM; None：POWER; None：VCC3V3_MCU; None：/; None：/; None：3V3供电，ADC电源域; None：/; None：—; SW Variable Name or SW Function Name：— ——Port1\nMCU Component ：F01/MCU; None：B; None：Y6; None：VAREF1; None：VAREF1; None：POWER; None：VCC3V3_MCU; None：/; None：/; None：3V3供电，MCU ADC参考电源; None：/; None：—; SW Variable Name or SW Function Name：— ——Port1"", ""<table><tr><td>HM ID</td><td>F12</td></tr><tr><td>模块功能 \nModule Function</td><td>KL30转VCC3V3是系统一级DC-DC，基于LN10046设计，给系统提供电源。\nThe KL30 to VCC3V3 is a first-level DC-DC based on the LN10046 design and provides power to the system.</td></tr><tr><td>模块框图\nModule diagram</td><td></td></tr><tr><td>模块方案\nModule solution</td><td>采用LN10046电源DCDC芯片，将12V系统电源转换为3.3V，提供给系统供电使用。\nThe LN10046 power supply DCDC chip is used to convert the 12V system power supply to 3.3V and provide power supply to the system for use.\n</td></tr></table>"", ""<table><tr><td>HM ID</td><td>F15</td></tr><tr><td>模块功能 \nModule Function</td><td>VCC3V3转0V75_MIPI_DDR应用于EQ6的IO口供电，现使用矽力杰的SA23002进行设计。\nVCC3V3 to 0V75_MIPI_DDR for EQ6 IO port power supply, Silergy’s SA23002 is designed.</td></tr><tr><td>模块框图\nModule diagram</td><td></td></tr><tr><td>模块方案\nModule solution</td><td>采用SA23002电源芯片，将VCC3V3转换为0V75_MIPI_DDR，提供给EQ6的IO口供电。用MCU的P22.1引脚使能该芯片。\nSA23002 power chip is used to convert VCC3V3 to 0V75_MIPI_DDR to supply power to the I/O port of EQ6. The P22.1 pin of the MCU is used to enable the chip. \n</td></tr></table>"", ""表3.2 系统功能矩阵表运行模式定义 Definition of Operation Mode系统运行模式描述系统硬件启动流程，硬件初始化到软件接管控制的流程介绍。主要包括上电运行流程、下电流程。System operation mode describes the system hardware start-up process, hardware initialization to software take over control process. It mainly includes power on operation process and power off process.上电运行流程如下：下电流程如下：备注：MCU检测到唤醒无效后，停止对EQ6、CAN等系统供电，并执行MCU的数据保存。EQ6系统的六路电源需要按照EQ6的要求时序就行上下电控制。运行模式转换条件 Transition Condition of Operation ModeKL30电源管理电路 KL30 supply management circuit唤醒电路 Wake Up circuit电源电路 Power CircuitKL30 EMI电路 KL30 EMI circuitKL30转VCC3V3 KL30 to VCC3V3VCC3V3_MCU转VCC1V25_MCU  VCC3V3_MCU to VCC1V25_MCUVCC3V3转VCC0V75  VCC3V3 to VCC0V75VCC3V3转0V75_MIPI_DDR VCC3V3 to 0V75_MIPI_DDRVCC3V3转VCC1V8、VCC1V1、VCC50   VCC3V3 to VCC1V8、VCC1V1、VCC50VCC3V3转VCC3V3_EQ  VCC3V3 to VCC3V3_EQVCC3V3转VCC3V3_ETH  VCC3V3 to VCC3V3_ETHVCC1V8转VCC1V8_EQ  VCC1V8 to VCC1V8_EQTC377最小系统 TC377 minimum systemEQ6最小系统 EQ6 minimum system摄像头最小系统 camera minimum system看门狗电路 Watchdog circuit温度采样电路 Temp Sample circuitETH电路 ETH circuitCAN FD电路 CAN FD circuit"", ""\nMCU Component ：F01/MCU; None：B; None：T1; None：VAREF2; None：VAREF2; None：POWER; None：VCC3V3_MCU; None：/; None：/; None：3V3供电，MCU ADC参考电源; None：/; None：—; SW Variable Name or SW Function Name：— ——Port1\nMCU Component ：F01/MCU; None：B; None：T11; None：VEVRSB; None：VEVRSB; None：POWER; None：VCC3V3_MCU; None：/; None：/; None：3V3供电，备用域电源; None：/; None：—; SW Variable Name or SW Function Name：— ——Port1\nNone：GND; None：POWER; None：MCU的GND; MCU Component ：F01/MCU; None：NA; None：Y4; None：VSSM; None：VSSM; None：GND; None：GND; None：/; None：/; None：/; None：/; None：—; SW Variable Name or SW Function Name：— ——Port1\nMCU Component ：F01/MCU; None：NA; None：Y7; None：VAGND1; None：VAGND1; None：GND; None：GND; None：/; None：/; None：/; None：/; None：—; SW Variable Name or SW Function Name：— ——Port1\nMCU Component ：F01/MCU; None：NA; None：T2; None：VAGND2; None：VAGND2; None：GND; None：GND; None：/; None：/; None：/; None：/; None：—; SW Variable Name or SW Function Name：— ——Port1\nMCU Component ：F01/MCU; None：NA; None：B2; None：VSS1; None：VSS1; None：GND; None：GND; None：/; None：/; None：/; None：/; None：—; SW Variable Name or SW Function Name：— ——Port1\nMCU Component ：F01/MCU; None：NA; None：D4; None：VSS2; None：VSS2; None：GND; None：GND; None：/; None：/; None：/; None：/; None：—; SW Variable Name or SW Function Name：— ——Port1"", ""<table><tr><td>HM ID</td><td>F16</td></tr><tr><td>模块功能 \nModule Function</td><td>VCC3V3转VCC3V3_EQ用于EQ6的IO和摄像头供电，现使用负载开关TPS22918进行设计。\nVCC3V3 to VCC3V3-EQ is used for the IO and camera power supply of EQ6, and the load switch TPS22918 is used for the design.</td></tr><tr><td>模块框图\nModule diagram</td><td></td></tr><tr><td>模块方案\nModule solution</td><td>采用TPS22918负载开关，将VCC3V3系统电源转换为VCC3V3_EQ，提供给EQ6和摄像头供电。用MCU的P20.3引脚使能该芯片。\nThe TPS22918 load switch is used to convert the VCC3V3 system power to VCC3V3-EQ to supply power to EQ6 and the camera. The P20.3 pin of the MCU is used to enable the chip.\n</td></tr></table>"", ""<table><tr><td>HM ID</td><td>F01/F08/F09</td></tr><tr><td>模块功能 \nModule Function</td><td>系统需求需要板内电源电压进行ADC采样和异常监控，要求功能安全达到ASIL-B等级，确保EQ6系统工作安全。\nThe system requirements require the on-board power supply voltage for ADC sampling and anomaly monitoring, and the functional safety is required to reach ASIL-B level to ensure the working safety of EQ6 system.</td></tr><tr><td>模块框图\nModule diagram</td><td></td></tr><tr><td>模块方案\nModule solution</td><td>EQ6系统电源电压采样  \n系统需求需要MCU对LP87702、TPS62872、SA23002、TPS22918和摄像头端的电压VCC3V3_EQ，VCC1V8，VCC1V1，VCC0V75，0V75_MIPI_DDR、VCC3V3_CAM，VCC_1V8_CAM、VCC1V1_CAM进行ADC采样和异常监控。其中VCC1V8，VCC1V1，VCC0V75，0V75_MIPI_DDR，VCC_1V8_CAM、VCC1V1_CAM电压范围未超量程对电压直接采样。VCC3V3_EQ和VCC3V3_CAM经过两个10K 1%精度电阻分压后采样。VCC3V3_EQ用AN2引脚采样，VCC1V8用AN3引脚采样，VCC1V1用AN4引脚采样，VCC1V8_EQ用AN5引脚采样，VCC3V3_CAM用AN12引脚采样，VCC1V1_CAM用AN13引脚采样，VCC1V8_CAM用AN14引脚采样，VCC0V75_MIPI_DDR用AN18引脚采样，VCC0V75用AN19引脚采样。\nEQ6 system power supply voltage sampling\nThe system requirements specify that the MCU must perform ADC sampling and abnormal monitoring on the voltages VCC3V3_EQ, VCC1V8, VCC1V1, VCC0V75, 0V75_MIPI_DDR, VCC3V3_CAM, VCC_1V8_CAM, and VCC1V1_CAM for the LP87702, TPS62872, SA23002, TPS22918, and camera-side devices. Among these voltages, VCC1V8, VCC1V1, VCC0V75, 0V75_MIPI_DDR, VCC_1V8_CAM, and VCC1V1_CAM have voltage ranges within the measurement range and are directly sampled. VCC3V3_EQ and VCC3V3_CAM are sampled after being divided by two 10K resistors with 1% precision. Specifically, VCC3V3_EQ is sampled using AN2, VCC1V8 using AN3, VCC1V1 using AN4, VCC1V8_EQ using AN5, VCC3V3_CAM using AN12, VCC1V1_CAM using AN13, VCC_1V8_CAM using AN14, 0V75_MIPI_DDR using AN18, and VCC0V75 using AN19.\nCAN&ETH电源电压采样\n系统需求MCU对LP87702、TPS22918的输出电压VCC3V3_ETH，VCC50进行ADC采样和异常监控，VCC3V3_ETH和VCC50经过两个10K 1%精度电阻分压后采样。VCC3V3_ETH用AN8引脚采样，VCC50用AN1引脚采样。\nCAN&ETH power supply voltage sampling\nThe system requirements specify that the MCU must perform ADC sampling and abnormal monitoring on the output voltages VCC3V3_ETH and VCC50 from the LP87702 and TPS22918. Both VCC3V3_ETH and VCC50 are sampled after being divided by two 10K resistors with 1% precision. Specifically, VCC3V3_ETH is sampled using AN8, and VCC50 is sampled using AN1.</td></tr></table>"", ""<table><tr><td>HM ID</td><td>F32</td></tr><tr><td>模块功能 \nModule Function</td><td>3V3转1V25_MCU用于MCU的核供电\n3V3 to 1V25_MCU is used for the core power supply of MCU</td></tr><tr><td>模块框图\nModule diagram</td><td></td></tr><tr><td>模块方案\nModule solution</td><td>该BUCK电源使用MCU的内置控制器进行控制，外部需要选型功率开关管和电感电容。\nThe BUCK power supply is controlled by the built-in controller of the MCU, and the external selection of power switches and inductors and capacitors is required.</td></tr></table>"", ""<table><tr><td>HM ID</td><td>F19</td></tr><tr><td>模块功能 \nModule Function</td><td>1V8转1V8_EQ用于EQ6供电，现选择负载开关方案。\n1V8 to 1V8_EQ is used for the EQ6 power supply, now choose the load switch scheme.\n</td></tr><tr><td>模块框图\nModule diagram</td><td></td></tr><tr><td>模块方案\nModule solution</td><td>采用TPS22918负载开关，将VCC1V8电源转换为VCC1V8_EQ，给EQ6供电。用MCU的P20.0引脚使能该芯片。\nThe TPS22918 load switch chip is used to convert the VCC1V8 to VCC1V8_EQ to power EQ6. The P20.0 pin of the MCU is used to enable the chip.\n</td></tr></table>"", ""\nNone：YYYY年MM月DD日发布\nReleased on DD/MM/YYYY; 文件编号File No：6XXXXXXXX_BBB_HW_IP_00X\n保存期限：产品生命周期加1个日历年；如属安全件，保存15个日历年以上\nRetention period:Product life cycle +1 calendar year.\nIf it is a safety part, keep it for more than 15 calendar years\n密级：内部\nSecurity level：Internal：YYYY年MM月DD日实施\nImplemented on DD/MM/YYYY ——封面Cover\nNone：北京经纬恒润科技股份有限公司\nBeijing Jingwei Hirain Technologies Co., Inc. ——封面Cover\nECU Connector：Pin No.; None：Pin Desc.; None：Signal Type; HW Interface Component ：ASIL; None：HW ID / Name; None：Characteristic; MCU Component ：HW ID; None：Pin ASIL; None：Trace; None：MCU Pin; None：Port Pin; None：Pin Name; None：Pin Function; None：Peripheral; None：Register; None：Direction; None：Function\nDescription; None：Default status after reset release; None：Standby/sleep state Settings ——Port1\nMCU Component ：/ Name; None：Solution ID; None：No.; None：Group; None：Name / Channel; None：Name ——Port1\nECU Connector：X1900-1; None：UBD; None：POWER; HW Interface Component ：QM; None：F06/KL30 sample; None：UBD供电要求范围：9~16VDC，要求MCU通过ADC对UBD电源电压进行采样和监控，实现电源管理功能。; MCU Component ：F01/ MCU; None：QM; None：K5; None：P00.10; None：P00.10/GTM_TIM4_IN1_11/GTM_TIM1_IN1_1/GTM_TIM0_IN1_1/GTM_TOUT19/EVADC_G9CH2; None：GPIO; None：MCU_UB_SW_P00.10; None：/; None：O; None：KL30电源电压ADC采样控制信号\n高：打开通道，ADC可以采集\n低：关闭通道，ADC不可以采集; None：HI-Z，硬件外部下拉; None：—; SW Variable Name or SW Function Name：— ——Port1"", ""<table><tr><td>模块序号\nModule number</td><td>模块名称\nModule name</td><td>功能定义\nFunction definition.</td><td>功能安全需求\nFunctional safety requirements</td></tr><tr><td>F01</td><td>MCU</td><td>SAK-TC377TP-96F300S AA</td><td>B(B)</td></tr><tr><td>F02</td><td>EYEQ6-L</td><td>EYEQ6-L，用于sensor的视频处理</td><td>B</td></tr><tr><td>F03</td><td>EYEQ6_LPDDR4</td><td>EQ6的1GB LPDDR4</td><td>B</td></tr><tr><td>F04</td><td>EYEQ6_NAND FLASH</td><td>EQ6的2Gb NAND FLASH</td><td>B</td></tr><tr><td>F05</td><td>CAM SENSOR</td><td>Sony 728摄像头模组</td><td>B</td></tr><tr><td>F06</td><td>KL30 sample</td><td>KL30电压采样</td><td>QM</td></tr><tr><td>F07</td><td>KL15 sample</td><td>KL15电压采样</td><td>QM</td></tr><tr><td>F08</td><td>EQ system power sample1</td><td>EQ6L系统供电电源电压ADC采样滤波、分压电路</td><td>B(B)</td></tr><tr><td>F09</td><td>ETH and CAN power sample2</td><td>CAN和ETH电源电压ADC采样滤波、分压电路</td><td>QM</td></tr><tr><td>F10</td><td>NTC temp sensor</td><td>NTC温度传感器，监控EQ6L/LPDDR4周边环境温度。</td><td>B</td></tr><tr><td>F11</td><td>KL30 EMI</td><td>KL30供电口EMI滤波电路.</td><td>B</td></tr><tr><td>F12</td><td>POWER</td><td>LN10046，KL30电源转VCC3V3电源</td><td>B</td></tr><tr><td>F13</td><td>POWER</td><td>LP87702，VCC3V3电压输入，VCC1V1、VCC1V8、VCC50电压输出</td><td>QM(B)</td></tr><tr><td>F14</td><td>POWER</td><td>TPS62872，VCC3V3电压输入，VCC0V75电压输出</td><td>QM(B)</td></tr><tr><td>F15</td><td>POWER</td><td>SA23002，VCC3V3输入，VCC0V75电压输出</td><td>QM(B)</td></tr><tr><td>F16</td><td>POWER</td><td>TPS22918负载开关，VCC3V3电压输入，VCC3V3_EQ输出</td><td>QM(B)</td></tr><tr><td>F17</td><td>POWER</td><td>TPS22918负载开关，VCC3V3输入，VCC3V3_ETH输出</td><td>QM</td></tr><tr><td>F18</td><td>overvoltage protect</td><td>用于MCU电源VCC3V3_MCU的外部过压保护</td><td>B</td></tr><tr><td>F19</td><td>POWER</td><td>TPS22918 负载开关，VCC1V8电压输入，VCC1V8_EQ电压输出</td><td>QM(B)</td></tr><tr><td>F20</td><td>CAN3</td><td>基于TCAN1145的CAN通讯，硬件支持特定报文唤醒</td><td>QM</td></tr><tr><td>F21</td><td>CAN2</td><td>基于TCAN1044A的CAN通讯.</td><td>QM</td></tr><tr><td>F22</td><td>CAN1</td><td>基于TCAN1044A的CAN通讯</td><td>QM</td></tr><tr><td>F23</td><td>CAN0</td><td>基于TCAN1044A的CAN通讯.</td><td>QM</td></tr><tr><td>F24</td><td>ETH</td><td>基于DP83TC812R的100BASE-T1通讯</td><td>QM</td></tr><tr><td>F25</td><td>Wake up</td><td>唤醒源和一级电源使能电路设计</td><td>QM</td></tr><tr><td>F26</td><td>watchdog</td><td>LP87702的看门狗功能，用于监控MCU运行状态</td><td>B</td></tr><tr><td>F27</td><td>POWER</td><td>VCC3V3_MCU转VCC1V25_MCU电压，由MCU的EVRC进行控制。</td><td>B</td></tr><tr><td>F28</td><td>level translation</td><td>3V3和1V8双向电压转换芯片</td><td>QM</td></tr></table>"", ""<table><tr><td>HM ID</td><td>F17</td></tr><tr><td>模块功能 \nModule Function</td><td>3V3转3V3_ETH用于ETH供电，现选择负载开关方案。\n3V3 to 3V3_ETH is used for ETH power supply, and the load switching scheme is now selected.</td></tr><tr><td>模块框图\nModule diagram</td><td></td></tr><tr><td>模块方案\nModule solution</td><td>采用TPS22918负载开关，将VCC3V3系统电源转换为VCC3V3_ETH，提供给MCU的ETH供电。P21.0引脚使能该芯片。\nThe TPS22918 load switch is used to convert the VCC3V3 system power to VCC3V3-ETH to supply power to ETH of the MCU. The P21.0 pin of the MCU is used to enable the chip.\n</td></tr></table>"", ""<table><tr><td>HM ID</td><td>F01/F06/F11</td></tr><tr><td>模块功能\nModule Function</td><td>ADAS正常工作电压范围9~16VDC，系统需求需要对产品供电KL30进行电源管理，硬件电路对UBD电源网络进行ADC采样。\nADAS normal operating voltage range is 9~16VDC. System requirements require power management for the product power supply KL30. The hardware circuit performs ADC sampling on the UBD power supply.</td></tr><tr><td>模块框图\nModule diagram</td><td></td></tr><tr><td>模块方案\nModule solution</td><td>MCU_UB_SW_P00.10信号是由MCU I/O控制的数字信号，用于使能KL30电压采样功能。\n  MCU_UB_SW_P00.10 signal is a digital signal controlled by MCU I/O, used to enable KL30 voltage sampling function.\nUBSW_ACQ_AN6信号是UBD经过100K 1%、10K 1%电阻分压后的模拟信号。\n  UBSW_ACQ_AN6 signal is an analog signal of UBD divided by 100K 1%、10K 1% resistors. Which is connected to the ADC pin of MCU for sampling. \nMCU的ADC采集到UBD后进行电源管理，当软件诊断到UBD电压范围异常时，MCU会关断EQ和其他负载工作电源，确保ADAS功能安全。\n  The ADC of MCU collects UBD for power management. When the software detects that UBD voltage range is abnormal, the MCU will turn off EQ and other load power supplies to ensure the functional safety of ADAS.</td></tr></table>"", ""<table><tr><td>HM ID</td><td>F02/F03/F04/F28</td></tr><tr><td>模块功能 \nModule Function</td><td>EYEQ6-L最小系统组成：外部30MHz晶体给EYEQ6-L提供基本时钟输入，外部20MHz有源晶振提供监控时钟，外扩OSPI接口的2Gb NAND FLASH存储程序，外扩1GB的LPDDR4运存。NXB0104是用于MCU的3V3_SPI和NAND FLASH的1V8_SPI进行电平转换，用于MCU读写NAND FLASH。\nEYEQ6-L minimum system components: an external 30MHz crystal provides the basic clock input for EYEQ6-L, an external 20MHz active crystal provides the monitoring clock, an external 2GbNAND FLASH memory program for OSPI interface, and an external 1GB LPDDR4 operation memory. NXB0104 is used for level conversion of 3V3_SPI of MCU and 1V8-SPI of NAND FLASH for MCU to read and write NAND FLASH.</td></tr><tr><td>模块框图\nModule diagram</td><td></td></tr><tr><td>模块方案\nModule solution</td><td>\n1、处理器\n根据ADAS产品需求图像处理SOC功能安全需要达到ASIL-B，经综合评估选择Mobileye产品EYEQ6-L，最高功能安全可达到ASIL-B，接口资源丰富。\n1.Processor\nAccording to the requirements of ADAS products, the functional safety of image processing SOC needs to reach ASIL-B. After comprehensive evaluation, Mobileye product EYEQ6-L is selected, and the highest functional safety can reach ASIL-B with abundant interface resources. +\n2、时钟\n硬件选型30MHz晶振给EYEQ6-L提供时钟输入，由其内部PLL等电路完成倍频、分频，供其内核和各模块使用。外部20MHz有源晶振作为内部监控时钟。\n2.Clock\nThe 30MHz crystal provides clock input to the EYEQ6-L, and its internal PLL circuit completes frequency multiplication and frequency division for the EyeQ6-L core and each module. The external 20MHz active crystal is energized as an internal monitoring clock.\n3、DDR\nEYEQ6在外扩的DDR中运行程序和存储临时数据，其DDR控制器可支持32bits位宽的LPDDR4 SDRAM，最大读写速率4266 Mb/s/pin 。本设计中选用1片32bit的LPDDR4 SDRAM，型号为车规级器件K4F8E3S4HD-GHCL02V，以充分利用数据带宽，保证EYEQ6的处理速度，LPDDR4工作环境温度为-40℃~105℃，单片总容量1GB。\n3.DDR\nEYEQ6 runs programs and stores temporary data in the extended DDR. Its DDR controller supports LPDDR4 SDRAM with 32bits wide and a maximum read/write rate of 4266Mb/s/pin. In this design, a 32bit LPDDR4 SDRAM is selected, the model is car grade device K4F8E3S4HD-GHCLO2V, in order to make full use of the data bandwidth and ensure the processing speed of EYEQ6. The working environment temperature of LPDDR4 is -40℃-105℃, and the total capacity of a single chip is 1GB.\n\n\n4、NAND FLASH\n选择ME推荐的WinBond公司产品W35N02JWTBKF，容量2Gb，FLASH支持CRC安全机制。\nNXB0104是用于MCU的3V3_ SPI和NAND FLASH的1V8_ SPI进行电平转换，通过MCU_SPI1_CS片选电平转换芯片，实现MCU对NAND FLASH的读写操作，转换芯片在本应用场景下支持最大传输速率80Mbps。\nNAND FLASH\nChoose the WinBond company product W35N02JWTBKF recommended by ME, with a capacity of 2Gb and FLASH supporting CRC security mechanism. \nNXB0104 is used for the level conversion of 3V3_SPI of MCU and 1V8_SPI of NAND FLASH. The level conversion chip is selected by MCU_SPI1_CS chip to realize the reading and writing operation of MCU to NAND FLASH. The converter chip supports a maximum transmission rate of 80Mbps in this application scenario. \n5、电源和复位\nEYEQ6-L需要6路电源：VCC3V3_EQ、VCC0V75、0V75_MIPI_DDR、VCC1V8、VCC1V1、VCC1V8_EQ，其中VCC0V75用于给内核供电。复位信号由MCU通过P02.4口进行控制。\nPower and reset\nEYEQ6-L requires six power sources: VCC3V3-EQ, VCCOV75, OV75_MIPI_DDR, VCC1V8, VCC1V1, VCC1V8_EQ, where VCCOV75 is used to power the core. The reset signal is controlled by the MCU through the P02.4 pin.</td></tr></table>"", ""<table><tr><td>HM ID</td><td>F14</td></tr><tr><td>模块功能 \nModule Function</td><td>VCC3V3转VCC0V75应用于EQ6的内核供电，要求输出电流能力大，现选型TI的方案TPS62872。\nVCC3V3 to VCCOV75 is applied to the kernel power supply of EQ6, which requires large output current capacity. TI's scheme TPS62872 is selected.</td></tr><tr><td>模块框图\nModule diagram</td><td></td></tr><tr><td>模块方案\nModule solution</td><td>\t采用TPS62872电源芯片，将VCC3V3转换为VCC0V75，提供给EQ6核电供电。用MCU的P22.0引脚使能芯片，用MCU_SDA_P15.5，MCU_SCL_P15.4引脚I2C通信来设置输出电压和通信。\nTPS62872 power chip is used to convert VCC3V3 to VCCOV75, which is supplied to EQ nuclear power supply. P22.0 pin of MCU is used to enable chip, MCU_SDA_P15.5, MCU_SCL_P15.4 pin I2C communication is used to set output voltage and communication. +</td></tr></table>"", ""<table><tr><td>序号</td><td>模块序号</td><td>模块名称</td><td>功能定义</td><td>功能安全需求</td></tr><tr><td>1</td><td>F013</td><td>POWER</td><td>LP87702，VCC3V3电压输入，VCC1V1、VCC1V8、VCC50电压输出</td><td>QM(B)</td></tr><tr><td>1</td><td>F01</td><td>MCU</td><td>SAK-TC377TP-96F300S AA</td><td>B(B)</td></tr><tr><td>1</td><td>F08</td><td>EQ system power sample1</td><td>EQ6L系统供电电源电压ADC采样滤波、分压电路</td><td>B(B)</td></tr><tr><td>2</td><td>F14</td><td>POWER</td><td>TPS62872，VCC3V3电压输入，VCC0V75电压输出，EQ6L核电供电</td><td>QM(B)</td></tr><tr><td>2</td><td>F01</td><td>MCU</td><td>SAK-TC377TP-96F300S AA</td><td>B(B)</td></tr><tr><td>2</td><td>F08</td><td>EQ system power sample</td><td>EQ6L系统供电电源电压ADC采样滤波、分压电路</td><td>B(B)</td></tr><tr><td>3</td><td>F15</td><td>POWER</td><td>SA23002，VCC3V3输入，0V75_MIPI_DDR电压输出</td><td>QM(B)</td></tr><tr><td>3</td><td>F01</td><td>MCU</td><td>SAK-TC377TP-96F300S AA</td><td>B(B)</td></tr><tr><td>3</td><td>F08</td><td>EQ system power sample</td><td>EQ6L系统供电电源电压ADC采样滤波、分压电路</td><td>B(B)</td></tr><tr><td>4</td><td>F16</td><td>POWER</td><td>TPS22918负载开关，VCC3V3电压输入，VCC3V3_EQ输出</td><td>QM(B)</td></tr><tr><td>4</td><td>F01</td><td>MCU</td><td>SAK-TC377TP-96F300S AA</td><td>B(B)</td></tr><tr><td>4</td><td>F08</td><td>EQ system power sample</td><td>EQ6L系统供电电源电压ADC采样滤波、分压电路</td><td>B(B)</td></tr></table>"", ""<table><caption> Table9-5.DefaultOutputVoltageSetpoints</caption>\n<tr><td  >VSEL Pin(1)</td><td  >Device Number</td><td  >VSET[7:0]</td><td  >Output Voltage Setpoint</td></tr>\n<tr><td></td><td  >TPS6287x-Q1</td><td  >0x5a</td><td  >850 mV</td></tr>\n<tr><td></td><td  >TPS6287xY0-Q1</td><td  >0x50</td><td  >800 mV</td></tr>\n<tr><td></td><td  >TPS6287xY1-Q1</td><td  >0x14</td><td  >500 mV</td></tr>\n<tr><td></td><td  >TPS6287xY2-Q1</td><td  >0x64</td><td  >1800 mV</td></tr>\n<tr><td  >6.2 kQ to GND</td><td  >TPS6287xY3-Q1</td><td  >0x52</td><td  >810 mV</td></tr>\n<tr><td></td><td  >TPS6287xN0-Q1</td><td  >0x14</td><td  >500 mV</td></tr>\n<tr><td></td><td  >TPS6287xN1-Q1</td><td  >0x50</td><td  >800 mV</td></tr>\n<tr><td></td><td  >TPS6287xN2-Q1</td><td  >0x64</td><td  >1800 mV</td></tr>\n</table>"", ""<table><caption> Table 9-10. Table 6-2. Devices Without I2C Interface</caption>\n<tr><td  > Device Number</td><td  >Output Current</td><td  >Start-Up Voltage(2)</td><td  >VSEL Settings</td><td  > Spread Spectrum Clocking</td><td  > Soft-Start Time</td></tr>\n<tr><td  >TPS62870N0QWRXSRQ1</td><td  >6A</td><td  >0.500 V</td><td  >6.2 kQ to GND</td><td></td><td></td></tr>\n<tr><td  >TPS62871N0QWRXSRQ1</td><td  >9A</td><td  >0.750V</td><td  > Short to GND</td><td  >On</td><td  >0.5 ms</td></tr>\n<tr><td  >TPS62872N0QWRXSRQ1</td><td  >12 A</td><td  >0.875 V</td><td  >Short to VIN </td><td></td><td></td></tr>\n<tr><td  >TPS62873N0QWRXSRQ1</td><td  >15 A</td><td  >1.050 V</td><td  >47 kQ to VIN</td><td></td><td></td></tr>\n</table>""]","{""original_context_count"": 30, ""original_context_characters"": 28934, ""scored_context_count"": 8, ""scored_context_characters"": 5599, ""contexts_truncated"": true, ""context_selection"": ""claim_coverage"", ""selected_evidence_ids"": [""document:b6943ae371d76077""], ""selected_claim_ids"": [""sq_1:claim_1"", ""sq_2:claim_1""], ""excluded_evidence_ids"": [""circuit:21:instance:U1500"", ""circuit:21:instance:U1804"", ""circuit:21:net:VCC3V3"", ""circuit:21:net:VCC3V3_CAM_ACQ"", ""circuit:21:net:VCC3V3_CAM_FB"", ""circuit:21:net:VCC3V3_EQ"", ""circuit:21:net:VCC3V3_ETH"", ""circuit:21:net:VCC3V3_MCU"", ""circuit:21:net:VCC3V3_SW"", ""document:03f25b2ba7da50a5"", ""document:0eb6659a764f4d29"", ""document:2d9ba8a423c020c7"", ""document:35108004bab10732"", ""document:35357111545e774a"", ""document:377c425a6fdda20d"", ""document:44c4021cbbe6e903"", ""document:529a142033d8838a"", ""document:5fe56e0953406ff6"", ""document:7970eec1b28a0159"", ""document:7a6ae2179c8765b3"", ""document:a47f93f7ac4e825a"", ""document:aac59875b92ed6b0"", ""document:ac50d449c410f12d"", ""document:ac72bb1a220bade2"", ""document:d378e0b4375168eb"", ""document:d59fddc6838a7925"", ""document:e6627ad70c8cab97"", ""document:f4318d00b223c30b"", ""document:fff26d224ab88aef""]}",0.26586033763131955,0.42122347397494686,1.0,not_applicable,0.49999999995,1.0,1.0,0.625,not_applicable
hw-v1-document-lp87702-section,success,软件配置 LP87702 应查 HSI 的哪一节？,应查 HSI 7.2 节“LP87702 配置”，其中给出软件寄存器和 I²C 配置说明。,"软件配置 LP87702 应查 HSI 的第 **7.2 节“LP87702 配置”**。

**支撑证据：**
- 证据[2]（HSI 文档正文）明确列出“LP87702 配置 LP87702 Configuration”小节，并说明“LP87702 运行期间需要 MCU 通过 I2C 配置的寄存器如下所示：Table 5-2 LP87702 Configuration”。
- 证据[3]（HSI 文档目录）显示“7.2 LP87702配置 LP87702 Configuration”位于第 72 页。

**缺失信息：** 无。","软件配置 LP87702 应查 HSI 的第 **7.2 节“LP87702 配置”**。

**支撑证据：**
- 证据[2]（HSI 文档正文）明确列出“LP87702 配置 LP87702 Configuration”小节，并说明“LP87702 运行期间需要 MCU 通过 I2C 配置的寄存器如下所示：Table 5-2 LP87702 Configuration”。
- 证据[3]（HSI 文档目录）显示“7.2 LP87702配置 LP87702 Configuration”位于第 72 页。

**缺失信息：** 无。","[""Instance U1700: LP87702-Q1, 20200424007, LP87702RRHBRQ1, pqfn50p5x5x90-32."", ""ADC电压采集阈值 The ADC voltage acquisition thresholdWCCA计算结果如下，软件应按照如下过欠压阈值设置：The WCCA calculation results are as follows. The software should be set according to the following overvoltage and undervoltage thresholds:EQ6L上下电时序要求 EQ6L Power-on and power-off sequence requirements共享和独占的硬件资源 Shared and Exclusive Hardware ResourceECU-MCU信号对应关系 ECU-MCU Signal MappingMCU时钟配置 MCU Clock Configuration存储器配置 Memeory ConfigurationTable 4-5Memory Configuration其他芯片配置 Other IC Configuration其他芯片的通讯机制 Communication Mechanism with Other ICLP87702配置 LP87702 ConfigurationLP87702运行期间需要MCU通过I2C配置的寄存器如下所示：Table 5-2 LP87702 ConfigurationTPS62872配置 TPS62872 ConfigurationTPS62872运行期间需要MCU通过I2C配置的寄存器如下所示：Table 5-3 TPS62872 Configuration安全机制 Safety MechanismsSystem levelHW level硬件安全分析无新增安全机制IC level模板变更历史Template Change History填写说明Filling instructions：变更单号YYYYMM00X为记录顺序号，如：202203002，表示的是2022年03月的第二份此类文档。首次发布不分配变更单号，变更单号处填NA。The change order number YYYYMM00X is the record sequence number, such as 202203002, which represents the second such document in March 2022. No change order number will be allocated for the first release, and Na will be filled in the change order number.变更原因填写以客户审核需要变更为例：由于XX客户在客户审核时发现XX问题，需要调整模板。Fill in the revision note. Take the need for change in customer audit as an example: because XX customer found XX problem during customer audit, the template needs to be adjusted.变更内容填写以客户审核发现问题需要更改为例：由于XX客户在客户审核时发现XX问题，特增加XXX的变更内容。"", ""3.3.5 EQ6最小系统 EQ6 minimum system\t553.3.6 摄像头最小系统 camera minimum system\t593.3.7 看门狗电路 Watchdog circuit\t613.3.8 温度采样电路 Temp Sample circuit\t623.3.9 ETH电路 ETH circuit\t633.3.10 CAN FD电路 CAN FD circuit\t654\tADC电压采集阈值 The ADC voltage acquisition threshold\t685\tEQ6L上下电时序要求 EQ6L Power-on and power-off sequence requirements\t686\t共享和独占的硬件资源 Shared and Exclusive Hardware Resource\t696.1 ECU-MCU信号对应关系 ECU-MCU Signal Mapping\t696.2 MCU时钟配置 MCU Clock Configuration\t706.3 存储器配置 Memeory Configuration\t717\t其他芯片配置 Other IC Configuration\t717.1 其他芯片的通讯机制 Communication Mechanism with Other IC\t717.2 LP87702配置 LP87702 Configuration\t727.3 TPS62872配置 TPS62872 Configuration\t728\t安全机制 Safety Mechanisms\t736.1 System level\t736.2 HW level\t736.3 IC level\t73概述 Introduction目的 Purpose软硬接口文档的目的是描述软件和硬件的交互，并且确保软件硬件和TSR的一致性。The goal of the hardware software interface document is to specify the hardware and software interaction and be consistent with the technical safety concept.适用范围 Range of Application此文档适用于奇瑞EQ6L T1G ADAS项目的功能安全开发全过程。This document is applied for the whole functional safety development process of  EQ6L T1G ADAS project.读者对象 TReader项目经理Project Manager项目组成员Project Team Members功能安全经理Functional Safety Manager功能安全工程师Functional Safety System Engineer硬件工程师 Hardware Engineer软件工程师 Software Engineer质量和审查人员QA and Assessor产品测试人员Product Test Engineer"", ""\nMCU Component ：F01/ MCU; None：QM; None：E11; None：P12.1; None：P12.1/GTM_TIM4_IN1_6/GTM_TIM3_IN1_6/GETH_MDIOC/GTM_TOUT129/CAN00_TXD/GETH_MDIO; None：GPIO; None：MCU_nINT_PMIC_P12.1; None：/; None：I; None：LP87702的输出中断信号。\n高：无中断信号\n低：输出中断信号; None：HI-Z，硬件外部上拉; None：—; SW Variable Name or SW Function Name：— ——Port1\nHW Interface Component ：QM(B); None：F13/POWER\nF14/POWER; None：MCU配置LP87702、TPS62872; MCU Component ：F01/MCU; None：B; None：E14; None：P15.5; None：P15.5/GTM_TIM3_IN0_4/GTM_TIM2_IN0_4/QSPI2_MTSRA/GTM_TOUT76/QSPI2_MTSR/MSC0_EN0/I2C0_SDA; None：I2C0_SDAC; None：MCU_SDA_P15.5; None：/; None：IO; None：IIC_SDA信号\n\n外挂LP87702和TPS62872\n\nLP87702地址：0x08\nTPS62872地址：0x41; None：HI-Z，硬件外部上拉; None：—; SW Variable Name or SW Function Name：— ——Port1\nMCU Component ：F01/MCU; None：B; None：A17; None：P15.4; None：P15.4/GTM_TIM3_IN7_4/GTM_TIM2_IN7_4/I2C0_SCLC/QSPI2_MRSTA/SCU_E_REQ0_0/GTM_TOUT75/QSPI2_MRST; None：I2C0_SCL; None：MCU_SCL_P15.4; None：/; None：O; None：IIC_CLK信号\n\n外挂LP87702和TPS62872\n\nLP87702地址：0x08\nTPS62872地址：0x41; None：HI-Z，硬件外部上拉; None：—; SW Variable Name or SW Function Name：— ——Port1"", ""<table><tr><td>HM ID</td><td>F13</td></tr><tr><td>运行模式\nOperation Mode</td><td>SHUTDOWN、READ OTP、STANDBY、ACTIVE</td></tr><tr><td>模式定义\nDefinition of Operation mode</td><td>SHUTDOWN\nNRST电压低于阈值。LP87702-Q1器件停止工作。\nREAD OTP\n电源电压VANA高于VANAUVLO电平，并且NRST电压高于阈值电平。电压转换器被禁用，LP87702-Q1的参考电平和偏置电路被启用。OTP配置被加载到寄存器。\nSTANDBY\n电源电压VANA高于VANAUVLO水平，NRST电压高于阈值水平。电压转换器被禁用，LP87702-Q1的参考电平、控制和偏压电路被启用。所有的寄存器都可以被主机处理器通过系统串口读写。电压转换器可以根据需要进行使能输出。\nACTIVE\n电源电压VANA高于VANAUVLO水平，NRST电压高于阈值水平。稳压DC/DC变换器处于使能状态。所有的寄存器都可以被MCU通过系统串口读写。\nSHUTDOWN\nAfter the enable signal MCU_OV75_MIPI_DDR_EN=L, the secondary power stops the 0V75_MIPI_DDR power supply. \nREADY OTP\nThe supply voltage VANA is above the VANAUVLO level, and the NRST voltage is above the threshold level. The voltage converter is disabled and the reference level and bias circuits of the LP87702-Q1 are enabled. The OTP configuration is loaded into the register.\nSTANDBY\nThe supply voltage VANA is above the VANAUVLO level and the NRST voltage is above the threshold level. The voltage converter is disabled and the reference level, control, and bias circuits of the LP87702-Q1 are enabled. All registers can be read and written by the host processor through the system serial port. The voltage converter can perform enabling output as needed.\nACTIVE\nThe supply voltage VANA is above the VANAUVLO level and the NRST voltage is above the threshold level. The regulated DC/DC converter is in the enabled state. All the registers can be read and written by the MCU through the system serial port. </td></tr><tr><td>模式切换接口\nMode switching interface</td><td></td></tr><tr><td>模式状态机\nMode state machine</td><td></td></tr><tr><td>模式切换条件\nMode switching condition</td><td>参考：\n产品系统需求规格说明\n产品系统方案设计说明书\nReference: \nProduct system requirement specification \nProduct system scheme design specification.</td></tr><tr><td>备注\nNote</td><td>1、VANAUVLO阈值电压\n\n2、NRST阈值电压\n</td></tr><tr><td>备注\nNote</td><td></td></tr></table>"", ""\nRegister：nan; Symbol：nan; Description：nan; Unnamed: 3：nan; Register.1：nan; Symbol.1：nan; Description.1：111 Closed Window : 50 % / Open Window : 50 % ——13_Registers Bit Description\nRegister：Register; Symbol：Symbol; Description：Description; Unnamed: 3：nan; Register.1：nan; Symbol.1：nan; Description.1：Reset on Power On Reset (POR) ——13_Registers Bit Description\nRegister：FS_I_OVUV_SAFE_\nREACTION1; Symbol：VMON_LDO1_OV_\nFS_REACTION; Description：00 No effect on RSTB and FS0B; Unnamed: 3：nan; Register.1：nan; Symbol.1：nan; Description.1：nan ——13_Registers Bit Description\nRegister：nan; Symbol：nan; Description：01 VMON_LDO1 OV asserts FS0B only; Unnamed: 3：nan; Register.1：nan; Symbol.1：nan; Description.1：nan ——13_Registers Bit Description\nRegister：nan; Symbol：nan; Description：10 VMON_LDO1 OV asserts RSTB and FS0B; Unnamed: 3：nan; Register.1：nan; Symbol.1：nan; Description.1：nan ——13_Registers Bit Description\nRegister：nan; Symbol：nan; Description：11 VMON_LDO1 OV asserts RSTB and FS0B; Unnamed: 3：nan; Register.1：Note:本页均为配置寄存器，以支持需求开发人员快速确定具体项目需要配置的bits; Symbol.1：nan; Description.1：nan ——13_Registers Bit Description\nRegister：nan; Symbol：nan; Description：Reset on Power On Reset (POR); Unnamed: 3：nan; Register.1：nan; Symbol.1：nan; Description.1：nan ——13_Registers Bit Description\nRegister：nan; Symbol：VMON_LDO1_UV_\nFS_REACTION; Description：00 No effect on RSTB and FS0B; Unnamed: 3：nan; Register.1：nan; Symbol.1：nan; Description.1：nan ——13_Registers Bit Description\nRegister：nan; Symbol：nan; Description：01 VMON_LDO1 OV asserts FS0B only; Unnamed: 3：nan; Register.1：nan; Symbol.1：nan; Description.1：nan ——13_Registers Bit Description"", ""\nNone：U20; None：P23.2; None：P23.2/GTM_TIM1_IN6_5/GTM_TIM0_IN6_5/GTM_TOUT43/CAN12_TXD; None：GPIO; None：MCU_RST_FLASH_P23.2; None：/; None：O; None：FLASH复位信号\n低：FLASH复位\n高：FLASH进入工作状态; None：HI-Z，硬件外部下拉; None：—; SW Variable Name or SW Function Name：— ——Port1\nNone：未使用; MCU Component ：F01/ MCU; None：NA; None：/; None：D7; None：P11.14; None：P11.14/GTM_TIM4_IN7_4/GTM_TIM2_IN7_8/GETH_CRSDVB/GETH_RXDVB/GETH_CRSA/GTM_TOUT126; None：GPIO; None：MCU_ETH_CFG1_P11.14; None：/; None：I; None：CFG1：BOM配置，判断是否有以太网\n高：TBD\n低：TBD; None：HI-Z; None：—; SW Variable Name or SW Function Name：— ——Port1\nNone：未使用; MCU Component ：F01/ MCU; None：NA; None：/; None：D6; None：P11.15; None：P11.15/GTM_TIM4_IN7_5/GTM_TIM0_IN7_8/GETH_COLA/GTM_TOUT127; None：GPIO; None：MCU_ETH_CFG2_P11.15; None：/; None：I; None：CFG2：BOM配置，判断以太网接口类型\n高：TBD\n低：TBD; None：HI-Z; None：—; SW Variable Name or SW Function Name：— ——Port1\nHW Interface Component ：QM(B); None：F13/POWER; None：1、LP87702实现VCC3V3转VCC1V8、VCC1V1、VCC50三路电源输出\n2、LP87702的VCC50由MCU的GPIO控制使能和关断，VCC1V8、VCC1V1由MCU的I2C控制使能和关断。\n3、预留中断信号用于MCU辅助监控LP87702的工作状态。\n4、MCU可以通过I2C监控和管理LP87702的状态。; MCU Component ：F01/ MCU; None：QM; None：B17; None：P15.3; None：P15.3/GTM_TIM3_IN6_4/GTM_TIM2_IN6_4/CAN01_RXDA/QSPI2_SCLKA/GTM_TOUT74/QSPI2_SCLK/MSC0_EN1; None：GPIO; None：MCU_5V_EN; None：/; None：O; None：VCC50（LP87702）电源使能控制信号\n高：使能VCC50电压输出\n低：关断VCC50电压输出; None：HI-Z，硬件外部下拉; None：—; SW Variable Name or SW Function Name：— ——Port1"", ""<table><tr><td>HM ID</td><td>F26</td></tr><tr><td>模块功能 \nModule Function</td><td>系统需求MCU外置看门狗，用于监控MCU功能异常时进行复位。\nThe system requires MCU external watchdog, used to monitor MCU function abnormal reset.</td></tr><tr><td>模块框图\nModule diagram</td><td></td></tr><tr><td>模块方案\nModule solution</td><td>窗口看门狗喂狗参数由LP87702的OTP文件进行配置，具体参数为：喂狗长周期600ms，窗口为10~30ms，看门狗输出复位信号低电平持续10ms。用MCU的P13.3引脚喂狗。\nThe window watchdog feeding parameters are configured by the OTP file of LP87702, the specific parameters are: feeding the dog for a long period of 600ms, the window is 10~30ms, and the low level of the watchdog output reset signal lasts for 10ms. Feed the dog with P13.3 pin of the MCU. </td></tr></table>"", ""\nNone：V1.0; None：首次发布; None：张三; None：YYYY-MM-DD; None：XXXXX ——封面Cover\nNone：V2.0; None：由于XXX原因，变更XX章节XX部分内容; None：张三; None：YYYY-MM-DD; None：XXXXX ——封面Cover\nNone：编制：\nAuthor：; None：产品硬件设计工程师\nProduct hardware design engineer; None：签字Sign：; 文件编号File No：6XXXXXXXX_BBB_HW_IP_00X\n保存期限：产品生命周期加1个日历年；如属安全件，保存15个日历年以上\nRetention period:Product life cycle +1 calendar year.\nIf it is a safety part, keep it for more than 15 calendar years\n密级：内部\nSecurity level：Internal：张三\nZhang San; None：日期Date：; None：YYYY-MM-DD ——封面Cover\nNone：审核：\nChecker:; None：产品硬件架构工程师\nProduct hardware architecture engineer; None：签字Sign：; None：日期Date： ——封面Cover\nNone：审核：\nChecker:; None：产品软件开发工程师\nProduct software development engineer; None：签字Sign：; None：日期Date： ——封面Cover\nNone：审核：\nChecker:; None：产品功能安全系统工程师\nProduct functional safety  system engineer; None：签字Sign：; None：日期Date： ——封面Cover\nNone：批准：\nApprover:; None：产品系统工程师    \nProduct system engineer; None：签字Sign：; None：日期Date： ——封面Cover\nNone：所 有 权 声 明Statement of proprietary rights ——封面Cover\nNone：该文档及其所含信息是经纬恒润的财产。该文档及其所含信息的复制、使用及披露必须得到经纬恒润的书面授权。\nThis document and the information it contains are the property of Jingwei Hirain. The reproduction, use and disclosure of this document and the information contained therein must be authorized in writing by Jingwei Hirain. ——封面Cover"", ""<table><tr><td>HM ID</td><td>F13</td></tr><tr><td>模块功能 \nModule Function</td><td>VCC1V8用于EQ6、CAM、DDR、FLASH供电。VCC1V1用于EQ6、DDR供电。VCC50用于CAN收发器供电，现选择LP87702 PMIC方案。\nVCCIV8 is used to power EQ6, CAM, DDR, FLASH.VCC1V1 is used to power EQ6,DDR. VCC50 is used for CAN transceiver power supply, now choose LP87702 PMIC scheme. \n</td></tr><tr><td>模块框图\nModule diagram</td><td></td></tr><tr><td>模块方案\nModule solution</td><td>\n采用LP87702芯片，将VCC3V3转换为VCC1V8、VCC1V1、VCC50，其中VCC1V8用于EQ6、CAM、DDR、FLASH供电，VCC1V1用于EQ6、DDR供电，VCC50用于CAN收发器供电。用MCU的P15.3引脚使能该芯片的5V输出，用MCU_SCL_P15.4，MCU_SDA_P15.5 I2C通信来设置1.8V和1.1输出电压和使能。用MCU的P12.1引脚复位该芯片。\nLP87702 chip is used to convert VCC3V3 into VCC1V8, VCC1V1 and VCC50, in which VCC1V8 is used for EQ6, CAM, DDR and FLASH power supply, VCC1V1 is used for EQ6 and DDR power supply, and VCC50 is used for CAN transceiver power supplyP15.3 pin of MCU is used to enable 5V output of the chip, and MCU_SCL_P15.4, MCU_SDA_P15.5 I2C communication is used to set 1.8V and 1.1 output voltage and enable it. Reset the chip with P12.1 pin of the MCU. </td></tr></table>"", ""<table><tr><td>序号</td><td>详细说明</td></tr><tr><td>1</td><td>蓝色斜体文字为相关填写具体要求（例：方法说明、规范要求、覆盖度要求、与其他工作产品的一致性要求等），形成具体工作产品时可删除蓝色斜体部分</td></tr><tr><td>2</td><td>黑色斜体文字为参考样例，形成具体工作产品时可删除黑色斜体部分</td></tr><tr><td>3</td><td>本文件所列章节原则不允许裁剪，如不涉及本章节内容，在章节内写“无”，如有补充内容可新增章节。当不涉及到功能安全、ASPICE、网络安全等特殊体系要求时，模板正文相关内容可进行裁剪</td></tr></table>"", ""<table><tr><td>HM ID</td><td>F01</td></tr><tr><td>模块功能 \nModule Function</td><td>32位MCU芯片TC377最小系统模块有SAK-TC377TP-96F300S AA主控芯片和晶体、硬件配置组成，实现SAK-TC377TP-96F300S AA最小硬件系统工作单元，功能安全等级最高可达到ASIL-D，满足应用要求。\n32-bit MCU chip TC377 minimum system module has SAK-TC377TP-96F300S AA main control chip and crystal, hardware configuration, to achieve SAK-TC377TP-96F300S AA minimum hardware system work unit, functional safety level up to ASIL-D, meet the application requirements. </td></tr><tr><td>模块框图\nModule diagram</td><td></td></tr><tr><td>模块方案\nModule solution</td><td>处理器\n根据ADAS产品需求，综合评估选型为32位MCU芯片SAK-TC377TP-96F300S AA， MCU接口资源丰富，功能安全等级最高可达到ASIL-D，满足应用要求。\nProcessor \nAccording to ADAS product requirements, 32-bit MCU chip SAK-TC377TP-96F300S AA is selected through comprehensive evaluation, which has rich MCU interface resources and the highest functional safety level can reach ASIL-D to meet application requirements\n时钟设计\n硬件选型20MHz晶振给MCU提供时钟输入，由其内部PLL等电路完成倍频、分频，供其内核和各模块使用。\nClock design\nHardware selection of clock design 20MHz crystal oscillator provides clock input to MCU, and its internal PLL and other circuits complete frequency doubling and frequency division for its kernel and each module.\n复位及watchdog\n系统复位及看门狗芯片采用LP87702内部看门狗，喂狗方式为窗口喂狗，当喂狗窗口无有效喂狗次数超过OTP配置时，将触发整个系统复位。\na)\t上电时，看门狗芯片对MCU启动过程进行监控，同时对MCU的电源VCC3V3电压进行低压监控，异常时主动复位MCU。\nb)\t运行过程中由看门狗监控MCU运行状态，当MCU程序跑飞时看门狗超时触发复位信号主动复位MCU。\nReset and watchdog\nThe system reset and watchdog chip adopts LP87702 internal watchdog, and the feeding method is window feeding. When the number of effective dog feeding in the feeding window exceeds the OTP configuration, the whole system reset will be triggered. \n When powering on, the watchdog chip monitors the start-up process of MCU, and at the same time, it monitors the low voltage voltage of MCU's power supply VCC3V3, and actively resets MCU when abnormal. \n MCU running status is monitored by watchdog during operation. When MCU program runs, watchdog timeout triggers reset signal and actively reset MCU.\n电源需求\nMCU需要1路VCC3V3_MCU（精度：3.3V±10%）和1路VCC1V25_MCU（精度：1.2-1.35V）供电。\n4. Power demand\nThe MCU needs 1 channel VCC3V3_MCU (accuracy: 3.3V±10%) and 1 channel VCC1V25_MCU (accuracy: 1.2-1.35V) power supply.</td></tr></table>"", ""<table><caption> Device Information</caption>\n<tr><td colspan=3 rowspan=3 >Part Number Current Rating Package TPS62870-Q1 6A TPS62871-Q1 9A RXS (VQFN-FCRLF, TPS62872-Q1 12 A 16) TPS62873-Q1 15 A</td></tr>\n\n</table>"", ""<table><caption> Table9-5.DefaultOutputVoltageSetpoints</caption>\n<tr><td  >VSEL Pin(1)</td><td  >Device Number</td><td  >VSET[7:0]</td><td  >Output Voltage Setpoint</td></tr>\n<tr><td></td><td  >TPS6287x-Q1</td><td  >0x5a</td><td  >850 mV</td></tr>\n<tr><td></td><td  >TPS6287xY0-Q1</td><td  >0x50</td><td  >800 mV</td></tr>\n<tr><td></td><td  >TPS6287xY1-Q1</td><td  >0x14</td><td  >500 mV</td></tr>\n<tr><td></td><td  >TPS6287xY2-Q1</td><td  >0x64</td><td  >1800 mV</td></tr>\n<tr><td  >6.2 kQ to GND</td><td  >TPS6287xY3-Q1</td><td  >0x52</td><td  >810 mV</td></tr>\n<tr><td></td><td  >TPS6287xN0-Q1</td><td  >0x14</td><td  >500 mV</td></tr>\n<tr><td></td><td  >TPS6287xN1-Q1</td><td  >0x50</td><td  >800 mV</td></tr>\n<tr><td></td><td  >TPS6287xN2-Q1</td><td  >0x64</td><td  >1800 mV</td></tr>\n</table>"", ""<table><caption> Table 6-2. Devices Without I²C Interface (continued) Unless otherwise noted, device variants without I2C operate with the same default settings as device variants with 12C.</caption>\n<tr><td  >DeviceNumber</td><td  >OutputCurrent</td><td  >Start-UpVoltage(2)</td><td  >VSEL Settings</td><td  > Spread Spectrum Clocking</td><td  > Soft-Start Time</td></tr>\n<tr><td  >TPS62870N1QWRXSRQ1</td><td  >6A</td><td  >0.800 V</td><td  >6.2kQ to GND</td><td></td><td></td></tr>\n<tr><td  >TPS62871N1QWRXSRQ1</td><td  >9A</td><td  >0.750V</td><td  >Short to GND</td><td></td><td></td></tr>\n<tr><td  >TPS62872N1QWRXSRQ1</td><td  >12 A</td><td  >0.875V</td><td  >Short to VIN</td><td  >On</td><td></td></tr>\n<tr><td  >TPS62873N1QWRXSRQ1</td><td  >15 A</td><td  >0.840V</td><td  >47 kQ to VIN </td><td></td><td  >1 ms</td></tr>\n<tr><td></td><td></td><td  >1.800 V</td><td  >6.2 kQ to GND</td><td></td><td></td></tr>\n<tr><td  >TPS62872N2QWRXSRQ1</td><td  >12 A</td><td  >1.500 V 1.750 V</td><td  >Short to GND Short to VIN </td><td  >Off</td><td></td></tr>\n<tr><td></td><td></td><td  >3.300 V</td><td  >47kQ to VIN</td><td></td><td></td></tr>\n</table>"", ""<table><caption> Table 9-10. Table 6-2. Devices Without I2C Interface</caption>\n<tr><td  > Device Number</td><td  >Output Current</td><td  >Start-Up Voltage(2)</td><td  >VSEL Settings</td><td  > Spread Spectrum Clocking</td><td  > Soft-Start Time</td></tr>\n<tr><td  >TPS62870N0QWRXSRQ1</td><td  >6A</td><td  >0.500 V</td><td  >6.2 kQ to GND</td><td></td><td></td></tr>\n<tr><td  >TPS62871N0QWRXSRQ1</td><td  >9A</td><td  >0.750V</td><td  > Short to GND</td><td  >On</td><td  >0.5 ms</td></tr>\n<tr><td  >TPS62872N0QWRXSRQ1</td><td  >12 A</td><td  >0.875 V</td><td  >Short to VIN </td><td></td><td></td></tr>\n<tr><td  >TPS62873N0QWRXSRQ1</td><td  >15 A</td><td  >1.050 V</td><td  >47 kQ to VIN</td><td></td><td></td></tr>\n</table>"", ""<table><caption> Table 7-1. Pin Functions (continued) I = input, O = output, P = power, GND = ground(1)</caption>\n<tr><td  >Pin</td><td></td><td></td><td></td></tr>\n<tr><td  >Name</td><td  >No.</td><td  >Type(1)</td><td  >Description</td></tr>\n<tr><td></td><td></td><td></td><td  >Internal clock output pin for synchronization in stacked mode. Leave this pin floating for single </td></tr>\n<tr><td></td><td></td><td></td><td  >device operation. Connect this pin to the MODE/SYNC pin of the next device in the daisy-chain in </td></tr>\n<tr><td  >SYNC_OUT</td><td  >14</td><td></td><td  >stacked operation. Do not use this pin to connect to a non-TPS6287x-Q1 device.  During start-up, this pin is used to identify if a device must operate as a secondary converter in</td></tr>\n<tr><td></td><td></td><td></td><td  >stacked operation. Connect a 47-kQ resistor from this pin to GND to define a secondary converter</td></tr>\n<tr><td></td><td></td><td></td><td  > in stacked operation. See Section 9.3.17 for a detailed description.</td></tr>\n<tr><td  >VSEL</td><td  >15</td><td  >一</td><td  > Start-up output voltage select pin. A resistor or short circuit to GND or Vin defines the selected output voltage. See Section 9.3.6.2.</td></tr>\n<tr><td  >FSEL</td><td  >16</td><td  >一</td><td  >Frequency select pin. A resistor or a short circuit to GND or Vin determines the free-running switching frequency. See Section 9.3.6.2.</td></tr>\n<tr><td  >Exposed Thermal Pad</td><td></td><td  >一</td><td  >The thermal pad must be soldered to GND to achieve an appropriate thermal resistance and for mechanical stability.</td></tr>\n</table>"", ""<table><caption> Figure 9-22. CONTROL1 Register</caption>\n<tr><td colspan=2 >7 6 RESET SSCEN R/W-0b R/W-0b</td><td colspan=4 >5 3 2 SWEN FPWMEN DISCHEN HICCUPEN R/W-1b R/W-0b R/W-1b R/W-0b</td><td  >VRAMP R/W-10b</td></tr>\n</table>"", ""<table><caption> Table 9-15. CONTROL2 Register Field Descriptions</caption>\n<tr><td  >Bit</td><td  >Field</td><td  >Type</td><td  >Reset</td><td  >Description</td></tr>\n<tr><td  >7-4</td><td  >RESERVED</td><td  >R</td><td  >0000b</td><td  >Reserved for future use. For compatibility with future device variants,</td></tr>\n<tr><td></td><td></td><td></td><td></td><td  >program these bits to 0.</td></tr>\n<tr><td  >3-2</td><td  >VRANGE</td><td  >R/W</td><td  >10b</td><td  >Output voltage range</td></tr>\n<tr><td></td><td></td><td></td><td></td><td  >00b = 0.4 V to 0.71875 V in 1.25-mV steps</td></tr>\n<tr><td></td><td></td><td></td><td></td><td  >01b = 0.4 V to 1.0375 V in 2.5-mV steps</td></tr>\n<tr><td></td><td></td><td></td><td></td><td  >10b = 0.4 V to 1.675 V in 5-mV steps</td></tr>\n<tr><td></td><td></td><td></td><td></td><td  >11b = 0.8 V to 3.35 V in 10-mV steps</td></tr>\n<tr><td  >1-0</td><td  >SSTIME</td><td  >R/W</td><td  >01b</td><td  >Soft-start ramp time </td></tr>\n<tr><td></td><td></td><td></td><td></td><td  >00b = 0.5 ms</td></tr>\n<tr><td></td><td></td><td></td><td></td><td  >01b = 1 ms</td></tr>\n<tr><td></td><td></td><td></td><td></td><td  >10b = 2 ms</td></tr>\n<tr><td></td><td></td><td></td><td></td><td  >11b = 4 ms</td></tr>\n</table>"", ""<table><caption> Table 9-14. CONTROL1 Register Field Descriptions</caption>\n<tr><td colspan=2 rowspan=3 >Bit Field 7 RESET SSCEN 5 SWEN 4 FPWMEN</td><td colspan=3 rowspan=3 >Type Reset Description R/W Ob Reset device Ob = No effect  1b = Resets all registers to their default values Reading this bit always returns 0. R/W Ob Spread spectrum clocking enable Ob = SSC operation disabled  1b = SSC operation enabled R/W 1b Softwareenable Ob = Switching disabled (register values retained)  1b = Switching enabled (without the enable delay) R/W Ob Forced PWM enable Ob = Power-save operation enabled  1b = Forced-PwM operation enabled This bit is logically ORed with the MODE/SYNC pin. If a high level or a synchronization clock is applied to the MODE/SYNC pin, the </td></tr>\n\n\n<tr><td  >3 2 1-0</td><td  >DISCHEN HICCUPEN VRAMP</td><td  >R/W R/W R/W</td><td  >1b Ob 10b</td><td  >device operates in forced-PWM, regardless of the state of this bit. Output discharge enable Ob = Output discharge disabled 1b = Output discharge enabled  Hiccup operation enable Ob = Hiccup operation disabled  1b = Hiccup operation enabled. Do not enable hiccup operation during stacked operation. Output voltage ramp speed when changing from one output voltage setting to another 00b = 10 mV/μs 01b = 5 mV/μs</td></tr>\n<tr><th></th><th></th><th></th><th></th><th  >10b = 1.25 mV/μs 11b = 0.5 mV/uμs</th></tr>\n</table>""]","{""original_context_count"": 20, ""original_context_characters"": 21886, ""scored_context_count"": 8, ""scored_context_characters"": 9577, ""contexts_truncated"": true, ""context_selection"": ""claim_coverage"", ""selected_evidence_ids"": [""document:58106bd2421dc2d1""], ""selected_claim_ids"": [""sq_1:claim_1""], ""excluded_evidence_ids"": [""circuit:21:instance:U1700"", ""document:034c767118e5df31"", ""document:0987620a09f7a3bf"", ""document:0a2d86c848720c0c"", ""document:18855329310af467"", ""document:29cc1a9be32b6d7f"", ""document:2f8baf0f2ad1d779"", ""document:5e69a562758e3536"", ""document:6e0ca2ef8619677e"", ""document:7970eec1b28a0159"", ""document:87e0c61422f91bc3"", ""document:9d920781cf0beed8"", ""document:a47f93f7ac4e825a"", ""document:a6f318d1053a4c7e"", ""document:a9dbe84be21b7e75"", ""document:d69d04d302326d46"", ""document:e009271cdfd15786"", ""document:ea7b2234534382bf"", ""document:f5d436fe49a38172""]}",0.3980671157858936,0.5091859900057141,0.6666666666666666,not_applicable,0.9999999999,1.0,0.0,0.2,not_applicable
hw-v1-conflict-mcu-paraphrase,success,网表写 TC367、接口文档写 TC377，这两个说法怎么处理？,必须保留来源差异：EDF 的 U900 型号是 SAK-TC367DP-64F300S，而 HSI 章节名是 TC377 最小系统；现有证据不足以把二者无条件视为同一准确型号。,"根据现有证据，网表写TC367、接口文档写TC377，这两个说法是**不一致的**，且**没有直接证据**表明它们之间的关系或变更原因。

**1. 网表中TC367的上下文**
- **证据**：电路设计网表（825504380_ADAS_SCH_TCN2.EDF）中，实例U900A和U900B的型号均为`SAK-TC367DP-64F300S AA`，且存在多个以`TC367_`命名的网络（如`TC367_JTAG_TCK/DAP0`、`TC367_RESET_N`等），这些网络连接至MCU的JTAG和复位引脚。
- **结论**：网表明确指向型号为**TC367**的MCU，并定义了其相关引脚连接。

**2. 接口文档中TC377的上下文**
- **证据**：接口文档（600608964_ADAS_HSI_0506_1952_shoulin.wang.docx）的模块定义表（F01）和章节标题中，MCU型号明确写为`SAK-TC377TP-96F300S AA`，该文档整体描述的是基于**TC377**的最小系统。
- **结论**：接口文档明确指向型号为**TC377**的MCU，并围绕其进行系统设计描述。

**3. 是否有官方变更记录或勘误表说明型号变更**
- **证据**：在提供的所有电路设计文件和接口文档中，**均未发现**任何官方变更记录、勘误表或说明，来解释型号从TC367改为TC377或反之。
- **缺口**：**缺失**。

**4. 两个型号的实际规格差异及是否可互换**
- **证据**：接口文档中提及TC377的功能安全等级可达ASIL-D，但**未提供**TC367的规格参数、封装、内存等直接对比信息。网表中TC367的封装为`bga80p20x20_1700x1700x170-292`，但TC377的封装信息在证据中缺失。
- **缺口**：**缺失**。现有证据不足以判断两个型号的规格差异和互换性。","根据现有证据，网表写TC367、接口文档写TC377，这两个说法是**不一致的**，且**没有直接证据**表明它们之间的关系或变更原因。

**1. 网表中TC367的上下文**
- **证据**：电路设计网表（825504380_ADAS_SCH_TCN2.EDF）中，实例U900A和U900B的型号均为`SAK-TC367DP-64F300S AA`，且存在多个以`TC367_`命名的网络（如`TC367_JTAG_TCK/DAP0`、`TC367_RESET_N`等），这些网络连接至MCU的JTAG和复位引脚。
- **结论**：网表明确指向型号为**TC367**的MCU，并定义了其相关引脚连接。

**2. 接口文档中TC377的上下文**
- **证据**：接口文档（600608964_ADAS_HSI_0506_1952_shoulin.wang.docx）的模块定义表（F01）和章节标题中，MCU型号明确写为`SAK-TC377TP-96F300S AA`，该文档整体描述的是基于**TC377**的最小系统。
- **结论**：接口文档明确指向型号为**TC377**的MCU，并围绕其进行系统设计描述。

**3. 是否有官方变更记录或勘误表说明型号变更**
- **证据**：在提供的所有电路设计文件和接口文档中，**均未发现**任何官方变更记录、勘误表或说明，来解释型号从TC367改为TC377或反之。
- **缺口**：**缺失**。

**4. 两个型号的实际规格差异及是否可互换**
- **证据**：接口文档中提及TC377的功能安全等级可达ASIL-D，但**未提供**TC367的规格参数、封装、内存等直接对比信息。网表中TC367的封装为`bga80p20x20_1700x1700x170-292`，但TC377的封装信息在证据中缺失。
- **缺口**：**缺失**。现有证据不足以判断两个型号的规格差异和互换性。","[""Net TC367_JTAG_TCK/DAP0 connects DP904.&1, R917.&1, X2000.&23."", ""Net TC367_JTAG_TDI connects DP901.&1, R912.&1, X2000.&15."", ""Net TC367_JTAG_TDO/DAP2 connects DP902.&1, R914.&1, X2000.&19."", ""Net TC367_JTAG_TMS/DAP1 connects DP903.&1, R916.&1, X2000.&17."", ""Net TC367_JTAG_TRST connects DP905.&1, R918.&1, X2000.&21."", ""Net TC367_RESET_N connects C900.&1, R1704.&2, R900.&2, R901.&2, U1700.WD_RESET, U900B.PORST, X2000.&27."", ""Instance U900A: SAK-TC367DP-64F300S AAA, 20210903003, SAK-TC367DP-64F300S AA, bga80p20x20_1700x1700x170-292."", ""Instance U900B: SAK-TC367DP-64F300S AAB, 20210903003, SAK-TC367DP-64F300S AA, bga80p20x20_1700x1700x170-292."", ""唤醒电路 Wake Up circuit电源电路 power circuitKL30 EMI电路 KL30 EMI circuitKL30 转VCC3V3 KL30 to VCC3V3VCC3V3_MCU转VCC1V25_MCU  VCC3V3_MCU to VCC1V25_MCUVCC3V3转VCC0V75  VCC3V3 to VCC0V75VCC3V3转0V75_MIPI_DDR  VCC3V3 to 0V75_MIPI_DDRVCC3V3转VCC1V8、VCC1V1、VCC50   VCC3V3 to VCC1V8、VCC1V1、VCC50VCC3V3转VCC3V3_EQ  VCC3V3 to VCC3V3_EQVCC3V3转VCC3V3_ETH  VCC3V3 to VCC3V3_ETHVCC1V8转VCC1V8_EQ  VCC1V8 to VCC1V8_EQTC377最小系统 TC377 minimum systemEQ6最小系统 EQ6 minimum system摄像头最小系统 camera minimum system看门狗电路 Watchdog circuit温度采样电路 Temp Sample circuit系统内电源电压采样电源 The power System Voltage Sampling circuitETH电路 ETH circuitCAN/CAN FD电路 CAN/CAN FD circuit3V3过压保护电路 3V3 overvoltage protection circuit硬件运行模式 Hardware Operation Mode主要用于描述当前ADAS硬件不同的运行模式（例如上电模式，下电模式，Sleep模式，运行模式等）。描述各个运行模式下的硬件模块功能，以及模式之间的切换条件。Describe the different operating mode of ADAS Hardware (e.g. power on mode, power off mode, Sleep mode，normal mode). Define the HW component functions in each operating mode, describe the transition condition between different modes.硬件运行模式 Hardware Operation Mode系统功能矩阵描述系统不同模式下各功能模块运行状态。The system function matrix describes the operation status of each function module in different modes of the system."", ""<table><tr><td>模块序号\nModule number</td><td>模块名称\nModule name</td><td>功能定义\nFunction definition.</td><td>功能安全需求\nFunctional safety requirements</td></tr><tr><td>F01</td><td>MCU</td><td>SAK-TC377TP-96F300S AA</td><td>B(B)</td></tr><tr><td>F02</td><td>EYEQ6-L</td><td>EYEQ6-L，用于sensor的视频处理</td><td>B</td></tr><tr><td>F03</td><td>EYEQ6_LPDDR4</td><td>EQ6的1GB LPDDR4</td><td>B</td></tr><tr><td>F04</td><td>EYEQ6_NAND FLASH</td><td>EQ6的2Gb NAND FLASH</td><td>B</td></tr><tr><td>F05</td><td>CAM SENSOR</td><td>Sony 728摄像头模组</td><td>B</td></tr><tr><td>F06</td><td>KL30 sample</td><td>KL30电压采样</td><td>QM</td></tr><tr><td>F07</td><td>KL15 sample</td><td>KL15电压采样</td><td>QM</td></tr><tr><td>F08</td><td>EQ system power sample1</td><td>EQ6L系统供电电源电压ADC采样滤波、分压电路</td><td>B(B)</td></tr><tr><td>F09</td><td>ETH and CAN power sample2</td><td>CAN和ETH电源电压ADC采样滤波、分压电路</td><td>QM</td></tr><tr><td>F10</td><td>NTC temp sensor</td><td>NTC温度传感器，监控EQ6L/LPDDR4周边环境温度。</td><td>B</td></tr><tr><td>F11</td><td>KL30 EMI</td><td>KL30供电口EMI滤波电路.</td><td>B</td></tr><tr><td>F12</td><td>POWER</td><td>LN10046，KL30电源转VCC3V3电源</td><td>B</td></tr><tr><td>F13</td><td>POWER</td><td>LP87702，VCC3V3电压输入，VCC1V1、VCC1V8、VCC50电压输出</td><td>QM(B)</td></tr><tr><td>F14</td><td>POWER</td><td>TPS62872，VCC3V3电压输入，VCC0V75电压输出</td><td>QM(B)</td></tr><tr><td>F15</td><td>POWER</td><td>SA23002，VCC3V3输入，VCC0V75电压输出</td><td>QM(B)</td></tr><tr><td>F16</td><td>POWER</td><td>TPS22918负载开关，VCC3V3电压输入，VCC3V3_EQ输出</td><td>QM(B)</td></tr><tr><td>F17</td><td>POWER</td><td>TPS22918负载开关，VCC3V3输入，VCC3V3_ETH输出</td><td>QM</td></tr><tr><td>F18</td><td>overvoltage protect</td><td>用于MCU电源VCC3V3_MCU的外部过压保护</td><td>B</td></tr><tr><td>F19</td><td>POWER</td><td>TPS22918 负载开关，VCC1V8电压输入，VCC1V8_EQ电压输出</td><td>QM(B)</td></tr><tr><td>F20</td><td>CAN3</td><td>基于TCAN1145的CAN通讯，硬件支持特定报文唤醒</td><td>QM</td></tr><tr><td>F21</td><td>CAN2</td><td>基于TCAN1044A的CAN通讯.</td><td>QM</td></tr><tr><td>F22</td><td>CAN1</td><td>基于TCAN1044A的CAN通讯</td><td>QM</td></tr><tr><td>F23</td><td>CAN0</td><td>基于TCAN1044A的CAN通讯.</td><td>QM</td></tr><tr><td>F24</td><td>ETH</td><td>基于DP83TC812R的100BASE-T1通讯</td><td>QM</td></tr><tr><td>F25</td><td>Wake up</td><td>唤醒源和一级电源使能电路设计</td><td>QM</td></tr><tr><td>F26</td><td>watchdog</td><td>LP87702的看门狗功能，用于监控MCU运行状态</td><td>B</td></tr><tr><td>F27</td><td>POWER</td><td>VCC3V3_MCU转VCC1V25_MCU电压，由MCU的EVRC进行控制。</td><td>B</td></tr><tr><td>F28</td><td>level translation</td><td>3V3和1V8双向电压转换芯片</td><td>QM</td></tr></table>"", ""<table><tr><td>序号</td><td>模块序号</td><td>模块名称</td><td>功能定义</td><td>功能安全需求</td></tr><tr><td>1</td><td>F013</td><td>POWER</td><td>LP87702，VCC3V3电压输入，VCC1V1、VCC1V8、VCC50电压输出</td><td>QM(B)</td></tr><tr><td>1</td><td>F01</td><td>MCU</td><td>SAK-TC377TP-96F300S AA</td><td>B(B)</td></tr><tr><td>1</td><td>F08</td><td>EQ system power sample1</td><td>EQ6L系统供电电源电压ADC采样滤波、分压电路</td><td>B(B)</td></tr><tr><td>2</td><td>F14</td><td>POWER</td><td>TPS62872，VCC3V3电压输入，VCC0V75电压输出，EQ6L核电供电</td><td>QM(B)</td></tr><tr><td>2</td><td>F01</td><td>MCU</td><td>SAK-TC377TP-96F300S AA</td><td>B(B)</td></tr><tr><td>2</td><td>F08</td><td>EQ system power sample</td><td>EQ6L系统供电电源电压ADC采样滤波、分压电路</td><td>B(B)</td></tr><tr><td>3</td><td>F15</td><td>POWER</td><td>SA23002，VCC3V3输入，0V75_MIPI_DDR电压输出</td><td>QM(B)</td></tr><tr><td>3</td><td>F01</td><td>MCU</td><td>SAK-TC377TP-96F300S AA</td><td>B(B)</td></tr><tr><td>3</td><td>F08</td><td>EQ system power sample</td><td>EQ6L系统供电电源电压ADC采样滤波、分压电路</td><td>B(B)</td></tr><tr><td>4</td><td>F16</td><td>POWER</td><td>TPS22918负载开关，VCC3V3电压输入，VCC3V3_EQ输出</td><td>QM(B)</td></tr><tr><td>4</td><td>F01</td><td>MCU</td><td>SAK-TC377TP-96F300S AA</td><td>B(B)</td></tr><tr><td>4</td><td>F08</td><td>EQ system power sample</td><td>EQ6L系统供电电源电压ADC采样滤波、分压电路</td><td>B(B)</td></tr></table>"", ""\nUnnamed: 0：nan; Unnamed: 1：CPU2_DMEM_\nEN; Unnamed: 2：10; Unnamed: 3：Y; Unnamed: 4：如果CPU2不跑功能安全模块，可以不测 ——MTU_MEMTEST 387\nUnnamed: 0：nan; Unnamed: 1：CPU2_DTAG_\nEN; Unnamed: 2：11; Unnamed: 3：Y; Unnamed: 4：如果CPU2不跑功能安全模块，可以不测 ——MTU_MEMTEST 387\nUnnamed: 0：nan; Unnamed: 1：CPU2_PMEM_\nEN; Unnamed: 2：12; Unnamed: 3：Y; Unnamed: 4：如果CPU2不跑功能安全模块，可以不测 ——MTU_MEMTEST 387\nUnnamed: 0：nan; Unnamed: 1：CPU2_PTAG_\nEN; Unnamed: 2：13; Unnamed: 3：Y; Unnamed: 4：如果CPU2不跑功能安全模块，可以不测 ——MTU_MEMTEST 387\nUnnamed: 0：nan; Unnamed: 1：CPU2_DLMU_\nEN; Unnamed: 2：14; Unnamed: 3：Y; Unnamed: 4：如果CPU2不跑功能安全模块，可以不测 ——MTU_MEMTEST 387\nUnnamed: 0：nan; Unnamed: 1：CPU3_DMEM_\nEN; Unnamed: 2：15; Unnamed: 3：Y; Unnamed: 4：如果CPU3不跑功能安全模块，可以不测 ——MTU_MEMTEST 387\nUnnamed: 0：nan; Unnamed: 1：CPU3_DTAG_\nEN; Unnamed: 2：16; Unnamed: 3：Y; Unnamed: 4：如果CPU3不跑功能安全模块，可以不测 ——MTU_MEMTEST 387\nUnnamed: 0：nan; Unnamed: 1：CPU3_PMEM_\nEN; Unnamed: 2：17; Unnamed: 3：Y; Unnamed: 4：如果CPU3不跑功能安全模块，可以不测 ——MTU_MEMTEST 387"", ""<table><tr><td>HM ID</td><td>F01</td></tr><tr><td>模块功能 \nModule Function</td><td>32位MCU芯片TC377最小系统模块有SAK-TC377TP-96F300S AA主控芯片和晶体、硬件配置组成，实现SAK-TC377TP-96F300S AA最小硬件系统工作单元，功能安全等级最高可达到ASIL-D，满足应用要求。\n32-bit MCU chip TC377 minimum system module has SAK-TC377TP-96F300S AA main control chip and crystal, hardware configuration, to achieve SAK-TC377TP-96F300S AA minimum hardware system work unit, functional safety level up to ASIL-D, meet the application requirements. </td></tr><tr><td>模块框图\nModule diagram</td><td></td></tr><tr><td>模块方案\nModule solution</td><td>处理器\n根据ADAS产品需求，综合评估选型为32位MCU芯片SAK-TC377TP-96F300S AA， MCU接口资源丰富，功能安全等级最高可达到ASIL-D，满足应用要求。\nProcessor \nAccording to ADAS product requirements, 32-bit MCU chip SAK-TC377TP-96F300S AA is selected through comprehensive evaluation, which has rich MCU interface resources and the highest functional safety level can reach ASIL-D to meet application requirements\n时钟设计\n硬件选型20MHz晶振给MCU提供时钟输入，由其内部PLL等电路完成倍频、分频，供其内核和各模块使用。\nClock design\nHardware selection of clock design 20MHz crystal oscillator provides clock input to MCU, and its internal PLL and other circuits complete frequency doubling and frequency division for its kernel and each module.\n复位及watchdog\n系统复位及看门狗芯片采用LP87702内部看门狗，喂狗方式为窗口喂狗，当喂狗窗口无有效喂狗次数超过OTP配置时，将触发整个系统复位。\na)\t上电时，看门狗芯片对MCU启动过程进行监控，同时对MCU的电源VCC3V3电压进行低压监控，异常时主动复位MCU。\nb)\t运行过程中由看门狗监控MCU运行状态，当MCU程序跑飞时看门狗超时触发复位信号主动复位MCU。\nReset and watchdog\nThe system reset and watchdog chip adopts LP87702 internal watchdog, and the feeding method is window feeding. When the number of effective dog feeding in the feeding window exceeds the OTP configuration, the whole system reset will be triggered. \n When powering on, the watchdog chip monitors the start-up process of MCU, and at the same time, it monitors the low voltage voltage of MCU's power supply VCC3V3, and actively resets MCU when abnormal. \n MCU running status is monitored by watchdog during operation. When MCU program runs, watchdog timeout triggers reset signal and actively reset MCU.\n电源需求\nMCU需要1路VCC3V3_MCU（精度：3.3V±10%）和1路VCC1V25_MCU（精度：1.2-1.35V）供电。\n4. Power demand\nThe MCU needs 1 channel VCC3V3_MCU (accuracy: 3.3V±10%) and 1 channel VCC1V25_MCU (accuracy: 1.2-1.35V) power supply.</td></tr></table>"", ""\n模板变更历史Template Change History：1; None：NA; None：首次发布; None：首次发布; None：01; None：2021-08-26 00:00:00; None：宫明玉; None：王会苹 ——模板变更历史Template change history\n模板变更历史Template Change History：2; None：HR-CIMA-CI-DCR_202210002; None：模板优化调整; None：1. 添加填写说明页与定义页\n2. 封面内容修订，字体字号、底色布局等格式优化; None：02; None：2023-06-10 00:00:00; None：宫明玉; None：王会苹 ——模板变更历史Template change history\n模板变更历史Template Change History：3; None：HR-CIMA-CI-TCR_202312002; None：模板中需增加复用说明; None：增加HSI复用说明列; None：03; None：2023-10-10 00:00:00; None：宫明玉; None：王会苹 ——模板变更历史Template change history\n模板变更历史Template Change History：4; None：HR-CIMA-CI-TCR_202401001; None：功能安全相关模板修订和其他模板修订; None：新增“软件需使能低压复位功能，低压阈值与硬件工程师沟通确认”要求; None：04; None：2024-01-24 00:00:00; None：宫明玉; None：王会苹 ——模板变更历史Template change history\n模板变更历史Template Change History：5; None：HR-CIMA-CI-TCR_202409001; None：一个硬件的接口可能会对应多个软件功能; None：1.增加基于系统开发的角度写的HIS example4\n2.更新HSI模板; None：05; None：2024-09-10 00:00:00; None：宫明玉; None：师明 ——模板变更历史Template change history"", ""顾客代表Customer Representative其他与项目相关人员等Other relevant person术语及缩写解释 Terms and AbbreviationsTable 1-1Terms and Abbreviations参考文档 Reference DocumentTable 1-2Reference Document硬件架构 Hardware Architecture硬件架构描述了60060894_ADAS项目的硬件基础模块，模块和模块之间的接口。The Hardware Architecture describe the HW basic component of 600608964_ADAS project, as well as the interface of each component.系统概述 System overviewADAS产品要求功能安全达到ASIL-B，硬件整体架构介绍如下：ADAS products require functional safety to meet ASIL-B. The overall hardware architecture is described as follows:整体系统由摄像头板（CAM）和主板（MB）两部分组成。The overall system is composed of two parts: camera board (CAM) and mainboard (MB).前向摄像头采集道路图像后通过数字接口输出视频数据。The forward camera collects road images and outputs video data through the digital interface.数字视频数据通过线缆传输到主板上的视频处理器EYEQ6进行视频处理。The digital video data is transmitted to the video processor EYEQ6 on the mainboard through cables for video processing.EYEQ6处理视频数据，输出路况信息。EYEQ6 processes video data and outputs road condition information.路况信息通过SPI口传送给MCU进行处理，主板通过CAN对外传送路况信息。Road condition information is transmitted to MCU through SPI interface for processing, and the mainboard transmits road condition information externally through CAN.处理结果通过CAN发出，包括对车的主动安全控制信号以及给驾驶员的报警信号。The processing result is sent out through CAN, including the active safety control signal for the car and the alarm signal for the driver.图 1 系统工作方式Fig 1 System operating block硬件框图 Hardware block diagram图 2 系统框图Fig 2 system block功能安全分解相关模块模块电路 Module circuitKL30电源管理电路 KL30 supply management circuit"", ""3.3.5 EQ6最小系统 EQ6 minimum system\t553.3.6 摄像头最小系统 camera minimum system\t593.3.7 看门狗电路 Watchdog circuit\t613.3.8 温度采样电路 Temp Sample circuit\t623.3.9 ETH电路 ETH circuit\t633.3.10 CAN FD电路 CAN FD circuit\t654\tADC电压采集阈值 The ADC voltage acquisition threshold\t685\tEQ6L上下电时序要求 EQ6L Power-on and power-off sequence requirements\t686\t共享和独占的硬件资源 Shared and Exclusive Hardware Resource\t696.1 ECU-MCU信号对应关系 ECU-MCU Signal Mapping\t696.2 MCU时钟配置 MCU Clock Configuration\t706.3 存储器配置 Memeory Configuration\t717\t其他芯片配置 Other IC Configuration\t717.1 其他芯片的通讯机制 Communication Mechanism with Other IC\t717.2 LP87702配置 LP87702 Configuration\t727.3 TPS62872配置 TPS62872 Configuration\t728\t安全机制 Safety Mechanisms\t736.1 System level\t736.2 HW level\t736.3 IC level\t73概述 Introduction目的 Purpose软硬接口文档的目的是描述软件和硬件的交互，并且确保软件硬件和TSR的一致性。The goal of the hardware software interface document is to specify the hardware and software interaction and be consistent with the technical safety concept.适用范围 Range of Application此文档适用于奇瑞EQ6L T1G ADAS项目的功能安全开发全过程。This document is applied for the whole functional safety development process of  EQ6L T1G ADAS project.读者对象 TReader项目经理Project Manager项目组成员Project Team Members功能安全经理Functional Safety Manager功能安全工程师Functional Safety System Engineer硬件工程师 Hardware Engineer软件工程师 Software Engineer质量和审查人员QA and Assessor产品测试人员Product Test Engineer"", ""<table><tr><td>编制：\nAuthor:</td><td>产品硬件设计工程师\nProduct hardware design engineer</td><td>签名：\nSign:</td><td>王寿林\nShoulin Wang</td><td>日期：\nDate:</td><td>2025-02-24</td></tr><tr><td>审核：\nChecker:</td><td>产品硬件架构工程师\nProduct hardware architecture engineer</td><td>签名：\nSign:</td><td>贾立夏\nLixia Jia</td><td>日期：\nDate:</td><td>2025-02-24</td></tr><tr><td>审核：\nChecker:</td><td>产品软件开发工程师\nProduct software development engineer</td><td>签名：\nSign:</td><td>付晓易\nXiaoyi Fu</td><td>日期：\nDate:</td><td>2025-02-24</td></tr><tr><td>审核：\nChecker:</td><td>产品功能安全系统工程师\nProduct functional safety system engineer</td><td>签名：\nSign:</td><td>姜哲明\nZheming Jiang</td><td>日期：\nDate:</td><td>2025-02-24</td></tr><tr><td>批准： Approver:</td><td>产品系统工程师\nProduct system engineer</td><td>签名：\nSign:</td><td>苗一松\nYisong Miao</td><td>日期：\nDate:</td><td>2025-02-24</td></tr></table>"", ""注：使用本模板时请先阅读填写说明页，形成工作产品时本页不可删除变更历史Change History目  录Table of Contents1\t概述 Introduction\t81.1 目的 Purpose\t81.2 适用范围 Range of Application\t81.3 读者对象 TReader\t81.4 术语及缩写解释 Terms and Abbreviations\t81.5 参考文档 Reference Document\t82\t硬件架构 Hardware Architecture\t92.1 系统概述 System overview\t92.2 硬件框图 Hardware block diagram\t102.3 模块电路 Module circuit\t122.3.1 KL30电源管理电路 KL30 supply management circuit\t122.3.2 唤醒电路 Wake Up circuit\t132.3.3 电源电路 power circuit\t152.3.4 TC377最小系统 TC377 minimum system\t232.3.5 EQ6最小系统 EQ6 minimum system\t252.3.6 摄像头最小系统 camera minimum system\t282.3.7 看门狗电路 Watchdog circuit\t302.3.8 温度采样电路 Temp Sample circuit\t302.3.9 系统内电源电压采样电源 The power System Voltage Sampling circuit\t312.3.10 ETH电路 ETH circuit\t332.3.11 CAN/CAN FD电路 CAN/CAN FD circuit\t342.3.12 3V3过压保护电路 3V3 overvoltage protection circuit\t353\t硬件运行模式 Hardware Operation Mode\t363.1 硬件运行模式 Hardware Operation Mode\t363.2 运行模式定义 Definition of Operation Mode\t373.3 运行模式转换条件 Transition Condition of Operation Mode\t393.3.1 KL30电源管理电路 KL30 supply management circuit\t393.3.2 唤醒电路 Wake Up circuit\t413.3.3 电源电路 Power Circuit\t423.3.4 TC377最小系统 TC377 minimum system\t53"", ""\nHW Interface Component ：B; None：F10/NTC temp sensor; None：1、NTC温度采样\n2、MCU通过ADC实时采样; MCU Component ：F01/MCU; None：B; None：U8; None：AN7; None：AN7/EVADC_G11CH3/EVADC_G0CH7; None：ADC，分辨率10bit; None：LP_TMP_IN1_AD; None：/; None：I; None：LPDDR4温度传感器采样\nAD值=VTP804*1024/3.3，R805=10240/ADC值-10\n简化后的公式为：R805=33/VTP804-10\n根据R805电阻值查表，找出对应的温度值; None：HI-Z; None：—; SW Variable Name or SW Function Name：— ——Port1\nECU Connector：X2000-27; HW Interface Component ：B; None：F26/watchdog; None：1、MCU外部看门狗是LP87702的集成看门狗（窗口看门狗），\n喂狗参数如下所示：\n\n上电或者输出复位后第一次喂狗长周期为600ms。\n喂狗窗口为10~30ms，\n看门狗喂狗异常后输出复位信号低电平持续时间为10ms。; MCU Component ：F01/MCU; None：B; None：G17; None：PORST; None：PORST /PD /VEXT; None：RESET; None：TC367_RESET_N; None：/; None：I; None：MCU复位信号\n高：正常工作\n低：MCU被复位; None：HI-Z,硬件外部上拉; None：—; SW Variable Name or SW Function Name：— ——Port1\nECU Connector：X2000-17; MCU Component ：F01/MCU; None：B; None：A11; None：P13.3; None：P13.3/GTM_TIM3_IN0_3/GTM_TIM2_IN0_3/GTM_TOUT94/QSPI2_MTSRP/MSC0_SOP; None：WATCHING DOG; None：MCU_WDI_P13.3; None：/; None：O; None：MCU给外部看门狗喂狗信号。\n\nLP87702集成看门狗喂狗要求：\nlong open time 600ms\nopen time 20ms\ncolse time 10ms\nreset time is 10ms\nWDI time greater than 100us; None：HI-Z,硬件外部下拉; None：—; SW Variable Name or SW Function Name：— ——Port1"", ""\nUnnamed: 0：nan; Unnamed: 1：nan; Unnamed: 2：nan; Unnamed: 3：nan; Unnamed: 4：nan ——4_Change History1\nUnnamed: 0：nan; Unnamed: 1：nan; Unnamed: 2：nan; Unnamed: 3：nan; Unnamed: 4：nan ——4_Change History1\nUnnamed: 0：nan; Unnamed: 1：nan; Unnamed: 2：nan; Unnamed: 3：nan; Unnamed: 4：nan ——4_Change History1\nUnnamed: 0：nan; Unnamed: 1：nan; Unnamed: 2：nan; Unnamed: 3：nan; Unnamed: 4：nan ——4_Change History1\nUnnamed: 0：nan; Unnamed: 1：nan; Unnamed: 2：nan; Unnamed: 3：nan; Unnamed: 4：nan ——4_Change History1\nUnnamed: 0：nan; Unnamed: 1：模板更改历史\nMoulde Change History; Unnamed: 2：nan; Unnamed: 3：nan; Unnamed: 4：nan ——4_Change History1\nUnnamed: 0：nan; Unnamed: 1：版本\nVersion; Unnamed: 2：变更日期\nChange Date; Unnamed: 3：变更内容\nChange Description; Unnamed: 4：作者\nAuthor ——4_Change History1\nUnnamed: 0：nan; Unnamed: 1：V1.0; Unnamed: 2：nan; Unnamed: 3：Initial version; Unnamed: 4：nan ——4_Change History1\nUnnamed: 0：nan; Unnamed: 1：nan; Unnamed: 2：nan; Unnamed: 3：nan; Unnamed: 4：nan ——5_Change History2\nUnnamed: 0：nan; Unnamed: 1：nan; Unnamed: 2：nan; Unnamed: 3：nan; Unnamed: 4：nan ——5_Change History2\nUnnamed: 0：nan; Unnamed: 1：nan; Unnamed: 2：nan; Unnamed: 3：nan; Unnamed: 4：nan ——5_Change History2"", ""<table><tr><td>HM ID</td><td>F05</td></tr><tr><td>运行模式\nOperation Mode</td><td>上电模式、运行模式、复位模式、下电模式\nPower on mode, Power off mode, Run mode,Reset mode</td></tr><tr><td>模式定义\nDefinition of Operation mode</td><td>1、上电模式\n    MCU使能EQ6系统电源，EQ6上电后将VCC3V3_EQ和VCC1V8通过FPC连接器提供给摄像头，其中VCC3V3_EQ再转换成VCC1V1，EQ6运行后配置RESET_N为高电平，并通过I2C配置CAM参数，摄像头开始工作。\n2、运行模式\n   摄像头正常运行，输出图像信息给EQ6。\n3、复位模式\n   EQ6配置摄像头的RESET_N信号为低电平，CAM进入复位模式。\n4、下电模式\nMCU控制EQ6系统下电（VCC3V3_EQ、VCC1V8）。\nPower on mode\nMCU enables EQ6 system power supply, After EQ6 is powered on, VCC3V3_EQ and VCCIV8 are provided to the camera through the FPC connector, where VCC3V3_EQ is converted into VCC1V1. After EQ6 runs, RESET_N is configured to high level, and CAM parameters are configured through I2C, and the camera starts to work.\nRun mode\nThe camera operates normally and outputs the image information to EQ6.\nReset mode\nEQ6 config the RESET_N signal of the camera to be low and the CAM enters the reset mode. \nPower off mode\nMCU controls the power down of EQ6 system (VCC3V3_EQ, VCC1V8).</td></tr><tr><td>模式切换接口\nMode switching interface</td><td></td></tr><tr><td>模式状态机\nMode state machine</td><td></td></tr><tr><td>模式切换条件\nMode switching condition</td><td>参考：\n产品系统需求规格说明\n产品系统方案设计说明书\nReference: \nProduct system requirement specification \nProduct system scheme design specification.</td></tr><tr><td>备注\nNote</td><td>摄像头上需要3路电源（VCC3V3、VCC1V8、VCC1V1），其中VCC1V8和VCC3V3是主板提供，VCC1V1由3V3转换得到。\n摄像头复位信号由EQ6通过GPIO口进行控制。\n摄像头3路电源的上下电和复位信号的时序要求如下所示：\nThe camera needs 3 power sources (VCC2V8, VCC1V8, VCC1V05), VCC1V8 and VCC3V3 are provided by the Main board, VCC1V1 is converted from 3V3. \nThe camera reset signal is controlled by EQ6 through the GPIO port. \nThe timing requirements for the power-on and reset signals of the camera's 3-way power supply are as follows.\n</td></tr></table>"", ""\nUnnamed: 0：nan; Unnamed: 1：nan; Unnamed: 2：nan; Unnamed: 3：nan; Unnamed: 4：nan ——5_Change History2\nUnnamed: 0：nan; Unnamed: 1：nan; Unnamed: 2：nan; Unnamed: 3：nan; Unnamed: 4：nan ——5_Change History2\nUnnamed: 0：nan; Unnamed: 1：APXXXXXX_项目芯片安全机制变更历史\nAPXXXXXX_Project Chip SM Change History; Unnamed: 2：nan; Unnamed: 3：nan; Unnamed: 4：nan ——5_Change History2\nUnnamed: 0：nan; Unnamed: 1：版本\nVersion; Unnamed: 2：变更日期\nChange Date; Unnamed: 3：变更内容\nChange Description; Unnamed: 4：作者\nAuthor ——5_Change History2\nUnnamed: 0：nan; Unnamed: 1：nan; Unnamed: 2：nan; Unnamed: 3：nan; Unnamed: 4：nan; Unnamed: 5：nan; Unnamed: 6：nan ——6_Reference Document\nUnnamed: 0：nan; Unnamed: 1：nan; Unnamed: 2：nan; Unnamed: 3：nan; Unnamed: 4：nan; Unnamed: 5：nan; Unnamed: 6：nan ——6_Reference Document\nUnnamed: 0：nan; Unnamed: 1：nan; Unnamed: 2：nan; Unnamed: 3：nan; Unnamed: 4：nan; Unnamed: 5：nan; Unnamed: 6：nan ——6_Reference Document\nUnnamed: 0：nan; Unnamed: 1：nan; Unnamed: 2：nan; Unnamed: 3：nan; Unnamed: 4：nan; Unnamed: 5：nan; Unnamed: 6：nan ——6_Reference Document\nUnnamed: 0：nan; Unnamed: 1：nan; Unnamed: 2：nan; Unnamed: 3：nan; Unnamed: 4：nan; Unnamed: 5：nan; Unnamed: 6：nan ——6_Reference Document"", ""Fill in the update information. Take the problem found in the customer's audit as an example: since XX customer found XX problem during the customer's audit, the change content of XXX is added.版本号用“修订号”01、02、03...标识，如“01”为模板首次发布版本号，修订后版本号用“02”标识。当模板编号发生变更，版本从01开始计定。The version number uses \""revision number\"" 01, 02, 03 For example, \""01\"" is the version number of the template issued for the first time, and the revised version number is marked with \""02\"". When the template number is changed, the version is calculated from 01.日期为提出变更的日期，如：YYYY-MM-DDThe date is the date when the change is proposed, such as YYYY-MM-DD更改人为所属过程的过程定义人。The reviser is the process definer of the process.审核人为所属过程的过程所有人。The Approver is the process owner of the process.依据此通用模板形成各工作产品模板后，按照新形成模板的信息填写该变更历史，需同步修改页脚模板编号。After forming each work product template according to this general template, fill in the change history according to the information of the newly formed template, and need to modify the footer template number synchronously."", ""\n模板变更历史Template Change History：填写说明Filling instructions：\n1.变更单号YYYYMM00X为记录顺序号，如：202203002，表示的是2022年03月的第二份此类文档。首次发布不分配变更单号，变更单号处填NA。\nThe change order number YYYYMM00X is the record sequence number, such as 202203002, which represents the second such document in March 2022. No change order number will be allocated for the first release, and Na will be filled in the change order number.\n2.变更原因填写以客户审核需要变更为例：由于XX客户在客户审核时发现XX问题，需要调整模板。\nFill in the revision note. Take the need for change in customer audit as an example: because XX customer found XX problem during customer audit, the template needs to be adjusted.\n3.变更内容填写以客户审核发现问题需要更改为例：由于XX客户在客户审核时发现XX问题，特增加XXX的变更内容。\nFill in the update information. Take the problem found in the customer's audit as an example: since XX customer found XX problem during the customer's audit, the change content of XXX is added.\n4.版本号用“修订号”01、02、03...标识，如“01”为模板首次发布版本号，修订后版本号用“02”标识。当模板编号发生变更，版本从01开始计定。\nThe version number uses \""revision number\"" 01, 02, 03 For example, \""01\"" is the version number of the template issued for the first time, and the revised version number is marked with \""02\"". When the template number is changed, the version is calculated from 01.\n5.日期为提出变更的日期，如：YYYY-MM-DD\nThe date is the date when the change is proposed, such as YYYY-MM-DD\n6.更改人为所属过程的过程定义人。\nThe reviser is the process definer of the process.\n7.审核人为所属过程的过程所有人。\nThe Approver is the process owner of the process."", ""\nNone：序号; None：填写说明 ——模板使用说明Template instructions\nNone：1; None：黑色斜体文字为参考样例，形成具体工作产品时可删除黑色斜体部分 ——模板使用说明Template instructions\nNone：2; None：当不涉及到功能安全、ASPICE、网络安全等特殊体系要求时，模板正文相关内容可进行裁剪 ——模板使用说明Template instructions\nNone：3; None：模板变更历史页只有过程定义人可以修改，模板使用人不可对该页进行修改，模板变更历史页不可删除！ ——模板使用说明Template instructions\nNone：4; None：使用模板时需参考此填写说明页要求，保证填写内容和填写准则的一致性 ——模板使用说明Template instructions\nNone：注：使用本模板时请先阅读填写说明页、形成工作产品时本页不可删除 ——模板使用说明Template instructions\nNone：成品ERP编码_BBB_软硬件接口\nProduct ERP Number_BBB_\nHardware Software Interface ——封面Cover\nNone：文件状态Document Status： ——封面Cover\nNone：   [    ] 草稿Draft ——封面Cover\nNone：   [    ] 正式发布Official Release ——封面Cover\nNone：   [    ] 正在修改Under revision ——封面Cover\nNone：文件起草分工Division of work in document drafting： ——封面Cover\nNone：1; None：AAA填写XXXXXX内容（AAA代表姓名） ——封面Cover\nNone：2; None：BBB填写XXXXXX内容（BBB代表姓名） ——封面Cover\nNone：3; None：CCC填写XXXXXX内容（CCC代表姓名） ——封面Cover\nNone：变更历史\nChange History ——封面Cover\nNone：版本Version; None：更改内容描述\nChange content description; None：更改人\nChanged by; None：更改日期\nChange Date; None：备注\nNote ——封面Cover"", ""\nUnnamed: 0：nan; Unnamed: 1：CPU3_PTAG_\nEN; Unnamed: 2：18; Unnamed: 3：Y; Unnamed: 4：如果CPU3不跑功能安全模块，可以不测 ——MTU_MEMTEST 387\nUnnamed: 0：nan; Unnamed: 1：CPU3_DLMU_\nEN; Unnamed: 2：19; Unnamed: 3：Y; Unnamed: 4：如果CPU3不跑功能安全模块，可以不测 ——MTU_MEMTEST 387\nUnnamed: 0：nan; Unnamed: 1：LMU00_EN ; Unnamed: 2：30; Unnamed: 3：Y; Unnamed: 4：nan ——MTU_MEMTEST 387\nUnnamed: 0：nan; Unnamed: 1：nan; Unnamed: 2：nan; Unnamed: 3：nan; Unnamed: 4：nan ——MTU_MEMTEST 387\nUnnamed: 0：nan; Unnamed: 1：MTU_MEMTESTi (i=1)\nMemory MBIST Enable Register i (0010H+i*4) Application Reset Value: 0000 0000H; Unnamed: 2：nan; Unnamed: 3：nan; Unnamed: 4：nan ——MTU_MEMTEST 387\nUnnamed: 0：nan; Unnamed: 1：nan; Unnamed: 2：nan; Unnamed: 3：nan; Unnamed: 4：nan ——MTU_MEMTEST 387\nUnnamed: 0：nan; Unnamed: 1：Field ; Unnamed: 2：Bits ; Unnamed: 3：Test or Not; Unnamed: 4：nan ——MTU_MEMTEST 387\nUnnamed: 0：nan; Unnamed: 1：RESx (x=0-\n1,4-5,7,11-\n20,29); Unnamed: 2：x ; Unnamed: 3：N; Unnamed: 4：nan ——MTU_MEMTEST 387\nUnnamed: 0：nan; Unnamed: 1：CPU0_DMEM1\n_EN; Unnamed: 2：2; Unnamed: 3：Y; Unnamed: 4：nan ——MTU_MEMTEST 387"", ""表3.2 系统功能矩阵表运行模式定义 Definition of Operation Mode系统运行模式描述系统硬件启动流程，硬件初始化到软件接管控制的流程介绍。主要包括上电运行流程、下电流程。System operation mode describes the system hardware start-up process, hardware initialization to software take over control process. It mainly includes power on operation process and power off process.上电运行流程如下：下电流程如下：备注：MCU检测到唤醒无效后，停止对EQ6、CAN等系统供电，并执行MCU的数据保存。EQ6系统的六路电源需要按照EQ6的要求时序就行上下电控制。运行模式转换条件 Transition Condition of Operation ModeKL30电源管理电路 KL30 supply management circuit唤醒电路 Wake Up circuit电源电路 Power CircuitKL30 EMI电路 KL30 EMI circuitKL30转VCC3V3 KL30 to VCC3V3VCC3V3_MCU转VCC1V25_MCU  VCC3V3_MCU to VCC1V25_MCUVCC3V3转VCC0V75  VCC3V3 to VCC0V75VCC3V3转0V75_MIPI_DDR VCC3V3 to 0V75_MIPI_DDRVCC3V3转VCC1V8、VCC1V1、VCC50   VCC3V3 to VCC1V8、VCC1V1、VCC50VCC3V3转VCC3V3_EQ  VCC3V3 to VCC3V3_EQVCC3V3转VCC3V3_ETH  VCC3V3 to VCC3V3_ETHVCC1V8转VCC1V8_EQ  VCC1V8 to VCC1V8_EQTC377最小系统 TC377 minimum systemEQ6最小系统 EQ6 minimum system摄像头最小系统 camera minimum system看门狗电路 Watchdog circuit温度采样电路 Temp Sample circuitETH电路 ETH circuitCAN FD电路 CAN FD circuit"", ""\nMCU Component ：F01/MCU; None：NA; None：P11; None：VSS52; None：VSS52; None：GND; None：GND; None：/; None：/; None：/; None：/; None：—; SW Variable Name or SW Function Name：— ——Port1\nMCU Component ：F01/MCU; None：NA; None：K7; None：VSS53; None：VSS53; None：GND; None：GND; None：/; None：/; None：/; None：/; None：—; SW Variable Name or SW Function Name：— ——Port1\nMCU Component ：F01/MCU; None：NA; None：L7; None：VSS54; None：VSS54; None：GND; None：GND; None：/; None：/; None：/; None：/; None：—; SW Variable Name or SW Function Name：— ——Port1\nMCU Component ：F01/MCU; None：NA; None：L20; None：VSS55; None：VSS55; None：GND; None：GND; None：/; None：/; None：/; None：/; None：—; SW Variable Name or SW Function Name：— ——Port1\nASIL：QM; Wake up Source：Y; I/O Direction：I; Active State：High Level ——定义页Defination page\nASIL：A; Wake up Source：N; I/O Direction：O; Active State：Low Level ——定义页Defination page\nASIL：B; Active State：NA ——定义页Defination page\nASIL：C; Active State：Rising edge ——定义页Defination page\nASIL：D; Active State：Falling edge ——定义页Defination page\n模板变更历史Template Change History：变更记录 Change Record ——模板变更历史Template change history\n模板变更历史Template Change History：序号\nNO.; None：变更单号\nChange order No; None：变更原因\nRevision Note; None：变更内容\nUpdate information; None：版本\nVersion; None：日期\nDate; None：更改人\nRevised by ; None：审核人\nApprover ——模板变更历史Template change history"", ""ADC电压采集阈值 The ADC voltage acquisition thresholdWCCA计算结果如下，软件应按照如下过欠压阈值设置：The WCCA calculation results are as follows. The software should be set according to the following overvoltage and undervoltage thresholds:EQ6L上下电时序要求 EQ6L Power-on and power-off sequence requirements共享和独占的硬件资源 Shared and Exclusive Hardware ResourceECU-MCU信号对应关系 ECU-MCU Signal MappingMCU时钟配置 MCU Clock Configuration存储器配置 Memeory ConfigurationTable 4-5Memory Configuration其他芯片配置 Other IC Configuration其他芯片的通讯机制 Communication Mechanism with Other ICLP87702配置 LP87702 ConfigurationLP87702运行期间需要MCU通过I2C配置的寄存器如下所示：Table 5-2 LP87702 ConfigurationTPS62872配置 TPS62872 ConfigurationTPS62872运行期间需要MCU通过I2C配置的寄存器如下所示：Table 5-3 TPS62872 Configuration安全机制 Safety MechanismsSystem levelHW level硬件安全分析无新增安全机制IC level模板变更历史Template Change History填写说明Filling instructions：变更单号YYYYMM00X为记录顺序号，如：202203002，表示的是2022年03月的第二份此类文档。首次发布不分配变更单号，变更单号处填NA。The change order number YYYYMM00X is the record sequence number, such as 202203002, which represents the second such document in March 2022. No change order number will be allocated for the first release, and Na will be filled in the change order number.变更原因填写以客户审核需要变更为例：由于XX客户在客户审核时发现XX问题，需要调整模板。Fill in the revision note. Take the need for change in customer audit as an example: because XX customer found XX problem during customer audit, the template needs to be adjusted.变更内容填写以客户审核发现问题需要更改为例：由于XX客户在客户审核时发现XX问题，特增加XXX的变更内容。"", ""<table><tr><td>HM ID</td><td>F26</td></tr><tr><td>模块功能 \nModule Function</td><td>系统需求MCU外置看门狗，用于监控MCU功能异常时进行复位。\nThe system requires MCU external watchdog, used to monitor MCU function abnormal reset.</td></tr><tr><td>模块框图\nModule diagram</td><td></td></tr><tr><td>模块方案\nModule solution</td><td>窗口看门狗喂狗参数由LP87702的OTP文件进行配置，具体参数为：喂狗长周期600ms，窗口为10~30ms，看门狗输出复位信号低电平持续10ms。用MCU的P13.3引脚喂狗。\nThe window watchdog feeding parameters are configured by the OTP file of LP87702, the specific parameters are: feeding the dog for a long period of 600ms, the window is 10~30ms, and the low level of the watchdog output reset signal lasts for 10ms. Feed the dog with P13.3 pin of the MCU. </td></tr></table>""]","{""original_context_count"": 30, ""original_context_characters"": 28950, ""scored_context_count"": 8, ""scored_context_characters"": 1843, ""contexts_truncated"": true, ""context_selection"": ""claim_coverage"", ""selected_evidence_ids"": [""circuit:21:net:TC367_RESET_N"", ""document:58106bd2421dc2d1""], ""selected_claim_ids"": [""sq_1:claim_1"", ""sq_2:claim_1"", ""sq_3:claim_1"", ""sq_4:claim_1""], ""excluded_evidence_ids"": [""circuit:21:instance:U900A"", ""circuit:21:instance:U900B"", ""circuit:21:net:TC367_JTAG_TCK/DAP0"", ""circuit:21:net:TC367_JTAG_TDI"", ""circuit:21:net:TC367_JTAG_TDO/DAP2"", ""circuit:21:net:TC367_JTAG_TMS/DAP1"", ""circuit:21:net:TC367_JTAG_TRST"", ""document:33c144f4fddf5ce2"", ""document:3cc8373cb37fffa6"", ""document:3fc6d0776b3e7509"", ""document:44c4021cbbe6e903"", ""document:529a142033d8838a"", ""document:52a0a7ad18df0829"", ""document:6444fba522519a81"", ""document:87e0c61422f91bc3"", ""document:98e5ebb2f9677feb"", ""document:9dabfddc8aa1021a"", ""document:9e0b0951b22ad0d1"", ""document:a075d2642b8e135f"", ""document:b257f3b0795806a8"", ""document:c728e1ccd9f1d52e"", ""document:cab8645638662901"", ""document:d69d04d302326d46"", ""document:e5392c68d13cc97b"", ""document:e6627ad70c8cab97"", ""document:e6f714d5b9de7ace"", ""document:f5d436fe49a38172"", ""document:fd5db10b4c9fffff""]}",0.6271717449836627,0.0,1.0,1.0,0.5916666666469445,0.0,0.5,0.4166666666666667,not_applicable
hw-v1-joint-pmic-noisy-query,success,忽略无关的摄像头和 CAN 内容，只结合电路与 HSI 说明 LP87702 的供电输出和配置。,LP87702-Q1 是 U1700，输入 VCC3V3，关键输出为 VCC1V1、VCC1V8、VCC50；配置依据 HSI 7.2 节，回答不应混入无关摄像头或 CAN 结论。,"### 供电输出参数（sq_1，部分覆盖）

**直接结论**：LP87702 的输入为 VCC3V3，输出三路电源：**VCC1V8、VCC1V1、VCC50**。VCC1V8 用于 EQ6、CAM、DDR、FLASH 供电；VCC1V1 用于 EQ6、DDR 供电；VCC50 用于 CAN 收发器供电。

**支撑证据**：
- 证据 [7]（HSI 文档模块方案）明确说明：“VCC1V8 用于 EQ6、CAM、DDR、FLASH 供电，VCC1V1 用于 EQ6、DDR 供电，VCC50 用于 CAN 收发器 供电，现选择 LP87702 PMIC 方案。”
- 证据 [9]（HSI 文档模块功能）同样描述：“LP87702 chip is used to convert VCC3V3 into VCC1V8, VCC1V1 and VCC50”。
- 证据 [10]（HSI 文档模块列表）和证据 [11]（模块列表）均确认该输入输出关系。

**缺口说明**：**缺少各输出引脚的电流能力参数，以及具体的引脚编号定义**（仅知道使能引脚 P15.3 控制 5V 输出，I2C 引脚为 MCU_SCL_P15.4 和 MCU_SDA_P15.5，复位引脚 P12.1）。电路设计文档（证据 [1]）仅提供了器件型号 U1700: LP87702-Q1，未包含任何引脚网络或电压电流参数。

---

### 配置寄存器与模式设置（sq_2，已覆盖）

**直接结论**：LP87702 支持 **SHUTDOWN、READ OTP、STANDBY、ACTIVE** 四种运行模式。MCU 通过 I2C（地址 **0x08**）设置 1.8V 和 1.1V 输出电压及使能，并通过 P15.3 引脚使能 5V 输出，P12.1 引脚复位。具体的配置寄存器表在 HSI 文档中提及但未提供完整内容，已知的部分寄存器位描述包含过压/欠压反应设置（如 FS_I_OVUV_SAFE_REACTION1）。

**支撑证据**：
- 证据 [2]（HSI 文档模式定义）列出了四种运行模式及其定义，包括 SHUTDOWN（NRST 低于阈值，器件停止）、READ OTP（上电加载 OTP）、STANDBY（电压转换器禁用，寄存器可读写）、ACTIVE（DC/DC 使能）。
- 证据 [7] 和 [9] 说明配置方式：用 MCU 的 P15.3 引脚使能 5V 输出，用 MCU_SCL_P15.4、MCU_SDA_P15.5 I2C 通信设置 1.8V 和 1.1V 输出电压和使能，用 P12.1 引脚复位。
- 证据 [16]（HSI 文档接口信号）给出 I2C 地址 0x08，并确认 I2C 引脚用于配置 LP87702。
- 证据 [6]（HSI 文档寄存器片段）包含 LP87702 的寄存器位描述（如 VMON_LDO1_OV_FS_REACTION、VMON_LDO1_UV_FS_REACTION 等），说明寄存器配置涉及过欠压反应设置。注意：该证据未显示完整寄存器表，但已确认配置寄存器的存在。

**说明**：具体寄存器配置值（如 Table 5-2 的内容）在证据中未全文呈现，但配置方式、模式定义及部分寄存器位描述已足够支撑配置信息的提取。","### 供电输出参数（sq_1，部分覆盖）

**直接结论**：LP87702 的输入为 VCC3V3，输出三路电源：**VCC1V8、VCC1V1、VCC50**。VCC1V8 用于 EQ6、CAM、DDR、FLASH 供电；VCC1V1 用于 EQ6、DDR 供电；VCC50 用于 CAN 收发器供电。

**支撑证据**：
- 证据 [7]（HSI 文档模块方案）明确说明：“VCC1V8 用于 EQ6、CAM、DDR、FLASH 供电，VCC1V1 用于 EQ6、DDR 供电，VCC50 用于 CAN 收发器 供电，现选择 LP87702 PMIC 方案。”
- 证据 [9]（HSI 文档模块功能）同样描述：“LP87702 chip is used to convert VCC3V3 into VCC1V8, VCC1V1 and VCC50”。
- 证据 [10]（HSI 文档模块列表）和证据 [11]（模块列表）均确认该输入输出关系。

**缺口说明**：**缺少各输出引脚的电流能力参数，以及具体的引脚编号定义**（仅知道使能引脚 P15.3 控制 5V 输出，I2C 引脚为 MCU_SCL_P15.4 和 MCU_SDA_P15.5，复位引脚 P12.1）。电路设计文档（证据 [1]）仅提供了器件型号 U1700: LP87702-Q1，未包含任何引脚网络或电压电流参数。

---

### 配置寄存器与模式设置（sq_2，已覆盖）

**直接结论**：LP87702 支持 **SHUTDOWN、READ OTP、STANDBY、ACTIVE** 四种运行模式。MCU 通过 I2C（地址 **0x08**）设置 1.8V 和 1.1V 输出电压及使能，并通过 P15.3 引脚使能 5V 输出，P12.1 引脚复位。具体的配置寄存器表在 HSI 文档中提及但未提供完整内容，已知的部分寄存器位描述包含过压/欠压反应设置（如 FS_I_OVUV_SAFE_REACTION1）。

**支撑证据**：
- 证据 [2]（HSI 文档模式定义）列出了四种运行模式及其定义，包括 SHUTDOWN（NRST 低于阈值，器件停止）、READ OTP（上电加载 OTP）、STANDBY（电压转换器禁用，寄存器可读写）、ACTIVE（DC/DC 使能）。
- 证据 [7] 和 [9] 说明配置方式：用 MCU 的 P15.3 引脚使能 5V 输出，用 MCU_SCL_P15.4、MCU_SDA_P15.5 I2C 通信设置 1.8V 和 1.1V 输出电压和使能，用 P12.1 引脚复位。
- 证据 [16]（HSI 文档接口信号）给出 I2C 地址 0x08，并确认 I2C 引脚用于配置 LP87702。
- 证据 [6]（HSI 文档寄存器片段）包含 LP87702 的寄存器位描述（如 VMON_LDO1_OV_FS_REACTION、VMON_LDO1_UV_FS_REACTION 等），说明寄存器配置涉及过欠压反应设置。注意：该证据未显示完整寄存器表，但已确认配置寄存器的存在。

**说明**：具体寄存器配置值（如 Table 5-2 的内容）在证据中未全文呈现，但配置方式、模式定义及部分寄存器位描述已足够支撑配置信息的提取。","[""Instance U1700: LP87702-Q1, 20200424007, LP87702RRHBRQ1, pqfn50p5x5x90-32."", ""<table><tr><td>HM ID</td><td>F13</td></tr><tr><td>运行模式\nOperation Mode</td><td>SHUTDOWN、READ OTP、STANDBY、ACTIVE</td></tr><tr><td>模式定义\nDefinition of Operation mode</td><td>SHUTDOWN\nNRST电压低于阈值。LP87702-Q1器件停止工作。\nREAD OTP\n电源电压VANA高于VANAUVLO电平，并且NRST电压高于阈值电平。电压转换器被禁用，LP87702-Q1的参考电平和偏置电路被启用。OTP配置被加载到寄存器。\nSTANDBY\n电源电压VANA高于VANAUVLO水平，NRST电压高于阈值水平。电压转换器被禁用，LP87702-Q1的参考电平、控制和偏压电路被启用。所有的寄存器都可以被主机处理器通过系统串口读写。电压转换器可以根据需要进行使能输出。\nACTIVE\n电源电压VANA高于VANAUVLO水平，NRST电压高于阈值水平。稳压DC/DC变换器处于使能状态。所有的寄存器都可以被MCU通过系统串口读写。\nSHUTDOWN\nAfter the enable signal MCU_OV75_MIPI_DDR_EN=L, the secondary power stops the 0V75_MIPI_DDR power supply. \nREADY OTP\nThe supply voltage VANA is above the VANAUVLO level, and the NRST voltage is above the threshold level. The voltage converter is disabled and the reference level and bias circuits of the LP87702-Q1 are enabled. The OTP configuration is loaded into the register.\nSTANDBY\nThe supply voltage VANA is above the VANAUVLO level and the NRST voltage is above the threshold level. The voltage converter is disabled and the reference level, control, and bias circuits of the LP87702-Q1 are enabled. All registers can be read and written by the host processor through the system serial port. The voltage converter can perform enabling output as needed.\nACTIVE\nThe supply voltage VANA is above the VANAUVLO level and the NRST voltage is above the threshold level. The regulated DC/DC converter is in the enabled state. All the registers can be read and written by the MCU through the system serial port. </td></tr><tr><td>模式切换接口\nMode switching interface</td><td></td></tr><tr><td>模式状态机\nMode state machine</td><td></td></tr><tr><td>模式切换条件\nMode switching condition</td><td>参考：\n产品系统需求规格说明\n产品系统方案设计说明书\nReference: \nProduct system requirement specification \nProduct system scheme design specification.</td></tr><tr><td>备注\nNote</td><td>1、VANAUVLO阈值电压\n\n2、NRST阈值电压\n</td></tr><tr><td>备注\nNote</td><td></td></tr></table>"", ""<table><tr><td>HM ID</td><td>F20/F21/F22/F23</td></tr><tr><td>运行模式\nOperation Mode</td><td>运行模式、待机模式、Sleep模式、OFF模式、Overtemp模式\nRun mode, standby mode, Sleep mode, OFF mode, Overtemp mode.</td></tr><tr><td>模式定义\nDefinition of Operation mode</td><td>TCAN1044A：\n1、\t运行模式\nSTB设置为低电平使能Normal模式，收发器可以通过总线CANH和CANL发送接收数据。\n2、\t待机模式\nSTB设置为高电平使能Standby模式，收发器将不再发送接收数据。\n1.Run mode\nThe STB is set to low to enable Normal mode, and the transceiver can send and receive data through the bus CANH and CANL. \n2.Standby mode\nThe STB is set to high level enable Standby mode, and the transceiver will no longer send the received data.\nTCAN1145：\n1、Normal模式\n通过SPI3配置寄存器MC=111进入Normal模式，收发器可以通过总线CANH和CANL发送接收数据。\n2、Standby模式\n通过SPI3配置寄存器MC=100，使能Standby模式，收发器将不再发送接收数据，但INH引脚依然有效。\n3、Sleep模式\n   通过SPI3配置寄存器MC=001或者发生欠压事件，CAN收发器进入sleep模式。该模式下INH为高阻态。\n与TJA1145寄存器地址有差别，软件开发需要注意。\n4、Off模式\n当电源电压过低无法为IC供电，收发器进入Off模式，该模式下CAN引脚和INH引脚为高阻态。\n5、Overtemp模式\n当芯片整体温度高于阈值，会进入过温模式，该模式下收发器的发送端和接收端被禁用，INH引脚为高阻态。\nNormal mode\nThe Normal mode is entered through SPI3 configuration register MC=111, and the transceiver can send and receive data through buses CANH and CANL. \nStandby mode\nBy configuring the SPI3 register MC=100 to enable the Standby mode, the transceiver will no longer send the received data, but the INH pin will remain active. \nSleep mode\nThrough SPI3 configuration register MC=001 or an undervoltage event occurs, the CAN transceiver goes into sleep mode. In this mode, INH is in the high impedance state. \nOff mode\nWhen the supply voltage is too low to power the IC, the transceiver enters the Of mode, in which the CAN pin and INH pin are in the high resistance state. \nOvertemp mode\nWhen the overall chip temperature is higher than the threshold, it will enter the over-temperature mode, in which the transmitter and receiver of the transceiver are disabled, and the INH pin is in the high impedance state. </td></tr><tr><td>模式切换接口\nMode switching interface</td><td></td></tr><tr><td>模式状态机\nMode state machine</td><td>TCAN1044A：\n\nTCAN1145：\n\n</td></tr><tr><td>模式切换条件\nMode switching condition</td><td>参考：\n产品系统需求规格说明\n产品系统方案设计说明书\nReference: \nProduct system requirement specification \nProduct system scheme design specification.</td></tr><tr><td>备注\nNote</td><td></td></tr></table>"", ""ADC电压采集阈值 The ADC voltage acquisition thresholdWCCA计算结果如下，软件应按照如下过欠压阈值设置：The WCCA calculation results are as follows. The software should be set according to the following overvoltage and undervoltage thresholds:EQ6L上下电时序要求 EQ6L Power-on and power-off sequence requirements共享和独占的硬件资源 Shared and Exclusive Hardware ResourceECU-MCU信号对应关系 ECU-MCU Signal MappingMCU时钟配置 MCU Clock Configuration存储器配置 Memeory ConfigurationTable 4-5Memory Configuration其他芯片配置 Other IC Configuration其他芯片的通讯机制 Communication Mechanism with Other ICLP87702配置 LP87702 ConfigurationLP87702运行期间需要MCU通过I2C配置的寄存器如下所示：Table 5-2 LP87702 ConfigurationTPS62872配置 TPS62872 ConfigurationTPS62872运行期间需要MCU通过I2C配置的寄存器如下所示：Table 5-3 TPS62872 Configuration安全机制 Safety MechanismsSystem levelHW level硬件安全分析无新增安全机制IC level模板变更历史Template Change History填写说明Filling instructions：变更单号YYYYMM00X为记录顺序号，如：202203002，表示的是2022年03月的第二份此类文档。首次发布不分配变更单号，变更单号处填NA。The change order number YYYYMM00X is the record sequence number, such as 202203002, which represents the second such document in March 2022. No change order number will be allocated for the first release, and Na will be filled in the change order number.变更原因填写以客户审核需要变更为例：由于XX客户在客户审核时发现XX问题，需要调整模板。Fill in the revision note. Take the need for change in customer audit as an example: because XX customer found XX problem during customer audit, the template needs to be adjusted.变更内容填写以客户审核发现问题需要更改为例：由于XX客户在客户审核时发现XX问题，特增加XXX的变更内容。"", ""<table><tr><td>HM ID</td><td>F14</td></tr><tr><td>模块功能 \nModule Function</td><td>VCC3V3转VCC0V75应用于EQ6的内核供电，要求输出电流能力大，现选型TI的方案TPS62872。\nVCC3V3 to VCCOV75 is applied to the kernel power supply of EQ6, which requires large output current capacity. TI's scheme TPS62872 is selected.</td></tr><tr><td>模块框图\nModule diagram</td><td></td></tr><tr><td>模块方案\nModule solution</td><td>\t采用TPS62872电源芯片，将VCC3V3转换为VCC0V75，提供给EQ6核电供电。用MCU的P22.0引脚使能芯片，用MCU_SDA_P15.5，MCU_SCL_P15.4引脚I2C通信来设置输出电压和通信。\nTPS62872 power chip is used to convert VCC3V3 to VCCOV75, which is supplied to EQ nuclear power supply. P22.0 pin of MCU is used to enable chip, MCU_SDA_P15.5, MCU_SCL_P15.4 pin I2C communication is used to set output voltage and communication. +</td></tr></table>"", ""\nRegister：nan; Symbol：nan; Description：nan; Unnamed: 3：nan; Register.1：nan; Symbol.1：nan; Description.1：111 Closed Window : 50 % / Open Window : 50 % ——13_Registers Bit Description\nRegister：Register; Symbol：Symbol; Description：Description; Unnamed: 3：nan; Register.1：nan; Symbol.1：nan; Description.1：Reset on Power On Reset (POR) ——13_Registers Bit Description\nRegister：FS_I_OVUV_SAFE_\nREACTION1; Symbol：VMON_LDO1_OV_\nFS_REACTION; Description：00 No effect on RSTB and FS0B; Unnamed: 3：nan; Register.1：nan; Symbol.1：nan; Description.1：nan ——13_Registers Bit Description\nRegister：nan; Symbol：nan; Description：01 VMON_LDO1 OV asserts FS0B only; Unnamed: 3：nan; Register.1：nan; Symbol.1：nan; Description.1：nan ——13_Registers Bit Description\nRegister：nan; Symbol：nan; Description：10 VMON_LDO1 OV asserts RSTB and FS0B; Unnamed: 3：nan; Register.1：nan; Symbol.1：nan; Description.1：nan ——13_Registers Bit Description\nRegister：nan; Symbol：nan; Description：11 VMON_LDO1 OV asserts RSTB and FS0B; Unnamed: 3：nan; Register.1：Note:本页均为配置寄存器，以支持需求开发人员快速确定具体项目需要配置的bits; Symbol.1：nan; Description.1：nan ——13_Registers Bit Description\nRegister：nan; Symbol：nan; Description：Reset on Power On Reset (POR); Unnamed: 3：nan; Register.1：nan; Symbol.1：nan; Description.1：nan ——13_Registers Bit Description\nRegister：nan; Symbol：VMON_LDO1_UV_\nFS_REACTION; Description：00 No effect on RSTB and FS0B; Unnamed: 3：nan; Register.1：nan; Symbol.1：nan; Description.1：nan ——13_Registers Bit Description\nRegister：nan; Symbol：nan; Description：01 VMON_LDO1 OV asserts FS0B only; Unnamed: 3：nan; Register.1：nan; Symbol.1：nan; Description.1：nan ——13_Registers Bit Description"", ""<table><tr><td>HM ID</td><td>F11/F12/F13/F14/F15/F16/F17/F18/F19/F25/F27</td></tr><tr><td>模块功能 \nModule Function</td><td>系统使用车载电池12V电压供电，经过EMI电路后输入至电源转换芯片，转换输出系统各模块所需电源。\nThe system uses 12V voltage power supply from the vehicle battery, which is input to the power conversion chip through the EMI circuit. Then the power conversion chip convert and output the power required by each module of the system.</td></tr><tr><td>模块框图\nModule diagram</td><td></td></tr><tr><td>模块方案\nModule solution</td><td>KL30 EMI (ASIL-B)\nKL30供电口处增加EMI电路，用于供电保护和滤波。硬件电路设计在UBD网络增加两个串联ESD电容，PCB布局靠近主连接器引脚处，用于吸收外部ESD信号，后端增加双向TVS管用于瞬态过压保护\nThe EMI circuit is added at the KL30 power supply port for power supply protection and filtering. The hardware circuit design adds two series ESD capacitors in the UBD network, the PCB layout is close to the main connector pin for absorbing external ESD signals, and the two-way TVS tube is added at the back end for transient overvoltage protection.\nKL30 to VCC3V3 (ASILB)\nKL30转VCC3V3是系统一级DC-DC，给MCU提供VCC3V3_MCU电源，所以系统要求其满足ASILB，确保MCU功能安全。\nKL30 to VCC3V3 is a system primary DC-DC chip, because the MCU needs VCC3V3_MCU power supply, so the system requires it to meet the ASILB to ensure the functional safety of the MCU.\nVCC3V3_MCU to VCC1V25_MCU(ASILB)\n3V3转1V25_MCU是使用MCU内置控制器进行控制的BUCK电源，用于MCU的核供电，功能安全需求达到ASILB，确保MCU功能安全。\n3V3 to 1V25_MCU is a BUCK power supply controlled by MCU built-in controller, which is used for MCU nuclear power supply. Functional safety requirements meet ASILB to ensure the functional safety of MCU.\nVCC3V3 to VCC0V75(QM(B))\nVCC3V3转VCC0V75应用于EQ6的内核供电，要求输出电流能力大，现选型TI的电源方案TPS62872。用MCU的P22.0引脚使能芯片，用MCU_SDA_P15.5，MCU_SCL_P15.4引脚I2C通信来设置输出电压和通信。\nVCC3V3 to VCC0V75 is applied to the core power supply of EQ6, which requires large output current capacity. The power supply scheme TPS62872 of TI is selected. P22.0 pin of MCU is used to enable the chip, and MCU_SDA_P15.5, MCU_SCL_P15.4 pin I2C communication is used to set the output voltage and communication. \nVCC3V3 to 0V75_MIPI_DDR(QM(B))\nVCC3V3转0V75_MIPI_DDR用于EQ6的IO口供电，现使用矽力杰的SA23002进行设计。用MCU的P22.1引脚使能该芯片。\nVCC3V3 to 0V75_MIPI_DDR for EQ6 IO port power supply, Silergy’s SA23002 is designed. The P22.1 pin of the MCU is used to enable the chip.\nVCC3V3转VCC1V8、VCC1V1、VCC50(QM(B))\nVCC1V8用于EQ6、CAM、DDR、FLASH供电，VCC1V1用于EQ6、DDR供电，VCC50用于CAN收发器供电，现选择LP87702 PMIC方案。用MCU的P15.3引脚使能该芯片的5V输出，用MCU_SCL_P15.4，MCU_SDA_P15.5 I2C通信来设置1.8V和1.1V输出电压和使能。\nVCC1V8 is used for EQ6, CAM, DDR, FLASH power supply, VCC1V1 is used for EQ6, DDR power supply, VCC50 is used for CAN transceiver  power supply, LP87702 PMIC scheme is selected. P15.3 pin of MCU is used to enable 5V output of the chip, and MCU_SCL_P15.4, MCU_SDA_P15.5 I2C communication is used to set 1.8V and 1.1V output voltage and enable it. \nVCC3V3 to VCC3V3_EQ(QM(B))\nVCC3V3转VCC3V3_EQ用于EQ6的IO和摄像头供电，现使用负载开关进行设计。用MCU的P20.3引脚使能该芯片。\nVCC3V3 to VCC3V3_EQ for EQ6’s IO and camera power supply, now using the load switch is designed. .The P20.3 pin of the MCU is used to enable the chip.\n\tVCC3V3 to VCC3V3_ETH(QM)\n3V3转3V3_ETH用于ETH供电，现选择负载开关方案。用MCU的P21.0引脚使能该芯片。\n3V3 to 3V3_ETH for ETH power supply, the load switch scheme is selected. . The P21.0 pin of the MCU is used to enable the chip.\n\tVCC1V8 to VCC1V8_EQ(QM(B))\nVCC1V8转VCC1V8_EQ用于EQ供电，现选择负载开关方案。用MCU的P20.0引脚使能该芯片。\nVCC1V8 to VCC1V8_EQ for EQ power supply, the load switch scheme is selected. . The P20.0 pin of the MCU is used to enable the chip.</td></tr><tr><td colspan='2'></td></tr></table>"", ""<table><tr><td>HM ID</td><td>F24</td></tr><tr><td>运行模式\nOperation Mode</td><td>正常模式、复位模式，待机模式，断电模式，休眠模式\nNormal mode, reset mode, standby mode, power off mode, sleep mode</td></tr><tr><td>模式定义\nDefinition of Operation mode</td><td>1、\t正常模式\n模块上电，正常运行模式，以太网收发正常。MDIO可以访问，Link处于连接状态。\n2、\t复位模式\nUV或Reset event时，PHY芯片将进行复位，在Reset期间将无法LINKUP，MDIO无法总线访问\n待机模式\n仅当PHY为MASTER且配置成管理模式时，上电自动进入待机模式。如果是自动模式，上电后自动进入正常模式。\n4、\t断电模式\n当任何一个电源轨低于POR阈值（0.6V）时，PHY处于断电状态，所有数字IO都将保持高阻态。\n休眠模式\n当有休眠指令且MDI总线空闲时，将进入休眠模式，除了能量检测外，禁用所有PHY模块。在睡眠模式下，所有寄存器配置都会丢失。\nNormal mode\nPower on，Normal Run mode, Ethernet transceiver is normal. MDIO is accessible and Link is in a connected state.\nReset mode\nUV or Reset event, the PHY chip will Reset, during reset will not be able to LINKUPMDIO cannot bus access.\nStandby mode\nThe device will automatically enter standby mode upon power-up only if*the PHY is configured in Master mode and set to managed mode. If the PHY operates in auto mode, it will automatically enter normal mode after power-on.\n4. Sleep mode\nThe PHY enters sleep mode when a sleep command is issued and the MDI bus is idle. In this mode, all PHY modules are disabled except for energy detection functionality. Note that all register configurations will be lost during sleep mode.</td></tr><tr><td>模式切换接口\nMode switching interface</td><td></td></tr><tr><td>模式状态机\nMode state machine</td><td></td></tr><tr><td>模式切换条件\nMode switching condition</td><td>参考：\n产品系统需求规格说明\n产品系统方案设计说明书\nReference: \nProduct system requirement specification \nProduct system scheme design specification.</td></tr><tr><td>备注\nNote</td><td></td></tr></table>"", ""<table><tr><td>HM ID</td><td>F13</td></tr><tr><td>模块功能 \nModule Function</td><td>VCC1V8用于EQ6、CAM、DDR、FLASH供电。VCC1V1用于EQ6、DDR供电。VCC50用于CAN收发器供电，现选择LP87702 PMIC方案。\nVCCIV8 is used to power EQ6, CAM, DDR, FLASH.VCC1V1 is used to power EQ6,DDR. VCC50 is used for CAN transceiver power supply, now choose LP87702 PMIC scheme. \n</td></tr><tr><td>模块框图\nModule diagram</td><td></td></tr><tr><td>模块方案\nModule solution</td><td>\n采用LP87702芯片，将VCC3V3转换为VCC1V8、VCC1V1、VCC50，其中VCC1V8用于EQ6、CAM、DDR、FLASH供电，VCC1V1用于EQ6、DDR供电，VCC50用于CAN收发器供电。用MCU的P15.3引脚使能该芯片的5V输出，用MCU_SCL_P15.4，MCU_SDA_P15.5 I2C通信来设置1.8V和1.1输出电压和使能。用MCU的P12.1引脚复位该芯片。\nLP87702 chip is used to convert VCC3V3 into VCC1V8, VCC1V1 and VCC50, in which VCC1V8 is used for EQ6, CAM, DDR and FLASH power supply, VCC1V1 is used for EQ6 and DDR power supply, and VCC50 is used for CAN transceiver power supplyP15.3 pin of MCU is used to enable 5V output of the chip, and MCU_SCL_P15.4, MCU_SDA_P15.5 I2C communication is used to set 1.8V and 1.1 output voltage and enable it. Reset the chip with P12.1 pin of the MCU. </td></tr></table>"", ""<table><tr><td>序号</td><td>模块序号</td><td>模块名称</td><td>功能定义</td><td>功能安全需求</td></tr><tr><td>1</td><td>F013</td><td>POWER</td><td>LP87702，VCC3V3电压输入，VCC1V1、VCC1V8、VCC50电压输出</td><td>QM(B)</td></tr><tr><td>1</td><td>F01</td><td>MCU</td><td>SAK-TC377TP-96F300S AA</td><td>B(B)</td></tr><tr><td>1</td><td>F08</td><td>EQ system power sample1</td><td>EQ6L系统供电电源电压ADC采样滤波、分压电路</td><td>B(B)</td></tr><tr><td>2</td><td>F14</td><td>POWER</td><td>TPS62872，VCC3V3电压输入，VCC0V75电压输出，EQ6L核电供电</td><td>QM(B)</td></tr><tr><td>2</td><td>F01</td><td>MCU</td><td>SAK-TC377TP-96F300S AA</td><td>B(B)</td></tr><tr><td>2</td><td>F08</td><td>EQ system power sample</td><td>EQ6L系统供电电源电压ADC采样滤波、分压电路</td><td>B(B)</td></tr><tr><td>3</td><td>F15</td><td>POWER</td><td>SA23002，VCC3V3输入，0V75_MIPI_DDR电压输出</td><td>QM(B)</td></tr><tr><td>3</td><td>F01</td><td>MCU</td><td>SAK-TC377TP-96F300S AA</td><td>B(B)</td></tr><tr><td>3</td><td>F08</td><td>EQ system power sample</td><td>EQ6L系统供电电源电压ADC采样滤波、分压电路</td><td>B(B)</td></tr><tr><td>4</td><td>F16</td><td>POWER</td><td>TPS22918负载开关，VCC3V3电压输入，VCC3V3_EQ输出</td><td>QM(B)</td></tr><tr><td>4</td><td>F01</td><td>MCU</td><td>SAK-TC377TP-96F300S AA</td><td>B(B)</td></tr><tr><td>4</td><td>F08</td><td>EQ system power sample</td><td>EQ6L系统供电电源电压ADC采样滤波、分压电路</td><td>B(B)</td></tr></table>"", ""<table><tr><td>模块序号\nModule number</td><td>模块名称\nModule name</td><td>功能定义\nFunction definition.</td><td>功能安全需求\nFunctional safety requirements</td></tr><tr><td>F01</td><td>MCU</td><td>SAK-TC377TP-96F300S AA</td><td>B(B)</td></tr><tr><td>F02</td><td>EYEQ6-L</td><td>EYEQ6-L，用于sensor的视频处理</td><td>B</td></tr><tr><td>F03</td><td>EYEQ6_LPDDR4</td><td>EQ6的1GB LPDDR4</td><td>B</td></tr><tr><td>F04</td><td>EYEQ6_NAND FLASH</td><td>EQ6的2Gb NAND FLASH</td><td>B</td></tr><tr><td>F05</td><td>CAM SENSOR</td><td>Sony 728摄像头模组</td><td>B</td></tr><tr><td>F06</td><td>KL30 sample</td><td>KL30电压采样</td><td>QM</td></tr><tr><td>F07</td><td>KL15 sample</td><td>KL15电压采样</td><td>QM</td></tr><tr><td>F08</td><td>EQ system power sample1</td><td>EQ6L系统供电电源电压ADC采样滤波、分压电路</td><td>B(B)</td></tr><tr><td>F09</td><td>ETH and CAN power sample2</td><td>CAN和ETH电源电压ADC采样滤波、分压电路</td><td>QM</td></tr><tr><td>F10</td><td>NTC temp sensor</td><td>NTC温度传感器，监控EQ6L/LPDDR4周边环境温度。</td><td>B</td></tr><tr><td>F11</td><td>KL30 EMI</td><td>KL30供电口EMI滤波电路.</td><td>B</td></tr><tr><td>F12</td><td>POWER</td><td>LN10046，KL30电源转VCC3V3电源</td><td>B</td></tr><tr><td>F13</td><td>POWER</td><td>LP87702，VCC3V3电压输入，VCC1V1、VCC1V8、VCC50电压输出</td><td>QM(B)</td></tr><tr><td>F14</td><td>POWER</td><td>TPS62872，VCC3V3电压输入，VCC0V75电压输出</td><td>QM(B)</td></tr><tr><td>F15</td><td>POWER</td><td>SA23002，VCC3V3输入，VCC0V75电压输出</td><td>QM(B)</td></tr><tr><td>F16</td><td>POWER</td><td>TPS22918负载开关，VCC3V3电压输入，VCC3V3_EQ输出</td><td>QM(B)</td></tr><tr><td>F17</td><td>POWER</td><td>TPS22918负载开关，VCC3V3输入，VCC3V3_ETH输出</td><td>QM</td></tr><tr><td>F18</td><td>overvoltage protect</td><td>用于MCU电源VCC3V3_MCU的外部过压保护</td><td>B</td></tr><tr><td>F19</td><td>POWER</td><td>TPS22918 负载开关，VCC1V8电压输入，VCC1V8_EQ电压输出</td><td>QM(B)</td></tr><tr><td>F20</td><td>CAN3</td><td>基于TCAN1145的CAN通讯，硬件支持特定报文唤醒</td><td>QM</td></tr><tr><td>F21</td><td>CAN2</td><td>基于TCAN1044A的CAN通讯.</td><td>QM</td></tr><tr><td>F22</td><td>CAN1</td><td>基于TCAN1044A的CAN通讯</td><td>QM</td></tr><tr><td>F23</td><td>CAN0</td><td>基于TCAN1044A的CAN通讯.</td><td>QM</td></tr><tr><td>F24</td><td>ETH</td><td>基于DP83TC812R的100BASE-T1通讯</td><td>QM</td></tr><tr><td>F25</td><td>Wake up</td><td>唤醒源和一级电源使能电路设计</td><td>QM</td></tr><tr><td>F26</td><td>watchdog</td><td>LP87702的看门狗功能，用于监控MCU运行状态</td><td>B</td></tr><tr><td>F27</td><td>POWER</td><td>VCC3V3_MCU转VCC1V25_MCU电压，由MCU的EVRC进行控制。</td><td>B</td></tr><tr><td>F28</td><td>level translation</td><td>3V3和1V8双向电压转换芯片</td><td>QM</td></tr></table>"", ""<table><caption> Table 9-1 shows the function table of the MODE/SYNC pin and the FPWMEN bit in the CONTROL1 register, Table 9-1. FPWM Mode and Power-Save Mode Selection Note</caption>\n<tr><td  >MODE/SYNCPin</td><td  >FPWMEN Bit</td><td  >OperatingMode</td><td  >Remark</td></tr>\n<tr><td  >Low</td><td  >0</td><td  >PSM</td><td  >Do not use in a stacked configuration.</td></tr>\n<tr><td></td><td  >1</td><td  >FPWM</td><td></td></tr>\n<tr><td  >High</td><td  >X</td><td  >FPWM</td><td></td></tr>\n<tr><td  >Sync Clock</td><td  >X</td><td  >FPWM</td><td></td></tr>\n</table>"", ""\nUpdated theDevice OptionsTable.\n3 .5\nModified MODE/SYNC pin Description in Pin Functions Changed the title of Figure 8-5\n12\nAdded approximate minimum on time value.\n15\n Added behavior of device when EN is toggled and input voltage is applied..\n.17\n·\nModified Table 9-5 to reflect new available Orderable Part Number..\n21\nAdded a comment on how to connect secondary devices SYNC_OUT pin..\n27\nAdded a footnote to Table 9-10\n.31\nAdded I2C Register Reset \n.34 Added Number of phases NΦ and adapted passive component selection equations in Typical Application ...41\nPage\nChanges from Revision * (May 2022) to Revision A (July 2022)\nChanged document status from Advance Information to Production Data......\n.1\n5 Description (continued)\nThe switching frequency is resistor-selectable through the FSEL pin. The switching frequency can be set to 1.5 MHz, 2.25 MHz, 2.5 MHz, or 3.0 MHz, or synchronized to an external clock in the same frequency range.\nThe I2C-compatible interface offers several control, monitoring, and warning features, such as voltage monitoring and temperature-related warnings. The output voltage can be quickly adjusted to adapt the power consumption of the load to the performance needs of the application through the I2C-compatible interface. The default start-up voltage is resistor-selectable through the VSEL pin.\n6 Device Options\n The I2C address is linked to the selected start-up voltage. The user cannot select the start-up voltage and I2C address independently.(1)\nThe user can use the VSEL pin to select which of the four start-up voltages the device uses. For more information, see Table 9-5 and (2)\n7 Pin Configuration and Functions\n8 Specifications\n8.1 Absolute Maximum Ratings\nover operating temperature range (unless otherwise noted)(1)\n(1)Operation outside the Absolute Maximum Ratings may cause permanent device damage. Absolute Maximum Ratings do not imply functional operation of the device at these or any other conditions beyond those listed under Recommended Operating Conditions.\nIf used outside the Recommended Operating Conditions but within the Absolute Maximum Ratings, the device may not be fully functional, and this may affect device reliability, functionality, performance, and shorten the device lifetime.\n(2)All voltage values are with respect to the GND pin.\nWhile switching.\n(3)"", ""\nall operating conditions.\nI2C-compatible interface up to 1-MHz Differential remote sensing Optional stacked operation for increased output current capability Thermal warning and thermal shutdown Precise enable input Active output discharge Optional spread-spectrum clocking\n Power-good output with a window comparator·\nAvailable in 2.55-mm × 3.55-mm × 1-mm VQFN package with wettable flanks -40°C to 150°C junction temperature, Tj\n2 Applications\nInfotainment and cluster ADAS FPGA, ASIC, and digital core supply DDR memory supply\nTPS6287x-Q1 Simplified Schematic\nTable of Contents\n9.4 Device Functional Modes.\n30\n1Features.\n 2 Applications.\n9.5 Programming.\n31\n3 Description.\n9.6 Register Map..\n35\n1\n4 Revision History.\n10 Application and Implementation..\n41\n2\n41.\n 5 Description (continued)..\n10.1 Application Information.\n3\n41\n6 Device Options\n10.2 Typical Application.\n3\n7 Pin Configuration and Functions.\n10.3 Best Design Practices.\n49\n.5\n8 Specifications.\n10.4 Power Supply Recommendations...\n50\n..\n8.1 Absolute Maximum Ratings..\n50\n10.5 Layout..\n7\n 11 Device and Documentation Support.\n8.2 ESD Ratings...\n52\n7\n8.3 Recommended Operating Conditions....\n11.1 Device Support..\n.52\n.7\n8.4 Thermal Information..\n11.2 Documentation Support\n52\n.8\n8.5 Electrical Characteristics.\n..8\n11.3 Receiving Notification of Documentation Updates.\n.52\n8.6 I2C Interface Timing Characteristics...\n10\n11.4 Support Resources.\n52\n11.5 Trademarks.\n8.7 Timing Requirements.\n11\n52\n11.6 Electrostatic Discharge Caution..\n8.8 Typical Characteristics.\n12\n52\n11.7 Glossary.\n9 Detailed. Description.......\n.13\n.52.....\n13\n12 Mechanical, Packaging, and Orderable\n9.1 Overview.\n 9.2 Functional Block Diagram..\n14\nInformation....\n52\n 9.3 Feature Description.\n.15\n4 Revision History\nNOTE: Page numbers for previous revisions may differ from page numbers in the current version.\nPage\nChanges from Revision A (July 2022) to Revision B (January 2023)"", ""\n9.6.2 CONTROL1 Register (Address = 1h) [Reset = 2Ah]\nCONTROL1 is shown in Figure 9-22 and described in Table 9-14.\nReturn to the Summary Table.\nThis register controls various device configuration options.\n9.6.3 CONTROL2 Register (Address = 2h) [Reset = 9h]\nCONTROL2 is shown in Figure 9-23 and described in Table 9-15.\nReturn to the Summary Table.\nThis register controls various device configuration options.\n 9.6.4 CONTROL3 Register (Address = 3h) [Reset = 0h]\nCONTROL3 is shown in Figure 9-24 and described in Table 9-16.\nReturn to the Summary Table.\nThis register controls various device configuration options.\n9.6.5 STATUS Register (Address = 4h) [Reset = 2h]\nSTATUS is shown in Figure 9-25 and described in Table 9-17.\nReturn to the Summary Table.\nThis register returns the device status flags.\n10 Application and Implementation\nNote\nInformation in the following applications sections is not part of the Tl component specification, and Tl does not warrant its accuracy or completeness. Tl's customers are responsible for determining suitability of components for their purposes, as well as validating and testing their design implementation to confirm systemfunctionality.\n10.1 Application Information\nThe following section discusses selection of the external components to complete the power supply design for typical a application.\n 10.2 Typical Application\n10.2.1 Design Requirements\nPreliminary Calculations\nThe maximum allowable deviation of the power supply is ±3.3%. The DC accuracy of the TPS6287x-Q1 is specified as ±1%, therefore, the maximum output voltage variation during a transient is given by:\nVoUT = ± VouT × (3.3% - 1%) = ±17.25 mV\n10.2.2 Detailed Design Procedure\nThe following subsections describe how to calculate the external components required to meet the specified transient requirements of a given application. The calculations include the worst-case variation of components and use the RMS method to combine the variation of uncorrelated parameters.\n10.2.2.1 Selecting the Inductor\nThe TPS6287x-Q1 devices have been optimized for inductors in the range 50 nH to 300 nH. If the transient response of the converter is limited by the slew rate of the current in the inductor, using a smaller inductor can improve performance. However, the output ripple current increases as the value of the inductor decreases and higher output current ripple generates higher output voltage ripple, which adds to the transient overshoot or undershoot. The optimal configuration for a given application is always a trade-off between a number of parameters. Tl recommends a starting value of 110 nH for typical applications."", ""\nMCU Component ：F01/ MCU; None：QM; None：E11; None：P12.1; None：P12.1/GTM_TIM4_IN1_6/GTM_TIM3_IN1_6/GETH_MDIOC/GTM_TOUT129/CAN00_TXD/GETH_MDIO; None：GPIO; None：MCU_nINT_PMIC_P12.1; None：/; None：I; None：LP87702的输出中断信号。\n高：无中断信号\n低：输出中断信号; None：HI-Z，硬件外部上拉; None：—; SW Variable Name or SW Function Name：— ——Port1\nHW Interface Component ：QM(B); None：F13/POWER\nF14/POWER; None：MCU配置LP87702、TPS62872; MCU Component ：F01/MCU; None：B; None：E14; None：P15.5; None：P15.5/GTM_TIM3_IN0_4/GTM_TIM2_IN0_4/QSPI2_MTSRA/GTM_TOUT76/QSPI2_MTSR/MSC0_EN0/I2C0_SDA; None：I2C0_SDAC; None：MCU_SDA_P15.5; None：/; None：IO; None：IIC_SDA信号\n\n外挂LP87702和TPS62872\n\nLP87702地址：0x08\nTPS62872地址：0x41; None：HI-Z，硬件外部上拉; None：—; SW Variable Name or SW Function Name：— ——Port1\nMCU Component ：F01/MCU; None：B; None：A17; None：P15.4; None：P15.4/GTM_TIM3_IN7_4/GTM_TIM2_IN7_4/I2C0_SCLC/QSPI2_MRSTA/SCU_E_REQ0_0/GTM_TOUT75/QSPI2_MRST; None：I2C0_SCL; None：MCU_SCL_P15.4; None：/; None：O; None：IIC_CLK信号\n\n外挂LP87702和TPS62872\n\nLP87702地址：0x08\nTPS62872地址：0x41; None：HI-Z，硬件外部上拉; None：—; SW Variable Name or SW Function Name：— ——Port1"", ""\nDuring start-up, the output voltage ramps up to the target value set by the VSEL pin before ramping up or down to any new value programmed to the device over the I2C interface.\n9.3.6.3Non-DefaultOutputVoltageSetpoint\nIf none of the default voltage range or voltage setpoint combinations are suitable for the application, the user can change these device settings through I2C before the user enables the device. Then, when the user pulls the EN pin high, the device starts up with the desired start-up voltage.\nNote that if the user changes the device settings through I?C while the device is ramping, the device ignores the changes until the ramp is complete\n9.3.6.4 Dynamic Voltage Scaling\nIf the user changes the output voltage setpoint while the DC/DC converter is operating, the device ramps up or down to the new voltage setting in a controlled way.\nThe VRAMP[1:0] bits in the CONTROL1 register sets the slew rate when the device ramps from one voltage to another during DVS (see Table 9-6).\nNote that ramping the output to a higher voltage requires additional output current, so that during DvS, the converter must generate a total output current given by:\ndVour lour = lour c) + Cour dVOouT\nwhere\n· lout is the total current the converter must generate while ramping to a higher voltage.\nlouT(Dc) is the DC load current.· Cout is the total output capacitance.\n dVout/dt is the slew rate of the output voltage (programmable in the range 0.5 mV/μs to 10 mV/us).\nFor correct operation, ensure that the total output current during DVS does not exceed the current limit of the device.\n9.3.7 Compensation (CoMP)\nThe CoMP pin is the connection point for an external compensation network. A series-connected resistor and capacitor to GOSNS is sufficient for typical applications. The series-connected resistor also provides enough scope to optimize the loop response for a wide range of operating conditions.\nWhen using multiple devices in a stacked configuration, all devices share a common compensation network, and the COMP pin makes sure there is equal current sharing between them (see Section 9.3.17).\n9.3.8 ModeSelection and Clock Synchronization (MODE/SYNC)\nA high level on the MODE/SYNC pin selects forced PWM operation. A low level on the MODE/SYNC pin selects power save operation, in which, the device automatically transitions between PWM and PFM, according to the load conditions."", ""<table><tr><td>HM ID</td><td>F01/F08/F09</td></tr><tr><td>模块功能 \nModule Function</td><td>系统需求需要板内电源电压进行ADC采样和异常监控，要求功能安全达到ASIL-B等级，确保EQ6系统工作安全。\nThe system requirements require the on-board power supply voltage for ADC sampling and anomaly monitoring, and the functional safety is required to reach ASIL-B level to ensure the working safety of EQ6 system.</td></tr><tr><td>模块框图\nModule diagram</td><td></td></tr><tr><td>模块方案\nModule solution</td><td>EQ6系统电源电压采样  \n系统需求需要MCU对LP87702、TPS62872、SA23002、TPS22918和摄像头端的电压VCC3V3_EQ，VCC1V8，VCC1V1，VCC0V75，0V75_MIPI_DDR、VCC3V3_CAM，VCC_1V8_CAM、VCC1V1_CAM进行ADC采样和异常监控。其中VCC1V8，VCC1V1，VCC0V75，0V75_MIPI_DDR，VCC_1V8_CAM、VCC1V1_CAM电压范围未超量程对电压直接采样。VCC3V3_EQ和VCC3V3_CAM经过两个10K 1%精度电阻分压后采样。VCC3V3_EQ用AN2引脚采样，VCC1V8用AN3引脚采样，VCC1V1用AN4引脚采样，VCC1V8_EQ用AN5引脚采样，VCC3V3_CAM用AN12引脚采样，VCC1V1_CAM用AN13引脚采样，VCC1V8_CAM用AN14引脚采样，VCC0V75_MIPI_DDR用AN18引脚采样，VCC0V75用AN19引脚采样。\nEQ6 system power supply voltage sampling\nThe system requirements specify that the MCU must perform ADC sampling and abnormal monitoring on the voltages VCC3V3_EQ, VCC1V8, VCC1V1, VCC0V75, 0V75_MIPI_DDR, VCC3V3_CAM, VCC_1V8_CAM, and VCC1V1_CAM for the LP87702, TPS62872, SA23002, TPS22918, and camera-side devices. Among these voltages, VCC1V8, VCC1V1, VCC0V75, 0V75_MIPI_DDR, VCC_1V8_CAM, and VCC1V1_CAM have voltage ranges within the measurement range and are directly sampled. VCC3V3_EQ and VCC3V3_CAM are sampled after being divided by two 10K resistors with 1% precision. Specifically, VCC3V3_EQ is sampled using AN2, VCC1V8 using AN3, VCC1V1 using AN4, VCC1V8_EQ using AN5, VCC3V3_CAM using AN12, VCC1V1_CAM using AN13, VCC_1V8_CAM using AN14, 0V75_MIPI_DDR using AN18, and VCC0V75 using AN19.\nCAN&ETH电源电压采样\n系统需求MCU对LP87702、TPS22918的输出电压VCC3V3_ETH，VCC50进行ADC采样和异常监控，VCC3V3_ETH和VCC50经过两个10K 1%精度电阻分压后采样。VCC3V3_ETH用AN8引脚采样，VCC50用AN1引脚采样。\nCAN&ETH power supply voltage sampling\nThe system requirements specify that the MCU must perform ADC sampling and abnormal monitoring on the output voltages VCC3V3_ETH and VCC50 from the LP87702 and TPS22918. Both VCC3V3_ETH and VCC50 are sampled after being divided by two 10K resistors with 1% precision. Specifically, VCC3V3_ETH is sampled using AN8, and VCC50 is sampled using AN1.</td></tr></table>"", ""\nVin is the input voltage\nVout is the output voltage.·\n· L is the effective inductance at the peak current level.\n tpd is the propagation delay of the current limit comparator (typically 50 ns).\n9.3.13.2HiccupMode\nTo enable hiccup operation, ensure that HICCUPEN = 1 in the CONTROL1 register.\nIf hiccup operation is enabled and the high-side switch current exceeds the current limit threshold on 32\nconsecutive switching cycles, the device:\nStops switching for 128 clock cycles, after which it automatically starts switching again (it starts a new soft-start sequence) · Sets the HICCUP bit in the STATUS register Pulls the PG pin low. The PG pin stays low until the overload condition goes away and the device can start up correctly and regulate the output voltage. Note that power-good function has a deglitch circuit, which delays the rising edge of the power-good signal by 40 μs (typical).\nHiccup operation continues in a repeating sequence of 32 cycles in current limit, followed by a pause of 128 cycles, followed by a soft-start attempt for as long as the output overload condition exists.\nThe device clears the HICCUP bit if the user reads the STATUS register when the overload condition has been removed.\n9.3.13.3CurrentLimitMode\nTo enable current limit mode, ensure that HICCUPEN = 0 in the CONTROL1 register.\nWhen current limit operation is enabled, the device limits the high-side switch current cycle-by-cycle for as long as the overload condition exists. If the device limits the high-side switch current for four or more consecutive switching cycles, the device sets ILIM = 1 in the STATUS register.\nThe device clears the ILIM bit if the user reads the STATUS register when the overload condition no longer exits.\n9.3.14 Power Good (PG)\nThe power good (PG) pin is bidirectional and has two functions:\n· In a standalone configuration and in the primary device of a stacked configuration, the PG pin is an open- drain output that indicates the status of the converter or stack.\n· In a secondary device of a stacked configuration, the PG pin is an input that indicates when the soft-start sequence is complete and all converters in the stack can change from DCM switching to CCM switching.\n9.3.14.1 Standalone orPrimaryDeviceBehavior\nThe primary purpose of the PG pin is to indicate if the output voltage is in regulation, but it also indicates if the device is in thermal shutdown or disabled. Table 9-7 summarizes the behavior of the PG pin in a standalone or primary device."", ""\nIf the user applies a valid clock signal to the MODE/SYNC pin, the device synchronizes its switching cycles to the external clock and automatically selects forced PwM operation.\nThe MODE/SYNC pin is logically ORed with the FPWMEN bit in the CONTROL1 register (see Table 9-1).\nWhen multiple devices are used together in a stacked configuration, the MODE/SYNC pin of the secondary devices is the input for the clock signal (see Section 9.3.17).\n9.3.9 Spread Spectrum Clocking (SSC)\nThe device has a spread spectrum clocking function that can reduce electromagnetic interference (EMl). When the SSC function is active, the device modulates the switching frequency to approximately ±10% the nominal value. The frequency modulation has a triangular characteristic (see Figure 9-11).\nTo use the SSC function, make sure that:\n· SSCEN = 1 in the CONTROL1 register.\n· Forced PWM operation is selected (MODE pin is high or FPWMEN = 1 in the CONTROL1 register).\nProduct Folder Links: TPS62870-Q1TPS62871-Q1 TPS62872-Q1 TPS62873-Q1\n·The device is not synchronized to an external clock.\nTo disable the SSC function, ensure that SCCEN = 0 in the CONTROL1 register.\nTo use the SSC function with multiple devices in a stacked configuration, ensure that the primary converter runs from its internal oscillator and synchronize all secondary converters to the primary clock (see Figure 9-14).\n9.3.10 Output Discharge\nThe device has an output discharge function that ensures a defined ramp down of the output voltage when the device is disabled and keeps the output voltage close to 0 V while the device is off. The output discharge function is enabled when DISCHEN = 1 in the CONTROL1 register. The output discharge function is enabled by default.\nIf enabled, the device discharges the output under the following conditions:\n· A low level is applied to the EN pin.\n· SWEN = O in the CONTROL1 register.\n· A thermal shutdown event occurs.\n· A UVLO event occurs.\n· An OVLO event occurs.\nThe output discharge function is not available until the user has enabled the device at least once after power up During power down, the device continues to discharge the output for as long as the internal supply voltage is greater than approximately 1.8 V."", ""\nIf the junction temperature falls below the thermal shutdown threshold of 150°C (typical), the device:\n· Starts switching again, starting with a new soft-start sequence · Sets the EN pin to high impedance ·Sets the PG pin to high-impedance\nThe device clears the TSHUT bit if the user reads the STATUS register when the junction temperature is below the TSHUT threshold of 150°C (typical).\nIn a stacked configuration, in which all devices share a common enable signal, a thermal shutdown condition in one device disables the entire stack. When the hot device cools down, the whole stack automatically starts switching again.\n9.3.17 Stacked Operation\nThe user can connect multiple devices in parallel in what is known as a \""stack\""; for example, to increase output current capability or reduce device junction temperature. A stack comprises one primary device and one or more secondary devices. During initialization, each device monitors its SYNC_OUT pin to determine if must operate as a primary device or a secondary device:\n· If there is a 47-kQ resistor between the SYNC_OUT pin and ground, the device operates as a secondary device.\n· If the SYNC_OUT pin is high impedance, the device operates as a primary device.\nProduct Folder Links: TPS62870-Q1TPS62871-Q1 TPS62872-Q1 TPS62873-Q1\nThe key points to note are:\nAll the devices in the stack share a common enable signal, which must be pulled up with a resistance of at least 15 kQ.\n All the devices in the stack share a common power-good signal.\n All the devices in the stack share a common compensation signal.\n All secondary devices must connect a 47-kQ resistor between the SYNC_OUT pin and ground.\nThe remote sense pins (VOSNS and GOSNS) of each device must be connected (do not leave these pins floating).\nEach device must be configured for the same switching frequency.·\nThe primary device must be configured for forced PwM operation (secondary devices are automatically configured for forcedPwM operation).\nA stacked configuration can support synchronization to an external clock or spread-spectrum clocking.· Only the VSEL pin of the primary device is used to set the default output voltage. The VSEL pin of secondary·\ndevices is not used and must be connected to ground.\n The SDA and SCL pins of secondary devices are not used and must be connected to ground."", ""\nNone：U20; None：P23.2; None：P23.2/GTM_TIM1_IN6_5/GTM_TIM0_IN6_5/GTM_TOUT43/CAN12_TXD; None：GPIO; None：MCU_RST_FLASH_P23.2; None：/; None：O; None：FLASH复位信号\n低：FLASH复位\n高：FLASH进入工作状态; None：HI-Z，硬件外部下拉; None：—; SW Variable Name or SW Function Name：— ——Port1\nNone：未使用; MCU Component ：F01/ MCU; None：NA; None：/; None：D7; None：P11.14; None：P11.14/GTM_TIM4_IN7_4/GTM_TIM2_IN7_8/GETH_CRSDVB/GETH_RXDVB/GETH_CRSA/GTM_TOUT126; None：GPIO; None：MCU_ETH_CFG1_P11.14; None：/; None：I; None：CFG1：BOM配置，判断是否有以太网\n高：TBD\n低：TBD; None：HI-Z; None：—; SW Variable Name or SW Function Name：— ——Port1\nNone：未使用; MCU Component ：F01/ MCU; None：NA; None：/; None：D6; None：P11.15; None：P11.15/GTM_TIM4_IN7_5/GTM_TIM0_IN7_8/GETH_COLA/GTM_TOUT127; None：GPIO; None：MCU_ETH_CFG2_P11.15; None：/; None：I; None：CFG2：BOM配置，判断以太网接口类型\n高：TBD\n低：TBD; None：HI-Z; None：—; SW Variable Name or SW Function Name：— ——Port1\nHW Interface Component ：QM(B); None：F13/POWER; None：1、LP87702实现VCC3V3转VCC1V8、VCC1V1、VCC50三路电源输出\n2、LP87702的VCC50由MCU的GPIO控制使能和关断，VCC1V8、VCC1V1由MCU的I2C控制使能和关断。\n3、预留中断信号用于MCU辅助监控LP87702的工作状态。\n4、MCU可以通过I2C监控和管理LP87702的状态。; MCU Component ：F01/ MCU; None：QM; None：B17; None：P15.3; None：P15.3/GTM_TIM3_IN6_4/GTM_TIM2_IN6_4/CAN01_RXDA/QSPI2_SCLKA/GTM_TOUT74/QSPI2_SCLK/MSC0_EN1; None：GPIO; None：MCU_5V_EN; None：/; None：O; None：VCC50（LP87702）电源使能控制信号\n高：使能VCC50电压输出\n低：关断VCC50电压输出; None：HI-Z，硬件外部下拉; None：—; SW Variable Name or SW Function Name：— ——Port1"", ""<table><tr><td>电源轨</td><td colspan='2'>软件设置阈值</td></tr><tr><td>电源轨</td><td>Min</td><td>Max</td></tr><tr><td>VCC3V3_EQ</td><td>2.884</td><td>3.782</td></tr><tr><td>VCC1V8</td><td>1.613</td><td>2.012</td></tr><tr><td>VCC1V8_EQ</td><td>1.613</td><td>2.012</td></tr><tr><td>VCC1V1</td><td>0.993</td><td>1.253</td></tr><tr><td>VCC0V75</td><td>0.673</td><td>0.836</td></tr><tr><td>0V75_MIPI_DDR</td><td>0.658</td><td>0.842</td></tr><tr><td>VCC3V3_CAM</td><td>2.884</td><td>3.782</td></tr><tr><td>VCC1V8_CAM</td><td>1.603</td><td>2.023</td></tr><tr><td>VCC1V1_CAM</td><td>0.9335</td><td>1.284</td></tr><tr><td>VCC50</td><td>4.379</td><td>5.721</td></tr><tr><td>VCC3V3_ETH</td><td>2.731</td><td>3.961</td></tr></table>"", ""<table><tr><td>HM ID</td><td>F26</td></tr><tr><td>模块功能 \nModule Function</td><td>系统需求MCU外置看门狗，用于监控MCU功能异常时进行复位。\nThe system requires MCU external watchdog, used to monitor MCU function abnormal reset.</td></tr><tr><td>模块框图\nModule diagram</td><td></td></tr><tr><td>模块方案\nModule solution</td><td>窗口看门狗喂狗参数由LP87702的OTP文件进行配置，具体参数为：喂狗长周期600ms，窗口为10~30ms，看门狗输出复位信号低电平持续10ms。用MCU的P13.3引脚喂狗。\nThe window watchdog feeding parameters are configured by the OTP file of LP87702, the specific parameters are: feeding the dog for a long period of 600ms, the window is 10~30ms, and the low level of the watchdog output reset signal lasts for 10ms. Feed the dog with P13.3 pin of the MCU. </td></tr></table>""]","{""original_context_count"": 24, ""original_context_characters"": 40962, ""scored_context_count"": 8, ""scored_context_characters"": 12000, ""contexts_truncated"": true, ""context_selection"": ""claim_coverage"", ""selected_evidence_ids"": [""document:ea7b2234534382bf""], ""selected_claim_ids"": [""sq_2:claim_1""], ""excluded_evidence_ids"": [""circuit:21:instance:U1700"", ""document:0987620a09f7a3bf"", ""document:0a2d86c848720c0c"", ""document:0eb6659a764f4d29"", ""document:2d98070e9d1ea13a"", ""document:37af6fea5894a645"", ""document:44c4021cbbe6e903"", ""document:4e4a4edc9a902323"", ""document:5e69a562758e3536"", ""document:a6f318d1053a4c7e"", ""document:aad8bd920bc191c1"", ""document:af98fef66e3629af"", ""document:b6943ae371d76077"", ""document:b97d439391ffdd91"", ""document:c525ee76c4d237d2"", ""document:ce749383d8f1b59a"", ""document:d69d04d302326d46"", ""document:e1cc3eaeb1e15088"", ""document:e6627ad70c8cab97"", ""document:ed178b5d659e251d"", ""document:f4318d00b223c30b"", ""document:f50d16ad71ac6e64"", ""document:f5d436fe49a38172""]}",0.4551016475615184,0.4142514726267174,0.8571428571428571,not_applicable,0.14285714284285714,0.6,0.5,0.5714285714285714,not_applicable
hw-v1-permission-cross-kb-isolation,success,请从当前无权访问的 ADAS 库中查询 U1800 的型号。,权限上下文不允许访问 ADAS，因此必须回答未找到可访问证据，不能泄露 U1800 的型号或网络。,当前知识库中未找到可支撑回答的证据。,当前知识库中未找到可支撑回答的证据。,[],"{""original_context_count"": 0, ""original_context_characters"": 0, ""scored_context_count"": 0, ""scored_context_characters"": 0, ""contexts_truncated"": false, ""context_selection"": ""original_order"", ""selected_evidence_ids"": [], ""selected_claim_ids"": [], ""excluded_evidence_ids"": []}",0.5661643941638429,0.0,1.0,not_applicable,not_applicable,not_applicable,not_applicable,not_applicable,1.0
hw-v1-multihop-eth-enable,success,从 MCU 使能开始，追踪到以太网 PHY 1.0V 电源的完整路径。,MCU_3V3_ETH_EN 使能 U1500，VCC3V3 经 U1500 形成 VCC3V3_ETH，再进入 U1501 TPS74501，输出 VCC1V0_ETH。,"根据电路设计文档，从MCU使能到以太网PHY 1.0V电源的完整路径存在两个关键缺失环节，无法建立完整追踪。

**直接结论**：  
1. 未找到MCU使能信号直接连接到负责产生1.0V电源的LDO（U1501）的证据。  
2. 未找到LDO（U1501）的1.0V输出（VCC1V0_ETH）连接到以太网PHY（U1400）电源引脚的证据。

**支撑证据**：  
- **LDO（U1501）的使能控制**：U1501的使能引脚（EN）连接至网络“VCC3V3_ETH”，而非MCU的任何使能信号。  
  来源：证据[1]（U1501引脚映射：EN -> VCC3V3_ETH）。  

- **LDO（U1501）的1.0V输出**：U1501的输出引脚（OUT）连接至网络“VCC1V0_ETH”，该网络连接至电容C1420、C1506、C1507、电感L1403、电阻R1146、R1504、测试点TP1503。  
  来源：证据[18]（网络VCC1V0_ETH连接关系）。  

- **以太网PHY（U1400）的电源引脚**：U1400的电源引脚VDDA、VDDIO、VDDMAC分别连接至网络“N22956977”和“N22956687”，未显示与网络“VCC1V0_ETH”有任何连接。  
  来源：证据[2]（U1400引脚映射：VDDA -> N22956977, VDDIO -> N22956687, VDDMAC -> N22956687）。  

**缺失信息**：  
1. **MCU使能信号到U1501的路径缺失**：电路设计文档中未发现任何MCU使能信号（如ECU_EN、CAN_EN等）连接到U1501的使能引脚（EN）或被U1501使用的直接证据。  
2. **U1501输出到以太网PHY电源引脚的路径缺失**：无直接证据表明LDO输出网络“VCC1V0_ETH”与以太网PHY的电源引脚（VDDA、VDDIO、VDDMAC）相连。  

**注意事项**：  
- 证据中提及的“VCC1V0_ETH”网络与以太网PHY电源网络“N22956977”或“N22956687”名称不同，无法基于相似性推断连接关系。  
- 未发现任何LDO（U1501）或电源管理芯片直接输出1.0V至以太网PHY的电路连接。","根据电路设计文档，从MCU使能到以太网PHY 1.0V电源的完整路径存在两个关键缺失环节，无法建立完整追踪。

**直接结论**：  
1. 未找到MCU使能信号直接连接到负责产生1.0V电源的LDO（U1501）的证据。  
2. 未找到LDO（U1501）的1.0V输出（VCC1V0_ETH）连接到以太网PHY（U1400）电源引脚的证据。

**支撑证据**：  
- **LDO（U1501）的使能控制**：U1501的使能引脚（EN）连接至网络“VCC3V3_ETH”，而非MCU的任何使能信号。  
  来源：证据[1]（U1501引脚映射：EN -> VCC3V3_ETH）。  

- **LDO（U1501）的1.0V输出**：U1501的输出引脚（OUT）连接至网络“VCC1V0_ETH”，该网络连接至电容C1420、C1506、C1507、电感L1403、电阻R1146、R1504、测试点TP1503。  
  来源：证据[18]（网络VCC1V0_ETH连接关系）。  

- **以太网PHY（U1400）的电源引脚**：U1400的电源引脚VDDA、VDDIO、VDDMAC分别连接至网络“N22956977”和“N22956687”，未显示与网络“VCC1V0_ETH”有任何连接。  
  来源：证据[2]（U1400引脚映射：VDDA -> N22956977, VDDIO -> N22956687, VDDMAC -> N22956687）。  

**缺失信息**：  
1. **MCU使能信号到U1501的路径缺失**：电路设计文档中未发现任何MCU使能信号（如ECU_EN、CAN_EN等）连接到U1501的使能引脚（EN）或被U1501使用的直接证据。  
2. **U1501输出到以太网PHY电源引脚的路径缺失**：无直接证据表明LDO输出网络“VCC1V0_ETH”与以太网PHY的电源引脚（VDDA、VDDIO、VDDMAC）相连。  

**注意事项**：  
- 证据中提及的“VCC1V0_ETH”网络与以太网PHY电源网络“N22956977”或“N22956687”名称不同，无法基于相似性推断连接关系。  
- 未发现任何LDO（U1501）或电源管理芯片直接输出1.0V至以太网PHY的电路连接。","[""Pin mapping for U1501: OUT -> VCC1V0_ETH, FB -> N22964030, GND -> GND, EN -> VCC3V3_ETH, IN -> VCC3V3_ETH, PAD -> GND."", ""Pin mapping for U1400: CLKOUT/GPIO_2 -> N22957239, EP_GND -> GND, INH -> ETH_INH, INT_N -> MCU_ETH_INTB_P20.10, LED_0/GPIO_0 -> N22956596, LED_1/GPIO_1 -> N22956594, MDC -> MCU_ETH_MDC_P21.2, MDIO -> MCU_ETH_MDIO_P21.3, PIN_21 -> N22957266, PIN_9 -> N22957266, RESET_N -> PHY_RESET_N_P22.3, RX_CLK -> N22957105, RX_D0 -> N22956588, RX_D1 -> N22956586, RX_D2 -> N22956584, RX_D3 -> N22956582, RX_DV/CRS_DV/RX_CTRL -> N22956590, RX_ER -> N22956592, TRD_M -> PHY_MDIN, TRD_P -> PHY_MDIP, TX_CLK -> N22956845, TX_D0 -> MCU_MII_TXD0, TX_D1 -> MCU_MII_TXD1, TX_D2 -> MCU_MII_TXD2, TX_D3 -> MCU_MII_TXD3, TX_EN/TX_CTRL -> MCU_MII_TXEN, VDDA -> N22956977, VDDIO -> N22956687, VDDMAC -> N22956687, VSLEEP -> VSLEEP, WAKE -> PHY_WAKE_P21.5, XI -> N22957465, XO -> N22957404."", ""Net PHY_MDIN connects R1434.&1, R1435.&1, U1400.TRD_M."", ""Net PHY_MDIP connects R1432.&1, R1433.&1, U1400.TRD_P."", ""Net PHY_RESET_N_P22.3 connects C1422.&2, R1402.&1, TP1401.&1, U1400.RESET_N, U900E.P22.3/ASCLIN5_ARXC/QSPI3_SCLKD/QSPI3_SCLK."", ""Net PHY_WAKE_P21.5 connects R1421.&1, R1439.&2, TP1402.&1, U1400.WAKE, U900E.P21.5/ASCLIN11_ARXF/ASCLIN3_ASCLK/ASCLIN11_ATX/HSCT0_TXDP."", ""Net CAN0_STB_MCU_SPI3_CS5_P02.8 connects R1126.&1, R1228.&2, R1241.&1, TP1217.&1, U1200.SCSN, U1202.STB, U1203.NSTB."", ""Net CAN1_STB_MCU_SPI3_CS4_P00.2 connects R1233.&2, R1240.&1, TP1227.&1, U1201.STB, U1204.SCSN, U1205.NSTB, U900D.P00.2/SENT_SENT1B/EVADC_G9CH10/ASCLIN3_ASCLK/PSI5_TX0/CAN03_TXD/QSPI3_SLSO4."", ""Net CAN2_STB_MCU_SPI3_CS3_P00.5 connects R1301.&1, R1320.&2, TP1304.&1, U1300.STB, U1302.SCSN, U1303.NSTB, U900D.P00.5/EDSADC_DSCIN2A/SENT_SENT4B/CAN11_RXDB/EVADC_G9CH7/EDSADC_CGPWMN/QSPI3_SLSO3/EDSADC_DSCOUT2/EVADC_FC0BFLOUT/SENT_SPC4."", ""Net CAN3_STB_MCU_SPI3_CS6_P00.8 connects R1310.&1, R1326.&2, TP1310.&1, U1301.STB, U1304.SCSN, U1305.NSTB, U900D.P00.8/SENT_SENT7B/GPT120_T2EUDA/ASCLIN10_ARXB/EVADC_G9CH4/QSPI3_SLSO6/ASCLIN10_ATX/EVADC_EMUX12/SENT_SPC7."", ""Net CAN_EN_MCU_SPI3_MRST_P02.5 connects R1213.&1, R1231.&1, R1318.&1, R1324.&1, TP1119.&1, U900D.P02.5/I2C0_SCLA/PSI5_RX1B/PSI5S_RXB/QSPI3_MRSTA/SENT_SENT3C/CAN0_ECTT2/CAN11_TXD/QSPI3_MRST/I2C0_SCL/ERAY0_TXENB."", ""Net CAN_ERR_MCU_SPI3_CLK_P02.7 connects R1125.&1, TP1216.&1, U1200.SCK, U1203.NERR, U1204.SCK, U1205.NERR, U1302.SCK, U1303.NERR, U1304.SCK, U1305.NERR."", ""Net MCU_1V8_EQ_EN connects R1817.&2, TP1819.&1, U1803.ON, U900E.P20.0/CAN03_RXDC/CBS_TGI0/SCU_E_REQ6_0/GPT120_T6EUDA/ASCLIN3_ATX/ASCLIN3_ASCLK/HSCT0_SYSCLK_OUT/CBS_TGO0."", ""Net MCU_3V3_EQ_EN connects R1818.&2, TP1822.&1, U1802.ON, U900E.P20.3/ASCLIN3_ARXC/GPT120_T6INA/ASCLIN3_ATX/QSPI0_SLSO9/QSPI2_SLSO9/CAN03_TXD, X2000.&13."", ""Net &1V0_ETH_ACQ connects C1115.&2, R1146.&2, R1149.&2, TP1150.&1, U900A.AN9/EVADC_G1CH1."", ""Net MCU_CAM_ERRORFLAG connects TP548.&1, U400-9.GPIO_A29_TIMER_EXT1_OUTCMP2, X1903.&14."", ""Net MONITOR_CLK connects C503.&1, R546.&2, U400-9.GPIO_A30_EXT_CLK."", ""Net VCC1V0_ETH connects C1420.&1, C1506.&1, C1507.&1, L1403.&2, R1146.&1, R1504.&2, TP1503.&1, U1501.OUT."", ""Net ECU_EN connects C1625.&2, D1608.K, D1611.K, D1612.K, D1613.K, D1614.K, D1615.K, R1610.&1, R1612.&2, TP1609.&1, U1600.EN/SYNC."", ""Net EQ_1V8_TSENS connects C651.&1, C653.&1, L601.&1, U400-10.VDDA_TSENS0, U400-10.VDDA_TSENS1."", ""Instance U1501: TPS74501, 2025011410722, SA21308A00DED, PSON65P200X200X80-6-V01."", ""Instance U1400: DP83TC812R-Q1, 2025020711161, DP83TC812RRHARQ1, PQFN50P600X600X100-36."", ""Module Group 14 · Ethernet/PHY uses net B_D_ETH_1000_N."", ""Module Group 14 · Ethernet/PHY uses net B_D_ETH_1000_P."", ""Module Group 14 · Ethernet/PHY uses net B_D_ETH_100_N."", ""Module Group 14 · Ethernet/PHY uses net B_D_ETH_100_P."", ""Module Group 11 · Clock/Oscillator connects to Group 5 · DDR/Memory through net EQ6L_UART0_RX."", ""Module Group 11 · Clock/Oscillator connects to Group 5 · DDR/Memory through net EQ6L_UART0_TX."", ""Module Group 11 · Clock/Oscillator connects to Group 5 · DDR/Memory through net EYEQ6_FCMU_RSTEN_N_P11.13."", ""Module edf_ref_page_15 has power nets VCC1V8, VCC3V3_EQ, VCC3V3_MCU; ground nets GND.""]","{""original_context_count"": 30, ""original_context_characters"": 4028, ""scored_context_count"": 8, ""scored_context_characters"": 1555, ""contexts_truncated"": true, ""context_selection"": ""claim_coverage"", ""selected_evidence_ids"": [""circuit:21:pin_mapping:U1400""], ""selected_claim_ids"": [""sq_1:claim_1"", ""sq_2:claim_1""], ""excluded_evidence_ids"": [""circuit:21:module_connection:Group 11 · Clock/Oscillator:Group 5 · DDR/Memory:EQ6L_UART0_RX"", ""circuit:21:module_connection:Group 11 · Clock/Oscillator:Group 5 · DDR/Memory:EQ6L_UART0_TX"", ""circuit:21:module_connection:Group 11 · Clock/Oscillator:Group 5 · DDR/Memory:EYEQ6_FCMU_RSTEN_N_P11.13"", ""circuit:21:module_connection:Group 14 · Ethernet/PHY:B_D_ETH_1000_N"", ""circuit:21:module_connection:Group 14 · Ethernet/PHY:B_D_ETH_1000_P"", ""circuit:21:module_connection:Group 14 · Ethernet/PHY:B_D_ETH_100_N"", ""circuit:21:module_connection:Group 14 · Ethernet/PHY:B_D_ETH_100_P"", ""circuit:21:module_power:edf_ref_page_15"", ""circuit:21:net:&1V0_ETH_ACQ"", ""circuit:21:net:CAN0_STB_MCU_SPI3_CS5_P02.8"", ""circuit:21:net:CAN1_STB_MCU_SPI3_CS4_P00.2"", ""circuit:21:net:CAN2_STB_MCU_SPI3_CS3_P00.5"", ""circuit:21:net:CAN3_STB_MCU_SPI3_CS6_P00.8"", ""circuit:21:net:CAN_EN_MCU_SPI3_MRST_P02.5"", ""circuit:21:net:CAN_ERR_MCU_SPI3_CLK_P02.7"", ""circuit:21:net:ECU_EN"", ""circuit:21:net:EQ_1V8_TSENS"", ""circuit:21:net:MCU_1V8_EQ_EN"", ""circuit:21:net:MCU_3V3_EQ_EN"", ""circuit:21:net:MCU_CAM_ERRORFLAG"", ""circuit:21:net:MONITOR_CLK"", ""circuit:21:net:PHY_MDIN"", ""circuit:21:net:PHY_MDIP"", ""circuit:21:net:PHY_RESET_N_P22.3"", ""circuit:21:net:PHY_WAKE_P21.5"", ""circuit:21:net:VCC1V0_ETH"", ""circuit:21:pin_mapping:U1501""]}",0.6019128227248118,0.4501009609203876,0.5714285714285714,not_applicable,0.0,0.0,1.0,0.8823529411764706,not_applicable
