sample_id,snapshot_status,question,reference_answer,response,scored_response,retrieved_contexts,ragas_scoring,answer_correctness,answer_relevancy,completeness,conflict_disclosure,context_precision,context_recall,evidence_consistency,faithfulness,missing_information_honesty
hw-v1-circuit-u1700-pins,success,U1700 的每个关键引脚分别连接到哪个网络？,U1700 是 LP87702-Q1；VIN_B0_1、VIN_B1_1、VANA、VIN_B0_2、VIN_B1_2 接 VCC3V3，FB_B0 接 VCC1V1，FB_B1 接 VCC1V8，VOUT_BST 接 VCC50，EN1 接 MCU_5V_EN。,"根据证据，U1700 的各引脚与网络的连接关系如下：

- nINT → MCU_nINT_PMIC_P12.1  
- EN1 → MCU_5V_EN  
- VIN_B0_1 → VCC3V3  
- VIN_B1_1 → VCC3V3  
- VANA → VCC3V3  
- SW_BST → N19935658  
- NRST → N19935946  
- SDA(EN3) → MCU_SDA_P15.5  
- SCL(EN2) → MCU_SCL_P15.4  
- FB_B1 → VCC1V8  
- CLKIN(GPO2) → MCU_WD_INH  
- WDI → MCU_WDI_P13.3  
- VOUT_BST → VCC50  
- PG1(GPO1) → N19936014  
- WD_RESET → TC367_RESET_N  
- SW_B1_1 → N19935668  
- FB_B0 → VCC1V1  
- SW_B0_1 → N19935443  
- SW_B0_2 → N19935443  
- VIN_B0_2 → VCC3V3  
- VIN_B1_2 → VCC3V3  
- SW_B1_2 → N19935668  
- PAD → GND  
- AGND → GND  
- PGND_BST → GND  
- PGND_B1_2 → GND  
- PGND_B1_1 → GND  
- PGND_B0_2 → GND  
- PGND_B0_1 → GND  

**支撑证据**：来自电路设计文件 `825504380_ADAS_SCH_TCN2.EDF` 中的 pin mapping 记录（`circuit:21:pin_mapping:U1700`），明确列出了 U1700 所有引脚的对端网络名称。","根据证据，U1700 的各引脚与网络的连接关系如下：

- nINT → MCU_nINT_PMIC_P12.1  
- EN1 → MCU_5V_EN  
- VIN_B0_1 → VCC3V3  
- VIN_B1_1 → VCC3V3  
- VANA → VCC3V3  
- SW_BST → N19935658  
- NRST → N19935946  
- SDA(EN3) → MCU_SDA_P15.5  
- SCL(EN2) → MCU_SCL_P15.4  
- FB_B1 → VCC1V8  
- CLKIN(GPO2) → MCU_WD_INH  
- WDI → MCU_WDI_P13.3  
- VOUT_BST → VCC50  
- PG1(GPO1) → N19936014  
- WD_RESET → TC367_RESET_N  
- SW_B1_1 → N19935668  
- FB_B0 → VCC1V1  
- SW_B0_1 → N19935443  
- SW_B0_2 → N19935443  
- VIN_B0_2 → VCC3V3  
- VIN_B1_2 → VCC3V3  
- SW_B1_2 → N19935668  
- PAD → GND  
- AGND → GND  
- PGND_BST → GND  
- PGND_B1_2 → GND  
- PGND_B1_1 → GND  
- PGND_B0_2 → GND  
- PGND_B0_1 → GND  

**支撑证据**：来自电路设计文件 `825504380_ADAS_SCH_TCN2.EDF` 中的 pin mapping 记录（`circuit:21:pin_mapping:U1700`），明确列出了 U1700 所有引脚的对端网络名称。","[""Pin mapping for U1700: nINT -> MCU_nINT_PMIC_P12.1, EN1 -> MCU_5V_EN, VIN_B0_1 -> VCC3V3, VIN_B1_1 -> VCC3V3, VANA -> VCC3V3, SW_BST -> N19935658, NRST -> N19935946, SDA(EN3) -> MCU_SDA_P15.5, SCL(EN2) -> MCU_SCL_P15.4, FB_B1 -> VCC1V8, CLKIN(GPO2) -> MCU_WD_INH, WDI -> MCU_WDI_P13.3, VOUT_BST -> VCC50, PG1(GPO1) -> N19936014, WD_RESET -> TC367_RESET_N, SW_B1_1 -> N19935668, FB_B0 -> VCC1V1, SW_B0_1 -> N19935443, SW_B0_2 -> N19935443, VIN_B0_2 -> VCC3V3, VIN_B1_2 -> VCC3V3, SW_B1_2 -> N19935668, PAD -> GND, AGND -> GND, PGND_BST -> GND, PGND_B1_2 -> GND, PGND_B1_1 -> GND, PGND_B0_2 -> GND, PGND_B0_1 -> GND."", ""Instance U1700: LP87702-Q1, 20200424007, LP87702RRHBRQ1, pqfn50p5x5x90-32.""]","{""original_context_count"": 2, ""original_context_characters"": 688, ""scored_context_count"": 2, ""scored_context_characters"": 688, ""contexts_truncated"": false, ""context_selection"": ""claim_coverage"", ""selected_evidence_ids"": [""circuit:21:pin_mapping:U1700""], ""selected_claim_ids"": [""sq_1:claim_1""], ""excluded_evidence_ids"": []}",0.5226026928612209,0.5130880574667038,0.8571428571428571,not_applicable,0.9999999999,1.0,1.0,0.967741935483871,not_applicable
hw-v1-circuit-vcc3v3-loads,success,网络 VCC3V3 上连接了哪些主要芯片？,VCC3V3 有 52 个连接；主要 IC 至少包括 U1700、U1800、U1500、U1802、U1804 和 U1600。,"基于现有证据，网络VCC3V3上直接连接的主要芯片如下：

**结论：**
网络VCC3V3直接连接的主要芯片包括：**U1802 (TPS22918)**、**U1804 (SA23002C)**，以及位号为 **U1500、U1600、U1700、U1800** 的器件（具体型号未知）。

**支撑证据：**

1.  **直接连接的芯片及其型号：**
    *   **U1802 (TPS22918)**：证据[19]显示，实例U1802的型号为TPS22918。证据[1]显示，U1802的VIN引脚连接到网络VCC3V3。
    *   **U1804 (SA23002C)**：证据[20]显示，实例U1804的型号为SA23002C。证据[1]显示，U1804的VIN引脚连接到网络VCC3V3。

2.  **直接连接但型号未知的芯片：**
    *   证据[1]显示，网络VCC3V3还直接连接了以下器件的电源/输入引脚，但其具体芯片型号（如U1500、U1600、U1700、U1800）在现有证据中未明确给出。
        *   U1500.VIN
        *   U1600.VCCIN
        *   U1700.VIN_B0_1, U1700.VIN_B1_1, U1700.VANA, U1700.VIN_B0_2, U1700.VIN_B1_2
        *   U1800.VIN, U1800.MODE/SYNC

**缺失信息：**
*   **芯片型号缺失**：网络VCC3V3直接连接的芯片U1500、U1600、U1700、U1800的具体型号，在提供的证据中未明确说明。
*   **子网络关系**：证据[9]和[14]的文本描述中提到，VCC3V3是系统一级电源，通过LN10046产生，并作为其他电源芯片（如LP87702、TPS62872）的输入。然而，这些芯片（LN10046、LP87702、TPS62872）在电路设计证据[1]中并未直接列出其引脚连接到网络""VCC3V3""，因此无法确认其直接连接关系。","基于现有证据，网络VCC3V3上直接连接的主要芯片如下：

**结论：**
网络VCC3V3直接连接的主要芯片包括：**U1802 (TPS22918)**、**U1804 (SA23002C)**，以及位号为 **U1500、U1600、U1700、U1800** 的器件（具体型号未知）。

**支撑证据：**

1.  **直接连接的芯片及其型号：**
    *   **U1802 (TPS22918)**：证据[19]显示，实例U1802的型号为TPS22918。证据[1]显示，U1802的VIN引脚连接到网络VCC3V3。
    *   **U1804 (SA23002C)**：证据[20]显示，实例U1804的型号为SA23002C。证据[1]显示，U1804的VIN引脚连接到网络VCC3V3。

2.  **直接连接但型号未知的芯片：**
    *   证据[1]显示，网络VCC3V3还直接连接了以下器件的电源/输入引脚，但其具体芯片型号（如U1500、U1600、U1700、U1800）在现有证据中未明确给出。
        *   U1500.VIN
        *   U1600.VCCIN
        *   U1700.VIN_B0_1, U1700.VIN_B1_1, U1700.VANA, U1700.VIN_B0_2, U1700.VIN_B1_2
        *   U1800.VIN, U1800.MODE/SYNC

**缺失信息：**
*   **芯片型号缺失**：网络VCC3V3直接连接的芯片U1500、U1600、U1700、U1800的具体型号，在提供的证据中未明确说明。
*   **子网络关系**：证据[9]和[14]的文本描述中提到，VCC3V3是系统一级电源，通过LN10046产生，并作为其他电源芯片（如LP87702、TPS62872）的输入。然而，这些芯片（LN10046、LP87702、TPS62872）在电路设计证据[1]中并未直接列出其引脚连接到网络""VCC3V3""，因此无法确认其直接连接关系。","[""Net VCC3V3 connects C1500.&1, C1617.&1, C1618.&1, C1621.&1, C1633.&2, C1700.&1, C1701.&1, C1702.&1, C1704.&1, C1709.&1, C1710.&1, C1711.&1, C1716.&1, C1800.&1, C1801.&1, C1802.&1, C1803.&1, C1804.&1, C1805.&1, C1811.&1, C1812.&1, C1821.&1, C1823.&1, C1828.&1, L1601.&2, L1701.&1, Q1700.S, R1622.&2, R1701.&1, R1706.&1, R1709.&1, R1710.&1, R1711.&2, R1712.&2, R1800.&2, TP1605.&1, TP1803.&1, U1500.VIN, U1600.VCCIN, U1700.VIN_B0_1, U1700.VIN_B1_1, U1700.VANA, U1700.VIN_B0_2, U1700.VIN_B1_2, U1800.VIN, U1800.VIN, U1800.MODE/SYNC, U1802.VIN, U1804.VIN, U1804.VIN, X2000.&1, X2000.&3."", ""Net VCC3V3_CAM_ACQ connects C1114.&2, R1143.&2, R1147.&2, TP1146.&1, U900A.AN12/EVADC_G1CH4/EDSADC_EDS0PB."", ""Net VCC3V3_CAM_FB connects R1143.&1, TP1913.&1, X1903.&4."", ""Net VCC3V3_EQ connects C1832.&1, C502.&1, C619.&1, C621.&1, C624.&1, C627.&1, C630.&1, R1108.&1, R1122.&1, R506.&2, R507.&2, R549.&2, R554.&2, R555.&2, R556.&2, R558.&2, R580.&2, R581.&2, TP1816.&1, U1802.QOD, U1802.VOUT, U400-2.VDD_RING_8_0-1, U400-2.VDD_RING_8_0-2, U400-2.VDD_RING_8_0-3, U400-2.VDD_RING_9_0, X1903.&10, Y500.VDD."", ""Net VCC3V3_ETH connects C1404.&1, C1410.&1, C1502.&1, C1503.&1, C1504.&1, L1400.&2, L1401.&2, R1110.&1, R1400.&2, R1401.&2, R1402.&2, R1403.&2, R1404.&2, R1405.&2, R1406.&2, R1407.&2, R1408.&2, R1409.&2, R1410.&2, TP1502.&1, U1500.QOD, U1500.VOUT, U1501.EN, U1501.IN."", ""Net VCC3V3_MCU connects C1109.&1, C1204.&1, C1221.&1, C1303.&1, C1308.&1, C509.&2, C835.&2, C906.&1, C909.&1, C910.&1, C911.&1, C913.&1, C914.&1, C915.&1, C929.&1, DP907.&1, L1703.&2, L901.&1, L902.&1, L903.&2, R1007.&2, R1009.&2, R1115.&2, R1205.&2, R1218.&2, R1229.&2, R1235.&2, R1240.&2, R1241.&2, R1300.&2, R1301.&2, R1309.&2, R1310.&2, R1322.&2, R1328.&2, R1703.&1, R805.&2, R900.&1, R903.&2, R904.&2, R906.&2, R909.&2, R913.&2, R915.&2, R919.&2, R920.&1, R921.&1, U1200.VI/O, U1203.VI/O, U1204.VI/O, U1205.VI/O, U1302.VI/O, U1303.VI/O, U1304.VI/O, U1305.VI/O, U503.VCCB, U900C.VEVRSB, U900C.VEXT, U900C.VEXT, U900C.VEXT, U900C.VEXT, U900C.VEXT, U900C.VFLEX, Y1100.std-by, Y1100.VCC."", ""Net VCC3V3_SW connects C1721.&2, C905.&1, L1703.&1, Q1700.D, R1709.&2, TP1714.&1, U901.S2."", ""Instance U1802: TPS22918, 20181204001, TPS22918TDBVRQ1, SOT23X145-6."", ""Instance U1804: SA23002C, 202403297532, SA23002CDFD, PSON50P200X200X75-8."", ""Instance U1501: TPS74501, 2025011410722, SA21308A00DED, PSON65P200X200X80-6-V01."", ""Instance U901: FDS8958A, 20210607006, SP8M3HZGTB, SOP127P600X500X175-8."", ""Instance U1800: TPS62872Y1QWRXSRQ1, 202308165398, TPS62872Y1QWRXSRQ1, PQFN50P355X255X105-16."", ""Instance U1500: TPS22918, 20181204001, TPS22918TDBVRQ1, SOT23X145-6."", ""Instance U900A: SAK-TC367DP-64F300S AAA, 20210903003, SAK-TC367DP-64F300S AA, bga80p20x20_1700x1700x170-292."", ""Instance U900B: SAK-TC367DP-64F300S AAB, 20210903003, SAK-TC367DP-64F300S AA, bga80p20x20_1700x1700x170-292."", ""Instance U900C: SAK-TC367DP-64F300S AAC, 20210903003, SAK-TC367DP-64F300S AA, bga80p20x20_1700x1700x170-292."", ""Instance U900D: SAK-TC367DP-64F300S AAD, 20210903003, SAK-TC367DP-64F300S AA, bga80p20x20_1700x1700x170-292."", ""Instance U900E: SAK-TC367DP-64F300S AAE, 20210903003, SAK-TC367DP-64F300S AA, bga80p20x20_1700x1700x170-292."", ""Instance U400-2: SEQ6L-02588-HI-HI-1-2, 202210122030, SEQ6L-02588-HI-HI-1, BGA80P20X20_1700X1700X209-400."", ""<table><tr><td>HM ID</td><td>F15</td></tr><tr><td>模块功能 \nModule Function</td><td>VCC3V3转0V75_MIPI_DDR应用于EQ6的IO口供电，现使用矽力杰的SA23002进行设计。\nVCC3V3 to 0V75_MIPI_DDR for EQ6 IO port power supply, Silergy’s SA23002 is designed.</td></tr><tr><td>模块框图\nModule diagram</td><td></td></tr><tr><td>模块方案\nModule solution</td><td>采用SA23002电源芯片，将VCC3V3转换为0V75_MIPI_DDR，提供给EQ6的IO口供电。用MCU的P22.1引脚使能该芯片。\nSA23002 power chip is used to convert VCC3V3 to 0V75_MIPI_DDR to supply power to the I/O port of EQ6. The P22.1 pin of the MCU is used to enable the chip. \n</td></tr></table>"", ""<table><tr><td>HM ID</td><td>F11/F12/F13/F14/F15/F16/F17/F18/F19/F25/F27</td></tr><tr><td>模块功能 \nModule Function</td><td>系统使用车载电池12V电压供电，经过EMI电路后输入至电源转换芯片，转换输出系统各模块所需电源。\nThe system uses 12V voltage power supply from the vehicle battery, which is input to the power conversion chip through the EMI circuit. Then the power conversion chip convert and output the power required by each module of the system.</td></tr><tr><td>模块框图\nModule diagram</td><td></td></tr><tr><td>模块方案\nModule solution</td><td>KL30 EMI (ASIL-B)\nKL30供电口处增加EMI电路，用于供电保护和滤波。硬件电路设计在UBD网络增加两个串联ESD电容，PCB布局靠近主连接器引脚处，用于吸收外部ESD信号，后端增加双向TVS管用于瞬态过压保护\nThe EMI circuit is added at the KL30 power supply port for power supply protection and filtering. The hardware circuit design adds two series ESD capacitors in the UBD network, the PCB layout is close to the main connector pin for absorbing external ESD signals, and the two-way TVS tube is added at the back end for transient overvoltage protection.\nKL30 to VCC3V3 (ASILB)\nKL30转VCC3V3是系统一级DC-DC，给MCU提供VCC3V3_MCU电源，所以系统要求其满足ASILB，确保MCU功能安全。\nKL30 to VCC3V3 is a system primary DC-DC chip, because the MCU needs VCC3V3_MCU power supply, so the system requires it to meet the ASILB to ensure the functional safety of the MCU.\nVCC3V3_MCU to VCC1V25_MCU(ASILB)\n3V3转1V25_MCU是使用MCU内置控制器进行控制的BUCK电源，用于MCU的核供电，功能安全需求达到ASILB，确保MCU功能安全。\n3V3 to 1V25_MCU is a BUCK power supply controlled by MCU built-in controller, which is used for MCU nuclear power supply. Functional safety requirements meet ASILB to ensure the functional safety of MCU.\nVCC3V3 to VCC0V75(QM(B))\nVCC3V3转VCC0V75应用于EQ6的内核供电，要求输出电流能力大，现选型TI的电源方案TPS62872。用MCU的P22.0引脚使能芯片，用MCU_SDA_P15.5，MCU_SCL_P15.4引脚I2C通信来设置输出电压和通信。\nVCC3V3 to VCC0V75 is applied to the core power supply of EQ6, which requires large output current capacity. The power supply scheme TPS62872 of TI is selected. P22.0 pin of MCU is used to enable the chip, and MCU_SDA_P15.5, MCU_SCL_P15.4 pin I2C communication is used to set the output voltage and communication. \nVCC3V3 to 0V75_MIPI_DDR(QM(B))\nVCC3V3转0V75_MIPI_DDR用于EQ6的IO口供电，现使用矽力杰的SA23002进行设计。用MCU的P22.1引脚使能该芯片。\nVCC3V3 to 0V75_MIPI_DDR for EQ6 IO port power supply, Silergy’s SA23002 is designed. The P22.1 pin of the MCU is used to enable the chip.\nVCC3V3转VCC1V8、VCC1V1、VCC50(QM(B))\nVCC1V8用于EQ6、CAM、DDR、FLASH供电，VCC1V1用于EQ6、DDR供电，VCC50用于CAN收发器供电，现选择LP87702 PMIC方案。用MCU的P15.3引脚使能该芯片的5V输出，用MCU_SCL_P15.4，MCU_SDA_P15.5 I2C通信来设置1.8V和1.1V输出电压和使能。\nVCC1V8 is used for EQ6, CAM, DDR, FLASH power supply, VCC1V1 is used for EQ6, DDR power supply, VCC50 is used for CAN transceiver  power supply, LP87702 PMIC scheme is selected. P15.3 pin of MCU is used to enable 5V output of the chip, and MCU_SCL_P15.4, MCU_SDA_P15.5 I2C communication is used to set 1.8V and 1.1V output voltage and enable it. \nVCC3V3 to VCC3V3_EQ(QM(B))\nVCC3V3转VCC3V3_EQ用于EQ6的IO和摄像头供电，现使用负载开关进行设计。用MCU的P20.3引脚使能该芯片。\nVCC3V3 to VCC3V3_EQ for EQ6’s IO and camera power supply, now using the load switch is designed. .The P20.3 pin of the MCU is used to enable the chip.\n\tVCC3V3 to VCC3V3_ETH(QM)\n3V3转3V3_ETH用于ETH供电，现选择负载开关方案。用MCU的P21.0引脚使能该芯片。\n3V3 to 3V3_ETH for ETH power supply, the load switch scheme is selected. . The P21.0 pin of the MCU is used to enable the chip.\n\tVCC1V8 to VCC1V8_EQ(QM(B))\nVCC1V8转VCC1V8_EQ用于EQ供电，现选择负载开关方案。用MCU的P20.0引脚使能该芯片。\nVCC1V8 to VCC1V8_EQ for EQ power supply, the load switch scheme is selected. . The P20.0 pin of the MCU is used to enable the chip.</td></tr><tr><td colspan='2'></td></tr></table>"", ""<table><tr><td>HM ID</td><td>F14</td></tr><tr><td>模块功能 \nModule Function</td><td>VCC3V3转VCC0V75应用于EQ6的内核供电，要求输出电流能力大，现选型TI的方案TPS62872。\nVCC3V3 to VCCOV75 is applied to the kernel power supply of EQ6, which requires large output current capacity. TI's scheme TPS62872 is selected.</td></tr><tr><td>模块框图\nModule diagram</td><td></td></tr><tr><td>模块方案\nModule solution</td><td>\t采用TPS62872电源芯片，将VCC3V3转换为VCC0V75，提供给EQ6核电供电。用MCU的P22.0引脚使能芯片，用MCU_SDA_P15.5，MCU_SCL_P15.4引脚I2C通信来设置输出电压和通信。\nTPS62872 power chip is used to convert VCC3V3 to VCCOV75, which is supplied to EQ nuclear power supply. P22.0 pin of MCU is used to enable chip, MCU_SDA_P15.5, MCU_SCL_P15.4 pin I2C communication is used to set output voltage and communication. +</td></tr></table>"", ""<table><tr><td>HM ID</td><td>F12</td></tr><tr><td>模块功能 \nModule Function</td><td>KL30转VCC3V3是系统一级DC-DC，基于LN10046设计，给系统提供电源。\nThe KL30 to VCC3V3 is a first-level DC-DC based on the LN10046 design and provides power to the system.</td></tr><tr><td>模块框图\nModule diagram</td><td></td></tr><tr><td>模块方案\nModule solution</td><td>采用LN10046电源DCDC芯片，将12V系统电源转换为3.3V，提供给系统供电使用。\nThe LN10046 power supply DCDC chip is used to convert the 12V system power supply to 3.3V and provide power supply to the system for use.\n</td></tr></table>"", ""\nHW Interface Component ：QM; None：F15/POWER; None：1、电源转换芯片SA23002，VCC3V3转VCC0V75_MIPI_DDR。\n2、SA23002由MCU进行使能和关断控制。; MCU Component ：F01/MCU; None：QM; None：P19; None：P22.1; None：P22.1/GTM_TIM1_IN0_8/GTM_TIM0_IN0_8/QSPI4_MRSTB/GTM_TOUT48/QSPI4_MRST/QSPI4_SCLKP; None：GPIO; None：MCU_VCC0V75_MIPI_DDR_EN; None：/; None：O; None：VCC0V75_MIPI_DDR电源使能控制信号\n高：使能VCC0V75_MIPI_DDR电源\n低：关断VCC0V75_MIPI_DDR电源; None：HI-Z, 硬件外部下拉; None：—; SW Variable Name or SW Function Name：— ——Port1\nECU Connector：X2000-54; None：SPI Communction; HW Interface Component ：B; None：F02/EYEQ6L; None：MCU_SPI0（slave）\nEQ6L_SPI0（master）\n速率：10Mbps; MCU Component ：F01/MCU; None：B; None：E20; None：P20.11; None：P20.11/GTM_TIM3_IN7_6/GTM_TIM2_IN7_6/QSPI0_SCLKA/GTM_TOUT67/QSPI0_SCLK; None：QSPI0_SCLKA; None：MCU_SPI0_CLK_P20.11; None：/; None：I; None：EQ发送SPI时钟信号到MCU\nMCU配置为内置下拉（SPI模式配置为：极性CPOL=0，相位CPHA=1）; None：HI-Z; None：—; SW Variable Name or SW Function Name：— ——Port1\nECU Connector：X2000-57; MCU Component ：F01/MCU; None：B; None：D20; None：P20.13; None：P20.13/GTM_TIM3_IN1_4/GTM_TIM2_IN1_4/QSPI0_SLSIA/GTM_TOUT69/QSPI0_SLSO2/QSPI1_SLSO2/QSPI0_SCLK; None：QSPI0_SLSIA; None：MCU_SPI0_CS_P20.13; None：/; None：I; None：EQ发送SPI片选信号到MCU\nMCU配置为内置上拉（SPI模式配置为：极性CPOL=0，相位CPHA=1）; None：HI-Z; None：—; SW Variable Name or SW Function Name：— ——Port1"", ""\nHW Interface Component ：QM（B）; None：F16/POWER; None：1、负载开关TPS22918，VCC3V3转VCC3V3_EQ。\n2、TPS22918由MCU进行使能和关断控制。; MCU Component ：F01/MCU; None：B; None：G20; None：P20.3; None：P20.3/GTM_TIM4_IN5_11/GTM_TIM3_IN4_5/GTM_TIM2_IN4_5/GTM_TOUT61/QSPI0_SLSO9/QSPI2_SLSO9/CAN03_TXD; None：GPIO; None：MCU_3V3_EQ_EN; None：/; None：O; None：VCC3V3_EQ电源使能控制信号\n高：使能VCC3V3_EQ电源\n低：关断VCC3V3_EQ电源; None：HI-Z,硬件外部下拉; None：—; SW Variable Name or SW Function Name：— ——Port1\nHW Interface Component ：QM; None：F17/POWER; None：1、负载开关TPS22918，VCC3V3转VCC3V3_ETH。\n2、TPS22918由MCU进行使能和关断控制。; MCU Component ：F01/MCU; None：QM; None：K17; None：P21.0; None：P21.0/GTM_TIM4_IN0_11/GTM_TIM3_IN4_6/GTM_TIM2_IN4_6/QSPI4_MRSTDN/DMU_FDEST/GTM_TOUT51/HSM_HSM1; None：GPIO; None：MCU_3V3_ETH_EN; None：/; None：O; None：VCC3V3_ETH电源使能控制信号\n高：使能VCC3V3_EQ电源\n低：关断VCC3V3_EQ电源; None：HI-Z, 硬件外部下拉; None：—; SW Variable Name or SW Function Name：— ——Port1\nHW Interface Component ：QM; None：F14/POWER; None：1、电源转换芯片TPS62872，VCC3V3转VCC0V75。\n2、TPS62872由MCU进行使能和关断控制。; MCU Component ：F01/MCU; None：QM; None：P20; None：P22.0; None：P22.0/GTM_TIM1_IN1_7/GTM_TIM0_IN1_7/QSPI4_MTSRB/GTM_TOUT47/QSPI4_MTSR/QSPI4_SCLKN; None：GPIO; None：MCU_VCC0V75_EN; None：/; None：O; None：VCC0V75电源使能控制信号\n高：使能VCC0V75电源\n低：关断VCC0V75电源; None：HI-Z, 硬件外部下拉; None：—; SW Variable Name or SW Function Name：— ——Port1"", ""<table><tr><td>模块序号\nModule number</td><td>模块名称\nModule name</td><td>功能定义\nFunction definition.</td><td>功能安全需求\nFunctional safety requirements</td></tr><tr><td>F01</td><td>MCU</td><td>SAK-TC377TP-96F300S AA</td><td>B(B)</td></tr><tr><td>F02</td><td>EYEQ6-L</td><td>EYEQ6-L，用于sensor的视频处理</td><td>B</td></tr><tr><td>F03</td><td>EYEQ6_LPDDR4</td><td>EQ6的1GB LPDDR4</td><td>B</td></tr><tr><td>F04</td><td>EYEQ6_NAND FLASH</td><td>EQ6的2Gb NAND FLASH</td><td>B</td></tr><tr><td>F05</td><td>CAM SENSOR</td><td>Sony 728摄像头模组</td><td>B</td></tr><tr><td>F06</td><td>KL30 sample</td><td>KL30电压采样</td><td>QM</td></tr><tr><td>F07</td><td>KL15 sample</td><td>KL15电压采样</td><td>QM</td></tr><tr><td>F08</td><td>EQ system power sample1</td><td>EQ6L系统供电电源电压ADC采样滤波、分压电路</td><td>B(B)</td></tr><tr><td>F09</td><td>ETH and CAN power sample2</td><td>CAN和ETH电源电压ADC采样滤波、分压电路</td><td>QM</td></tr><tr><td>F10</td><td>NTC temp sensor</td><td>NTC温度传感器，监控EQ6L/LPDDR4周边环境温度。</td><td>B</td></tr><tr><td>F11</td><td>KL30 EMI</td><td>KL30供电口EMI滤波电路.</td><td>B</td></tr><tr><td>F12</td><td>POWER</td><td>LN10046，KL30电源转VCC3V3电源</td><td>B</td></tr><tr><td>F13</td><td>POWER</td><td>LP87702，VCC3V3电压输入，VCC1V1、VCC1V8、VCC50电压输出</td><td>QM(B)</td></tr><tr><td>F14</td><td>POWER</td><td>TPS62872，VCC3V3电压输入，VCC0V75电压输出</td><td>QM(B)</td></tr><tr><td>F15</td><td>POWER</td><td>SA23002，VCC3V3输入，VCC0V75电压输出</td><td>QM(B)</td></tr><tr><td>F16</td><td>POWER</td><td>TPS22918负载开关，VCC3V3电压输入，VCC3V3_EQ输出</td><td>QM(B)</td></tr><tr><td>F17</td><td>POWER</td><td>TPS22918负载开关，VCC3V3输入，VCC3V3_ETH输出</td><td>QM</td></tr><tr><td>F18</td><td>overvoltage protect</td><td>用于MCU电源VCC3V3_MCU的外部过压保护</td><td>B</td></tr><tr><td>F19</td><td>POWER</td><td>TPS22918 负载开关，VCC1V8电压输入，VCC1V8_EQ电压输出</td><td>QM(B)</td></tr><tr><td>F20</td><td>CAN3</td><td>基于TCAN1145的CAN通讯，硬件支持特定报文唤醒</td><td>QM</td></tr><tr><td>F21</td><td>CAN2</td><td>基于TCAN1044A的CAN通讯.</td><td>QM</td></tr><tr><td>F22</td><td>CAN1</td><td>基于TCAN1044A的CAN通讯</td><td>QM</td></tr><tr><td>F23</td><td>CAN0</td><td>基于TCAN1044A的CAN通讯.</td><td>QM</td></tr><tr><td>F24</td><td>ETH</td><td>基于DP83TC812R的100BASE-T1通讯</td><td>QM</td></tr><tr><td>F25</td><td>Wake up</td><td>唤醒源和一级电源使能电路设计</td><td>QM</td></tr><tr><td>F26</td><td>watchdog</td><td>LP87702的看门狗功能，用于监控MCU运行状态</td><td>B</td></tr><tr><td>F27</td><td>POWER</td><td>VCC3V3_MCU转VCC1V25_MCU电压，由MCU的EVRC进行控制。</td><td>B</td></tr><tr><td>F28</td><td>level translation</td><td>3V3和1V8双向电压转换芯片</td><td>QM</td></tr></table>"", ""<table><tr><td>HM ID</td><td>F17</td></tr><tr><td>模块功能 \nModule Function</td><td>3V3转3V3_ETH用于ETH供电，现选择负载开关方案。\n3V3 to 3V3_ETH is used for ETH power supply, and the load switching scheme is now selected.</td></tr><tr><td>模块框图\nModule diagram</td><td></td></tr><tr><td>模块方案\nModule solution</td><td>采用TPS22918负载开关，将VCC3V3系统电源转换为VCC3V3_ETH，提供给MCU的ETH供电。P21.0引脚使能该芯片。\nThe TPS22918 load switch is used to convert the VCC3V3 system power to VCC3V3-ETH to supply power to ETH of the MCU. The P21.0 pin of the MCU is used to enable the chip.\n</td></tr></table>"", ""Figure 10-1. Typical ApplicationSchematic\n110 nH±20%\n0.75V\nV\nVIN\nSW\n3.3V\nVIN\nMODE/SYNC\n20 kQ\nC\nC\nVoO\nLoad\nVOSNS\nEN\nGOSNS\nSDA\nSCL\n>Rz\nVSEL\nFSEL\n3.3V\nCc\n6.2 kQ\n[cc\nM10 kQ\nCOMP\n1kQ\nOPG\nPG\nSYNC_OUT\nGND\n10pF\nGND\n"", ""Figure 10-24. Layout Example\nFigure 10-24 shows the top layer of one of the evaluation modules for this device. It demonstrates the practical\nGND\nVIN\nVOUT\nVIN\nGND\n"", ""<table><caption> Table9-5.DefaultOutputVoltageSetpoints</caption>\n<tr><td  >VSEL Pin(1)</td><td  >Device Number</td><td  >VSET[7:0]</td><td  >Output Voltage Setpoint</td></tr>\n<tr><td></td><td  >TPS6287x-Q1</td><td  >0x5a</td><td  >850 mV</td></tr>\n<tr><td></td><td  >TPS6287xY0-Q1</td><td  >0x50</td><td  >800 mV</td></tr>\n<tr><td></td><td  >TPS6287xY1-Q1</td><td  >0x14</td><td  >500 mV</td></tr>\n<tr><td></td><td  >TPS6287xY2-Q1</td><td  >0x64</td><td  >1800 mV</td></tr>\n<tr><td  >6.2 kQ to GND</td><td  >TPS6287xY3-Q1</td><td  >0x52</td><td  >810 mV</td></tr>\n<tr><td></td><td  >TPS6287xN0-Q1</td><td  >0x14</td><td  >500 mV</td></tr>\n<tr><td></td><td  >TPS6287xN1-Q1</td><td  >0x50</td><td  >800 mV</td></tr>\n<tr><td></td><td  >TPS6287xN2-Q1</td><td  >0x64</td><td  >1800 mV</td></tr>\n</table>""]","{""original_context_count"": 30, ""original_context_characters"": 15297, ""scored_context_count"": 4, ""scored_context_characters"": 1945, ""contexts_truncated"": true, ""context_selection"": ""claim_coverage"", ""selected_evidence_ids"": [""document:b6943ae371d76077""], ""selected_claim_ids"": [""sq_1:claim_1"", ""sq_2:claim_1""], ""excluded_evidence_ids"": [""circuit:21:net:VCC3V3"", ""circuit:21:net:VCC3V3_CAM_ACQ"", ""circuit:21:net:VCC3V3_CAM_FB"", ""circuit:21:net:VCC3V3_EQ"", ""circuit:21:net:VCC3V3_ETH"", ""circuit:21:net:VCC3V3_MCU"", ""circuit:21:net:VCC3V3_SW"", ""document:0eb6659a764f4d29"", ""document:35108004bab10732"", ""document:5fe56e0953406ff6"", ""document:7970eec1b28a0159"", ""document:7a6ae2179c8765b3"", ""document:a266ee5764d45ab0"", ""document:ba992b551b800e56"", ""document:bf52768a2f9667cf"", ""document:d59fddc6838a7925"", ""document:e6627ad70c8cab97""]}",0.2611728954106045,0.7505389560000653,0.8571428571428571,not_applicable,0.49999999995,1.0,1.0,0.21212121212121213,not_applicable
hw-v1-document-hardware-modules,success,ADAS 项目的软硬件接口文档中，硬件架构包含哪些模块电路？,HSI 2.3 节列出 KL30 电源管理、唤醒、电源、TC377 最小系统、EQ6 最小系统、摄像头最小系统、看门狗、温度采样、系统内电源电压采样、ETH、CAN/CAN FD 和 3V3 过压保护等电路。,"ADAS 项目的软硬件接口文档中，硬件架构包含以下 **12 个模块电路**：

1. KL30 电源管理电路  
2. 唤醒电路  
3. 电源电路  
4. TC377 最小系统  
5. EQ6 最小系统  
6. 摄像头最小系统  
7. 看门狗电路  
8. 温度采样电路  
9. 系统内电源电压采样电源  
10. ETH 电路  
11. CAN/CAN FD 电路  
12. 3V3 过压保护电路  

**支撑证据**：文档 `600608964_ADAS_HSI_0506_1952_shoulin.wang.docx` 的目录明确列出 “2.3 模块电路” 下的 12 个子章节（2.3.1 至 2.3.12），每个子章节对应上述一个模块电路[3]。","ADAS 项目的软硬件接口文档中，硬件架构包含以下 **12 个模块电路**：

1. KL30 电源管理电路  
2. 唤醒电路  
3. 电源电路  
4. TC377 最小系统  
5. EQ6 最小系统  
6. 摄像头最小系统  
7. 看门狗电路  
8. 温度采样电路  
9. 系统内电源电压采样电源  
10. ETH 电路  
11. CAN/CAN FD 电路  
12. 3V3 过压保护电路  

**支撑证据**：文档 `600608964_ADAS_HSI_0506_1952_shoulin.wang.docx` 的目录明确列出 “2.3 模块电路” 下的 12 个子章节（2.3.1 至 2.3.12），每个子章节对应上述一个模块电路[3]。","[""顾客代表Customer Representative其他与项目相关人员等Other relevant person术语及缩写解释 Terms and AbbreviationsTable 1-1Terms and Abbreviations参考文档 Reference DocumentTable 1-2Reference Document硬件架构 Hardware Architecture硬件架构描述了60060894_ADAS项目的硬件基础模块，模块和模块之间的接口。The Hardware Architecture describe the HW basic component of 600608964_ADAS project, as well as the interface of each component.系统概述 System overviewADAS产品要求功能安全达到ASIL-B，硬件整体架构介绍如下：ADAS products require functional safety to meet ASIL-B. The overall hardware architecture is described as follows:整体系统由摄像头板（CAM）和主板（MB）两部分组成。The overall system is composed of two parts: camera board (CAM) and mainboard (MB).前向摄像头采集道路图像后通过数字接口输出视频数据。The forward camera collects road images and outputs video data through the digital interface.数字视频数据通过线缆传输到主板上的视频处理器EYEQ6进行视频处理。The digital video data is transmitted to the video processor EYEQ6 on the mainboard through cables for video processing.EYEQ6处理视频数据，输出路况信息。EYEQ6 processes video data and outputs road condition information.路况信息通过SPI口传送给MCU进行处理，主板通过CAN对外传送路况信息。Road condition information is transmitted to MCU through SPI interface for processing, and the mainboard transmits road condition information externally through CAN.处理结果通过CAN发出，包括对车的主动安全控制信号以及给驾驶员的报警信号。The processing result is sent out through CAN, including the active safety control signal for the car and the alarm signal for the driver.图 1 系统工作方式Fig 1 System operating block硬件框图 Hardware block diagram图 2 系统框图Fig 2 system block功能安全分解相关模块模块电路 Module circuitKL30电源管理电路 KL30 supply management circuit"", ""<table><tr><td>HM ID</td><td>F01/F06/F11</td></tr><tr><td>模块功能\nModule Function</td><td>ADAS正常工作电压范围9~16VDC，系统需求需要对产品供电KL30进行电源管理，硬件电路对UBD电源网络进行ADC采样。\nADAS normal operating voltage range is 9~16VDC. System requirements require power management for the product power supply KL30. The hardware circuit performs ADC sampling on the UBD power supply.</td></tr><tr><td>模块框图\nModule diagram</td><td></td></tr><tr><td>模块方案\nModule solution</td><td>MCU_UB_SW_P00.10信号是由MCU I/O控制的数字信号，用于使能KL30电压采样功能。\n  MCU_UB_SW_P00.10 signal is a digital signal controlled by MCU I/O, used to enable KL30 voltage sampling function.\nUBSW_ACQ_AN6信号是UBD经过100K 1%、10K 1%电阻分压后的模拟信号。\n  UBSW_ACQ_AN6 signal is an analog signal of UBD divided by 100K 1%、10K 1% resistors. Which is connected to the ADC pin of MCU for sampling. \nMCU的ADC采集到UBD后进行电源管理，当软件诊断到UBD电压范围异常时，MCU会关断EQ和其他负载工作电源，确保ADAS功能安全。\n  The ADC of MCU collects UBD for power management. When the software detects that UBD voltage range is abnormal, the MCU will turn off EQ and other load power supplies to ensure the functional safety of ADAS.</td></tr></table>"", ""注：使用本模板时请先阅读填写说明页，形成工作产品时本页不可删除变更历史Change History目  录Table of Contents1\t概述 Introduction\t81.1 目的 Purpose\t81.2 适用范围 Range of Application\t81.3 读者对象 TReader\t81.4 术语及缩写解释 Terms and Abbreviations\t81.5 参考文档 Reference Document\t82\t硬件架构 Hardware Architecture\t92.1 系统概述 System overview\t92.2 硬件框图 Hardware block diagram\t102.3 模块电路 Module circuit\t122.3.1 KL30电源管理电路 KL30 supply management circuit\t122.3.2 唤醒电路 Wake Up circuit\t132.3.3 电源电路 power circuit\t152.3.4 TC377最小系统 TC377 minimum system\t232.3.5 EQ6最小系统 EQ6 minimum system\t252.3.6 摄像头最小系统 camera minimum system\t282.3.7 看门狗电路 Watchdog circuit\t302.3.8 温度采样电路 Temp Sample circuit\t302.3.9 系统内电源电压采样电源 The power System Voltage Sampling circuit\t312.3.10 ETH电路 ETH circuit\t332.3.11 CAN/CAN FD电路 CAN/CAN FD circuit\t342.3.12 3V3过压保护电路 3V3 overvoltage protection circuit\t353\t硬件运行模式 Hardware Operation Mode\t363.1 硬件运行模式 Hardware Operation Mode\t363.2 运行模式定义 Definition of Operation Mode\t373.3 运行模式转换条件 Transition Condition of Operation Mode\t393.3.1 KL30电源管理电路 KL30 supply management circuit\t393.3.2 唤醒电路 Wake Up circuit\t413.3.3 电源电路 Power Circuit\t423.3.4 TC377最小系统 TC377 minimum system\t53"", ""唤醒电路 Wake Up circuit电源电路 power circuitKL30 EMI电路 KL30 EMI circuitKL30 转VCC3V3 KL30 to VCC3V3VCC3V3_MCU转VCC1V25_MCU  VCC3V3_MCU to VCC1V25_MCUVCC3V3转VCC0V75  VCC3V3 to VCC0V75VCC3V3转0V75_MIPI_DDR  VCC3V3 to 0V75_MIPI_DDRVCC3V3转VCC1V8、VCC1V1、VCC50   VCC3V3 to VCC1V8、VCC1V1、VCC50VCC3V3转VCC3V3_EQ  VCC3V3 to VCC3V3_EQVCC3V3转VCC3V3_ETH  VCC3V3 to VCC3V3_ETHVCC1V8转VCC1V8_EQ  VCC1V8 to VCC1V8_EQTC377最小系统 TC377 minimum systemEQ6最小系统 EQ6 minimum system摄像头最小系统 camera minimum system看门狗电路 Watchdog circuit温度采样电路 Temp Sample circuit系统内电源电压采样电源 The power System Voltage Sampling circuitETH电路 ETH circuitCAN/CAN FD电路 CAN/CAN FD circuit3V3过压保护电路 3V3 overvoltage protection circuit硬件运行模式 Hardware Operation Mode主要用于描述当前ADAS硬件不同的运行模式（例如上电模式，下电模式，Sleep模式，运行模式等）。描述各个运行模式下的硬件模块功能，以及模式之间的切换条件。Describe the different operating mode of ADAS Hardware (e.g. power on mode, power off mode, Sleep mode，normal mode). Define the HW component functions in each operating mode, describe the transition condition between different modes.硬件运行模式 Hardware Operation Mode系统功能矩阵描述系统不同模式下各功能模块运行状态。The system function matrix describes the operation status of each function module in different modes of the system."", ""3.3.5 EQ6最小系统 EQ6 minimum system\t553.3.6 摄像头最小系统 camera minimum system\t593.3.7 看门狗电路 Watchdog circuit\t613.3.8 温度采样电路 Temp Sample circuit\t623.3.9 ETH电路 ETH circuit\t633.3.10 CAN FD电路 CAN FD circuit\t654\tADC电压采集阈值 The ADC voltage acquisition threshold\t685\tEQ6L上下电时序要求 EQ6L Power-on and power-off sequence requirements\t686\t共享和独占的硬件资源 Shared and Exclusive Hardware Resource\t696.1 ECU-MCU信号对应关系 ECU-MCU Signal Mapping\t696.2 MCU时钟配置 MCU Clock Configuration\t706.3 存储器配置 Memeory Configuration\t717\t其他芯片配置 Other IC Configuration\t717.1 其他芯片的通讯机制 Communication Mechanism with Other IC\t717.2 LP87702配置 LP87702 Configuration\t727.3 TPS62872配置 TPS62872 Configuration\t728\t安全机制 Safety Mechanisms\t736.1 System level\t736.2 HW level\t736.3 IC level\t73概述 Introduction目的 Purpose软硬接口文档的目的是描述软件和硬件的交互，并且确保软件硬件和TSR的一致性。The goal of the hardware software interface document is to specify the hardware and software interaction and be consistent with the technical safety concept.适用范围 Range of Application此文档适用于奇瑞EQ6L T1G ADAS项目的功能安全开发全过程。This document is applied for the whole functional safety development process of  EQ6L T1G ADAS project.读者对象 TReader项目经理Project Manager项目组成员Project Team Members功能安全经理Functional Safety Manager功能安全工程师Functional Safety System Engineer硬件工程师 Hardware Engineer软件工程师 Software Engineer质量和审查人员QA and Assessor产品测试人员Product Test Engineer"", ""<table><tr><td>模块序号\nModule number</td><td>模块名称\nModule name</td><td>功能定义\nFunction definition.</td><td>功能安全需求\nFunctional safety requirements</td></tr><tr><td>F01</td><td>MCU</td><td>SAK-TC377TP-96F300S AA</td><td>B(B)</td></tr><tr><td>F02</td><td>EYEQ6-L</td><td>EYEQ6-L，用于sensor的视频处理</td><td>B</td></tr><tr><td>F03</td><td>EYEQ6_LPDDR4</td><td>EQ6的1GB LPDDR4</td><td>B</td></tr><tr><td>F04</td><td>EYEQ6_NAND FLASH</td><td>EQ6的2Gb NAND FLASH</td><td>B</td></tr><tr><td>F05</td><td>CAM SENSOR</td><td>Sony 728摄像头模组</td><td>B</td></tr><tr><td>F06</td><td>KL30 sample</td><td>KL30电压采样</td><td>QM</td></tr><tr><td>F07</td><td>KL15 sample</td><td>KL15电压采样</td><td>QM</td></tr><tr><td>F08</td><td>EQ system power sample1</td><td>EQ6L系统供电电源电压ADC采样滤波、分压电路</td><td>B(B)</td></tr><tr><td>F09</td><td>ETH and CAN power sample2</td><td>CAN和ETH电源电压ADC采样滤波、分压电路</td><td>QM</td></tr><tr><td>F10</td><td>NTC temp sensor</td><td>NTC温度传感器，监控EQ6L/LPDDR4周边环境温度。</td><td>B</td></tr><tr><td>F11</td><td>KL30 EMI</td><td>KL30供电口EMI滤波电路.</td><td>B</td></tr><tr><td>F12</td><td>POWER</td><td>LN10046，KL30电源转VCC3V3电源</td><td>B</td></tr><tr><td>F13</td><td>POWER</td><td>LP87702，VCC3V3电压输入，VCC1V1、VCC1V8、VCC50电压输出</td><td>QM(B)</td></tr><tr><td>F14</td><td>POWER</td><td>TPS62872，VCC3V3电压输入，VCC0V75电压输出</td><td>QM(B)</td></tr><tr><td>F15</td><td>POWER</td><td>SA23002，VCC3V3输入，VCC0V75电压输出</td><td>QM(B)</td></tr><tr><td>F16</td><td>POWER</td><td>TPS22918负载开关，VCC3V3电压输入，VCC3V3_EQ输出</td><td>QM(B)</td></tr><tr><td>F17</td><td>POWER</td><td>TPS22918负载开关，VCC3V3输入，VCC3V3_ETH输出</td><td>QM</td></tr><tr><td>F18</td><td>overvoltage protect</td><td>用于MCU电源VCC3V3_MCU的外部过压保护</td><td>B</td></tr><tr><td>F19</td><td>POWER</td><td>TPS22918 负载开关，VCC1V8电压输入，VCC1V8_EQ电压输出</td><td>QM(B)</td></tr><tr><td>F20</td><td>CAN3</td><td>基于TCAN1145的CAN通讯，硬件支持特定报文唤醒</td><td>QM</td></tr><tr><td>F21</td><td>CAN2</td><td>基于TCAN1044A的CAN通讯.</td><td>QM</td></tr><tr><td>F22</td><td>CAN1</td><td>基于TCAN1044A的CAN通讯</td><td>QM</td></tr><tr><td>F23</td><td>CAN0</td><td>基于TCAN1044A的CAN通讯.</td><td>QM</td></tr><tr><td>F24</td><td>ETH</td><td>基于DP83TC812R的100BASE-T1通讯</td><td>QM</td></tr><tr><td>F25</td><td>Wake up</td><td>唤醒源和一级电源使能电路设计</td><td>QM</td></tr><tr><td>F26</td><td>watchdog</td><td>LP87702的看门狗功能，用于监控MCU运行状态</td><td>B</td></tr><tr><td>F27</td><td>POWER</td><td>VCC3V3_MCU转VCC1V25_MCU电压，由MCU的EVRC进行控制。</td><td>B</td></tr><tr><td>F28</td><td>level translation</td><td>3V3和1V8双向电压转换芯片</td><td>QM</td></tr></table>"", ""<table><tr><td>HM ID</td><td>F24</td></tr><tr><td>模块功能 \nModule Function</td><td>ADAS系统需求MCU外接1路100BASE-T1以太网通讯接口，用于软件调试和对外通讯。\nThe ADAS system requires MCU to be connected with a 100BASE-T1 Ethernet communication interface for software debugging and external communication.</td></tr><tr><td>模块框图\nModule diagram</td><td></td></tr><tr><td>模块方案\nModule solution</td><td>硬件设计选型汽车级芯片DP83TC812R（TI），支持100BASE-TI通讯、以太网唤醒功能，电路和PCB参考原厂规范进行设计。所用到引脚是MCU_ETH_MDIO_P21.3，MCU_ETH_MDC_P21.2，MCU_MII_TXD3_P11.0，MCU_MII_TXD2_P11.1，MCU_MII_TXD1_P11.2，MCU_MII_TXD0_P11.3，MCU_MII_TXCLK_P11.5，MCU_MII_TXDV_P11.6，MCU_MII_RXD3_P11.7，MCU_MII_RXD2_P11.8，MCU_MII_RXD1_P11.9，MCU_MII_RXD0_P11.10，MCU_MII_RXDV_P11.11，MCU_MII_RXCLK_P11.12， MCU_ETH_INTB_P20.10，PHY_RESET_N_P22.3，MCU_ETH_WAKE_P21.5。\nThe automotive grade chip DP83TC812R (TI) is selected for hardware design, which supports 100BASE-TI communication and Ethernet wake-up function. The circuit and PCB are designed according to the original factory specifications. \nThe pins used are MCU_ETH_MDIO_P21.3，MCU_ETH_MDC_P21.2，MCU_MII_TXD3_P11.0,MCU_MII_TXD2_P11.1,MCU_MII_TXD1_P11.2, MCU_MII_TXD0_P11.3, MCU_MII_TXCLK_P11.5, MCU_MII_TXDV_P11.6, MCU_MII_RXD3_P11.7, MCU_MII_RXD2_P11.8, MCU_MII_RXD1_P11.9, MCU_MII_RXD0_P11.10,MCU_MII_RXDV_P11.11,MCU_MII_RXCLK_P11.12, PHY_RESET_N_P22.3, MCU_ETH_WAKE_P21.5.</td></tr></table>"", ""<table><tr><td>HM ID</td><td>F01</td></tr><tr><td>模块功能 \nModule Function</td><td>32位MCU芯片TC377最小系统模块有SAK-TC377TP-96F300S AA主控芯片和晶体、硬件配置组成，实现SAK-TC377TP-96F300S AA最小硬件系统工作单元，功能安全等级最高可达到ASIL-D，满足应用要求。\n32-bit MCU chip TC377 minimum system module has SAK-TC377TP-96F300S AA main control chip and crystal, hardware configuration, to achieve SAK-TC377TP-96F300S AA minimum hardware system work unit, functional safety level up to ASIL-D, meet the application requirements. </td></tr><tr><td>模块框图\nModule diagram</td><td></td></tr><tr><td>模块方案\nModule solution</td><td>处理器\n根据ADAS产品需求，综合评估选型为32位MCU芯片SAK-TC377TP-96F300S AA， MCU接口资源丰富，功能安全等级最高可达到ASIL-D，满足应用要求。\nProcessor \nAccording to ADAS product requirements, 32-bit MCU chip SAK-TC377TP-96F300S AA is selected through comprehensive evaluation, which has rich MCU interface resources and the highest functional safety level can reach ASIL-D to meet application requirements\n时钟设计\n硬件选型20MHz晶振给MCU提供时钟输入，由其内部PLL等电路完成倍频、分频，供其内核和各模块使用。\nClock design\nHardware selection of clock design 20MHz crystal oscillator provides clock input to MCU, and its internal PLL and other circuits complete frequency doubling and frequency division for its kernel and each module.\n复位及watchdog\n系统复位及看门狗芯片采用LP87702内部看门狗，喂狗方式为窗口喂狗，当喂狗窗口无有效喂狗次数超过OTP配置时，将触发整个系统复位。\na)\t上电时，看门狗芯片对MCU启动过程进行监控，同时对MCU的电源VCC3V3电压进行低压监控，异常时主动复位MCU。\nb)\t运行过程中由看门狗监控MCU运行状态，当MCU程序跑飞时看门狗超时触发复位信号主动复位MCU。\nReset and watchdog\nThe system reset and watchdog chip adopts LP87702 internal watchdog, and the feeding method is window feeding. When the number of effective dog feeding in the feeding window exceeds the OTP configuration, the whole system reset will be triggered. \n When powering on, the watchdog chip monitors the start-up process of MCU, and at the same time, it monitors the low voltage voltage of MCU's power supply VCC3V3, and actively resets MCU when abnormal. \n MCU running status is monitored by watchdog during operation. When MCU program runs, watchdog timeout triggers reset signal and actively reset MCU.\n电源需求\nMCU需要1路VCC3V3_MCU（精度：3.3V±10%）和1路VCC1V25_MCU（精度：1.2-1.35V）供电。\n4. Power demand\nThe MCU needs 1 channel VCC3V3_MCU (accuracy: 3.3V±10%) and 1 channel VCC1V25_MCU (accuracy: 1.2-1.35V) power supply.</td></tr></table>""]","{""original_context_count"": 8, ""original_context_characters"": 12288, ""scored_context_count"": 4, ""scored_context_characters"": 4000, ""contexts_truncated"": true, ""context_selection"": ""claim_coverage"", ""selected_evidence_ids"": [""document:3cc8373cb37fffa6""], ""selected_claim_ids"": [""sq_1:claim_1""], ""excluded_evidence_ids"": [""document:35357111545e774a"", ""document:58106bd2421dc2d1"", ""document:5a182fe3a3abb133"", ""document:87e0c61422f91bc3"", ""document:a075d2642b8e135f"", ""document:b257f3b0795806a8"", ""document:e6627ad70c8cab97""]}",0.9251822170574859,0.4366795798046699,1.0,not_applicable,0.4166666666458333,1.0,0.0,1.0,not_applicable
hw-v1-joint-main-pmic,success,给板子供电的主 PMIC 是哪颗？它输出哪些电压，软件如何配置？,主 PMIC 是 U1700，即 LP87702-Q1，输入 VCC3V3，输出包括 VCC1V1、VCC1V8 和 VCC50；软件配置依据 HSI 7.2 节 LP87702 配置说明，通过 I²C 相关信号配置。,"根据已有证据，给板子供电的主 PMIC 是 **LP87702**。

### 主 PMIC 型号：LP87702
**证据**：文档明确指出“选择 LP87702 PMIC 方案”，并详细描述了该芯片的功能和连接方式（[10] Source: 600608964_ADAS_HSI_0506_1952_shoulin.wang.docx, evidence_id: 5e69a562758e3536）。

### 主 PMIC 输出电压
LP87702 输出以下三路电压：
- **VCC1V8**：用于 EQ6、CAM、DDR、FLASH 供电。
- **VCC1V1**：用于 EQ6、DDR 供电。
- **VCC50**：用于 CAN 收发器供电。
**证据**：文档明确说明“LP87702 chip is used to convert VCC3V3 into VCC1V8, VCC1V1 and VCC50”（[10] Source: 600608964_ADAS_HSI_0506_1952_shoulin.wang.docx, evidence_id: 5e69a562758e3536）。

### 软件配置方式
软件通过以下方式配置 LP87702：
1. **使能控制**：使用 MCU 的 **P15.3** 引脚使能 LP87702 的 5V 输出（VCC50）。
2. **I2C 通信**：通过 MCU 的 **SCL (P15.4)** 和 **SDA (P15.5)** 引脚进行 I2C 通信，用于设置 1.8V 和 1.1V 输出电压并控制其使能。
3. **复位控制**：使用 MCU 的 **P12.1** 引脚复位该芯片。
4. **运行中寄存器配置**：LP87702 运行期间，MCU 需要通过 I2C 配置特定寄存器。文档指出：“LP87702运行期间需要MCU通过I2C配置的寄存器如下所示：Table 5-2 LP87702 Configuration”（[12] Source: 600608964_ADAS_HSI_0506_1952_shoulin.wang.docx, evidence_id: d69d04d302326d46）。但该寄存器配置表格的具体内容在提供的证据中未完整呈现。

**证据**：上述使能、I2C通信及复位方式在[10] (evidence_id: 5e69a562758e3536) 和 [16] (evidence_id: a6f318d1053a4c7e) 中均有明确描述。关于运行中需通过I2C配置寄存器的总述来源于[12] (evidence_id: d69d04d302326d46)。

### 缺失信息
- **软件配置的具体寄存器设置**：虽然证据提到需要配置寄存器（Table 5-2），但该表格的具体内容（如寄存器地址、位域定义、初始化值等）在现有证据中**未完整提供**。","根据已有证据，给板子供电的主 PMIC 是 **LP87702**。

### 主 PMIC 型号：LP87702
**证据**：文档明确指出“选择 LP87702 PMIC 方案”，并详细描述了该芯片的功能和连接方式（[10] Source: 600608964_ADAS_HSI_0506_1952_shoulin.wang.docx, evidence_id: 5e69a562758e3536）。

### 主 PMIC 输出电压
LP87702 输出以下三路电压：
- **VCC1V8**：用于 EQ6、CAM、DDR、FLASH 供电。
- **VCC1V1**：用于 EQ6、DDR 供电。
- **VCC50**：用于 CAN 收发器供电。
**证据**：文档明确说明“LP87702 chip is used to convert VCC3V3 into VCC1V8, VCC1V1 and VCC50”（[10] Source: 600608964_ADAS_HSI_0506_1952_shoulin.wang.docx, evidence_id: 5e69a562758e3536）。

### 软件配置方式
软件通过以下方式配置 LP87702：
1. **使能控制**：使用 MCU 的 **P15.3** 引脚使能 LP87702 的 5V 输出（VCC50）。
2. **I2C 通信**：通过 MCU 的 **SCL (P15.4)** 和 **SDA (P15.5)** 引脚进行 I2C 通信，用于设置 1.8V 和 1.1V 输出电压并控制其使能。
3. **复位控制**：使用 MCU 的 **P12.1** 引脚复位该芯片。
4. **运行中寄存器配置**：LP87702 运行期间，MCU 需要通过 I2C 配置特定寄存器。文档指出：“LP87702运行期间需要MCU通过I2C配置的寄存器如下所示：Table 5-2 LP87702 Configuration”（[12] Source: 600608964_ADAS_HSI_0506_1952_shoulin.wang.docx, evidence_id: d69d04d302326d46）。但该寄存器配置表格的具体内容在提供的证据中未完整呈现。

**证据**：上述使能、I2C通信及复位方式在[10] (evidence_id: 5e69a562758e3536) 和 [16] (evidence_id: a6f318d1053a4c7e) 中均有明确描述。关于运行中需通过I2C配置寄存器的总述来源于[12] (evidence_id: d69d04d302326d46)。

### 缺失信息
- **软件配置的具体寄存器设置**：虽然证据提到需要配置寄存器（Table 5-2），但该表格的具体内容（如寄存器地址、位域定义、初始化值等）在现有证据中**未完整提供**。","[""Net MCU_nINT_PMIC_P12.1 connects R1703.&2, TP1133.&1, U1700.nINT, U900D.P12.1/GETH_MDIOC/ASCLIN3_ASLSO/CAN00_TXD/GETH_MDIO."", ""Module Group 15 · Power/PMIC connects to Group 17 · Power/PMIC through net GND."", ""Module Group 15 · Power/PMIC connects to Group 18 · Power/PMIC through net GND."", ""Module Group 15 · Power/PMIC connects to Group 6 · Power/PMIC through net GND."", ""Module Group 17 · Power/PMIC connects to Group 18 · Power/PMIC through net GND."", ""Module Group 17 · Power/PMIC connects to Group 18 · Power/PMIC through net MCU_SCL_P15.4."", ""Module Group 17 · Power/PMIC connects to Group 18 · Power/PMIC through net MCU_SDA_P15.5."", ""Module Group 17 · Power/PMIC connects to Group 6 · Power/PMIC through net GND."", ""<table><tr><td>HM ID</td><td>F11/F12/F13/F14/F15/F16/F17/F18/F19/F25/F27</td></tr><tr><td>模块功能 \nModule Function</td><td>系统使用车载电池12V电压供电，经过EMI电路后输入至电源转换芯片，转换输出系统各模块所需电源。\nThe system uses 12V voltage power supply from the vehicle battery, which is input to the power conversion chip through the EMI circuit. Then the power conversion chip convert and output the power required by each module of the system.</td></tr><tr><td>模块框图\nModule diagram</td><td></td></tr><tr><td>模块方案\nModule solution</td><td>KL30 EMI (ASIL-B)\nKL30供电口处增加EMI电路，用于供电保护和滤波。硬件电路设计在UBD网络增加两个串联ESD电容，PCB布局靠近主连接器引脚处，用于吸收外部ESD信号，后端增加双向TVS管用于瞬态过压保护\nThe EMI circuit is added at the KL30 power supply port for power supply protection and filtering. The hardware circuit design adds two series ESD capacitors in the UBD network, the PCB layout is close to the main connector pin for absorbing external ESD signals, and the two-way TVS tube is added at the back end for transient overvoltage protection.\nKL30 to VCC3V3 (ASILB)\nKL30转VCC3V3是系统一级DC-DC，给MCU提供VCC3V3_MCU电源，所以系统要求其满足ASILB，确保MCU功能安全。\nKL30 to VCC3V3 is a system primary DC-DC chip, because the MCU needs VCC3V3_MCU power supply, so the system requires it to meet the ASILB to ensure the functional safety of the MCU.\nVCC3V3_MCU to VCC1V25_MCU(ASILB)\n3V3转1V25_MCU是使用MCU内置控制器进行控制的BUCK电源，用于MCU的核供电，功能安全需求达到ASILB，确保MCU功能安全。\n3V3 to 1V25_MCU is a BUCK power supply controlled by MCU built-in controller, which is used for MCU nuclear power supply. Functional safety requirements meet ASILB to ensure the functional safety of MCU.\nVCC3V3 to VCC0V75(QM(B))\nVCC3V3转VCC0V75应用于EQ6的内核供电，要求输出电流能力大，现选型TI的电源方案TPS62872。用MCU的P22.0引脚使能芯片，用MCU_SDA_P15.5，MCU_SCL_P15.4引脚I2C通信来设置输出电压和通信。\nVCC3V3 to VCC0V75 is applied to the core power supply of EQ6, which requires large output current capacity. The power supply scheme TPS62872 of TI is selected. P22.0 pin of MCU is used to enable the chip, and MCU_SDA_P15.5, MCU_SCL_P15.4 pin I2C communication is used to set the output voltage and communication. \nVCC3V3 to 0V75_MIPI_DDR(QM(B))\nVCC3V3转0V75_MIPI_DDR用于EQ6的IO口供电，现使用矽力杰的SA23002进行设计。用MCU的P22.1引脚使能该芯片。\nVCC3V3 to 0V75_MIPI_DDR for EQ6 IO port power supply, Silergy’s SA23002 is designed. The P22.1 pin of the MCU is used to enable the chip.\nVCC3V3转VCC1V8、VCC1V1、VCC50(QM(B))\nVCC1V8用于EQ6、CAM、DDR、FLASH供电，VCC1V1用于EQ6、DDR供电，VCC50用于CAN收发器供电，现选择LP87702 PMIC方案。用MCU的P15.3引脚使能该芯片的5V输出，用MCU_SCL_P15.4，MCU_SDA_P15.5 I2C通信来设置1.8V和1.1V输出电压和使能。\nVCC1V8 is used for EQ6, CAM, DDR, FLASH power supply, VCC1V1 is used for EQ6, DDR power supply, VCC50 is used for CAN transceiver  power supply, LP87702 PMIC scheme is selected. P15.3 pin of MCU is used to enable 5V output of the chip, and MCU_SCL_P15.4, MCU_SDA_P15.5 I2C communication is used to set 1.8V and 1.1V output voltage and enable it. \nVCC3V3 to VCC3V3_EQ(QM(B))\nVCC3V3转VCC3V3_EQ用于EQ6的IO和摄像头供电，现使用负载开关进行设计。用MCU的P20.3引脚使能该芯片。\nVCC3V3 to VCC3V3_EQ for EQ6’s IO and camera power supply, now using the load switch is designed. .The P20.3 pin of the MCU is used to enable the chip.\n\tVCC3V3 to VCC3V3_ETH(QM)\n3V3转3V3_ETH用于ETH供电，现选择负载开关方案。用MCU的P21.0引脚使能该芯片。\n3V3 to 3V3_ETH for ETH power supply, the load switch scheme is selected. . The P21.0 pin of the MCU is used to enable the chip.\n\tVCC1V8 to VCC1V8_EQ(QM(B))\nVCC1V8转VCC1V8_EQ用于EQ供电，现选择负载开关方案。用MCU的P20.0引脚使能该芯片。\nVCC1V8 to VCC1V8_EQ for EQ power supply, the load switch scheme is selected. . The P20.0 pin of the MCU is used to enable the chip.</td></tr><tr><td colspan='2'></td></tr></table>"", ""<table><tr><td>HM ID</td><td>F13</td></tr><tr><td>模块功能 \nModule Function</td><td>VCC1V8用于EQ6、CAM、DDR、FLASH供电。VCC1V1用于EQ6、DDR供电。VCC50用于CAN收发器供电，现选择LP87702 PMIC方案。\nVCCIV8 is used to power EQ6, CAM, DDR, FLASH.VCC1V1 is used to power EQ6,DDR. VCC50 is used for CAN transceiver power supply, now choose LP87702 PMIC scheme. \n</td></tr><tr><td>模块框图\nModule diagram</td><td></td></tr><tr><td>模块方案\nModule solution</td><td>\n采用LP87702芯片，将VCC3V3转换为VCC1V8、VCC1V1、VCC50，其中VCC1V8用于EQ6、CAM、DDR、FLASH供电，VCC1V1用于EQ6、DDR供电，VCC50用于CAN收发器供电。用MCU的P15.3引脚使能该芯片的5V输出，用MCU_SCL_P15.4，MCU_SDA_P15.5 I2C通信来设置1.8V和1.1输出电压和使能。用MCU的P12.1引脚复位该芯片。\nLP87702 chip is used to convert VCC3V3 into VCC1V8, VCC1V1 and VCC50, in which VCC1V8 is used for EQ6, CAM, DDR and FLASH power supply, VCC1V1 is used for EQ6 and DDR power supply, and VCC50 is used for CAN transceiver power supplyP15.3 pin of MCU is used to enable 5V output of the chip, and MCU_SCL_P15.4, MCU_SDA_P15.5 I2C communication is used to set 1.8V and 1.1 output voltage and enable it. Reset the chip with P12.1 pin of the MCU. </td></tr></table>"", ""\nRegister：nan; Symbol：nan; Description：nan; Unnamed: 3：nan; Register.1：nan; Symbol.1：nan; Description.1：111 Closed Window : 50 % / Open Window : 50 % ——13_Registers Bit Description\nRegister：Register; Symbol：Symbol; Description：Description; Unnamed: 3：nan; Register.1：nan; Symbol.1：nan; Description.1：Reset on Power On Reset (POR) ——13_Registers Bit Description\nRegister：FS_I_OVUV_SAFE_\nREACTION1; Symbol：VMON_LDO1_OV_\nFS_REACTION; Description：00 No effect on RSTB and FS0B; Unnamed: 3：nan; Register.1：nan; Symbol.1：nan; Description.1：nan ——13_Registers Bit Description\nRegister：nan; Symbol：nan; Description：01 VMON_LDO1 OV asserts FS0B only; Unnamed: 3：nan; Register.1：nan; Symbol.1：nan; Description.1：nan ——13_Registers Bit Description\nRegister：nan; Symbol：nan; Description：10 VMON_LDO1 OV asserts RSTB and FS0B; Unnamed: 3：nan; Register.1：nan; Symbol.1：nan; Description.1：nan ——13_Registers Bit Description\nRegister：nan; Symbol：nan; Description：11 VMON_LDO1 OV asserts RSTB and FS0B; Unnamed: 3：nan; Register.1：Note:本页均为配置寄存器，以支持需求开发人员快速确定具体项目需要配置的bits; Symbol.1：nan; Description.1：nan ——13_Registers Bit Description\nRegister：nan; Symbol：nan; Description：Reset on Power On Reset (POR); Unnamed: 3：nan; Register.1：nan; Symbol.1：nan; Description.1：nan ——13_Registers Bit Description\nRegister：nan; Symbol：VMON_LDO1_UV_\nFS_REACTION; Description：00 No effect on RSTB and FS0B; Unnamed: 3：nan; Register.1：nan; Symbol.1：nan; Description.1：nan ——13_Registers Bit Description\nRegister：nan; Symbol：nan; Description：01 VMON_LDO1 OV asserts FS0B only; Unnamed: 3：nan; Register.1：nan; Symbol.1：nan; Description.1：nan ——13_Registers Bit Description"", ""ADC电压采集阈值 The ADC voltage acquisition thresholdWCCA计算结果如下，软件应按照如下过欠压阈值设置：The WCCA calculation results are as follows. The software should be set according to the following overvoltage and undervoltage thresholds:EQ6L上下电时序要求 EQ6L Power-on and power-off sequence requirements共享和独占的硬件资源 Shared and Exclusive Hardware ResourceECU-MCU信号对应关系 ECU-MCU Signal MappingMCU时钟配置 MCU Clock Configuration存储器配置 Memeory ConfigurationTable 4-5Memory Configuration其他芯片配置 Other IC Configuration其他芯片的通讯机制 Communication Mechanism with Other ICLP87702配置 LP87702 ConfigurationLP87702运行期间需要MCU通过I2C配置的寄存器如下所示：Table 5-2 LP87702 ConfigurationTPS62872配置 TPS62872 ConfigurationTPS62872运行期间需要MCU通过I2C配置的寄存器如下所示：Table 5-3 TPS62872 Configuration安全机制 Safety MechanismsSystem levelHW level硬件安全分析无新增安全机制IC level模板变更历史Template Change History填写说明Filling instructions：变更单号YYYYMM00X为记录顺序号，如：202203002，表示的是2022年03月的第二份此类文档。首次发布不分配变更单号，变更单号处填NA。The change order number YYYYMM00X is the record sequence number, such as 202203002, which represents the second such document in March 2022. No change order number will be allocated for the first release, and Na will be filled in the change order number.变更原因填写以客户审核需要变更为例：由于XX客户在客户审核时发现XX问题，需要调整模板。Fill in the revision note. Take the need for change in customer audit as an example: because XX customer found XX problem during customer audit, the template needs to be adjusted.变更内容填写以客户审核发现问题需要更改为例：由于XX客户在客户审核时发现XX问题，特增加XXX的变更内容。"", ""<table><tr><td>序号</td><td>模块序号</td><td>模块名称</td><td>功能定义</td><td>功能安全需求</td></tr><tr><td>1</td><td>F013</td><td>POWER</td><td>LP87702，VCC3V3电压输入，VCC1V1、VCC1V8、VCC50电压输出</td><td>QM(B)</td></tr><tr><td>1</td><td>F01</td><td>MCU</td><td>SAK-TC377TP-96F300S AA</td><td>B(B)</td></tr><tr><td>1</td><td>F08</td><td>EQ system power sample1</td><td>EQ6L系统供电电源电压ADC采样滤波、分压电路</td><td>B(B)</td></tr><tr><td>2</td><td>F14</td><td>POWER</td><td>TPS62872，VCC3V3电压输入，VCC0V75电压输出，EQ6L核电供电</td><td>QM(B)</td></tr><tr><td>2</td><td>F01</td><td>MCU</td><td>SAK-TC377TP-96F300S AA</td><td>B(B)</td></tr><tr><td>2</td><td>F08</td><td>EQ system power sample</td><td>EQ6L系统供电电源电压ADC采样滤波、分压电路</td><td>B(B)</td></tr><tr><td>3</td><td>F15</td><td>POWER</td><td>SA23002，VCC3V3输入，0V75_MIPI_DDR电压输出</td><td>QM(B)</td></tr><tr><td>3</td><td>F01</td><td>MCU</td><td>SAK-TC377TP-96F300S AA</td><td>B(B)</td></tr><tr><td>3</td><td>F08</td><td>EQ system power sample</td><td>EQ6L系统供电电源电压ADC采样滤波、分压电路</td><td>B(B)</td></tr><tr><td>4</td><td>F16</td><td>POWER</td><td>TPS22918负载开关，VCC3V3电压输入，VCC3V3_EQ输出</td><td>QM(B)</td></tr><tr><td>4</td><td>F01</td><td>MCU</td><td>SAK-TC377TP-96F300S AA</td><td>B(B)</td></tr><tr><td>4</td><td>F08</td><td>EQ system power sample</td><td>EQ6L系统供电电源电压ADC采样滤波、分压电路</td><td>B(B)</td></tr></table>"", ""<table><tr><td>HM ID</td><td>F14</td></tr><tr><td>模块功能 \nModule Function</td><td>VCC3V3转VCC0V75应用于EQ6的内核供电，要求输出电流能力大，现选型TI的方案TPS62872。\nVCC3V3 to VCCOV75 is applied to the kernel power supply of EQ6, which requires large output current capacity. TI's scheme TPS62872 is selected.</td></tr><tr><td>模块框图\nModule diagram</td><td></td></tr><tr><td>模块方案\nModule solution</td><td>\t采用TPS62872电源芯片，将VCC3V3转换为VCC0V75，提供给EQ6核电供电。用MCU的P22.0引脚使能芯片，用MCU_SDA_P15.5，MCU_SCL_P15.4引脚I2C通信来设置输出电压和通信。\nTPS62872 power chip is used to convert VCC3V3 to VCCOV75, which is supplied to EQ nuclear power supply. P22.0 pin of MCU is used to enable chip, MCU_SDA_P15.5, MCU_SCL_P15.4 pin I2C communication is used to set output voltage and communication. +</td></tr></table>"", ""<table><tr><td>HM ID</td><td>F20/F21/F22/F23</td></tr><tr><td>运行模式\nOperation Mode</td><td>运行模式、待机模式、Sleep模式、OFF模式、Overtemp模式\nRun mode, standby mode, Sleep mode, OFF mode, Overtemp mode.</td></tr><tr><td>模式定义\nDefinition of Operation mode</td><td>TCAN1044A：\n1、\t运行模式\nSTB设置为低电平使能Normal模式，收发器可以通过总线CANH和CANL发送接收数据。\n2、\t待机模式\nSTB设置为高电平使能Standby模式，收发器将不再发送接收数据。\n1.Run mode\nThe STB is set to low to enable Normal mode, and the transceiver can send and receive data through the bus CANH and CANL. \n2.Standby mode\nThe STB is set to high level enable Standby mode, and the transceiver will no longer send the received data.\nTCAN1145：\n1、Normal模式\n通过SPI3配置寄存器MC=111进入Normal模式，收发器可以通过总线CANH和CANL发送接收数据。\n2、Standby模式\n通过SPI3配置寄存器MC=100，使能Standby模式，收发器将不再发送接收数据，但INH引脚依然有效。\n3、Sleep模式\n   通过SPI3配置寄存器MC=001或者发生欠压事件，CAN收发器进入sleep模式。该模式下INH为高阻态。\n与TJA1145寄存器地址有差别，软件开发需要注意。\n4、Off模式\n当电源电压过低无法为IC供电，收发器进入Off模式，该模式下CAN引脚和INH引脚为高阻态。\n5、Overtemp模式\n当芯片整体温度高于阈值，会进入过温模式，该模式下收发器的发送端和接收端被禁用，INH引脚为高阻态。\nNormal mode\nThe Normal mode is entered through SPI3 configuration register MC=111, and the transceiver can send and receive data through buses CANH and CANL. \nStandby mode\nBy configuring the SPI3 register MC=100 to enable the Standby mode, the transceiver will no longer send the received data, but the INH pin will remain active. \nSleep mode\nThrough SPI3 configuration register MC=001 or an undervoltage event occurs, the CAN transceiver goes into sleep mode. In this mode, INH is in the high impedance state. \nOff mode\nWhen the supply voltage is too low to power the IC, the transceiver enters the Of mode, in which the CAN pin and INH pin are in the high resistance state. \nOvertemp mode\nWhen the overall chip temperature is higher than the threshold, it will enter the over-temperature mode, in which the transmitter and receiver of the transceiver are disabled, and the INH pin is in the high impedance state. </td></tr><tr><td>模式切换接口\nMode switching interface</td><td></td></tr><tr><td>模式状态机\nMode state machine</td><td>TCAN1044A：\n\nTCAN1145：\n\n</td></tr><tr><td>模式切换条件\nMode switching condition</td><td>参考：\n产品系统需求规格说明\n产品系统方案设计说明书\nReference: \nProduct system requirement specification \nProduct system scheme design specification.</td></tr><tr><td>备注\nNote</td><td></td></tr></table>"", ""\nNone：U20; None：P23.2; None：P23.2/GTM_TIM1_IN6_5/GTM_TIM0_IN6_5/GTM_TOUT43/CAN12_TXD; None：GPIO; None：MCU_RST_FLASH_P23.2; None：/; None：O; None：FLASH复位信号\n低：FLASH复位\n高：FLASH进入工作状态; None：HI-Z，硬件外部下拉; None：—; SW Variable Name or SW Function Name：— ——Port1\nNone：未使用; MCU Component ：F01/ MCU; None：NA; None：/; None：D7; None：P11.14; None：P11.14/GTM_TIM4_IN7_4/GTM_TIM2_IN7_8/GETH_CRSDVB/GETH_RXDVB/GETH_CRSA/GTM_TOUT126; None：GPIO; None：MCU_ETH_CFG1_P11.14; None：/; None：I; None：CFG1：BOM配置，判断是否有以太网\n高：TBD\n低：TBD; None：HI-Z; None：—; SW Variable Name or SW Function Name：— ——Port1\nNone：未使用; MCU Component ：F01/ MCU; None：NA; None：/; None：D6; None：P11.15; None：P11.15/GTM_TIM4_IN7_5/GTM_TIM0_IN7_8/GETH_COLA/GTM_TOUT127; None：GPIO; None：MCU_ETH_CFG2_P11.15; None：/; None：I; None：CFG2：BOM配置，判断以太网接口类型\n高：TBD\n低：TBD; None：HI-Z; None：—; SW Variable Name or SW Function Name：— ——Port1\nHW Interface Component ：QM(B); None：F13/POWER; None：1、LP87702实现VCC3V3转VCC1V8、VCC1V1、VCC50三路电源输出\n2、LP87702的VCC50由MCU的GPIO控制使能和关断，VCC1V8、VCC1V1由MCU的I2C控制使能和关断。\n3、预留中断信号用于MCU辅助监控LP87702的工作状态。\n4、MCU可以通过I2C监控和管理LP87702的状态。; MCU Component ：F01/ MCU; None：QM; None：B17; None：P15.3; None：P15.3/GTM_TIM3_IN6_4/GTM_TIM2_IN6_4/CAN01_RXDA/QSPI2_SCLKA/GTM_TOUT74/QSPI2_SCLK/MSC0_EN1; None：GPIO; None：MCU_5V_EN; None：/; None：O; None：VCC50（LP87702）电源使能控制信号\n高：使能VCC50电压输出\n低：关断VCC50电压输出; None：HI-Z，硬件外部下拉; None：—; SW Variable Name or SW Function Name：— ——Port1"", ""<table><tr><td>HM ID</td><td>F18</td></tr><tr><td>模块功能 \nModule Function</td><td>AOU要求MCU需要硬件外部增加过压保护电路对3V3_MCU进行电压监控。\nAOU requires MCU to increase the overvoltage protection circuit outside the hardware to monitor the voltage of 3V3_MCU. </td></tr><tr><td>模块框图\nModule diagram</td><td>\n\n</td></tr><tr><td>模块方案\nModule solution</td><td>1.当VCC3V3 <4.03V时，cathode引脚为高阻态, 当VCC3V3 <VGS门限（Q1701）时，NMOS关闭，PMOS关闭，VCC3V3_SW无电。\n2、当4.03V＞VCC3V3 > VGS门限（Q1701）时，NMOS打开，PMOS打开，VCC3V3_SW和VCC3V3直通。\n3、当VCC3V3＞4.03V时，cathode引脚输出逻辑低（最高1V），NMOS关闭，PMOS关闭，VCC3V3_SW无电，对后级负载起到过压保护作用。\n1. When VCC3V3 <4.03V, the cathode pin is in the high resistance state. When VCC3V3 <VGs threshold (Q1701), NMOS is off, PMOS is off, and VCC3V3_SW has no electricity.\n2.When 4.03V>VCC3V3>VGS threshold (Q1701), NMOS opens, PMOS opens, and VCC3V3_sw and VCC3V3 pass through.\n3.When VCC3V3>4.03V, the cathode pin output logic is low (up to 1V), NMOS is off, PMOS is off, and VCC3V3_Sw has no power, which plays an overvoltage protection role on the load of the later stage.\n</td></tr></table>"", ""<table><tr><td>HM ID</td><td>F01/F08/F09</td></tr><tr><td>模块功能 \nModule Function</td><td>系统需求需要板内电源电压进行ADC采样和异常监控，要求功能安全达到ASIL-B等级，确保EQ6系统工作安全。\nThe system requirements require the on-board power supply voltage for ADC sampling and anomaly monitoring, and the functional safety is required to reach ASIL-B level to ensure the working safety of EQ6 system.</td></tr><tr><td>模块框图\nModule diagram</td><td></td></tr><tr><td>模块方案\nModule solution</td><td>EQ6系统电源电压采样  \n系统需求需要MCU对LP87702、TPS62872、SA23002、TPS22918和摄像头端的电压VCC3V3_EQ，VCC1V8，VCC1V1，VCC0V75，0V75_MIPI_DDR、VCC3V3_CAM，VCC_1V8_CAM、VCC1V1_CAM进行ADC采样和异常监控。其中VCC1V8，VCC1V1，VCC0V75，0V75_MIPI_DDR，VCC_1V8_CAM、VCC1V1_CAM电压范围未超量程对电压直接采样。VCC3V3_EQ和VCC3V3_CAM经过两个10K 1%精度电阻分压后采样。VCC3V3_EQ用AN2引脚采样，VCC1V8用AN3引脚采样，VCC1V1用AN4引脚采样，VCC1V8_EQ用AN5引脚采样，VCC3V3_CAM用AN12引脚采样，VCC1V1_CAM用AN13引脚采样，VCC1V8_CAM用AN14引脚采样，VCC0V75_MIPI_DDR用AN18引脚采样，VCC0V75用AN19引脚采样。\nEQ6 system power supply voltage sampling\nThe system requirements specify that the MCU must perform ADC sampling and abnormal monitoring on the voltages VCC3V3_EQ, VCC1V8, VCC1V1, VCC0V75, 0V75_MIPI_DDR, VCC3V3_CAM, VCC_1V8_CAM, and VCC1V1_CAM for the LP87702, TPS62872, SA23002, TPS22918, and camera-side devices. Among these voltages, VCC1V8, VCC1V1, VCC0V75, 0V75_MIPI_DDR, VCC_1V8_CAM, and VCC1V1_CAM have voltage ranges within the measurement range and are directly sampled. VCC3V3_EQ and VCC3V3_CAM are sampled after being divided by two 10K resistors with 1% precision. Specifically, VCC3V3_EQ is sampled using AN2, VCC1V8 using AN3, VCC1V1 using AN4, VCC1V8_EQ using AN5, VCC3V3_CAM using AN12, VCC1V1_CAM using AN13, VCC_1V8_CAM using AN14, 0V75_MIPI_DDR using AN18, and VCC0V75 using AN19.\nCAN&ETH电源电压采样\n系统需求MCU对LP87702、TPS22918的输出电压VCC3V3_ETH，VCC50进行ADC采样和异常监控，VCC3V3_ETH和VCC50经过两个10K 1%精度电阻分压后采样。VCC3V3_ETH用AN8引脚采样，VCC50用AN1引脚采样。\nCAN&ETH power supply voltage sampling\nThe system requirements specify that the MCU must perform ADC sampling and abnormal monitoring on the output voltages VCC3V3_ETH and VCC50 from the LP87702 and TPS22918. Both VCC3V3_ETH and VCC50 are sampled after being divided by two 10K resistors with 1% precision. Specifically, VCC3V3_ETH is sampled using AN8, and VCC50 is sampled using AN1.</td></tr></table>"", ""\n数量统计：4; ID：86; SM Name：Processor mechanism for SPF; SM TSR：The ECU shall integrate the processing platform safety mechanism for SPF._x000D_\nWhen the processor SPF is confirmed, the ECU shall:_x000D_\n1. stop outputing ADAS request and;_x000D_\n2. disable the CAN communication and;_x000D_\n3. reset processing platform._x000D_\nFHTI < 300 ms._x000D_\nWhen the processor SPF is no longer detected after the processor reset, the ECU shall clear the processor SPF.  ——SYS SM \nID：SWRS_TC3XX_006; SM Name：COMMON; SM TSR：In initialization process, the SW shall configure SMU reset type to system reset. ——SYS SM \nID：SWRS_TC3XX_018; SM Name：COMMON; SM TSR：The SW shall enable the lockstep. ——SYS SM \nID：SWRS_TC3XX_020; SM Name：COMMON; SM TSR：软件应该避免PLFASH中出现全0或者全1。如果可能出现全0情况，软件应该使用0x36填充，不能写全1填充。 ——SYS SM \nID：SWRS_TC3XX_021; SM Name：COMMON; SM TSR：软件应保证受CPU0 ENDINIT保护的寄存器被写操作时，正确解开CPU ENDINIT保护，写完寄存器后，再次锁上CPU ENDINIT保护。\n解开CPU ENDINIT保护前，软件应屏蔽中断，防止写寄存器时间超时。\n解开CPU ENDINIT保护后，写寄存器的时间小于1us ——SYS SM \nID：SWRS_TC3XX_016; SM Name：COMMON; SM TSR：After SMU reset, the SW shall read the SMU fault status register and store SMU fault DTC and Snapshot in NVM. \n\nThe SW can clear SMU fault DTC and Snapshot by the diagnostic sevice. （备注：恒润下线时清除Snapshot信息）\n\nThe SW can clear SMU fault DTC and Snapshot if no SMU fault for consecutive TBD ignition cycle .  ——SYS SM "", ""\nNo.：67; Alarm ID：ALM8[9]; Alarm name：External Request Unit Alarm 3; Related SMs：SM[HW]:SCU.ERU:EXT_ALARM_GENERATION; Safety related ?：N; Fault Handling\n(Refer to Note)：• NO ACTION; Status：nan; Person in charge：nan; Comment：nan ——12.1 TC37X_HWSM\nNo.：68; Alarm ID：ALM8[10]; Alarm name：CPU0 Watchdog time-out; Related SMs：SM[HW]:SCU:ENDINIT_WATCHDOG; Safety related ?：N; Fault Handling\n(Refer to Note)：• NO ACTION; Status：nan; Person in charge：nan; Comment：1. ENDINIT Timeout：\n1.1 受CPU0 ENDINIT保护的寄存器被写操作时，需要正确解开CPU ENDINIT保护，写完寄存器后，再次锁上CPU ENDINIT保护。\n1.2. 解开CPU ENDINIT保护前，软件应屏蔽中断，防止写寄存器时间超时。\n1.3. 解开CPU ENDINIT保护后，写寄存器的时间小于1us\n2. Watchdog Timeout\n软件应该按照功能要求，在规定时间内进行喂狗操作。 ——12.1 TC37X_HWSM\nNo.：69; Alarm ID：ALM8[11]; Alarm name：CPU1 Watchdog time-out; Related SMs：SM[HW]:SCU:ENDINIT_WATCHDOG; Safety related ?：N; Fault Handling\n(Refer to Note)：• NO ACTION; Status：nan; Person in charge：nan; Comment：1. ENDINIT Timeout：\n1.1 受CPU1 ENDINIT保护的寄存器被写操作时，需要正确解开CPU ENDINIT保护，写完寄存器后，再次锁上CPU ENDINIT保护。\n1.2. 解开CPU ENDINIT保护前，软件应屏蔽中断，防止写寄存器时间超时。\n1.3. 解开CPU ENDINIT保护后，写寄存器的时间小于1us\n2. Watchdog Timeout\n软件应该按照功能要求，在规定时间内进行喂狗操作。 ——12.1 TC37X_HWSM"", ""\nNo.：70; Alarm ID：ALM8[12]; Alarm name：CPU2 Watchdog time-out; Related SMs：SM[HW]:SCU:ENDINIT_WATCHDOG; Safety related ?：N; Fault Handling\n(Refer to Note)：• NO ACTION; Status：nan; Person in charge：nan; Comment：1. ENDINIT Timeout：\n1.1 受CPU2 ENDINIT保护的寄存器被写操作时，需要正确解开CPU ENDINIT保护，写完寄存器后，再次锁上CPU ENDINIT保护。\n1.2. 解开CPU ENDINIT保护前，软件应屏蔽中断，防止写寄存器时间超时。\n1.3. 解开CPU ENDINIT保护后，写寄存器的时间小于1us\n2. Watchdog Timeout\n软件应该按照功能要求，在规定时间内进行喂狗操作。 ——12.1 TC37X_HWSM\nNo.：71; Alarm ID：ALM8[16]; Alarm name：Safety Watchdog time-out; Related SMs：SM[HW]:SCU:SAFETY_WATCHDOG; Safety related ?：N; Fault Handling\n(Refer to Note)：• NO ACTION; Status：nan; Person in charge：nan; Comment：Safety ENDINIT Timeout：\n1.1 受Safety ENDINIT保护的寄存器被写操作时，需要正确解开Safety ENDINIT保护，写完寄存器后，再次锁上Safety ENDINIT保护。\n1.2. 解开Safety ENDINIT保护前，软件应屏蔽中断，防止写寄存器时间超时。\n1.3. 解开Safety ENDINIT保护后，写寄存器的时间小于1us ——12.1 TC37X_HWSM\nNo.：72; Alarm ID：ALM8[17]; Alarm name：All Watchdogs watchdog time-out. This alarm is a logical OR over all watchdog time-out alarms.; Related SMs：SM[HW]:SCU:ENDINIT_WATCHDOG; Safety related ?：N; Fault Handling\n(Refer to Note)：• NO ACTION; Status：nan; Person in charge：nan; Comment：nan ——12.1 TC37X_HWSM"", ""<table><tr><td>HM ID</td><td>F13</td></tr><tr><td>运行模式\nOperation Mode</td><td>SHUTDOWN、READ OTP、STANDBY、ACTIVE</td></tr><tr><td>模式定义\nDefinition of Operation mode</td><td>SHUTDOWN\nNRST电压低于阈值。LP87702-Q1器件停止工作。\nREAD OTP\n电源电压VANA高于VANAUVLO电平，并且NRST电压高于阈值电平。电压转换器被禁用，LP87702-Q1的参考电平和偏置电路被启用。OTP配置被加载到寄存器。\nSTANDBY\n电源电压VANA高于VANAUVLO水平，NRST电压高于阈值水平。电压转换器被禁用，LP87702-Q1的参考电平、控制和偏压电路被启用。所有的寄存器都可以被主机处理器通过系统串口读写。电压转换器可以根据需要进行使能输出。\nACTIVE\n电源电压VANA高于VANAUVLO水平，NRST电压高于阈值水平。稳压DC/DC变换器处于使能状态。所有的寄存器都可以被MCU通过系统串口读写。\nSHUTDOWN\nAfter the enable signal MCU_OV75_MIPI_DDR_EN=L, the secondary power stops the 0V75_MIPI_DDR power supply. \nREADY OTP\nThe supply voltage VANA is above the VANAUVLO level, and the NRST voltage is above the threshold level. The voltage converter is disabled and the reference level and bias circuits of the LP87702-Q1 are enabled. The OTP configuration is loaded into the register.\nSTANDBY\nThe supply voltage VANA is above the VANAUVLO level and the NRST voltage is above the threshold level. The voltage converter is disabled and the reference level, control, and bias circuits of the LP87702-Q1 are enabled. All registers can be read and written by the host processor through the system serial port. The voltage converter can perform enabling output as needed.\nACTIVE\nThe supply voltage VANA is above the VANAUVLO level and the NRST voltage is above the threshold level. The regulated DC/DC converter is in the enabled state. All the registers can be read and written by the MCU through the system serial port. </td></tr><tr><td>模式切换接口\nMode switching interface</td><td></td></tr><tr><td>模式状态机\nMode state machine</td><td></td></tr><tr><td>模式切换条件\nMode switching condition</td><td>参考：\n产品系统需求规格说明\n产品系统方案设计说明书\nReference: \nProduct system requirement specification \nProduct system scheme design specification.</td></tr><tr><td>备注\nNote</td><td>1、VANAUVLO阈值电压\n\n2、NRST阈值电压\n</td></tr><tr><td>备注\nNote</td><td></td></tr></table>"", ""<table><tr><td>HM ID</td><td>F24</td></tr><tr><td>运行模式\nOperation Mode</td><td>正常模式、复位模式，待机模式，断电模式，休眠模式\nNormal mode, reset mode, standby mode, power off mode, sleep mode</td></tr><tr><td>模式定义\nDefinition of Operation mode</td><td>1、\t正常模式\n模块上电，正常运行模式，以太网收发正常。MDIO可以访问，Link处于连接状态。\n2、\t复位模式\nUV或Reset event时，PHY芯片将进行复位，在Reset期间将无法LINKUP，MDIO无法总线访问\n待机模式\n仅当PHY为MASTER且配置成管理模式时，上电自动进入待机模式。如果是自动模式，上电后自动进入正常模式。\n4、\t断电模式\n当任何一个电源轨低于POR阈值（0.6V）时，PHY处于断电状态，所有数字IO都将保持高阻态。\n休眠模式\n当有休眠指令且MDI总线空闲时，将进入休眠模式，除了能量检测外，禁用所有PHY模块。在睡眠模式下，所有寄存器配置都会丢失。\nNormal mode\nPower on，Normal Run mode, Ethernet transceiver is normal. MDIO is accessible and Link is in a connected state.\nReset mode\nUV or Reset event, the PHY chip will Reset, during reset will not be able to LINKUPMDIO cannot bus access.\nStandby mode\nThe device will automatically enter standby mode upon power-up only if*the PHY is configured in Master mode and set to managed mode. If the PHY operates in auto mode, it will automatically enter normal mode after power-on.\n4. Sleep mode\nThe PHY enters sleep mode when a sleep command is issued and the MDI bus is idle. In this mode, all PHY modules are disabled except for energy detection functionality. Note that all register configurations will be lost during sleep mode.</td></tr><tr><td>模式切换接口\nMode switching interface</td><td></td></tr><tr><td>模式状态机\nMode state machine</td><td></td></tr><tr><td>模式切换条件\nMode switching condition</td><td>参考：\n产品系统需求规格说明\n产品系统方案设计说明书\nReference: \nProduct system requirement specification \nProduct system scheme design specification.</td></tr><tr><td>备注\nNote</td><td></td></tr></table>"", ""VOUT(VIN - VoUT\nIL(PP) = VU(NxLxW)"", ""<table><caption> Figure 9-22. CONTROL1 Register</caption>\n<tr><td colspan=2 >7 6 RESET SSCEN R/W-0b R/W-0b</td><td colspan=4 >5 3 2 SWEN FPWMEN DISCHEN HICCUPEN R/W-1b R/W-0b R/W-1b R/W-0b</td><td  >VRAMP R/W-10b</td></tr>\n</table>"", ""<table>\n<tr><td></td><td></td><td></td><td  >MIN</td><td  >NOM</td><td  >MAX</td><td  >UNIT</td></tr>\n<tr><td  >VIN</td><td  >Input voltage</td><td  >VIN SDA, SCL</td><td  >2.7</td><td></td><td  >6 5</td><td  >V</td></tr>\n<tr><td  >VouT</td><td  >Output voltage</td><td></td><td  >0.4</td><td></td><td  >3.35 V or (ViN - 1.4</td><td></td></tr>\n<tr><td></td><td></td><td></td><td></td><td></td><td  >V)(1)</td><td></td></tr>\n<tr><td></td><td></td><td  >TPS62870-Q1</td><td></td><td></td><td  >6</td><td></td></tr>\n<tr><td></td><td></td><td  >TPS62871-Q1</td><td></td><td></td><td  >9</td><td></td></tr>\n<tr><td  >loUT</td><td  >Output current</td><td  >TPS62872-Q1</td><td></td><td></td><td  >12</td><td  >A</td></tr>\n<tr><td></td><td></td><td  >TPS62873-Q1</td><td></td><td></td><td  >15</td><td></td></tr>\n<tr><td></td><td  >Inductance</td><td></td><td  >110</td><td></td><td  >330</td><td  >nH</td></tr>\n<tr><td></td><td></td><td  >fsw≥2.25MHz andVouT≤1.675V</td><td  >55</td><td></td><td  >330</td><td></td></tr>\n</table>"", ""<table><caption> Table 9-15. CONTROL2 Register Field Descriptions</caption>\n<tr><td  >Bit</td><td  >Field</td><td  >Type</td><td  >Reset</td><td  >Description</td></tr>\n<tr><td  >7-4</td><td  >RESERVED</td><td  >R</td><td  >0000b</td><td  >Reserved for future use. For compatibility with future device variants,</td></tr>\n<tr><td></td><td></td><td></td><td></td><td  >program these bits to 0.</td></tr>\n<tr><td  >3-2</td><td  >VRANGE</td><td  >R/W</td><td  >10b</td><td  >Output voltage range</td></tr>\n<tr><td></td><td></td><td></td><td></td><td  >00b = 0.4 V to 0.71875 V in 1.25-mV steps</td></tr>\n<tr><td></td><td></td><td></td><td></td><td  >01b = 0.4 V to 1.0375 V in 2.5-mV steps</td></tr>\n<tr><td></td><td></td><td></td><td></td><td  >10b = 0.4 V to 1.675 V in 5-mV steps</td></tr>\n<tr><td></td><td></td><td></td><td></td><td  >11b = 0.8 V to 3.35 V in 10-mV steps</td></tr>\n<tr><td  >1-0</td><td  >SSTIME</td><td  >R/W</td><td  >01b</td><td  >Soft-start ramp time </td></tr>\n<tr><td></td><td></td><td></td><td></td><td  >00b = 0.5 ms</td></tr>\n<tr><td></td><td></td><td></td><td></td><td  >01b = 1 ms</td></tr>\n<tr><td></td><td></td><td></td><td></td><td  >10b = 2 ms</td></tr>\n<tr><td></td><td></td><td></td><td></td><td  >11b = 4 ms</td></tr>\n</table>"", ""<table><caption> Table 9-14. CONTROL1 Register Field Descriptions</caption>\n<tr><td colspan=2 rowspan=3 >Bit Field 7 RESET SSCEN 5 SWEN 4 FPWMEN</td><td colspan=3 rowspan=3 >Type Reset Description R/W Ob Reset device Ob = No effect  1b = Resets all registers to their default values Reading this bit always returns 0. R/W Ob Spread spectrum clocking enable Ob = SSC operation disabled  1b = SSC operation enabled R/W 1b Softwareenable Ob = Switching disabled (register values retained)  1b = Switching enabled (without the enable delay) R/W Ob Forced PWM enable Ob = Power-save operation enabled  1b = Forced-PwM operation enabled This bit is logically ORed with the MODE/SYNC pin. If a high level or a synchronization clock is applied to the MODE/SYNC pin, the </td></tr>\n\n\n<tr><td  >3 2 1-0</td><td  >DISCHEN HICCUPEN VRAMP</td><td  >R/W R/W R/W</td><td  >1b Ob 10b</td><td  >device operates in forced-PWM, regardless of the state of this bit. Output discharge enable Ob = Output discharge disabled 1b = Output discharge enabled  Hiccup operation enable Ob = Hiccup operation disabled  1b = Hiccup operation enabled. Do not enable hiccup operation during stacked operation. Output voltage ramp speed when changing from one output voltage setting to another 00b = 10 mV/μs 01b = 5 mV/μs</td></tr>\n<tr><th></th><th></th><th></th><th></th><th  >10b = 1.25 mV/μs 11b = 0.5 mV/uμs</th></tr>\n</table>"", ""<table><caption> Device Information</caption>\n<tr><td colspan=3 rowspan=3 >Part Number Current Rating Package TPS62870-Q1 6A TPS62871-Q1 9A RXS (VQFN-FCRLF, TPS62872-Q1 12 A 16) TPS62873-Q1 15 A</td></tr>\n\n</table>"", ""<table><caption> Table 9-16. CONTROL3 Register Field Descriptions</caption>\n<tr><td  >Bit</td><td  >Field</td><td  >Type</td><td  >Reset</td><td  >Description</td></tr>\n<tr><td  >7-2</td><td  >RESERVED</td><td  >R</td><td  >00000Ob</td><td  >Reserved for future use. For compatibility with future device variants,</td></tr>\n<tr><td></td><td></td><td></td><td></td><td  >program these bits to 0.</td></tr>\n<tr><td  >1</td><td  >SINGLE</td><td  >R/W</td><td  >Ob</td><td  >Single operation. This bit controls the internal EN pulldown and</td></tr>\n<tr><td></td><td></td><td></td><td></td><td  >SYNCOUT functions.</td></tr>\n<tr><td></td><td></td><td></td><td></td><td  >Ob = EN pin pulldown and SYNCOUT enabled 1b = EN pin pulldown and SYNCOUT disabled. Do not use during </td></tr>\n<tr><td></td><td></td><td></td><td></td><td  >stacked operation.</td></tr>\n<tr><td  >0</td><td  >PGBLNKDVS</td><td  >R/W</td><td  >Ob</td><td  >Power-good blanking during DvS </td></tr>\n<tr><td></td><td></td><td></td><td></td><td  >Ob = PG pin reflects the output of the window comparator.</td></tr>\n<tr><td></td><td></td><td></td><td></td><td  > 1b = PG pin is high impedance during DVS.</td></tr>\n</table>""]","{""original_context_count"": 30, ""original_context_characters"": 29801, ""scored_context_count"": 4, ""scored_context_characters"": 1481, ""contexts_truncated"": true, ""context_selection"": ""claim_coverage"", ""selected_evidence_ids"": [""document:b6943ae371d76077""], ""selected_claim_ids"": [""sq_1:claim_1"", ""sq_2:claim_1"", ""sq_3:claim_1""], ""excluded_evidence_ids"": [""circuit:21:module_connection:Group 15 · Power/PMIC:Group 17 · Power/PMIC:GND"", ""circuit:21:module_connection:Group 15 · Power/PMIC:Group 18 · Power/PMIC:GND"", ""circuit:21:module_connection:Group 15 · Power/PMIC:Group 6 · Power/PMIC:GND"", ""circuit:21:module_connection:Group 17 · Power/PMIC:Group 18 · Power/PMIC:GND"", ""circuit:21:module_connection:Group 17 · Power/PMIC:Group 18 · Power/PMIC:MCU_SCL_P15.4"", ""circuit:21:module_connection:Group 17 · Power/PMIC:Group 18 · Power/PMIC:MCU_SDA_P15.5"", ""circuit:21:module_connection:Group 17 · Power/PMIC:Group 6 · Power/PMIC:GND"", ""circuit:21:net:MCU_nINT_PMIC_P12.1"", ""document:0987620a09f7a3bf"", ""document:0eb6659a764f4d29"", ""document:18855329310af467"", ""document:1af21ab62c4c25b4"", ""document:29cc1a9be32b6d7f"", ""document:44c4021cbbe6e903"", ""document:4e638b9fb82d4ad2"", ""document:4ea5e2dfbd7944c0"", ""document:5e69a562758e3536"", ""document:6620a6e887eb13f5"", ""document:75867bb47659ec25"", ""document:9d920781cf0beed8"", ""document:a6f318d1053a4c7e"", ""document:aad8bd920bc191c1"", ""document:d1ab42c46d3af5a6"", ""document:d69d04d302326d46"", ""document:dd6d958dffe7c372"", ""document:e009271cdfd15786"", ""document:e1cc3eaeb1e15088"", ""document:ea7b2234534382bf"", ""document:f4318d00b223c30b""]}",0.5040212529980258,0.3627691015694101,0.625,not_applicable,0.0,0.0,0.5,0.0,not_applicable
hw-v1-joint-vcc0v75,success,0.75V 电源由哪颗芯片产生，输入是什么，文档有什么配置要求？,U1800 是 TPS62872，VIN 接 VCC3V3，VOSNS 对应 VCC0V75；配置要求见 HSI 7.3 节 TPS62872 配置。,"0.75V电源由两颗独立的芯片产生，分别是**TPS62872**（产生VCC0V75）和**SA23002**（产生VCC0V75_MIPI_DDR），两者的输入均为VCC3V3。文档中对应的配置要求包括使能控制、I2C通信设置、电压精度及采样要求。

**1. 0.75V电源由哪颗芯片产生？**
- **TPS62872**：用于产生VCC0V75，为EQ6的内核供电【11†L4-L5】【14†L22-L24】。
- **SA23002**：用于产生VCC0V75_MIPI_DDR，为EQ6的IO口供电【12†L2-L3】【13†L4-L5】。

**2. 该芯片的输入是什么？**
- 两颗芯片的输入均为 **VCC3V3**【11†L4-L5】【13†L4-L5】【14†L22-L24】。

**3. 文档中对该电源的配置要求有哪些？**
- **使能控制**：
  - TPS62872（VCC0V75）由MCU的 **P22.0** 引脚（网络名：MCU_VCC0V75_EN）控制使能，高电平使能，低电平关断【18†L18-L24】。该引脚上电默认需配置为高阻态，且硬件外部下拉【18†L23】。
  - SA23002（VCC0V75_MIPI_DDR）由MCU的 **P22.1** 引脚（网络名：MCU_VCC0V75_MIPI_DDR_EN）控制使能，高电平使能，低电平关断【12†L5-L6】【18†L18-L24】。该引脚上电默认需配置为高阻态，且硬件外部下拉【12†L6】。
- **I2C通信配置**（仅TPS62872）：
  - 通过MCU的 **MCU_SDA_P15.5** 和 **MCU_SCL_P15.4** 引脚进行I2C通信，设置输出电压和通信【11†L9-L10】【14†L22-L24】。
- **电压精度与采样要求**：
  - VCC0V75（TPS62872输出）的电压精度要求为 **0.75V ± 3%**【17†L8-L9】。
  - VCC0V75_MIPI_DDR（SA23002输出）的电压精度要求为 **0.75V ± 5%**【16†L2-L3】。
  - MCU通过ADC采样脚对两路电压进行监控，采样计算方式为：`U0V75 = 3.3 * ADC值 / 1024`，并要求硬件滤波截止频率≥121.7Hz，滤波时间≤1.6ms【16†L8-L9】【17†L7-L8】。
- **电路参数要求**（仅TPS62872，来自器件手册）：
  - 输入电压VIN范围：**2.7V 至 6V**【20†L3-L4】。
  - 输出电压范围：**0.4V 至 3.35V**【20†L5-L7】。
  - 输出电流能力：最大 **12A**（对应TPS62872-Q1型号）【20†L10-L12】。
  - 电感量要求：**110nH 至 330nH**；若开关频率≥2.25MHz且输出电压≤1.675V，电感量范围为 **55nH 至 330nH**【20†L13-L15】。","0.75V电源由两颗独立的芯片产生，分别是**TPS62872**（产生VCC0V75）和**SA23002**（产生VCC0V75_MIPI_DDR），两者的输入均为VCC3V3。文档中对应的配置要求包括使能控制、I2C通信设置、电压精度及采样要求。

**1. 0.75V电源由哪颗芯片产生？**
- **TPS62872**：用于产生VCC0V75，为EQ6的内核供电【11†L4-L5】【14†L22-L24】。
- **SA23002**：用于产生VCC0V75_MIPI_DDR，为EQ6的IO口供电【12†L2-L3】【13†L4-L5】。

**2. 该芯片的输入是什么？**
- 两颗芯片的输入均为 **VCC3V3**【11†L4-L5】【13†L4-L5】【14†L22-L24】。

**3. 文档中对该电源的配置要求有哪些？**
- **使能控制**：
  - TPS62872（VCC0V75）由MCU的 **P22.0** 引脚（网络名：MCU_VCC0V75_EN）控制使能，高电平使能，低电平关断【18†L18-L24】。该引脚上电默认需配置为高阻态，且硬件外部下拉【18†L23】。
  - SA23002（VCC0V75_MIPI_DDR）由MCU的 **P22.1** 引脚（网络名：MCU_VCC0V75_MIPI_DDR_EN）控制使能，高电平使能，低电平关断【12†L5-L6】【18†L18-L24】。该引脚上电默认需配置为高阻态，且硬件外部下拉【12†L6】。
- **I2C通信配置**（仅TPS62872）：
  - 通过MCU的 **MCU_SDA_P15.5** 和 **MCU_SCL_P15.4** 引脚进行I2C通信，设置输出电压和通信【11†L9-L10】【14†L22-L24】。
- **电压精度与采样要求**：
  - VCC0V75（TPS62872输出）的电压精度要求为 **0.75V ± 3%**【17†L8-L9】。
  - VCC0V75_MIPI_DDR（SA23002输出）的电压精度要求为 **0.75V ± 5%**【16†L2-L3】。
  - MCU通过ADC采样脚对两路电压进行监控，采样计算方式为：`U0V75 = 3.3 * ADC值 / 1024`，并要求硬件滤波截止频率≥121.7Hz，滤波时间≤1.6ms【16†L8-L9】【17†L7-L8】。
- **电路参数要求**（仅TPS62872，来自器件手册）：
  - 输入电压VIN范围：**2.7V 至 6V**【20†L3-L4】。
  - 输出电压范围：**0.4V 至 3.35V**【20†L5-L7】。
  - 输出电流能力：最大 **12A**（对应TPS62872-Q1型号）【20†L10-L12】。
  - 电感量要求：**110nH 至 330nH**；若开关频率≥2.25MHz且输出电压≤1.675V，电感量范围为 **55nH 至 330nH**【20†L13-L15】。","[""Net MCU_VCC0V75_MIPI_DDR_EN connects R1813.&2, TP1813.&1, U1804.EN, U900E.P22.1/ASCLIN7_ARXE/QSPI3_MRSTD/ASCLIN3_ATX/QSPI3_MRST/ASCLIN7_ATX."", ""Net MCU_VCC0V75_EN connects R1801.&1, R1806.&2, TP1807.&1, U900E.P22.0/ASCLIN6_ARXE/QSPI3_MTSRD/ASCLIN3_ATX/QSPI3_MTSR/ASCLIN6_ATX."", ""Net VCC0V75 connects C1806.&1, C1807.&1, C1808.&1, C1809.&1, C1810.&1, C1813.&2, C1814.&1, C1815.&1, C1816.&1, C1817.&1, C700.&1, C701.&1, C702.&1, C703.&1, C704.&1, C705.&1, C706.&1, C708.&1, C709.&1, C710.&1, C713.&1, C714.&1, C716.&1, C717.&1, C718.&1, C720.&1, C721.&1, C722.&1, C725.&1, C726.&1, C727.&1, C728.&1, C729.&1, C730.&1, C731.&1, C732.&1, L1800.&2, R1107.&1, R1819.&2, TP1800.&1, U1800.VOSNS, U400-3.VDD_CORE1, U400-3.VDD_CORE10, U400-3.VDD_CORE11, U400-3.VDD_CORE12, U400-3.VDD_CORE13, U400-3.VDD_CORE14, U400-3.VDD_CORE15, U400-3.VDD_CORE16, U400-3.VDD_CORE17, U400-3.VDD_CORE18, U400-3.VDD_CORE19, U400-3.VDD_CORE2, U400-3.VDD_CORE20, U400-3.VDD_CORE21, U400-3.VDD_CORE22, U400-3.VDD_CORE23, U400-3.VDD_CORE24, U400-3.VDD_CORE25, U400-3.VDD_CORE26, U400-3.VDD_CORE27, U400-3.VDD_CORE28, U400-3.VDD_CORE29, U400-3.VDD_CORE30, U400-3.VDD_CORE31, U400-3.VDD_CORE32, U400-3.VDD_CORE33, U400-3.VDD_CORE4, U400-3.VDD_CORE5, U400-3.VDD_CORE6, U400-3.VDD_CORE7, U400-3.VDD_CORE8, U400-3.VDD_CORE9, U400-3.VDD_CORE34, U400-3.VDD_CORE3."", ""Instance L1600: inductor, 20200221008, 2.2uH, INDM370p470x420x200."", ""Instance L1601: inductor, 20190410004, 4.7uH, INDM605P730X680X280."", ""Instance L1700: inductor, 20200221007, 0.47uH, INDM370p470x420x120."", ""Instance L1701: inductor, 20161026003, 1uH, INDC2520X120."", ""Instance L1702: inductor, 20161026003, 1uH, INDC2520X120."", ""Instance L1800: inductor, 20211112030, 65nH, INDM420X400X400."", ""Instance L1801: inductor, 20161026003, 1uH, INDC2520X120."", ""<table><tr><td>HM ID</td><td>F14</td></tr><tr><td>模块功能 \nModule Function</td><td>VCC3V3转VCC0V75应用于EQ6的内核供电，要求输出电流能力大，现选型TI的方案TPS62872。\nVCC3V3 to VCCOV75 is applied to the kernel power supply of EQ6, which requires large output current capacity. TI's scheme TPS62872 is selected.</td></tr><tr><td>模块框图\nModule diagram</td><td></td></tr><tr><td>模块方案\nModule solution</td><td>\t采用TPS62872电源芯片，将VCC3V3转换为VCC0V75，提供给EQ6核电供电。用MCU的P22.0引脚使能芯片，用MCU_SDA_P15.5，MCU_SCL_P15.4引脚I2C通信来设置输出电压和通信。\nTPS62872 power chip is used to convert VCC3V3 to VCCOV75, which is supplied to EQ nuclear power supply. P22.0 pin of MCU is used to enable chip, MCU_SDA_P15.5, MCU_SCL_P15.4 pin I2C communication is used to set output voltage and communication. +</td></tr></table>"", ""\nHW Interface Component ：QM; None：F15/POWER; None：1、电源转换芯片SA23002，VCC3V3转VCC0V75_MIPI_DDR。\n2、SA23002由MCU进行使能和关断控制。; MCU Component ：F01/MCU; None：QM; None：P19; None：P22.1; None：P22.1/GTM_TIM1_IN0_8/GTM_TIM0_IN0_8/QSPI4_MRSTB/GTM_TOUT48/QSPI4_MRST/QSPI4_SCLKP; None：GPIO; None：MCU_VCC0V75_MIPI_DDR_EN; None：/; None：O; None：VCC0V75_MIPI_DDR电源使能控制信号\n高：使能VCC0V75_MIPI_DDR电源\n低：关断VCC0V75_MIPI_DDR电源; None：HI-Z, 硬件外部下拉; None：—; SW Variable Name or SW Function Name：— ——Port1\nECU Connector：X2000-54; None：SPI Communction; HW Interface Component ：B; None：F02/EYEQ6L; None：MCU_SPI0（slave）\nEQ6L_SPI0（master）\n速率：10Mbps; MCU Component ：F01/MCU; None：B; None：E20; None：P20.11; None：P20.11/GTM_TIM3_IN7_6/GTM_TIM2_IN7_6/QSPI0_SCLKA/GTM_TOUT67/QSPI0_SCLK; None：QSPI0_SCLKA; None：MCU_SPI0_CLK_P20.11; None：/; None：I; None：EQ发送SPI时钟信号到MCU\nMCU配置为内置下拉（SPI模式配置为：极性CPOL=0，相位CPHA=1）; None：HI-Z; None：—; SW Variable Name or SW Function Name：— ——Port1\nECU Connector：X2000-57; MCU Component ：F01/MCU; None：B; None：D20; None：P20.13; None：P20.13/GTM_TIM3_IN1_4/GTM_TIM2_IN1_4/QSPI0_SLSIA/GTM_TOUT69/QSPI0_SLSO2/QSPI1_SLSO2/QSPI0_SCLK; None：QSPI0_SLSIA; None：MCU_SPI0_CS_P20.13; None：/; None：I; None：EQ发送SPI片选信号到MCU\nMCU配置为内置上拉（SPI模式配置为：极性CPOL=0，相位CPHA=1）; None：HI-Z; None：—; SW Variable Name or SW Function Name：— ——Port1"", ""<table><tr><td>HM ID</td><td>F15</td></tr><tr><td>模块功能 \nModule Function</td><td>VCC3V3转0V75_MIPI_DDR应用于EQ6的IO口供电，现使用矽力杰的SA23002进行设计。\nVCC3V3 to 0V75_MIPI_DDR for EQ6 IO port power supply, Silergy’s SA23002 is designed.</td></tr><tr><td>模块框图\nModule diagram</td><td></td></tr><tr><td>模块方案\nModule solution</td><td>采用SA23002电源芯片，将VCC3V3转换为0V75_MIPI_DDR，提供给EQ6的IO口供电。用MCU的P22.1引脚使能该芯片。\nSA23002 power chip is used to convert VCC3V3 to 0V75_MIPI_DDR to supply power to the I/O port of EQ6. The P22.1 pin of the MCU is used to enable the chip. \n</td></tr></table>"", ""<table><tr><td>HM ID</td><td>F11/F12/F13/F14/F15/F16/F17/F18/F19/F25/F27</td></tr><tr><td>模块功能 \nModule Function</td><td>系统使用车载电池12V电压供电，经过EMI电路后输入至电源转换芯片，转换输出系统各模块所需电源。\nThe system uses 12V voltage power supply from the vehicle battery, which is input to the power conversion chip through the EMI circuit. Then the power conversion chip convert and output the power required by each module of the system.</td></tr><tr><td>模块框图\nModule diagram</td><td></td></tr><tr><td>模块方案\nModule solution</td><td>KL30 EMI (ASIL-B)\nKL30供电口处增加EMI电路，用于供电保护和滤波。硬件电路设计在UBD网络增加两个串联ESD电容，PCB布局靠近主连接器引脚处，用于吸收外部ESD信号，后端增加双向TVS管用于瞬态过压保护\nThe EMI circuit is added at the KL30 power supply port for power supply protection and filtering. The hardware circuit design adds two series ESD capacitors in the UBD network, the PCB layout is close to the main connector pin for absorbing external ESD signals, and the two-way TVS tube is added at the back end for transient overvoltage protection.\nKL30 to VCC3V3 (ASILB)\nKL30转VCC3V3是系统一级DC-DC，给MCU提供VCC3V3_MCU电源，所以系统要求其满足ASILB，确保MCU功能安全。\nKL30 to VCC3V3 is a system primary DC-DC chip, because the MCU needs VCC3V3_MCU power supply, so the system requires it to meet the ASILB to ensure the functional safety of the MCU.\nVCC3V3_MCU to VCC1V25_MCU(ASILB)\n3V3转1V25_MCU是使用MCU内置控制器进行控制的BUCK电源，用于MCU的核供电，功能安全需求达到ASILB，确保MCU功能安全。\n3V3 to 1V25_MCU is a BUCK power supply controlled by MCU built-in controller, which is used for MCU nuclear power supply. Functional safety requirements meet ASILB to ensure the functional safety of MCU.\nVCC3V3 to VCC0V75(QM(B))\nVCC3V3转VCC0V75应用于EQ6的内核供电，要求输出电流能力大，现选型TI的电源方案TPS62872。用MCU的P22.0引脚使能芯片，用MCU_SDA_P15.5，MCU_SCL_P15.4引脚I2C通信来设置输出电压和通信。\nVCC3V3 to VCC0V75 is applied to the core power supply of EQ6, which requires large output current capacity. The power supply scheme TPS62872 of TI is selected. P22.0 pin of MCU is used to enable the chip, and MCU_SDA_P15.5, MCU_SCL_P15.4 pin I2C communication is used to set the output voltage and communication. \nVCC3V3 to 0V75_MIPI_DDR(QM(B))\nVCC3V3转0V75_MIPI_DDR用于EQ6的IO口供电，现使用矽力杰的SA23002进行设计。用MCU的P22.1引脚使能该芯片。\nVCC3V3 to 0V75_MIPI_DDR for EQ6 IO port power supply, Silergy’s SA23002 is designed. The P22.1 pin of the MCU is used to enable the chip.\nVCC3V3转VCC1V8、VCC1V1、VCC50(QM(B))\nVCC1V8用于EQ6、CAM、DDR、FLASH供电，VCC1V1用于EQ6、DDR供电，VCC50用于CAN收发器供电，现选择LP87702 PMIC方案。用MCU的P15.3引脚使能该芯片的5V输出，用MCU_SCL_P15.4，MCU_SDA_P15.5 I2C通信来设置1.8V和1.1V输出电压和使能。\nVCC1V8 is used for EQ6, CAM, DDR, FLASH power supply, VCC1V1 is used for EQ6, DDR power supply, VCC50 is used for CAN transceiver  power supply, LP87702 PMIC scheme is selected. P15.3 pin of MCU is used to enable 5V output of the chip, and MCU_SCL_P15.4, MCU_SDA_P15.5 I2C communication is used to set 1.8V and 1.1V output voltage and enable it. \nVCC3V3 to VCC3V3_EQ(QM(B))\nVCC3V3转VCC3V3_EQ用于EQ6的IO和摄像头供电，现使用负载开关进行设计。用MCU的P20.3引脚使能该芯片。\nVCC3V3 to VCC3V3_EQ for EQ6’s IO and camera power supply, now using the load switch is designed. .The P20.3 pin of the MCU is used to enable the chip.\n\tVCC3V3 to VCC3V3_ETH(QM)\n3V3转3V3_ETH用于ETH供电，现选择负载开关方案。用MCU的P21.0引脚使能该芯片。\n3V3 to 3V3_ETH for ETH power supply, the load switch scheme is selected. . The P21.0 pin of the MCU is used to enable the chip.\n\tVCC1V8 to VCC1V8_EQ(QM(B))\nVCC1V8转VCC1V8_EQ用于EQ供电，现选择负载开关方案。用MCU的P20.0引脚使能该芯片。\nVCC1V8 to VCC1V8_EQ for EQ power supply, the load switch scheme is selected. . The P20.0 pin of the MCU is used to enable the chip.</td></tr><tr><td colspan='2'></td></tr></table>"", ""<table><tr><td>HM ID</td><td>F01</td></tr><tr><td>模块功能 \nModule Function</td><td>32位MCU芯片TC377最小系统模块有SAK-TC377TP-96F300S AA主控芯片和晶体、硬件配置组成，实现SAK-TC377TP-96F300S AA最小硬件系统工作单元，功能安全等级最高可达到ASIL-D，满足应用要求。\n32-bit MCU chip TC377 minimum system module has SAK-TC377TP-96F300S AA main control chip and crystal, hardware configuration, to achieve SAK-TC377TP-96F300S AA minimum hardware system work unit, functional safety level up to ASIL-D, meet the application requirements. </td></tr><tr><td>模块框图\nModule diagram</td><td></td></tr><tr><td>模块方案\nModule solution</td><td>处理器\n根据ADAS产品需求，综合评估选型为32位MCU芯片SAK-TC377TP-96F300S AA， MCU接口资源丰富，功能安全等级最高可达到ASIL-D，满足应用要求。\nProcessor \nAccording to ADAS product requirements, 32-bit MCU chip SAK-TC377TP-96F300S AA is selected through comprehensive evaluation, which has rich MCU interface resources and the highest functional safety level can reach ASIL-D to meet application requirements\n时钟设计\n硬件选型20MHz晶振给MCU提供时钟输入，由其内部PLL等电路完成倍频、分频，供其内核和各模块使用。\nClock design\nHardware selection of clock design 20MHz crystal oscillator provides clock input to MCU, and its internal PLL and other circuits complete frequency doubling and frequency division for its kernel and each module.\n复位及watchdog\n系统复位及看门狗芯片采用LP87702内部看门狗，喂狗方式为窗口喂狗，当喂狗窗口无有效喂狗次数超过OTP配置时，将触发整个系统复位。\na)\t上电时，看门狗芯片对MCU启动过程进行监控，同时对MCU的电源VCC3V3电压进行低压监控，异常时主动复位MCU。\nb)\t运行过程中由看门狗监控MCU运行状态，当MCU程序跑飞时看门狗超时触发复位信号主动复位MCU。\nReset and watchdog\nThe system reset and watchdog chip adopts LP87702 internal watchdog, and the feeding method is window feeding. When the number of effective dog feeding in the feeding window exceeds the OTP configuration, the whole system reset will be triggered. \n When powering on, the watchdog chip monitors the start-up process of MCU, and at the same time, it monitors the low voltage voltage of MCU's power supply VCC3V3, and actively resets MCU when abnormal. \n MCU running status is monitored by watchdog during operation. When MCU program runs, watchdog timeout triggers reset signal and actively reset MCU.\n电源需求\nMCU需要1路VCC3V3_MCU（精度：3.3V±10%）和1路VCC1V25_MCU（精度：1.2-1.35V）供电。\n4. Power demand\nThe MCU needs 1 channel VCC3V3_MCU (accuracy: 3.3V±10%) and 1 channel VCC1V25_MCU (accuracy: 1.2-1.35V) power supply.</td></tr></table>"", ""\nNone：MCU采样EQ6l系统的VCC0V75_MIPI_DDR电源电压\n精度要求：0V75±5%; MCU Component ：F01/ MCU; None：B; None：W4; None：AN18; None：AN18/P40.11/SENT_SENT11A/EVADC_G11CH8/EVADC_G2CH2; None：ADC，分辨率10bit; None：0V75_MIPI_DDR_ACQ; None：/; None：I; None：0V75_MIPI_DDR电压采样\nU0V75_MIPI_DDR_ACQ=3.3*ADC值/1024\n硬件滤波截止频率：≥121.7Hz\n硬件滤波时间：≤1.6ms\n精度要求：0.75V±5%; None：HI-Z; None：—; SW Variable Name or SW Function Name：— ——Port1\nNone：MCU采样摄像头系统的3.3V电源电压，精度要求：3V3±5%; MCU Component ：F01/ MCU; None：B; None：T7; None：AN12; None：AN12/EVADC_G1CH4/EDSADC_EDS0PB; None：ADC，分辨率10bit; None：VCC3V3_CAM_ACQ; None：/; None：I; None：索尼摄像头模组电源3.3V电压采样。\nCAM 3V3电压采样\nU3V3_CAM_ACQ=3.3*ADC值/1024\nU3V3_CAM=U3V3_CAM_ACQ/分压比，分压比=1/2\n精度要求：3.3V±5%; None：HI-Z; None：—; SW Variable Name or SW Function Name：— ——Port1\nNone：MCU采样摄像头的1V1电源电压，精度要求：1~1.2V; MCU Component ：F01/ MCU; None：B; None：W6; None：AN13; None：AN13/EVADC_G1CH5/EDSADC_EDS0NB; None：ADC，分辨率10bit; None：VCC1V1_CAM_ACQ; None：/; None：I; None：索尼摄像头模组电源1.1V电压采样。\nU1V1_ACQ=3.3*ADC值/1024\n精度：1~1.2V\n硬件滤波截止频率：≥121.7Hz\n硬件滤波时间：≤1.6ms; None：HI-Z; None：—; SW Variable Name or SW Function Name：— ——Port1"", ""\nNone：MCU采样EQ6L系统的VCC1V8_EQ电源电压\n精度要求：1V8±5%; MCU Component ：F01/ MCU; None：B; None：Y9; None：AN5; None：AN5/EVADC_G11CH1/EVADC_G0CH5; None：ADC，分辨率10bit; None：1V8_EQ_ACQ; None：/; None：I; None：1V8_EQ电压采样\nU1V8_EQ_ACQ=3.3*ADC值/1024\n精度：1V8_EQ±5%\n硬件滤波截止频率：≥121.7Hz\n硬件滤波时间：≤1.6ms; None：HI-Z; None：—; SW Variable Name or SW Function Name：— ——Port1\nNone：MCU采样EQ6L系统的VCC1V1电源电压\n精度要求：1.06V～1.17V; MCU Component ：F01/ MCU; None：B; None：T9; None：AN4; None：AN4/EVADC_G11CH0/EVADC_G0CH4; None：ADC，分辨率10bit; None：1V1_ACQ; None：/; None：I; None：1V1电压采样\nU1V1_ACQ=3.3*ADC值/1024\n精度：1.06V～1.17V\n硬件滤波截止频率：≥121.7Hz\n硬件滤波时间：≤1.6ms; None：HI-Z; None：—; SW Variable Name or SW Function Name：— ——Port1\nNone：MCU采样EQ6l系统的VCC0V75电源电压\n精度要求：0V75±3%; MCU Component ：F01/ MCU; None：B; None：W3; None：AN19; None：AN19/EVADC_G11CH9/EVADC_G2CH3; None：ADC，分辨率10bit; None：0V75_ACQ; None：/; None：I; None：0V75电压采样\nU0V75_ACQ=3.3*ADC值/1024\n硬件滤波截止频率：≥121.7Hz\n硬件滤波时间：≤1.6ms\n精度要求：0.75V±3.3%; None：HI-Z; None：—; SW Variable Name or SW Function Name：— ——Port1"", ""\nHW Interface Component ：QM（B）; None：F16/POWER; None：1、负载开关TPS22918，VCC3V3转VCC3V3_EQ。\n2、TPS22918由MCU进行使能和关断控制。; MCU Component ：F01/MCU; None：B; None：G20; None：P20.3; None：P20.3/GTM_TIM4_IN5_11/GTM_TIM3_IN4_5/GTM_TIM2_IN4_5/GTM_TOUT61/QSPI0_SLSO9/QSPI2_SLSO9/CAN03_TXD; None：GPIO; None：MCU_3V3_EQ_EN; None：/; None：O; None：VCC3V3_EQ电源使能控制信号\n高：使能VCC3V3_EQ电源\n低：关断VCC3V3_EQ电源; None：HI-Z,硬件外部下拉; None：—; SW Variable Name or SW Function Name：— ——Port1\nHW Interface Component ：QM; None：F17/POWER; None：1、负载开关TPS22918，VCC3V3转VCC3V3_ETH。\n2、TPS22918由MCU进行使能和关断控制。; MCU Component ：F01/MCU; None：QM; None：K17; None：P21.0; None：P21.0/GTM_TIM4_IN0_11/GTM_TIM3_IN4_6/GTM_TIM2_IN4_6/QSPI4_MRSTDN/DMU_FDEST/GTM_TOUT51/HSM_HSM1; None：GPIO; None：MCU_3V3_ETH_EN; None：/; None：O; None：VCC3V3_ETH电源使能控制信号\n高：使能VCC3V3_EQ电源\n低：关断VCC3V3_EQ电源; None：HI-Z, 硬件外部下拉; None：—; SW Variable Name or SW Function Name：— ——Port1\nHW Interface Component ：QM; None：F14/POWER; None：1、电源转换芯片TPS62872，VCC3V3转VCC0V75。\n2、TPS62872由MCU进行使能和关断控制。; MCU Component ：F01/MCU; None：QM; None：P20; None：P22.0; None：P22.0/GTM_TIM1_IN1_7/GTM_TIM0_IN1_7/QSPI4_MTSRB/GTM_TOUT47/QSPI4_MTSR/QSPI4_SCLKN; None：GPIO; None：MCU_VCC0V75_EN; None：/; None：O; None：VCC0V75电源使能控制信号\n高：使能VCC0V75电源\n低：关断VCC0V75电源; None：HI-Z, 硬件外部下拉; None：—; SW Variable Name or SW Function Name：— ——Port1"", ""<table><caption> Device Information</caption>\n<tr><td colspan=3 rowspan=3 >Part Number Current Rating Package TPS62870-Q1 6A TPS62871-Q1 9A RXS (VQFN-FCRLF, TPS62872-Q1 12 A 16) TPS62873-Q1 15 A</td></tr>\n\n</table>"", ""<table>\n<tr><td></td><td></td><td></td><td  >MIN</td><td  >NOM</td><td  >MAX</td><td  >UNIT</td></tr>\n<tr><td  >VIN</td><td  >Input voltage</td><td  >VIN SDA, SCL</td><td  >2.7</td><td></td><td  >6 5</td><td  >V</td></tr>\n<tr><td  >VouT</td><td  >Output voltage</td><td></td><td  >0.4</td><td></td><td  >3.35 V or (ViN - 1.4</td><td></td></tr>\n<tr><td></td><td></td><td></td><td></td><td></td><td  >V)(1)</td><td></td></tr>\n<tr><td></td><td></td><td  >TPS62870-Q1</td><td></td><td></td><td  >6</td><td></td></tr>\n<tr><td></td><td></td><td  >TPS62871-Q1</td><td></td><td></td><td  >9</td><td></td></tr>\n<tr><td  >loUT</td><td  >Output current</td><td  >TPS62872-Q1</td><td></td><td></td><td  >12</td><td  >A</td></tr>\n<tr><td></td><td></td><td  >TPS62873-Q1</td><td></td><td></td><td  >15</td><td></td></tr>\n<tr><td></td><td  >Inductance</td><td></td><td  >110</td><td></td><td  >330</td><td  >nH</td></tr>\n<tr><td></td><td></td><td  >fsw≥2.25MHz andVouT≤1.675V</td><td  >55</td><td></td><td  >330</td><td></td></tr>\n</table>"", ""<table><caption> over operating junction temperature (Tj = -40 °℃ to 150 °C) and Vin = 2.7 V to 6 V. Typical values at Vin = 3.3 V and Tj = 25</caption>\n<tr><th  >°C (unless otherwise noted).</th><th  >PARAMETER</th><th  > TEST CONDITIONS</th><th  >MIN</th><th  >TYP</th><th  >MAX</th><th  >UNIT</th></tr>\n<tr><th  >loH</th><th  >High-level output current (PG)</th><th  >VoH = 3.3 V</th><th></th><th></th><th  >200</th><th  >nA</th></tr>\n<tr><th  >VIH</th><th  >High-level input voltage (PG)</th><th  >Device configured as a secondary device  in stacked operation</th><th  >0.8</th><th></th><th></th><th  >V</th></tr>\n<tr><th  >VIL</th><th  >Low-level input voltage (PG)</th><th  >Device configured as a secondary device  in stacked operation </th><th></th><th></th><th  >0.4</th><th  >V</th></tr>\n<tr><th  >liH</th><th  >High-level input current (PG)</th><th  > Device configured as a secondary device in stacked operation</th><th></th><th></th><th></th><th  >μA</th></tr>\n<tr><th  >IL</th><th  >Low-level input current (PG)</th><th  > Device configured as a secondary device in stacked operation </th><th  >-1</th><th></th><th></th><th  >μA</th></tr>\n<tr><th  >td(PG)</th><th  >Deglitch time (PG)</th><th  > High-to-low or low-to-high transition on  the PG pin </th><th  >34</th><th  >40</th><th  >46</th><th  >μs</th></tr>\n<tr><th  >OUTPUT</th><th></th><th></th><th></th><th></th><th></th><th></th></tr>\n<tr><td  >VouT</td><td  >Output accuracy</td><td  >VIn ≥ Vout + 1.4 V</td><td  >-1</td><td></td><td  >1</td><td  >% </td></tr>\n<tr><th  >IB</th><th  >Input bias current (GOSNS)</th><th  >V(GosNs) = -100 mV to 100 mV </th><th  >-6</th><th></th><th></th><th  >μA</th></tr>\n<tr><th  >IB</th><th  >Input bias current (VOSNS)</th><th  >V(vosns) = 3.3 v, Vin = 6 V</th><th></th><th></th><th  >6</th><th  >μA</th></tr>\n<tr><th  >VicR</th><th  >Input common-mode range (GOSNS)</th><th></th><th  >-100</th><th></th><th  >100</th><th  >mV</th></tr>\n<tr><td></td><td></td><td  >fsw = 1.5 MHz, PWM operation, VIn 3.3 V, Vout = 0.75 V</td><td  >1.35</td><td  >1.5</td><td  >1.65</td><td></td></tr>\n<tr><td></td><td></td><td  >fsw = 2.25 MHz, PWM operation, VIn 3.3 V, Vout = 0.75 V</td><td  >2.025</td><td  >2.25</td><td  >2.475</td><td></td></tr>\n<tr><th  >fsw</th><th  >Switching frequency (SW)</th><th  >fsw = 2.5 MHz, PWM operation, VIn 3.3 V, Vout = 0.75 V</th><th  >2.25</th><th  >2.5</th><th  >2.75</th><th  >MHz</th></tr>\n<tr><td></td><td></td><td  >fsw = 3 MHz, PWM operation, VIn 3.3 V, Vout = 0.75 V</td><td  >2.7</td><td  >3</td><td  >3.3</td><td></td></tr>\n<tr><th  >fmod</th><th  >Frequency of the spread-spectrum sweep</th><th></th><th></th><th  >fsw/2048</th><th></th><th  >kHz</th></tr>\n<tr><th  >△fsw</th><th  > Switching frequency variation during  spread-spectrum operation</th><th></th><th></th><th  >±10%</th><th></th><th></th></tr>\n<tr><th  >T</th><th  >Emulated current time constant</th><th></th><th></th><th  >12.5</th><th></th><th  >μS</th></tr>\n<tr><th  >[DS(on) </th><th  >High-side FET static on-state resistance</th><th  >VIn = 3.3 V</th><th></th><th></th><th  >16</th><th  >mQ</th></tr>\n<tr><th  >[DS(on) </th><th  >Low-side FET static on-state resistance</th><th  >VIn = 3.3 V</th><th></th><th  >4.1</th><th  >9.4</th><th  >mQ</th></tr>\n<tr><th  >I(sw)(off)</th><th  >High-side FET off-state current Low-side FET off-state current</th><th  >VIn = 6 V, V(sw) = 0 v, TJ= 25 °℃ VIn = 6 V, V(sw) = 6 V, T= 25 °℃</th><th  >-1</th><th></th><th  >100</th><th  >μA</th></tr>\n<tr><td></td><td  >TPS62870-Q1</td><td></td><td  >9</td><td  >12</td><td  >14</td><td></td></tr>\n<tr><td  >ILIM</td><td  >High-side FET forward TPS62871-Q1 switch current limit, DC  TPS62872-Q1</td><td></td><td  >12 15</td><td  >16 20</td><td  >18 22</td><td  >A</td></tr>\n<tr><td></td><td  >TPS62873-Q1</td><td></td><td  >18</td><td  >24</td><td  >26</td><td></td></tr>\n<tr><td></td><td  >Low-side FET negative current limit, DC </td><td></td><td  >7.5</td><td></td><td  >12</td><td  >A</td></tr>\n</table>"", ""\nOTHERQUALIFIEDVERSIONSOFTPS62872-Q1,TPS62873-Q1:\n·Catalog :TPS62872,TPS62873\nNOTE: Qualified Version Definitions:\n·Catalog - Tl's standard catalog product\nTAPEANDREELINFORMATION\nPACKAGE MATERIALSINFORMATION\nPLASTIC QUAD FLAT PACK- NO LEAD\nNOTES:\n All linear dimensions are in millimeters. Any dimensions in parenthesis are for reference only. Dimensioning and tolerancing 1.\nper ASME Y14.5M.\nThis drawing is subject to change without notice.2.\nThe package thermal pad must be soldered to the printed circuit board for optimal thermal and mechanical performance.3.\nPLASTICQUADFLATPACK-NOLEAD\n4226093/E 09/2022\nNOTES: (continued)\nThis package is designed to be soldered to a thermal pad on the board. For more information, see Texas Instruments literature4.\nnumberSLUA271(www.ti.com/lit/slua271).\nVias are optional depending on application, refer to device data sheet. If any vias are implemented, refer to their locations shown5.\non this view. It is recommended that vias under paste be flled, plugged or tented.\nSCALE: 15X\nNOTES:(continued)\nLaser cutting apertures with trapezoidal walls and rounded corners may offer better paste release. IPC-7525 may have alternate6.\ndesign recommendations."", ""\n10.4PowerSupplyRecommendations\nThe TPS6287x-Q1 family has no special requirements for its input power supply. The output current rating of the input power supply must be rated according to the supply voltage and current requirements of the TPS6287X-Q1\n10.5Layout\n10.5.1 Layout Guidelines\nAchieving the performance the TPS6287x-Q1 devices are capable of requires proper PDN and PCB design.\nTI therefore recommends the user perform a power integrity analysis on their design. There are a number of commercially available power integrity software tools, and the user can use these tools to model the effects on performance of the PCB layout and passive components.\nIn addition to the use of power integrity tools, Tl recommends the following basic principles:\n· Place the input capacitors close to the VIN and GND pins. Position the input capacitors in order of increasing size, starting with the smallest capacitors closest to the VIN and GND pins. Use an identical layout for both\nVIN-GND pin pairs of the package, to gain maximum benefit from the butterfly configuration.\n·Place the inductor close to the device and keep the SW node small.\n· Connect the exposed thermal pad and the GND pins of the device together. Use multiple thermal vias to\nconnect the exposed thermal pad of the device to one or more ground planes (Tl's EVM uses nine 150-μm\nthermal vias).\n·Use multiple power and ground planes.\n· Route the VOSNS and GOSNS remote sense lines as a differential pair and connect them to the lowest- impedance point of the PDN. If the desired connection point is not the lowest impedance point of the PDN, optimize the PDN until it is. Do not route the VOSNS and GOSNS close to any of the switch nodes.\n· Connect the compensation components between VOSNS and GOSNS. Do not connect the compensation components directly to power ground.\n· If possible, distribute the output capacitors evenly between the TPS6287x-Q1 device and the point-of-load, rather than placing them altogether in one place.\n· Use multiple vias to connect each capacitor pad to the power and ground planes (TI's EVM typically uses four vias per pad).\nUse plenty of stitching vias to ensure a low impedance connection between different power and ground· planes.\nProduct Folder Links: TPS62870-Q1TPS62871-Q1 TPS62872-Q1 TPS62873-Q1"", ""\nThe peak-to-peak inductor current ripple is given by:\n3.3 - 0.75\n2.342A\ninductors from other manufacturers can also be suitable.\n10.2.2.2 Selecting the Input Capacitors\nAs with all buck converters, the input current of the TPS6287x-Q1 devices is discontinuous. The input capacitors provide a low-impedance energy source for the device, and their value, type, and location are critical for correct operation. Tl recommends low-ESR multilayer ceramic capacitors for best performance. In practice, the total\nProduct Folder Links: TPS62870-Q1TPS62871-Q1 TPS62872-Q1 TPS62873-Q1\ninput capacitance is typically comprised of a combination of different capacitors, in which larger capacitors provide the decoupling at lower frequencies and smaller capacitors provide the decoupling at higher frequencies.\nThe TPS6287x-Q1 devices feature a butterfly layout with two pairs of VIN and GND pins on opposite sides of the package. This allows the input capacitors to be placed symmetrically on the PCB so that the electromagnetic fields generated cancel each other out, thereby reducing EMl.\nThe duty cycle of the converter is given by:\nVoUT D = xVT\nwhere\n· Vin is the input voltage.\n· Vout is the output voltage.\n· n is the efficiency.\nThe value of input capacitance needed to meet the input voltage ripple requirements is given by:\nwhere\n· D is the duty cycle.\n·  fsw is the switching frequency.\n· L is the inductance.\n· lout is the output current.\n100mV is used as the input voltage ripple target.\nThe value of Cin calculated with Equation 9 is the effective capacitance after all derating, tolerance, and aging effects have been considered. 5 μF effective capacitance per input pin is required. Tl recommends multilayer ceramic capacitors with an X7R dielectric (or similar) for Cin, and these capacitors must be placed as close to the VIN and GND pins as possible to minimize the loop area.\n capacitors from other manufacturers can also be suitable.\n10.2.2.3 Selecting the Compensation Resistor\nUse Equation 11 to calculate the recommended value of compensation resistor, Rz:\nProduct Folder Links: TPS62870-Q1TPS62871-Q1 TPS62872-Q1 TPS62873-Q1"", ""\n9.3.11 Undervoltage Lockout (UVLO)\nThe device has an undervoltage lockout function that disables the device if the supply voltage is too low for correct operation. The negative-going threshold of the UVLO function is 2.5 V (typical). If the supply voltage decreases below this value, the device stops switching and, if DISCHEN = 1 in the CONTROL1 register, turns on the output discharge.\n9.3.12 Overvoltage Lockout (OVLO)\nThe device has an overvoltage lockout function that disables the DC/DC converter if the supply voltage is too high for correct operation. The positive-going threshold of the OVLO function is 6.3 V (typical). If the supply voltage increases above this value, the device stops switching and, if DISCHEN = 1 in the CONTROL1 register, turns on the output discharge.\nThe device automatically starts switching again - it begins a new soft-start sequence - when the supply voltage falls below 6.2 V (typical)\n9.3.13 Overcurrent Protection\n9.3.13.1 Cycle-by-Cycle Current Limiting\nIf the peak inductor current increases above the high-side current limit threshold, the device turns off the high-side switch and turns on the low-side switch to ramp down the inductor current. The device only turns on the high-side switch again if the inductor current has decreased below the low-side current limit threshold.\nNote that because of the propagation delay of the current limit comparator, the current limit threshold in practice can be greater than the DC value specified in the Electrical Characteristics. The current limit in practice is given by:\nwhere:\n· I, is the inductor current.\n·ILiMH is the high-side current limit threshold measured at DC\nProduct Folder Links: TPS62870-Q1TPS62871-Q1 TPS62872-Q1 TPS62873-Q1"", ""\n9.4 Device Functional Modes\n9.4.1 Power-On Reset\nThe device operates in POR mode when the supply voltage is less than the POR threshold, 1.4 V (typical).\nIn POR mode, no functions are available and the content of the device registers is not valid.\nThe device leaves POR mode and enters UVLO mode when the supply voltage increases above the POR threshold\n9.4.2 Undervoltage Lockout\nThe device operates in UVLO mode when the supply voltage is between the POR and UVLO thresholds.\nIf the device enters UVLO mode from POR mode, no functions are available. If the device enters UVLO mode from standby mode, the output discharge function is available. The content of the device registers is valid in UVLO mode.\nThe device leaves UVLO mode and enters POR mode when the supply voltage decreases below the POR threshold. The device leaves UVLO mode and enters standby mode when the supply voltage increases above the UVLO threshold.\n9.4.3 Standby\nThe device operates in standby mode when the supply voltage is greater than the UVLO threshold (and the device has completed its initialization) and any of the following conditions is true:\n· A low level is applied to the EN pin.\nSWEN = 0 in the CONTROL1 register.· The device junction temperature is greater than the thermal shutdown threshold.\n·The supply voltage is greater than the OVLO threshold.\nThe device initializes for 4o0 μs (typical) after the supply voltage increases above the UVLO threshold voltage following a device power-on reset. If the supply voltage decreases below the UVLO threshold but not below the POR threshold, the device does not reinitialize when the supply voltage increases again. During initialization, the device reads the state of the FSEL, VSEL, and SYNC_OUT pins.\nThe following functions are available in standby mode:\n· I2C interface ·Output discharge ·Power good\nProduct Folder Links: TPS62870-Q1TPS62871-Q1 TPS62872-Q1 TPS62873-Q1\nThe device leaves standby mode and enters UVLO mode when the supply voltage decreases below the UVLO threshold. The device leaves standby mode and enters on mode when all of the following conditions are true:\n· A high-level is applied to the EN pin.\n· SWEN = 1 in the CONTROL1 register.\nThe device junction temperature is below the thermal shutdown threshold.· · The supply voltage is below the OVLO threshold."", ""\nall operating conditions.\nI2C-compatible interface up to 1-MHz Differential remote sensing Optional stacked operation for increased output current capability Thermal warning and thermal shutdown Precise enable input Active output discharge Optional spread-spectrum clocking\n Power-good output with a window comparator·\nAvailable in 2.55-mm × 3.55-mm × 1-mm VQFN package with wettable flanks -40°C to 150°C junction temperature, Tj\n2 Applications\nInfotainment and cluster ADAS FPGA, ASIC, and digital core supply DDR memory supply\nTPS6287x-Q1 Simplified Schematic\nTable of Contents\n9.4 Device Functional Modes.\n30\n1Features.\n 2 Applications.\n9.5 Programming.\n31\n3 Description.\n9.6 Register Map..\n35\n1\n4 Revision History.\n10 Application and Implementation..\n41\n2\n41.\n 5 Description (continued)..\n10.1 Application Information.\n3\n41\n6 Device Options\n10.2 Typical Application.\n3\n7 Pin Configuration and Functions.\n10.3 Best Design Practices.\n49\n.5\n8 Specifications.\n10.4 Power Supply Recommendations...\n50\n..\n8.1 Absolute Maximum Ratings..\n50\n10.5 Layout..\n7\n 11 Device and Documentation Support.\n8.2 ESD Ratings...\n52\n7\n8.3 Recommended Operating Conditions....\n11.1 Device Support..\n.52\n.7\n8.4 Thermal Information..\n11.2 Documentation Support\n52\n.8\n8.5 Electrical Characteristics.\n..8\n11.3 Receiving Notification of Documentation Updates.\n.52\n8.6 I2C Interface Timing Characteristics...\n10\n11.4 Support Resources.\n52\n11.5 Trademarks.\n8.7 Timing Requirements.\n11\n52\n11.6 Electrostatic Discharge Caution..\n8.8 Typical Characteristics.\n12\n52\n11.7 Glossary.\n9 Detailed. Description.......\n.13\n.52.....\n13\n12 Mechanical, Packaging, and Orderable\n9.1 Overview.\n 9.2 Functional Block Diagram..\n14\nInformation....\n52\n 9.3 Feature Description.\n.15\n4 Revision History\nNOTE: Page numbers for previous revisions may differ from page numbers in the current version.\nPage\nChanges from Revision A (July 2022) to Revision B (January 2023)""]","{""original_context_count"": 27, ""original_context_characters"": 30275, ""scored_context_count"": 4, ""scored_context_characters"": 2059, ""contexts_truncated"": true, ""context_selection"": ""claim_coverage"", ""selected_evidence_ids"": [""document:0eb6659a764f4d29""], ""selected_claim_ids"": [""sq_1:claim_1"", ""sq_2:claim_1"", ""sq_3:claim_1""], ""excluded_evidence_ids"": [""circuit:21:instance:L1600"", ""circuit:21:instance:L1601"", ""circuit:21:instance:L1700"", ""circuit:21:instance:L1701"", ""circuit:21:instance:L1702"", ""circuit:21:instance:L1800"", ""circuit:21:instance:L1801"", ""circuit:21:net:MCU_VCC0V75_EN"", ""circuit:21:net:MCU_VCC0V75_MIPI_DDR_EN"", ""circuit:21:net:VCC0V75"", ""document:29cc1a9be32b6d7f"", ""document:35108004bab10732"", ""document:3862b04ac47a9499"", ""document:7a6ae2179c8765b3"", ""document:87e0c61422f91bc3"", ""document:8f20a6d958d9bc2d"", ""document:a75146a5b6179e1f"", ""document:b49ae54de72e34a6"", ""document:b6943ae371d76077"", ""document:b97d439391ffdd91"", ""document:b9fa219b0c7e7569"", ""document:bf52768a2f9667cf"", ""document:cb4d0862c228b66e"", ""document:dd6d958dffe7c372"", ""document:de3eb714c3f4ad8b"", ""document:fb065f5f73229021""]}",0.25641055120330275,0.38325930277029097,0.6,not_applicable,0.9999999999,0.5,0.5,0.16666666666666666,not_applicable
hw-v1-joint-overvoltage,success,3.3V 电源有没有过压保护，是如何实现的？,HSI 2.3.12 节声明存在 3V3 过压保护电路；EDF 只能用于说明观察到的二极管或 TVS 连接拓扑，不能在没有数据手册证据时断言具体阈值或保护能力。,"根据现有证据，关于“3.3V电源有没有过压保护，是如何实现的？”回答如下：

### 结论

**存在**针对特定3.3V网络（VCC3V3_MCU）的硬件过压保护电路，其实现方式是通过一个独立的硬件模块（F18）进行监控和保护。对于系统内其他3.3V电源（如VCC3V3， VCC3V3_EQ, VCC3V3_ETH），现有证据**未明确描述**其输出端具有过压保护功能。

### 支撑证据

#### 1. 3.3V电源的设计文档中是否描述了过压保护功能？

**是**。文档明确描述了针对MCU的3.3V电源（VCC3V3_MCU）的过压保护功能。

*   **来源**：文档[4] 的模块功能列表中将“F18”模块定义为“overvoltage protect”，其功能描述为“用于MCU电源VCC3V3_MCU的外部过压保护”。
*   **来源**：文档[6] 明确说明：“AOU要求MCU需要硬件外部增加过压保护电路对3V3_MCU进行电压监控。”

#### 2. 如果存在过压保护，其在电路设计中的具体实现方式是什么？

**存在**，其实现方式是基于一个带有基准电压和MOSFET（金属氧化物半导体场效应晶体管）开关的电路。

*   **来源**：文档[6] 详细描述了模块F18（3V3过压保护电路）的实现方案，具体工作逻辑如下：
    1.  当VCC3V3电压低于4.03V且高于NMOS管Q1701的VGS（栅源电压）阈值时，NMOS和PMOS（P沟道MOSFET）导通，VCC3V3_SW（受保护的3.3V输出）与VCC3V3直通。
    2.  当VCC3V3电压超过4.03V时，电路的cathode引脚输出逻辑低电平，从而关闭NMOS和PMOS，切断VCC3V3_SW对后级负载的供电，实现过压保护。
    3.  当VCC3V3电压低于Q1701的VGS阈值时，NMOS和PMOS均关闭，VCC3V3_SW无电。

### 缺失信息

*   **对于系统主电源VCC3V3（由F12模块LN10046产生）**：文档[2]和[3] 描述了该电源的转换方案，但**未提及**其输出端集成了过压保护功能。文档[2] 提到的“双向TVS管用于瞬态过压保护”是针对输入电源KL30的EMI电路，并非针对VCC3V3输出的过压保护。
*   **对于其他由VCC3V3衍生出的3.3V电源（如VCC3V3_EQ, VCC3V3_ETH）**：文档[2] 描述了其通过负载开关（如TPS22918）进行供电管理，但**未提及**这些输出具有过压保护功能。","根据现有证据，关于“3.3V电源有没有过压保护，是如何实现的？”回答如下：

### 结论

**存在**针对特定3.3V网络（VCC3V3_MCU）的硬件过压保护电路，其实现方式是通过一个独立的硬件模块（F18）进行监控和保护。对于系统内其他3.3V电源（如VCC3V3， VCC3V3_EQ, VCC3V3_ETH），现有证据**未明确描述**其输出端具有过压保护功能。

### 支撑证据

#### 1. 3.3V电源的设计文档中是否描述了过压保护功能？

**是**。文档明确描述了针对MCU的3.3V电源（VCC3V3_MCU）的过压保护功能。

*   **来源**：文档[4] 的模块功能列表中将“F18”模块定义为“overvoltage protect”，其功能描述为“用于MCU电源VCC3V3_MCU的外部过压保护”。
*   **来源**：文档[6] 明确说明：“AOU要求MCU需要硬件外部增加过压保护电路对3V3_MCU进行电压监控。”

#### 2. 如果存在过压保护，其在电路设计中的具体实现方式是什么？

**存在**，其实现方式是基于一个带有基准电压和MOSFET（金属氧化物半导体场效应晶体管）开关的电路。

*   **来源**：文档[6] 详细描述了模块F18（3V3过压保护电路）的实现方案，具体工作逻辑如下：
    1.  当VCC3V3电压低于4.03V且高于NMOS管Q1701的VGS（栅源电压）阈值时，NMOS和PMOS（P沟道MOSFET）导通，VCC3V3_SW（受保护的3.3V输出）与VCC3V3直通。
    2.  当VCC3V3电压超过4.03V时，电路的cathode引脚输出逻辑低电平，从而关闭NMOS和PMOS，切断VCC3V3_SW对后级负载的供电，实现过压保护。
    3.  当VCC3V3电压低于Q1701的VGS阈值时，NMOS和PMOS均关闭，VCC3V3_SW无电。

### 缺失信息

*   **对于系统主电源VCC3V3（由F12模块LN10046产生）**：文档[2]和[3] 描述了该电源的转换方案，但**未提及**其输出端集成了过压保护功能。文档[2] 提到的“双向TVS管用于瞬态过压保护”是针对输入电源KL30的EMI电路，并非针对VCC3V3输出的过压保护。
*   **对于其他由VCC3V3衍生出的3.3V电源（如VCC3V3_EQ, VCC3V3_ETH）**：文档[2] 描述了其通过负载开关（如TPS22918）进行供电管理，但**未提及**这些输出具有过压保护功能。","[""Net VCC3V3_MCU connects C1109.&1, C1204.&1, C1221.&1, C1303.&1, C1308.&1, C509.&2, C835.&2, C906.&1, C909.&1, C910.&1, C911.&1, C913.&1, C914.&1, C915.&1, C929.&1, DP907.&1, L1703.&2, L901.&1, L902.&1, L903.&2, R1007.&2, R1009.&2, R1115.&2, R1205.&2, R1218.&2, R1229.&2, R1235.&2, R1240.&2, R1241.&2, R1300.&2, R1301.&2, R1309.&2, R1310.&2, R1322.&2, R1328.&2, R1703.&1, R805.&2, R900.&1, R903.&2, R904.&2, R906.&2, R909.&2, R913.&2, R915.&2, R919.&2, R920.&1, R921.&1, U1200.VI/O, U1203.VI/O, U1204.VI/O, U1205.VI/O, U1302.VI/O, U1303.VI/O, U1304.VI/O, U1305.VI/O, U503.VCCB, U900C.VEVRSB, U900C.VEXT, U900C.VEXT, U900C.VEXT, U900C.VEXT, U900C.VEXT, U900C.VFLEX, Y1100.std-by, Y1100.VCC."", ""Observed protection tvs component D1200 connects protected nets CAN0L, CAN0H and ground nets GND; this topology does not confirm short-circuit protection capability."", ""Observed protection tvs component D1201 connects protected nets CAN1L, CAN1H and ground nets GND; this topology does not confirm short-circuit protection capability."", ""Observed protection tvs component D1300 connects protected nets CAN2L, CAN2H and ground nets GND; this topology does not confirm short-circuit protection capability."", ""Observed protection tvs component D1301 connects protected nets CAN3L, CAN3H and ground nets GND; this topology does not confirm short-circuit protection capability."", ""Observed protection tvs component D1400 connects protected nets N22957741, N22957686 and ground nets GND; this topology does not confirm short-circuit protection capability."", ""Observed protection tvs component D1401 connects protected nets N23085748, N23085751 and ground nets GND; this topology does not confirm short-circuit protection capability."", ""Observed protection tvs component D1601 connects protected nets UBD and ground nets GND; this topology does not confirm short-circuit protection capability."", ""唤醒电路 Wake Up circuit电源电路 power circuitKL30 EMI电路 KL30 EMI circuitKL30 转VCC3V3 KL30 to VCC3V3VCC3V3_MCU转VCC1V25_MCU  VCC3V3_MCU to VCC1V25_MCUVCC3V3转VCC0V75  VCC3V3 to VCC0V75VCC3V3转0V75_MIPI_DDR  VCC3V3 to 0V75_MIPI_DDRVCC3V3转VCC1V8、VCC1V1、VCC50   VCC3V3 to VCC1V8、VCC1V1、VCC50VCC3V3转VCC3V3_EQ  VCC3V3 to VCC3V3_EQVCC3V3转VCC3V3_ETH  VCC3V3 to VCC3V3_ETHVCC1V8转VCC1V8_EQ  VCC1V8 to VCC1V8_EQTC377最小系统 TC377 minimum systemEQ6最小系统 EQ6 minimum system摄像头最小系统 camera minimum system看门狗电路 Watchdog circuit温度采样电路 Temp Sample circuit系统内电源电压采样电源 The power System Voltage Sampling circuitETH电路 ETH circuitCAN/CAN FD电路 CAN/CAN FD circuit3V3过压保护电路 3V3 overvoltage protection circuit硬件运行模式 Hardware Operation Mode主要用于描述当前ADAS硬件不同的运行模式（例如上电模式，下电模式，Sleep模式，运行模式等）。描述各个运行模式下的硬件模块功能，以及模式之间的切换条件。Describe the different operating mode of ADAS Hardware (e.g. power on mode, power off mode, Sleep mode，normal mode). Define the HW component functions in each operating mode, describe the transition condition between different modes.硬件运行模式 Hardware Operation Mode系统功能矩阵描述系统不同模式下各功能模块运行状态。The system function matrix describes the operation status of each function module in different modes of the system."", ""<table><tr><td>HM ID</td><td>F11/F12/F13/F14/F15/F16/F17/F18/F19/F25/F27</td></tr><tr><td>模块功能 \nModule Function</td><td>系统使用车载电池12V电压供电，经过EMI电路后输入至电源转换芯片，转换输出系统各模块所需电源。\nThe system uses 12V voltage power supply from the vehicle battery, which is input to the power conversion chip through the EMI circuit. Then the power conversion chip convert and output the power required by each module of the system.</td></tr><tr><td>模块框图\nModule diagram</td><td></td></tr><tr><td>模块方案\nModule solution</td><td>KL30 EMI (ASIL-B)\nKL30供电口处增加EMI电路，用于供电保护和滤波。硬件电路设计在UBD网络增加两个串联ESD电容，PCB布局靠近主连接器引脚处，用于吸收外部ESD信号，后端增加双向TVS管用于瞬态过压保护\nThe EMI circuit is added at the KL30 power supply port for power supply protection and filtering. The hardware circuit design adds two series ESD capacitors in the UBD network, the PCB layout is close to the main connector pin for absorbing external ESD signals, and the two-way TVS tube is added at the back end for transient overvoltage protection.\nKL30 to VCC3V3 (ASILB)\nKL30转VCC3V3是系统一级DC-DC，给MCU提供VCC3V3_MCU电源，所以系统要求其满足ASILB，确保MCU功能安全。\nKL30 to VCC3V3 is a system primary DC-DC chip, because the MCU needs VCC3V3_MCU power supply, so the system requires it to meet the ASILB to ensure the functional safety of the MCU.\nVCC3V3_MCU to VCC1V25_MCU(ASILB)\n3V3转1V25_MCU是使用MCU内置控制器进行控制的BUCK电源，用于MCU的核供电，功能安全需求达到ASILB，确保MCU功能安全。\n3V3 to 1V25_MCU is a BUCK power supply controlled by MCU built-in controller, which is used for MCU nuclear power supply. Functional safety requirements meet ASILB to ensure the functional safety of MCU.\nVCC3V3 to VCC0V75(QM(B))\nVCC3V3转VCC0V75应用于EQ6的内核供电，要求输出电流能力大，现选型TI的电源方案TPS62872。用MCU的P22.0引脚使能芯片，用MCU_SDA_P15.5，MCU_SCL_P15.4引脚I2C通信来设置输出电压和通信。\nVCC3V3 to VCC0V75 is applied to the core power supply of EQ6, which requires large output current capacity. The power supply scheme TPS62872 of TI is selected. P22.0 pin of MCU is used to enable the chip, and MCU_SDA_P15.5, MCU_SCL_P15.4 pin I2C communication is used to set the output voltage and communication. \nVCC3V3 to 0V75_MIPI_DDR(QM(B))\nVCC3V3转0V75_MIPI_DDR用于EQ6的IO口供电，现使用矽力杰的SA23002进行设计。用MCU的P22.1引脚使能该芯片。\nVCC3V3 to 0V75_MIPI_DDR for EQ6 IO port power supply, Silergy’s SA23002 is designed. The P22.1 pin of the MCU is used to enable the chip.\nVCC3V3转VCC1V8、VCC1V1、VCC50(QM(B))\nVCC1V8用于EQ6、CAM、DDR、FLASH供电，VCC1V1用于EQ6、DDR供电，VCC50用于CAN收发器供电，现选择LP87702 PMIC方案。用MCU的P15.3引脚使能该芯片的5V输出，用MCU_SCL_P15.4，MCU_SDA_P15.5 I2C通信来设置1.8V和1.1V输出电压和使能。\nVCC1V8 is used for EQ6, CAM, DDR, FLASH power supply, VCC1V1 is used for EQ6, DDR power supply, VCC50 is used for CAN transceiver  power supply, LP87702 PMIC scheme is selected. P15.3 pin of MCU is used to enable 5V output of the chip, and MCU_SCL_P15.4, MCU_SDA_P15.5 I2C communication is used to set 1.8V and 1.1V output voltage and enable it. \nVCC3V3 to VCC3V3_EQ(QM(B))\nVCC3V3转VCC3V3_EQ用于EQ6的IO和摄像头供电，现使用负载开关进行设计。用MCU的P20.3引脚使能该芯片。\nVCC3V3 to VCC3V3_EQ for EQ6’s IO and camera power supply, now using the load switch is designed. .The P20.3 pin of the MCU is used to enable the chip.\n\tVCC3V3 to VCC3V3_ETH(QM)\n3V3转3V3_ETH用于ETH供电，现选择负载开关方案。用MCU的P21.0引脚使能该芯片。\n3V3 to 3V3_ETH for ETH power supply, the load switch scheme is selected. . The P21.0 pin of the MCU is used to enable the chip.\n\tVCC1V8 to VCC1V8_EQ(QM(B))\nVCC1V8转VCC1V8_EQ用于EQ供电，现选择负载开关方案。用MCU的P20.0引脚使能该芯片。\nVCC1V8 to VCC1V8_EQ for EQ power supply, the load switch scheme is selected. . The P20.0 pin of the MCU is used to enable the chip.</td></tr><tr><td colspan='2'></td></tr></table>"", ""<table><tr><td>HM ID</td><td>F12</td></tr><tr><td>模块功能 \nModule Function</td><td>KL30转VCC3V3是系统一级DC-DC，基于LN10046设计，给系统提供电源。\nThe KL30 to VCC3V3 is a first-level DC-DC based on the LN10046 design and provides power to the system.</td></tr><tr><td>模块框图\nModule diagram</td><td></td></tr><tr><td>模块方案\nModule solution</td><td>采用LN10046电源DCDC芯片，将12V系统电源转换为3.3V，提供给系统供电使用。\nThe LN10046 power supply DCDC chip is used to convert the 12V system power supply to 3.3V and provide power supply to the system for use.\n</td></tr></table>"", ""<table><tr><td>模块序号\nModule number</td><td>模块名称\nModule name</td><td>功能定义\nFunction definition.</td><td>功能安全需求\nFunctional safety requirements</td></tr><tr><td>F01</td><td>MCU</td><td>SAK-TC377TP-96F300S AA</td><td>B(B)</td></tr><tr><td>F02</td><td>EYEQ6-L</td><td>EYEQ6-L，用于sensor的视频处理</td><td>B</td></tr><tr><td>F03</td><td>EYEQ6_LPDDR4</td><td>EQ6的1GB LPDDR4</td><td>B</td></tr><tr><td>F04</td><td>EYEQ6_NAND FLASH</td><td>EQ6的2Gb NAND FLASH</td><td>B</td></tr><tr><td>F05</td><td>CAM SENSOR</td><td>Sony 728摄像头模组</td><td>B</td></tr><tr><td>F06</td><td>KL30 sample</td><td>KL30电压采样</td><td>QM</td></tr><tr><td>F07</td><td>KL15 sample</td><td>KL15电压采样</td><td>QM</td></tr><tr><td>F08</td><td>EQ system power sample1</td><td>EQ6L系统供电电源电压ADC采样滤波、分压电路</td><td>B(B)</td></tr><tr><td>F09</td><td>ETH and CAN power sample2</td><td>CAN和ETH电源电压ADC采样滤波、分压电路</td><td>QM</td></tr><tr><td>F10</td><td>NTC temp sensor</td><td>NTC温度传感器，监控EQ6L/LPDDR4周边环境温度。</td><td>B</td></tr><tr><td>F11</td><td>KL30 EMI</td><td>KL30供电口EMI滤波电路.</td><td>B</td></tr><tr><td>F12</td><td>POWER</td><td>LN10046，KL30电源转VCC3V3电源</td><td>B</td></tr><tr><td>F13</td><td>POWER</td><td>LP87702，VCC3V3电压输入，VCC1V1、VCC1V8、VCC50电压输出</td><td>QM(B)</td></tr><tr><td>F14</td><td>POWER</td><td>TPS62872，VCC3V3电压输入，VCC0V75电压输出</td><td>QM(B)</td></tr><tr><td>F15</td><td>POWER</td><td>SA23002，VCC3V3输入，VCC0V75电压输出</td><td>QM(B)</td></tr><tr><td>F16</td><td>POWER</td><td>TPS22918负载开关，VCC3V3电压输入，VCC3V3_EQ输出</td><td>QM(B)</td></tr><tr><td>F17</td><td>POWER</td><td>TPS22918负载开关，VCC3V3输入，VCC3V3_ETH输出</td><td>QM</td></tr><tr><td>F18</td><td>overvoltage protect</td><td>用于MCU电源VCC3V3_MCU的外部过压保护</td><td>B</td></tr><tr><td>F19</td><td>POWER</td><td>TPS22918 负载开关，VCC1V8电压输入，VCC1V8_EQ电压输出</td><td>QM(B)</td></tr><tr><td>F20</td><td>CAN3</td><td>基于TCAN1145的CAN通讯，硬件支持特定报文唤醒</td><td>QM</td></tr><tr><td>F21</td><td>CAN2</td><td>基于TCAN1044A的CAN通讯.</td><td>QM</td></tr><tr><td>F22</td><td>CAN1</td><td>基于TCAN1044A的CAN通讯</td><td>QM</td></tr><tr><td>F23</td><td>CAN0</td><td>基于TCAN1044A的CAN通讯.</td><td>QM</td></tr><tr><td>F24</td><td>ETH</td><td>基于DP83TC812R的100BASE-T1通讯</td><td>QM</td></tr><tr><td>F25</td><td>Wake up</td><td>唤醒源和一级电源使能电路设计</td><td>QM</td></tr><tr><td>F26</td><td>watchdog</td><td>LP87702的看门狗功能，用于监控MCU运行状态</td><td>B</td></tr><tr><td>F27</td><td>POWER</td><td>VCC3V3_MCU转VCC1V25_MCU电压，由MCU的EVRC进行控制。</td><td>B</td></tr><tr><td>F28</td><td>level translation</td><td>3V3和1V8双向电压转换芯片</td><td>QM</td></tr></table>"", ""<table><tr><td>HM ID</td><td>F01</td></tr><tr><td>模块功能 \nModule Function</td><td>32位MCU芯片TC377最小系统模块有SAK-TC377TP-96F300S AA主控芯片和晶体、硬件配置组成，实现SAK-TC377TP-96F300S AA最小硬件系统工作单元，功能安全等级最高可达到ASIL-D，满足应用要求。\n32-bit MCU chip TC377 minimum system module has SAK-TC377TP-96F300S AA main control chip and crystal, hardware configuration, to achieve SAK-TC377TP-96F300S AA minimum hardware system work unit, functional safety level up to ASIL-D, meet the application requirements. </td></tr><tr><td>模块框图\nModule diagram</td><td></td></tr><tr><td>模块方案\nModule solution</td><td>处理器\n根据ADAS产品需求，综合评估选型为32位MCU芯片SAK-TC377TP-96F300S AA， MCU接口资源丰富，功能安全等级最高可达到ASIL-D，满足应用要求。\nProcessor \nAccording to ADAS product requirements, 32-bit MCU chip SAK-TC377TP-96F300S AA is selected through comprehensive evaluation, which has rich MCU interface resources and the highest functional safety level can reach ASIL-D to meet application requirements\n时钟设计\n硬件选型20MHz晶振给MCU提供时钟输入，由其内部PLL等电路完成倍频、分频，供其内核和各模块使用。\nClock design\nHardware selection of clock design 20MHz crystal oscillator provides clock input to MCU, and its internal PLL and other circuits complete frequency doubling and frequency division for its kernel and each module.\n复位及watchdog\n系统复位及看门狗芯片采用LP87702内部看门狗，喂狗方式为窗口喂狗，当喂狗窗口无有效喂狗次数超过OTP配置时，将触发整个系统复位。\na)\t上电时，看门狗芯片对MCU启动过程进行监控，同时对MCU的电源VCC3V3电压进行低压监控，异常时主动复位MCU。\nb)\t运行过程中由看门狗监控MCU运行状态，当MCU程序跑飞时看门狗超时触发复位信号主动复位MCU。\nReset and watchdog\nThe system reset and watchdog chip adopts LP87702 internal watchdog, and the feeding method is window feeding. When the number of effective dog feeding in the feeding window exceeds the OTP configuration, the whole system reset will be triggered. \n When powering on, the watchdog chip monitors the start-up process of MCU, and at the same time, it monitors the low voltage voltage of MCU's power supply VCC3V3, and actively resets MCU when abnormal. \n MCU running status is monitored by watchdog during operation. When MCU program runs, watchdog timeout triggers reset signal and actively reset MCU.\n电源需求\nMCU需要1路VCC3V3_MCU（精度：3.3V±10%）和1路VCC1V25_MCU（精度：1.2-1.35V）供电。\n4. Power demand\nThe MCU needs 1 channel VCC3V3_MCU (accuracy: 3.3V±10%) and 1 channel VCC1V25_MCU (accuracy: 1.2-1.35V) power supply.</td></tr></table>"", ""<table><tr><td>HM ID</td><td>F18</td></tr><tr><td>模块功能 \nModule Function</td><td>AOU要求MCU需要硬件外部增加过压保护电路对3V3_MCU进行电压监控。\nAOU requires MCU to increase the overvoltage protection circuit outside the hardware to monitor the voltage of 3V3_MCU. </td></tr><tr><td>模块框图\nModule diagram</td><td>\n\n</td></tr><tr><td>模块方案\nModule solution</td><td>1.当VCC3V3 <4.03V时，cathode引脚为高阻态, 当VCC3V3 <VGS门限（Q1701）时，NMOS关闭，PMOS关闭，VCC3V3_SW无电。\n2、当4.03V＞VCC3V3 > VGS门限（Q1701）时，NMOS打开，PMOS打开，VCC3V3_SW和VCC3V3直通。\n3、当VCC3V3＞4.03V时，cathode引脚输出逻辑低（最高1V），NMOS关闭，PMOS关闭，VCC3V3_SW无电，对后级负载起到过压保护作用。\n1. When VCC3V3 <4.03V, the cathode pin is in the high resistance state. When VCC3V3 <VGs threshold (Q1701), NMOS is off, PMOS is off, and VCC3V3_SW has no electricity.\n2.When 4.03V>VCC3V3>VGS threshold (Q1701), NMOS opens, PMOS opens, and VCC3V3_sw and VCC3V3 pass through.\n3.When VCC3V3>4.03V, the cathode pin output logic is low (up to 1V), NMOS is off, PMOS is off, and VCC3V3_Sw has no power, which plays an overvoltage protection role on the load of the later stage.\n</td></tr></table>"", ""表3.2 系统功能矩阵表运行模式定义 Definition of Operation Mode系统运行模式描述系统硬件启动流程，硬件初始化到软件接管控制的流程介绍。主要包括上电运行流程、下电流程。System operation mode describes the system hardware start-up process, hardware initialization to software take over control process. It mainly includes power on operation process and power off process.上电运行流程如下：下电流程如下：备注：MCU检测到唤醒无效后，停止对EQ6、CAN等系统供电，并执行MCU的数据保存。EQ6系统的六路电源需要按照EQ6的要求时序就行上下电控制。运行模式转换条件 Transition Condition of Operation ModeKL30电源管理电路 KL30 supply management circuit唤醒电路 Wake Up circuit电源电路 Power CircuitKL30 EMI电路 KL30 EMI circuitKL30转VCC3V3 KL30 to VCC3V3VCC3V3_MCU转VCC1V25_MCU  VCC3V3_MCU to VCC1V25_MCUVCC3V3转VCC0V75  VCC3V3 to VCC0V75VCC3V3转0V75_MIPI_DDR VCC3V3 to 0V75_MIPI_DDRVCC3V3转VCC1V8、VCC1V1、VCC50   VCC3V3 to VCC1V8、VCC1V1、VCC50VCC3V3转VCC3V3_EQ  VCC3V3 to VCC3V3_EQVCC3V3转VCC3V3_ETH  VCC3V3 to VCC3V3_ETHVCC1V8转VCC1V8_EQ  VCC1V8 to VCC1V8_EQTC377最小系统 TC377 minimum systemEQ6最小系统 EQ6 minimum system摄像头最小系统 camera minimum system看门狗电路 Watchdog circuit温度采样电路 Temp Sample circuitETH电路 ETH circuitCAN FD电路 CAN FD circuit"", ""<table><tr><td>序号</td><td>模块序号</td><td>模块名称</td><td>功能定义</td><td>功能安全需求</td></tr><tr><td>1</td><td>F013</td><td>POWER</td><td>LP87702，VCC3V3电压输入，VCC1V1、VCC1V8、VCC50电压输出</td><td>QM(B)</td></tr><tr><td>1</td><td>F01</td><td>MCU</td><td>SAK-TC377TP-96F300S AA</td><td>B(B)</td></tr><tr><td>1</td><td>F08</td><td>EQ system power sample1</td><td>EQ6L系统供电电源电压ADC采样滤波、分压电路</td><td>B(B)</td></tr><tr><td>2</td><td>F14</td><td>POWER</td><td>TPS62872，VCC3V3电压输入，VCC0V75电压输出，EQ6L核电供电</td><td>QM(B)</td></tr><tr><td>2</td><td>F01</td><td>MCU</td><td>SAK-TC377TP-96F300S AA</td><td>B(B)</td></tr><tr><td>2</td><td>F08</td><td>EQ system power sample</td><td>EQ6L系统供电电源电压ADC采样滤波、分压电路</td><td>B(B)</td></tr><tr><td>3</td><td>F15</td><td>POWER</td><td>SA23002，VCC3V3输入，0V75_MIPI_DDR电压输出</td><td>QM(B)</td></tr><tr><td>3</td><td>F01</td><td>MCU</td><td>SAK-TC377TP-96F300S AA</td><td>B(B)</td></tr><tr><td>3</td><td>F08</td><td>EQ system power sample</td><td>EQ6L系统供电电源电压ADC采样滤波、分压电路</td><td>B(B)</td></tr><tr><td>4</td><td>F16</td><td>POWER</td><td>TPS22918负载开关，VCC3V3电压输入，VCC3V3_EQ输出</td><td>QM(B)</td></tr><tr><td>4</td><td>F01</td><td>MCU</td><td>SAK-TC377TP-96F300S AA</td><td>B(B)</td></tr><tr><td>4</td><td>F08</td><td>EQ system power sample</td><td>EQ6L系统供电电源电压ADC采样滤波、分压电路</td><td>B(B)</td></tr></table>"", ""<table><tr><td>HM ID</td><td>F01/F07/F25/F28/F31</td></tr><tr><td>模块功能 \nModule Function</td><td>ADAS产品支持KL15唤醒、CAN唤醒（平台预留）和以太网唤醒（平台预留）三种唤醒方式，当唤醒信号有效时直接使能一级电源，MCU开始工作并启动ADAS产品，并且MCU可以通过MCU_WAKE_HOLD_P12.0信号辅助使能一级电源，实现off delay功能。\nADAS products support KL15 wake up, CAN wake up（Platform reservation），ETH wake up（Platform reservation）, three wake up modes. When the wake up signal is effective, the first-level power supply will be directly enabled. MCU starts to work and start the ADAS product, and the MCU can enable the first-level power supply through the MCU_WAKE_HOLD_P12.0 signal assist to achieve the off delay function.</td></tr><tr><td>模块框图\nModule diagram</td><td></td></tr><tr><td>模块方案\nModule solution</td><td>KL15唤醒  KL15 Wake Up\nKL15分成两路信号：\nThe KL15 signal divides into two signals:\n一路经过防反二极管和分压电阻后用于使能一级电源LN10046，当KL15为逻辑高时有效，一级电源开始工作。并且MCU得电启动后会使能MCU_WKUP_HOLD_P12.0引脚，通过防反接二极管辅助使能一级电源并在唤醒源掉电后实现OFF DELAY功能，确保MCU完成所有必要任务之后ADAS产品进入休眠。\nOne way passes through an anti-reverse diode and two divider resistors , used to enable the EN pin of the primary power supply LN10046, effective when the KL15 is logically high, the primary power supply starts working. The MCU_WKUP_HOLD_P12.0 pin will be enabled after the MCU is powered on, and the primary power supply will be enabled through the anti-reverse diode assist, and the function of OFF DELAY will be performed after the wake source is powered off to ensure that the ADAS product will enter hibernation after the MCU completes all necessary tasks.\n另一路通过防反接二极管和100K,1%、10K,1%分压电路，用于MCU的ADC采样进行是否有效判断。 用到的引脚网络是WKUP_ACQ，对应MCU的AN0引脚。\nThe other way through the anti-reverse diode and 100K,1%, 20K,1% voltage divider circuit, used for MCU ADC sampling to determine whether effective. The pin network used is WKUP_ACQ, which corresponds to the AN0 pin of the MCU.\nCAN特定帧唤醒\nADAS平台支持特定报文的CAN唤醒功能，当唤醒信号有效时会直接使能一级电源的使能信号，系统开始唤醒，MCU工作并启动整个ADAS产品工作。\nCAN通讯接口，TCAN1145配置时支持CAN特定报文唤醒，TCAN1145的VBAT引脚接至UB_PR引脚，INH引脚通过分压和防反电路接至一级电源使能引脚，当CAN总线接收到唤醒报文时INH引脚为逻辑高，会使能一级电源，产品开始工作。INH信号通过一个防范二极管在通过100K和10K电阻分压后用MCU的AN11引脚采样。\n2.CAN0 bus wake up \nThe ADAS platform reserves the CAN wake-up function to support specific messages. When the wake-up signal is effective, the enable signal of the first-level power supply will be directly enabled, the system will start to wake up, and the MCU will work and start the entire ADAS product.\nCAN communication interface, TCAN1145 supports CAN specific message wake-up when configured, the VBAT pin of TCAN1145 is connected to UB_PR pin, The INH pin is connected to the primary power enable pin through the voltage divider and anti-reverse circuit. When the CAN bus receives the wake-up message, the INH pin is logically high, which will enable the primary power and the product will start to work. The INH signal is sampled with the AN11 pin of the MCU via a guard diode after voltage splitting through 100K and 33K resistors.\n3.ETH报文唤醒\nADAS产品唤醒支持ETH报文唤醒，当唤醒信号有效时会直接使能一级电源的使能信号，系统开始唤醒，MCU工作并启动整个ADAS产品工作。ETH PHY DP83TC812R的VSLEEP引脚接至常电，INH引脚通过分压和防反电路接至一级电源使能引脚，当以太网接收到唤醒报文时INH引脚为逻辑高，会使能一级电源，产品开始工作。\n3.Flexray specific packet wakeup \nThe wakeup of ADAS products supports the wakeup of ETH message. When the wakeup signal is effective, the enable signal of the primary power supply will be directly enabled, and the system will start to wake up, and the MCU will work and start the whole ADAS product. The VSLEEP pin of the PHY DP83TC812R is connected to the Constant Power Supply, and the INH pin is connected to the primary power enable pin through the voltage divider and anti-reverse circuit. When the ETH bus receives the wake-up message, the INH pin is logically high, and the primary power is enabled and the product starts to work. \n4.自保持唤醒 MCU_WKUP_HOLD\n当CAN总线唤醒报文中断后，INH引脚电平会无效（逻辑低），此时MCU会通过MCU_WKUP_HOLD_P12.0引脚进入OFF DELAY功能自保持唤醒一段时间，确保MCU完成所有必要任务之后ADAS产品进入休眠。\n4. Self keeping wake up\nWhen the CAN bus wake-up frame is interrupted, the INH pin level will be invalid (low logic), and the MCU will enter the OFF DELAY function through the MCU_WKUP_HOLD_P12.0 pin to keep awake for a period of time to ensure that the ADAS product will enter hibernation after the MCU completes all necessary tasks.</td></tr></table>"", ""注：使用本模板时请先阅读填写说明页，形成工作产品时本页不可删除变更历史Change History目  录Table of Contents1\t概述 Introduction\t81.1 目的 Purpose\t81.2 适用范围 Range of Application\t81.3 读者对象 TReader\t81.4 术语及缩写解释 Terms and Abbreviations\t81.5 参考文档 Reference Document\t82\t硬件架构 Hardware Architecture\t92.1 系统概述 System overview\t92.2 硬件框图 Hardware block diagram\t102.3 模块电路 Module circuit\t122.3.1 KL30电源管理电路 KL30 supply management circuit\t122.3.2 唤醒电路 Wake Up circuit\t132.3.3 电源电路 power circuit\t152.3.4 TC377最小系统 TC377 minimum system\t232.3.5 EQ6最小系统 EQ6 minimum system\t252.3.6 摄像头最小系统 camera minimum system\t282.3.7 看门狗电路 Watchdog circuit\t302.3.8 温度采样电路 Temp Sample circuit\t302.3.9 系统内电源电压采样电源 The power System Voltage Sampling circuit\t312.3.10 ETH电路 ETH circuit\t332.3.11 CAN/CAN FD电路 CAN/CAN FD circuit\t342.3.12 3V3过压保护电路 3V3 overvoltage protection circuit\t353\t硬件运行模式 Hardware Operation Mode\t363.1 硬件运行模式 Hardware Operation Mode\t363.2 运行模式定义 Definition of Operation Mode\t373.3 运行模式转换条件 Transition Condition of Operation Mode\t393.3.1 KL30电源管理电路 KL30 supply management circuit\t393.3.2 唤醒电路 Wake Up circuit\t413.3.3 电源电路 Power Circuit\t423.3.4 TC377最小系统 TC377 minimum system\t53"", ""\nNone：MCU采样摄像头的1V8电源电压，精度要求：1.7~1.9V; MCU Component ：F01/ MCU; None：B; None：U6; None：AN14; None：AN14/EVADC_G1CH6/EDSADC_EDS3PB; None：ADC，分辨率10bit; None：VCC1V8_CAM_ACQ; None：/; None：I; None：索尼摄像头模组电源1.8V电压采样。\nU1V8_CAM_ACQ=3.3*ADC值/1024\n精度：1.7~1.9V\n硬件滤波截止频率：≥121.7Hz\n硬件滤波时间：≤1.5ms; None：HI-Z; None：—; SW Variable Name or SW Function Name：— ——Port1\nNone：Config; MCU Component ：F01/ MCU; None：QM; None：H19; None：P20.2; None：P20.2/TESTMODE; None：TESTMODE; None：—; None：/; None：I; None：TESTMODE：\n高：正常工作模式\n低：英飞凌内部测试模式; None：HI-Z，硬件外部上拉; None：—; SW Variable Name or SW Function Name：— ——Port1\nNone：Config; MCU Component ：F01/ MCU; None：B; None：A14; None：P14.5; None：P14.5/GTM_TIM1_IN0_4/GTM_TIM0_IN0_4/PMS_HWCFG1IN/GTM_DTMA2_0/GTM_TOUT85/ERAY0_TXD; None：PMS_HWCFG1IN; None：—; None：/; None：I; None：EVR33控制内部3.3V电压转换:\n高：内部使用5V转换为3.3V电压\n低：禁止5V转换为3.3V电压; None：HI-Z，硬件外部下拉; None：—; SW Variable Name or SW Function Name：— ——Port1"", ""\nNone：MCU采样EQ6l系统的VCC0V75_MIPI_DDR电源电压\n精度要求：0V75±5%; MCU Component ：F01/ MCU; None：B; None：W4; None：AN18; None：AN18/P40.11/SENT_SENT11A/EVADC_G11CH8/EVADC_G2CH2; None：ADC，分辨率10bit; None：0V75_MIPI_DDR_ACQ; None：/; None：I; None：0V75_MIPI_DDR电压采样\nU0V75_MIPI_DDR_ACQ=3.3*ADC值/1024\n硬件滤波截止频率：≥121.7Hz\n硬件滤波时间：≤1.6ms\n精度要求：0.75V±5%; None：HI-Z; None：—; SW Variable Name or SW Function Name：— ——Port1\nNone：MCU采样摄像头系统的3.3V电源电压，精度要求：3V3±5%; MCU Component ：F01/ MCU; None：B; None：T7; None：AN12; None：AN12/EVADC_G1CH4/EDSADC_EDS0PB; None：ADC，分辨率10bit; None：VCC3V3_CAM_ACQ; None：/; None：I; None：索尼摄像头模组电源3.3V电压采样。\nCAM 3V3电压采样\nU3V3_CAM_ACQ=3.3*ADC值/1024\nU3V3_CAM=U3V3_CAM_ACQ/分压比，分压比=1/2\n精度要求：3.3V±5%; None：HI-Z; None：—; SW Variable Name or SW Function Name：— ——Port1\nNone：MCU采样摄像头的1V1电源电压，精度要求：1~1.2V; MCU Component ：F01/ MCU; None：B; None：W6; None：AN13; None：AN13/EVADC_G1CH5/EDSADC_EDS0NB; None：ADC，分辨率10bit; None：VCC1V1_CAM_ACQ; None：/; None：I; None：索尼摄像头模组电源1.1V电压采样。\nU1V1_ACQ=3.3*ADC值/1024\n精度：1~1.2V\n硬件滤波截止频率：≥121.7Hz\n硬件滤波时间：≤1.6ms; None：HI-Z; None：—; SW Variable Name or SW Function Name：— ——Port1"", ""<table><caption> Table 7-1. Pin Functions (continued) I = input, O = output, P = power, GND = ground(1)</caption>\n<tr><td  >Pin</td><td></td><td></td><td></td></tr>\n<tr><td  >Name</td><td  >No.</td><td  >Type(1)</td><td  >Description</td></tr>\n<tr><td></td><td></td><td></td><td  >Internal clock output pin for synchronization in stacked mode. Leave this pin floating for single </td></tr>\n<tr><td></td><td></td><td></td><td  >device operation. Connect this pin to the MODE/SYNC pin of the next device in the daisy-chain in </td></tr>\n<tr><td  >SYNC_OUT</td><td  >14</td><td></td><td  >stacked operation. Do not use this pin to connect to a non-TPS6287x-Q1 device.  During start-up, this pin is used to identify if a device must operate as a secondary converter in</td></tr>\n<tr><td></td><td></td><td></td><td  >stacked operation. Connect a 47-kQ resistor from this pin to GND to define a secondary converter</td></tr>\n<tr><td></td><td></td><td></td><td  > in stacked operation. See Section 9.3.17 for a detailed description.</td></tr>\n<tr><td  >VSEL</td><td  >15</td><td  >一</td><td  > Start-up output voltage select pin. A resistor or short circuit to GND or Vin defines the selected output voltage. See Section 9.3.6.2.</td></tr>\n<tr><td  >FSEL</td><td  >16</td><td  >一</td><td  >Frequency select pin. A resistor or a short circuit to GND or Vin determines the free-running switching frequency. See Section 9.3.6.2.</td></tr>\n<tr><td  >Exposed Thermal Pad</td><td></td><td  >一</td><td  >The thermal pad must be soldered to GND to achieve an appropriate thermal resistance and for mechanical stability.</td></tr>\n</table>"", ""\n10.5.2Layout Example\nimplementation of the PCB layout principles previously listed. The user can find a complete set drawings of all the layers used in this PCB in the evaluation module's user guide.\n11 Device and Documentation Support\n11.1 Device Support\n11.1.1 Third-Party Products Disclaimer\nTI'SPUBLICATIONOFINFORMATION REGARDINGTHIRD-PARTYPRODUCTS ORSERVICESDOESNOT CONSTITUTEANENDORSEMENTREGARDING THESUITABILITY OF SUCHPRODUCTS ORSERVICES ORAWARRANTY,REPRESENTATIONORENDORSEMENTOFSUCHPRODUCTSORSERVICES,EITHER ALONEORINCOMBINATIONWITHANYTIPRODUCTORSERVICE\n11.2 Documentation Support\n11.2.1 Related Documentation\nFor related documentation see the following:\nTexas Instruments, Semiconductor and IC Package Thermal Metrics application report\n11.3 Receiving Notification of Documentation Updates\nTo receive notification of documentation updates, navigate to the device product folder on ti.com. Click on Subscribe to updates to register and receive a weekly digest of any product information that has changed. For change details, review the revision history included in any revised document.\n11.4 Support Resources\nTI E2E\""M support forums are an engineer's go-to source for fast, verified answers and design help — straight from the experts. Search existing answers or ask your own question to get the quick design help you need.\nLinked content is provided \""AS IS\"" by the respective contributors. They do not constitute TI specifications and do not necessarily reflect Tl's views; see Tl's Terms of Use.\n11.5 Trademarks\nTI E2E\""M is a trademark of Texas Instruments.\nAll trademarks are the property of their respective owners.\n11.6 ElectrostaticDischarge Caution\nThis integrated circuit can be damaged by ESD. Texas Instruments recommends that all integrated circuits be handled with appropriate precautions. Failure to observe proper handling and installation procedures can cause damage.\nESD damage can range from subtle performance degradation to complete device failure. Precision integrated circuits may be more susceptible to damage because very small parametric changes could cause the device not to meet its published specifications.\n11.7 Glossary\nTI Glossary\nThis glossary lists and explains terms, acronyms, and definitions.\n12 Mechanical, Packaging, and Orderable Information\nThe following pages include mechanical, packaging, and orderable information. This information is the most current data available for the designated devices. This data is subject to change without notice and revision of this document. For browser-based versions of this data sheet, refer to the left-hand navigation."", ""<table><caption> over operating junction temperature (Tj = -40 °C to 150 °C) and Vin = 2.7 V to 6 V. Typical values at Vin = 3.3 V and Tj = 25</caption>\n<tr><th  >°C (unless otherwise noted).</th><th  >PARAMETER</th><th  >TEST CONDITIONS</th><th  >MIN</th><th  >TYP</th><th  >MAX</th><th  >UNIT</th></tr>\n<tr><th></th><th  >Thermal shutdown threshold temperatureT; rising</th><th></th><th></th><th  >170</th><th></th><th  >℃</th></tr>\n<tr><th  >TsD</th><th  >Thermal shutdown hysteresis</th><th></th><th></th><th  >20</th><th></th><th  >°℃</th></tr>\n<tr><th></th><th  >Thermal warning threshold temperature</th><th  >Tj rising </th><th></th><th  >150</th><th></th><th  >°℃</th></tr>\n<tr><th  >Tw</th><th  >Thermal warning hysteresis</th><th></th><th></th><th  >20</th><th></th><th  >℃</th></tr>\n<tr><th  >CONTROL and INTERFACE</th><th></th><th></th><th></th><th></th><th></th><th></th></tr>\n<tr><td  >VIT+</td><td  >Positive-going input threshold voltage (EN)</td><td></td><td  >0.97</td><td  >1.0</td><td  >1.03</td><td  >V</td></tr>\n<tr><td  >VIT-</td><td  >Negative-going input threshold voltage (EN)</td><td></td><td  >0.87</td><td  >0.9</td><td  >0.93</td><td  >V</td></tr>\n<tr><th  >Vhys.</th><th  >Hysteresis voltage (EN)</th><th></th><th  >95</th><th></th><th></th><th  >mV</th></tr>\n<tr><th  >liH</th><th  >High-level input current (EN)</th><th  >ViH = Vin, internal pulldown resistor  disabled</th><th></th><th></th><th  >200</th><th  >nA</th></tr>\n<tr><th></th><th  >Low-level input current (EN)</th><th  >ViL = 0 V, internal pulldown resistor disabled</th><th  >-200</th><th></th><th></th><th  >nA</th></tr>\n<tr><th  >VIH</th><th  >High-level input voltage (SDA, SCL, MODE/SYNC,VSEL,FSEL,SYNC_OUT)</th><th></th><th  >0.8</th><th></th><th></th><th  >V</th></tr>\n<tr><th  >VIL</th><th  >Low-level input voltage (SDA, SCL, MODE/SYNC, VSEL, FSEL, SYNC_OUT)</th><th></th><th></th><th></th><th  >0.4</th><th  >V</th></tr>\n<tr><th></th><th></th><th  >loL = 3 mA</th><th></th><th></th><th  >0.4</th><th  >V</th></tr>\n<tr><th  >VoL</th><th  >Low-level output voltage (SDA)</th><th  >loL = 9 mA</th><th></th><th></th><th  >0.4</th><th  >V</th></tr>\n<tr><th></th><th></th><th  >loL = 5 mA</th><th></th><th></th><th  >0.2</th><th  >V</th></tr>\n<tr><th  >lOH</th><th  >High-level output current (SDA, SCL)</th><th  >VoH = 3.3 V</th><th></th><th></th><th  >200</th><th  >nA</th></tr>\n<tr><th></th><th  >Low-level input current (MODE/SYNC)</th><th  >VIL =0 V</th><th  >-150</th><th></th><th  >150</th><th  >nA</th></tr>\n<tr><th  >IIH</th><th  >High-level input current (MODE/SYNC)</th><th  >ViH = VIN</th><th></th><th></th><th  >3</th><th  >μA</th></tr>\n<tr><th  >IL</th><th  >Low-level input current (SYNC_OUT)</th><th  >[VIL = 0 V</th><th  >-250</th><th></th><th></th><th  >nA</th></tr>\n<tr><th  >liH</th><th  >High-level input current (SYNC_OUT) </th><th  >ViH = 2 V</th><th></th><th></th><th  >150</th><th  >nA</th></tr>\n<tr><th></th><th></th><th  >Measured from when EN goes high to</th><th></th><th></th><th></th><th></th></tr>\n<tr><th  >td(EN)1</th><th  >Enable delay time when EN tied to VIN</th><th  >when device starts switching  SRvIN= 1 V/us</th><th></th><th  >175</th><th  >500</th><th  >μS</th></tr>\n<tr><th  >td(EN)2</th><th  >Enable delay time when Vin already applied</th><th  >Measured from when EN goes high to when device starts switching </th><th></th><th></th><th  >100</th><th  >μs</th></tr>\n<tr><td></td><td></td><td></td><td  >0.35</td><td  >0.5</td><td  >0.65</td><td  >ms</td></tr>\n<tr><th  >td(RAMP)</th><th  >Output voltage ramp time</th><th  >Measured from when device starts switching to rising edge of PG</th><th  >0.7 1.4</th><th  >1 2</th><th  >1.3 2.6</th><th  >ms ms</th></tr>\n<tr><td></td><td></td><td></td><td  >2.8</td><td  >4</td><td  >5.2</td><td  >ms</td></tr>\n<tr><th></th><th  >Time to lock external frequency</th><th></th><th></th><th  >50</th><th></th><th  >μs</th></tr>\n<tr><td></td><td  >Internal pullup resistance (VSEL, FSEL)</td><td></td><td  >5.5</td><td></td><td  >9</td><td  >kΩ</td></tr>\n<tr><td></td><td  >Internal pulldown resistance (VSEL, FSEL)</td><td></td><td  >1.3</td><td></td><td  >2.2</td><td  >kΩ</td></tr>\n<tr><td  >VT+</td><td  > Positive-going power good threshold voltage (output undervoltage) </td><td></td><td  >94</td><td  >96</td><td  >98</td><td  >%VoUT</td></tr>\n<tr><td  >VT-</td><td  >Negative-going power good threshold voltage (output undervoltage) </td><td></td><td  >92</td><td  >94</td><td  >96</td><td  >%VoUT </td></tr>\n<tr><td  >VT+</td><td  > Positive-going power good threshold voltage (output overvoltage)</td><td></td><td  >104</td><td  >106</td><td  >108</td><td  >%VouT</td></tr>\n<tr><td  >VT-</td><td  >Negative-going power good threshold voltage (output overvoltage)</td><td></td><td  >102</td><td  >104</td><td  >106</td><td  >%VoUT </td></tr>\n<tr><th  >VoL</th><th  >Low-level output voltage (PG)</th><th  >loL = 1 mA</th><th></th><th></th><th  >0.3</th><th></th></tr>\n</table>"", ""\n9.3.11 Undervoltage Lockout (UVLO)\nThe device has an undervoltage lockout function that disables the device if the supply voltage is too low for correct operation. The negative-going threshold of the UVLO function is 2.5 V (typical). If the supply voltage decreases below this value, the device stops switching and, if DISCHEN = 1 in the CONTROL1 register, turns on the output discharge.\n9.3.12 Overvoltage Lockout (OVLO)\nThe device has an overvoltage lockout function that disables the DC/DC converter if the supply voltage is too high for correct operation. The positive-going threshold of the OVLO function is 6.3 V (typical). If the supply voltage increases above this value, the device stops switching and, if DISCHEN = 1 in the CONTROL1 register, turns on the output discharge.\nThe device automatically starts switching again - it begins a new soft-start sequence - when the supply voltage falls below 6.2 V (typical)\n9.3.13 Overcurrent Protection\n9.3.13.1 Cycle-by-Cycle Current Limiting\nIf the peak inductor current increases above the high-side current limit threshold, the device turns off the high-side switch and turns on the low-side switch to ramp down the inductor current. The device only turns on the high-side switch again if the inductor current has decreased below the low-side current limit threshold.\nNote that because of the propagation delay of the current limit comparator, the current limit threshold in practice can be greater than the DC value specified in the Electrical Characteristics. The current limit in practice is given by:\nwhere:\n· I, is the inductor current.\n·ILiMH is the high-side current limit threshold measured at DC\nProduct Folder Links: TPS62870-Q1TPS62871-Q1 TPS62872-Q1 TPS62873-Q1"", ""\nThe diagram shows a circuit layout with two labeled latches: FF1 at the top and FF2 at the bottom. FF1 is connected to an “Input Buffer” block on its right, which has text below it reading “V_IL = < 0.4 V” and “V_IH = > 0.8 V”. The Input Buffer connects via a line to a square labeled “PG” at the far right. A vertical line extends downward from the connection between Input Buffer and PG, branching to connect to the gate of a transistor symbol labeled “Q1”, which points downward to a ground symbol. FF1 has an input arrow from the left labeled “FORCE DCM”. FF2 has an input arrow from the left labeled “SOFT START COMPLETE”. Between FF1 and FF2, a bidirectional arrow connects them vertically, intersecting a horizontal line labeled “SECONDARY DEVICE DETECTED” with a pulse waveform icon above the label. All blocks are enclosed within a single rectangular border.Figure 9-13. Power-Good Functional Block Diagram (Secondary Device)\nFF1\nInput\nLatch\nFORCEDCM\nPG\nBuffer\nVIL =< 0.4 V\nSECONDARYDEVICE\nViIH = >0.8 V\nDETECTED\nQ1\nSOFTSTART\nLatch\nCOMPLETE\nFF2"", ""\nThe image displays an electronic circuit diagram centered around a rectangular integrated circuit (IC) component with multiple labeled pins on its left and right sides. On the left side of the IC, from top to bottom, are pins labeled: VIN, MODE/SYNC, EN, SDA, SCL, VSEL, FSEL, SYNC_OUT, and two GND pins at the bottom. The top-left corner shows a voltage input range labeled “2.7 V to 6 V” connected to VIN through a resistor R_EN and capacitor C_IN to ground. Below that, a pin labeled V_IO connects to a resistor network, and another pin labeled I²C connects to the same network. Further down, resistors R_VSEL and R_FSEL connect to VSEL and FSEL pins respectively, each leading to ground. A cross symbol appears near the SYNC_OUT pin.\n\nOn the right side of the IC, from top to bottom, are pins labeled: SW, VOSNS, GOSNS, COMP, PG, and another GND pin. The SW pin connects to an inductor L, which then connects to a capacitor C_OUT leading to ground and also to a block labeled “Load.” The VOSNS and GOSNS pins connect to a resistor R_Z and capacitor C_C2, both leading to ground. The COMP pin connects to the junction of R_Z and C_C2. The PG pin connects through a 1kΩ resistor and a 10pF capacitor to ground, with a node labeled “PG” between them. A separate V_IO label appears near the right side, connecting through a resistor R_PG to the junction before the 1kΩ resistor. All connections are represented by solid lines, with ground symbols shown as downward-pointing triangles. No numerical data points, axes, legends, or enumerable comparative units are present.2.7 V\nVIN\nCou\nDDE/SYNC\nC\nSCL\nC\nVSEL"", ""\nall operating conditions.\nI2C-compatible interface up to 1-MHz Differential remote sensing Optional stacked operation for increased output current capability Thermal warning and thermal shutdown Precise enable input Active output discharge Optional spread-spectrum clocking\n Power-good output with a window comparator·\nAvailable in 2.55-mm × 3.55-mm × 1-mm VQFN package with wettable flanks -40°C to 150°C junction temperature, Tj\n2 Applications\nInfotainment and cluster ADAS FPGA, ASIC, and digital core supply DDR memory supply\nTPS6287x-Q1 Simplified Schematic\nTable of Contents\n9.4 Device Functional Modes.\n30\n1Features.\n 2 Applications.\n9.5 Programming.\n31\n3 Description.\n9.6 Register Map..\n35\n1\n4 Revision History.\n10 Application and Implementation..\n41\n2\n41.\n 5 Description (continued)..\n10.1 Application Information.\n3\n41\n6 Device Options\n10.2 Typical Application.\n3\n7 Pin Configuration and Functions.\n10.3 Best Design Practices.\n49\n.5\n8 Specifications.\n10.4 Power Supply Recommendations...\n50\n..\n8.1 Absolute Maximum Ratings..\n50\n10.5 Layout..\n7\n 11 Device and Documentation Support.\n8.2 ESD Ratings...\n52\n7\n8.3 Recommended Operating Conditions....\n11.1 Device Support..\n.52\n.7\n8.4 Thermal Information..\n11.2 Documentation Support\n52\n.8\n8.5 Electrical Characteristics.\n..8\n11.3 Receiving Notification of Documentation Updates.\n.52\n8.6 I2C Interface Timing Characteristics...\n10\n11.4 Support Resources.\n52\n11.5 Trademarks.\n8.7 Timing Requirements.\n11\n52\n11.6 Electrostatic Discharge Caution..\n8.8 Typical Characteristics.\n12\n52\n11.7 Glossary.\n9 Detailed. Description.......\n.13\n.52.....\n13\n12 Mechanical, Packaging, and Orderable\n9.1 Overview.\n 9.2 Functional Block Diagram..\n14\nInformation....\n52\n 9.3 Feature Description.\n.15\n4 Revision History\nNOTE: Page numbers for previous revisions may differ from page numbers in the current version.\nPage\nChanges from Revision A (July 2022) to Revision B (January 2023)"", ""Figure 10-1. Typical ApplicationSchematic\n110 nH±20%\n0.75V\nV\nVIN\nSW\n3.3V\nVIN\nMODE/SYNC\n20 kQ\nC\nC\nVoO\nLoad\nVOSNS\nEN\nGOSNS\nSDA\nSCL\n>Rz\nVSEL\nFSEL\n3.3V\nCc\n6.2 kQ\n[cc\nM10 kQ\nCOMP\n1kQ\nOPG\nPG\nSYNC_OUT\nGND\n10pF\nGND\n""]","{""original_context_count"": 28, ""original_context_characters"": 38131, ""scored_context_count"": 4, ""scored_context_characters"": 2197, ""contexts_truncated"": true, ""context_selection"": ""claim_coverage"", ""selected_evidence_ids"": [""document:a075d2642b8e135f""], ""selected_claim_ids"": [""sq_1:claim_1"", ""sq_2:claim_1""], ""excluded_evidence_ids"": [""circuit:21:net:VCC3V3_MCU"", ""document:166c78abf834f10b"", ""document:2f8baf0f2ad1d779"", ""document:3862b04ac47a9499"", ""document:44c4021cbbe6e903"", ""document:529a142033d8838a"", ""document:5fe56e0953406ff6"", ""document:6620a6e887eb13f5"", ""document:87e0c61422f91bc3"", ""document:8d80fbb6ee80deb0"", ""document:8f20a6d958d9bc2d"", ""document:91f27d32c7bf7787"", ""document:a266ee5764d45ab0"", ""document:b257f3b0795806a8"", ""document:b6943ae371d76077"", ""document:b951cd577820dff2"", ""document:b97d439391ffdd91"", ""document:e26a168e2958c940"", ""document:e6627ad70c8cab97"", ""document:fb47bab03fe29655""]}",0.20201761285308412,0.44210932640697886,0.25,not_applicable,0.9999999999,0.0,0.5,0.045454545454545456,not_applicable
hw-v1-circuit-tps22918-enumeration,success,板上用 TPS22918 做了哪些电源开关？逐个给出输入、输出和使能。,U1500：VCC3V3 到 VCC3V3_ETH，使能 MCU_3V3_ETH_EN；U1802：VCC3V3 到 VCC3V3_EQ，使能 MCU_3V3_EQ_EN；U1803：VCC1V8 到 VCC1V8_EQ，使能 MCU_1V8_EQ_EN。,"基于证据，板上共有3个TPS22918实例，分别对应三个电源开关。以下是每个实例的输入、输出和使能信息：

**直接结论：**
- **U1500**：使能网络为MCU_3V3_ETH_EN，输入和输出网络在证据中未直接说明。
- **U1802**：使能网络为MCU_3V3_EQ_EN，输入和输出网络在证据中未直接说明。
- **U1803**：使能网络为MCU_1V8_EQ_EN，输入和输出网络在证据中未直接说明。

**支撑证据：**
1. **实例U1500**：原理图中标识为TPS22918（证据[10]），其使能引脚（ON）连接至网络MCU_3V3_ETH_EN（证据[8]）。关于输入（VIN）和输出（VOUT）连接的网络，在提供的电路证据中未直接说明。
2. **实例U1802**：原理图中标识为TPS22918（证据[11]），其使能引脚（ON）连接至网络MCU_3V3_EQ_EN（证据[7]）。关于输入（VIN）和输出（VOUT）连接的网络，在提供的电路证据中未直接说明。
3. **实例U1803**：原理图中标识为TPS22918（证据[12]），其使能引脚（ON）连接至网络MCU_1V8_EQ_EN（证据[6]）。关于输入（VIN）和输出（VOUT）连接的网络，在提供的电路证据中未直接说明。

**缺失信息：**
- 每个TPS22918实例的输入（VIN）和输出（VOUT）所连接的具体网络名称，在提供的电路设计证据中未直接给出。","基于证据，板上共有3个TPS22918实例，分别对应三个电源开关。以下是每个实例的输入、输出和使能信息：

**直接结论：**
- **U1500**：使能网络为MCU_3V3_ETH_EN，输入和输出网络在证据中未直接说明。
- **U1802**：使能网络为MCU_3V3_EQ_EN，输入和输出网络在证据中未直接说明。
- **U1803**：使能网络为MCU_1V8_EQ_EN，输入和输出网络在证据中未直接说明。

**支撑证据：**
1. **实例U1500**：原理图中标识为TPS22918（证据[10]），其使能引脚（ON）连接至网络MCU_3V3_ETH_EN（证据[8]）。关于输入（VIN）和输出（VOUT）连接的网络，在提供的电路证据中未直接说明。
2. **实例U1802**：原理图中标识为TPS22918（证据[11]），其使能引脚（ON）连接至网络MCU_3V3_EQ_EN（证据[7]）。关于输入（VIN）和输出（VOUT）连接的网络，在提供的电路证据中未直接说明。
3. **实例U1803**：原理图中标识为TPS22918（证据[12]），其使能引脚（ON）连接至网络MCU_1V8_EQ_EN（证据[6]）。关于输入（VIN）和输出（VOUT）连接的网络，在提供的电路证据中未直接说明。

**缺失信息：**
- 每个TPS22918实例的输入（VIN）和输出（VOUT）所连接的具体网络名称，在提供的电路设计证据中未直接给出。","[""Net CAN_EN_MCU_SPI3_MRST_P02.5 connects R1213.&1, R1231.&1, R1318.&1, R1324.&1, TP1119.&1, U900D.P02.5/I2C0_SCLA/PSI5_RX1B/PSI5S_RXB/QSPI3_MRSTA/SENT_SENT3C/CAN0_ECTT2/CAN11_TXD/QSPI3_MRST/I2C0_SCL/ERAY0_TXENB."", ""Net ECU_EN connects C1625.&2, D1608.K, D1611.K, D1612.K, D1613.K, D1614.K, D1615.K, R1610.&1, R1612.&2, TP1609.&1, U1600.EN/SYNC."", ""Net EQ_1V8_TSENS connects C651.&1, C653.&1, L601.&1, U400-10.VDDA_TSENS0, U400-10.VDDA_TSENS1."", ""Net EYEQ6_FCMU_RSTEN_N_P11.13 connects R520.&1, TP1138.&1, U900D.P11.13/GETH_RXERA/CAN13_RXDD/CSIH1CSS3 /SENT0SPCO / ADCA0I1S / RIIC1SCL."", ""Net EYEQ6_TESTEN connects R529.&2, TP513.&1, U400-5.TESTEN, X2000.&11."", ""Net MCU_1V8_EQ_EN connects R1817.&2, TP1819.&1, U1803.ON, U900E.P20.0/CAN03_RXDC/CBS_TGI0/SCU_E_REQ6_0/GPT120_T6EUDA/ASCLIN3_ATX/ASCLIN3_ASCLK/HSCT0_SYSCLK_OUT/CBS_TGO0."", ""Net MCU_3V3_EQ_EN connects R1818.&2, TP1822.&1, U1802.ON, U900E.P20.3/ASCLIN3_ARXC/GPT120_T6INA/ASCLIN3_ATX/QSPI0_SLSO9/QSPI2_SLSO9/CAN03_TXD, X2000.&13."", ""Net MCU_3V3_ETH_EN connects R1500.&2, TP1500.&1, U1500.ON, U900E.P21.0/ASCLIN11_ARXC/ASCLIN11_ATX/ASCLIN11_ATX."", ""Instance U1600: LN10046FSQ1LQR, 202309205790, LN10046FSQ1LQR, QFN50X52D5P400x350x90-14."", ""Instance U1500: TPS22918, 20181204001, TPS22918TDBVRQ1, SOT23X145-6."", ""Instance U1802: TPS22918, 20181204001, TPS22918TDBVRQ1, SOT23X145-6."", ""Instance U1803: TPS22918, 20181204001, TPS22918TDBVRQ1, SOT23X145-6."", ""<table><tr><td>模块序号\nModule number</td><td>模块名称\nModule name</td><td>功能定义\nFunction definition.</td><td>功能安全需求\nFunctional safety requirements</td></tr><tr><td>F01</td><td>MCU</td><td>SAK-TC377TP-96F300S AA</td><td>B(B)</td></tr><tr><td>F02</td><td>EYEQ6-L</td><td>EYEQ6-L，用于sensor的视频处理</td><td>B</td></tr><tr><td>F03</td><td>EYEQ6_LPDDR4</td><td>EQ6的1GB LPDDR4</td><td>B</td></tr><tr><td>F04</td><td>EYEQ6_NAND FLASH</td><td>EQ6的2Gb NAND FLASH</td><td>B</td></tr><tr><td>F05</td><td>CAM SENSOR</td><td>Sony 728摄像头模组</td><td>B</td></tr><tr><td>F06</td><td>KL30 sample</td><td>KL30电压采样</td><td>QM</td></tr><tr><td>F07</td><td>KL15 sample</td><td>KL15电压采样</td><td>QM</td></tr><tr><td>F08</td><td>EQ system power sample1</td><td>EQ6L系统供电电源电压ADC采样滤波、分压电路</td><td>B(B)</td></tr><tr><td>F09</td><td>ETH and CAN power sample2</td><td>CAN和ETH电源电压ADC采样滤波、分压电路</td><td>QM</td></tr><tr><td>F10</td><td>NTC temp sensor</td><td>NTC温度传感器，监控EQ6L/LPDDR4周边环境温度。</td><td>B</td></tr><tr><td>F11</td><td>KL30 EMI</td><td>KL30供电口EMI滤波电路.</td><td>B</td></tr><tr><td>F12</td><td>POWER</td><td>LN10046，KL30电源转VCC3V3电源</td><td>B</td></tr><tr><td>F13</td><td>POWER</td><td>LP87702，VCC3V3电压输入，VCC1V1、VCC1V8、VCC50电压输出</td><td>QM(B)</td></tr><tr><td>F14</td><td>POWER</td><td>TPS62872，VCC3V3电压输入，VCC0V75电压输出</td><td>QM(B)</td></tr><tr><td>F15</td><td>POWER</td><td>SA23002，VCC3V3输入，VCC0V75电压输出</td><td>QM(B)</td></tr><tr><td>F16</td><td>POWER</td><td>TPS22918负载开关，VCC3V3电压输入，VCC3V3_EQ输出</td><td>QM(B)</td></tr><tr><td>F17</td><td>POWER</td><td>TPS22918负载开关，VCC3V3输入，VCC3V3_ETH输出</td><td>QM</td></tr><tr><td>F18</td><td>overvoltage protect</td><td>用于MCU电源VCC3V3_MCU的外部过压保护</td><td>B</td></tr><tr><td>F19</td><td>POWER</td><td>TPS22918 负载开关，VCC1V8电压输入，VCC1V8_EQ电压输出</td><td>QM(B)</td></tr><tr><td>F20</td><td>CAN3</td><td>基于TCAN1145的CAN通讯，硬件支持特定报文唤醒</td><td>QM</td></tr><tr><td>F21</td><td>CAN2</td><td>基于TCAN1044A的CAN通讯.</td><td>QM</td></tr><tr><td>F22</td><td>CAN1</td><td>基于TCAN1044A的CAN通讯</td><td>QM</td></tr><tr><td>F23</td><td>CAN0</td><td>基于TCAN1044A的CAN通讯.</td><td>QM</td></tr><tr><td>F24</td><td>ETH</td><td>基于DP83TC812R的100BASE-T1通讯</td><td>QM</td></tr><tr><td>F25</td><td>Wake up</td><td>唤醒源和一级电源使能电路设计</td><td>QM</td></tr><tr><td>F26</td><td>watchdog</td><td>LP87702的看门狗功能，用于监控MCU运行状态</td><td>B</td></tr><tr><td>F27</td><td>POWER</td><td>VCC3V3_MCU转VCC1V25_MCU电压，由MCU的EVRC进行控制。</td><td>B</td></tr><tr><td>F28</td><td>level translation</td><td>3V3和1V8双向电压转换芯片</td><td>QM</td></tr></table>"", ""<table><tr><td>HM ID</td><td>F19</td></tr><tr><td>运行模式\nOperation Mode</td><td>上电模式、下电模式、运行模式\nPower on mode, Power off mode, Run mode.</td></tr><tr><td>模式定义\nDefinition of Operation mode</td><td>1、\t上电模式\nMCU通过将MCU_1V8_EQ_EN信号配置为逻辑高使能VCC1V8_EQ电源输出，用于EQ系统供电。\n2、\t下电模式\nMCU通过将MCU_1V8_EQ_EN信号配置为逻辑低关闭VCC1V8_EQ电源输出。\n3、\t运行模式\nTPS22918正常输出VCC1V8_EQ。\nPower on mode\nThe MCU is used to power the EQ system by configuring the MCU-1 V8-EQ_EN signal to the logical high enable VCCIV8-EQ power output. \nPower off mode\nThe MCU turns off the VCC1V8-EQ power output by configuring the MCU-1V8-EQ_EN signal to logic low.\nRun mode\nTPS22918 normal output VCC1V8_EQ.</td></tr><tr><td>模式切换接口\nMode switching interface</td><td></td></tr><tr><td>模式状态机\nMode state machine</td><td></td></tr><tr><td>模式切换条件\nMode switching condition</td><td>参考：\n产品系统需求规格说明\n产品系统方案设计说明书\nReference: \nProduct system requirement specification \nProduct system scheme design specification.</td></tr><tr><td>备注\nNote</td><td></td></tr></table>"", ""\nHW Interface Component ：QM（B）; None：F16/POWER; None：1、负载开关TPS22918，VCC3V3转VCC3V3_EQ。\n2、TPS22918由MCU进行使能和关断控制。; MCU Component ：F01/MCU; None：B; None：G20; None：P20.3; None：P20.3/GTM_TIM4_IN5_11/GTM_TIM3_IN4_5/GTM_TIM2_IN4_5/GTM_TOUT61/QSPI0_SLSO9/QSPI2_SLSO9/CAN03_TXD; None：GPIO; None：MCU_3V3_EQ_EN; None：/; None：O; None：VCC3V3_EQ电源使能控制信号\n高：使能VCC3V3_EQ电源\n低：关断VCC3V3_EQ电源; None：HI-Z,硬件外部下拉; None：—; SW Variable Name or SW Function Name：— ——Port1\nHW Interface Component ：QM; None：F17/POWER; None：1、负载开关TPS22918，VCC3V3转VCC3V3_ETH。\n2、TPS22918由MCU进行使能和关断控制。; MCU Component ：F01/MCU; None：QM; None：K17; None：P21.0; None：P21.0/GTM_TIM4_IN0_11/GTM_TIM3_IN4_6/GTM_TIM2_IN4_6/QSPI4_MRSTDN/DMU_FDEST/GTM_TOUT51/HSM_HSM1; None：GPIO; None：MCU_3V3_ETH_EN; None：/; None：O; None：VCC3V3_ETH电源使能控制信号\n高：使能VCC3V3_EQ电源\n低：关断VCC3V3_EQ电源; None：HI-Z, 硬件外部下拉; None：—; SW Variable Name or SW Function Name：— ——Port1\nHW Interface Component ：QM; None：F14/POWER; None：1、电源转换芯片TPS62872，VCC3V3转VCC0V75。\n2、TPS62872由MCU进行使能和关断控制。; MCU Component ：F01/MCU; None：QM; None：P20; None：P22.0; None：P22.0/GTM_TIM1_IN1_7/GTM_TIM0_IN1_7/QSPI4_MTSRB/GTM_TOUT47/QSPI4_MTSR/QSPI4_SCLKN; None：GPIO; None：MCU_VCC0V75_EN; None：/; None：O; None：VCC0V75电源使能控制信号\n高：使能VCC0V75电源\n低：关断VCC0V75电源; None：HI-Z, 硬件外部下拉; None：—; SW Variable Name or SW Function Name：— ——Port1"", ""<table><tr><td>HM ID</td><td>F19</td></tr><tr><td>模块功能 \nModule Function</td><td>1V8转1V8_EQ用于EQ6供电，现选择负载开关方案。\n1V8 to 1V8_EQ is used for the EQ6 power supply, now choose the load switch scheme.\n</td></tr><tr><td>模块框图\nModule diagram</td><td></td></tr><tr><td>模块方案\nModule solution</td><td>采用TPS22918负载开关，将VCC1V8电源转换为VCC1V8_EQ，给EQ6供电。用MCU的P20.0引脚使能该芯片。\nThe TPS22918 load switch chip is used to convert the VCC1V8 to VCC1V8_EQ to power EQ6. The P20.0 pin of the MCU is used to enable the chip.\n</td></tr></table>"", ""<table><tr><td>HM ID</td><td>F17</td></tr><tr><td>运行模式\nOperation Mode</td><td>上电模式、下电模式、运行模式\nPower on mode, Power off mode, Run mode.</td></tr><tr><td>模式定义\nDefinition of Operation mode</td><td>1、\t上电模式\nMCU通过将MCU_3V3_ETH_EN信号配置为逻辑高使能VCC3V3_ETH电源输出，用于MCU ETH系统供电。\n2、\t下电模式\nMCU通过将MCU_3V3_ETH_EN信号配置为逻辑低关闭VCC3V3_ETH电源输出。\n3、\t运行模式\nTPS22918正常输出VCC3V3_ETH。\nPower on mode \nThe MCU is used to power the MCU ETH system by configuring the MCU_3V3_ETH_EN signal as a logical high enabled VCC3V3_ETH power output.\nPower off mode\nThe MCU turns off the VCC3V3_ETH power output by configuring the MCU_3V3_ETH_EN signal to logical low.\nRun mode \nTPS22918 normal output VCC3V3_ETH. \n</td></tr><tr><td>模式切换接口\nMode switching interface</td><td></td></tr><tr><td>模式状态机\nMode state machine</td><td></td></tr><tr><td>模式切换条件\nMode switching condition</td><td>参考：\n产品系统需求规格说明\n产品系统方案设计说明书\nReference: \nProduct system requirement specification \nProduct system scheme design specification.</td></tr><tr><td>备注\nNote</td><td></td></tr></table>"", ""<table><tr><td>HM ID</td><td>F16</td></tr><tr><td>运行模式\nOperation Mode</td><td>上电模式、下电模式、运行模式\nPower on mode, Power off mode, Run mode.</td></tr><tr><td>模式定义\nDefinition of Operation mode</td><td>1、\t上电模式\nMCU通过将MCU_3V3_EQ_EN信号配置为逻辑高使能VCC3V3_EQ电源输出，用于EQ6和CAM系统供电。\n2、\t下电模式\nMCU通过将MCU_3V3_EQ_EN信号配置为逻辑低关闭VCC3V3_EQ输出。\n3、\t运行模式\nTPS22918正常输出VCC3V3_EQ。\nPower on mode\nThe MCU is used to power EQ6 and CAM systems by configuring the McU-3v3-eqen signal as a logical high enable VCC3V3 EQ power output. \nPower off mode\nThe MCU turns off the VCC3V3_EQ output by configuring the MCU_3V3_EQ_EN signal to logic low.\nRun mode \nTPS22918 normal output VCC3V3_EQ.</td></tr><tr><td>模式切换接口\nMode switching interface</td><td></td></tr><tr><td>模式状态机\nMode state machine</td><td></td></tr><tr><td>模式切换条件\nMode switching condition</td><td>参考：\n产品系统需求规格说明\n产品系统方案设计说明书\nReference: \nProduct system requirement specification \nProduct system scheme design specification.</td></tr><tr><td>备注\nNote</td><td></td></tr></table>"", ""<table><tr><td>HM ID</td><td>F16</td></tr><tr><td>模块功能 \nModule Function</td><td>VCC3V3转VCC3V3_EQ用于EQ6的IO和摄像头供电，现使用负载开关TPS22918进行设计。\nVCC3V3 to VCC3V3-EQ is used for the IO and camera power supply of EQ6, and the load switch TPS22918 is used for the design.</td></tr><tr><td>模块框图\nModule diagram</td><td></td></tr><tr><td>模块方案\nModule solution</td><td>采用TPS22918负载开关，将VCC3V3系统电源转换为VCC3V3_EQ，提供给EQ6和摄像头供电。用MCU的P20.3引脚使能该芯片。\nThe TPS22918 load switch is used to convert the VCC3V3 system power to VCC3V3-EQ to supply power to EQ6 and the camera. The P20.3 pin of the MCU is used to enable the chip.\n</td></tr></table>"", ""<table><tr><td>序号</td><td>模块序号</td><td>模块名称</td><td>功能定义</td><td>功能安全需求</td></tr><tr><td>1</td><td>F013</td><td>POWER</td><td>LP87702，VCC3V3电压输入，VCC1V1、VCC1V8、VCC50电压输出</td><td>QM(B)</td></tr><tr><td>1</td><td>F01</td><td>MCU</td><td>SAK-TC377TP-96F300S AA</td><td>B(B)</td></tr><tr><td>1</td><td>F08</td><td>EQ system power sample1</td><td>EQ6L系统供电电源电压ADC采样滤波、分压电路</td><td>B(B)</td></tr><tr><td>2</td><td>F14</td><td>POWER</td><td>TPS62872，VCC3V3电压输入，VCC0V75电压输出，EQ6L核电供电</td><td>QM(B)</td></tr><tr><td>2</td><td>F01</td><td>MCU</td><td>SAK-TC377TP-96F300S AA</td><td>B(B)</td></tr><tr><td>2</td><td>F08</td><td>EQ system power sample</td><td>EQ6L系统供电电源电压ADC采样滤波、分压电路</td><td>B(B)</td></tr><tr><td>3</td><td>F15</td><td>POWER</td><td>SA23002，VCC3V3输入，0V75_MIPI_DDR电压输出</td><td>QM(B)</td></tr><tr><td>3</td><td>F01</td><td>MCU</td><td>SAK-TC377TP-96F300S AA</td><td>B(B)</td></tr><tr><td>3</td><td>F08</td><td>EQ system power sample</td><td>EQ6L系统供电电源电压ADC采样滤波、分压电路</td><td>B(B)</td></tr><tr><td>4</td><td>F16</td><td>POWER</td><td>TPS22918负载开关，VCC3V3电压输入，VCC3V3_EQ输出</td><td>QM(B)</td></tr><tr><td>4</td><td>F01</td><td>MCU</td><td>SAK-TC377TP-96F300S AA</td><td>B(B)</td></tr><tr><td>4</td><td>F08</td><td>EQ system power sample</td><td>EQ6L系统供电电源电压ADC采样滤波、分压电路</td><td>B(B)</td></tr></table>""]","{""original_context_count"": 20, ""original_context_characters"": 10518, ""scored_context_count"": 4, ""scored_context_characters"": 544, ""contexts_truncated"": true, ""context_selection"": ""claim_coverage"", ""selected_evidence_ids"": [""circuit:21:net:MCU_3V3_ETH_EN""], ""selected_claim_ids"": [""sq_1:claim_1"", ""sq_2:claim_1""], ""excluded_evidence_ids"": [""circuit:21:net:CAN_EN_MCU_SPI3_MRST_P02.5"", ""circuit:21:net:ECU_EN"", ""circuit:21:net:EQ_1V8_TSENS"", ""circuit:21:net:EYEQ6_FCMU_RSTEN_N_P11.13"", ""circuit:21:net:EYEQ6_TESTEN"", ""circuit:21:net:MCU_1V8_EQ_EN"", ""circuit:21:net:MCU_3V3_EQ_EN""]}",0.5380882698133904,0.590687422713215,0.6666666666666666,not_applicable,0.0,0.0,1.0,0.25,not_applicable
hw-v1-multihop-eth-power,failed,以太网 PHY 的 1.0V 电源如何一级级供出来？,供电链路为 VCC3V3 → U1500（TPS22918，ON=MCU_3V3_ETH_EN）→ VCC3V3_ETH → U1501（TPS74501 LDO）→ VCC1V0_ETH。,,,[],"{""original_context_count"": 0, ""original_context_characters"": 0, ""scored_context_count"": 0, ""scored_context_characters"": 0, ""contexts_truncated"": false, ""context_selection"": ""original_order"", ""selected_evidence_ids"": [], ""selected_claim_ids"": [], ""excluded_evidence_ids"": []}",failed,failed,,,failed,failed,,failed,
hw-v1-missing-u1700-price,success,U1700 的替代料和采购单价是多少？,当前知识库只有电路和 HSI 文档，没有 BOM、替代料或价格表证据；只能确认 U1700 的已知料号为 20200424007，不能编造替代料或单价。,"U1700 的替代料和采购单价均无直接证据支持，具体信息缺失。

**结论：**
- **替代料**：无证据，无法确定。  
- **采购单价**：无证据，无法确定。

**支撑证据：**  
仅有的证据为电路设计文件中的实例 U1700，显示其器件型号为 **LP87702RRHBRQ1**（属于 LP87702-Q1 系列）[来源：circuit:21:instance:U1700]。该证据未包含任何替代料信息或价格数据。

**缺失信息：**  
- **替代料**：未在电路设计、文档文本或电子表格中找到任何关于 U1700 替代料的信息。  
- **采购单价**：未在电路设计或电子表格中找到任何关于 U1700 采购单价的信息。","U1700 的替代料和采购单价均无直接证据支持，具体信息缺失。

**结论：**
- **替代料**：无证据，无法确定。  
- **采购单价**：无证据，无法确定。

**支撑证据：**  
仅有的证据为电路设计文件中的实例 U1700，显示其器件型号为 **LP87702RRHBRQ1**（属于 LP87702-Q1 系列）[来源：circuit:21:instance:U1700]。该证据未包含任何替代料信息或价格数据。

**缺失信息：**  
- **替代料**：未在电路设计、文档文本或电子表格中找到任何关于 U1700 替代料的信息。  
- **采购单价**：未在电路设计或电子表格中找到任何关于 U1700 采购单价的信息。","[""Instance U1700: LP87702-Q1, 20200424007, LP87702RRHBRQ1, pqfn50p5x5x90-32."", ""<table><caption> Device Information</caption>\n<tr><td colspan=3 rowspan=3 >Part Number Current Rating Package TPS62870-Q1 6A TPS62871-Q1 9A RXS (VQFN-FCRLF, TPS62872-Q1 12 A 16) TPS62873-Q1 15 A</td></tr>\n\n</table>"", ""\nNone：YYYY年MM月DD日发布\nReleased on DD/MM/YYYY; 文件编号File No：6XXXXXXXX_BBB_HW_IP_00X\n保存期限：产品生命周期加1个日历年；如属安全件，保存15个日历年以上\nRetention period:Product life cycle +1 calendar year.\nIf it is a safety part, keep it for more than 15 calendar years\n密级：内部\nSecurity level：Internal：YYYY年MM月DD日实施\nImplemented on DD/MM/YYYY ——封面Cover\nNone：北京经纬恒润科技股份有限公司\nBeijing Jingwei Hirain Technologies Co., Inc. ——封面Cover\nECU Connector：Pin No.; None：Pin Desc.; None：Signal Type; HW Interface Component ：ASIL; None：HW ID / Name; None：Characteristic; MCU Component ：HW ID; None：Pin ASIL; None：Trace; None：MCU Pin; None：Port Pin; None：Pin Name; None：Pin Function; None：Peripheral; None：Register; None：Direction; None：Function\nDescription; None：Default status after reset release; None：Standby/sleep state Settings ——Port1\nMCU Component ：/ Name; None：Solution ID; None：No.; None：Group; None：Name / Channel; None：Name ——Port1\nECU Connector：X1900-1; None：UBD; None：POWER; HW Interface Component ：QM; None：F06/KL30 sample; None：UBD供电要求范围：9~16VDC，要求MCU通过ADC对UBD电源电压进行采样和监控，实现电源管理功能。; MCU Component ：F01/ MCU; None：QM; None：K5; None：P00.10; None：P00.10/GTM_TIM4_IN1_11/GTM_TIM1_IN1_1/GTM_TIM0_IN1_1/GTM_TOUT19/EVADC_G9CH2; None：GPIO; None：MCU_UB_SW_P00.10; None：/; None：O; None：KL30电源电压ADC采样控制信号\n高：打开通道，ADC可以采集\n低：关闭通道，ADC不可以采集; None：HI-Z，硬件外部下拉; None：—; SW Variable Name or SW Function Name：— ——Port1"", ""VOUT(VIN - VoUT\nIL(PP) = VU(NxLxW)"", ""\nNone：MCU采样EQ6l系统的VCC0V75_MIPI_DDR电源电压\n精度要求：0V75±5%; MCU Component ：F01/ MCU; None：B; None：W4; None：AN18; None：AN18/P40.11/SENT_SENT11A/EVADC_G11CH8/EVADC_G2CH2; None：ADC，分辨率10bit; None：0V75_MIPI_DDR_ACQ; None：/; None：I; None：0V75_MIPI_DDR电压采样\nU0V75_MIPI_DDR_ACQ=3.3*ADC值/1024\n硬件滤波截止频率：≥121.7Hz\n硬件滤波时间：≤1.6ms\n精度要求：0.75V±5%; None：HI-Z; None：—; SW Variable Name or SW Function Name：— ——Port1\nNone：MCU采样摄像头系统的3.3V电源电压，精度要求：3V3±5%; MCU Component ：F01/ MCU; None：B; None：T7; None：AN12; None：AN12/EVADC_G1CH4/EDSADC_EDS0PB; None：ADC，分辨率10bit; None：VCC3V3_CAM_ACQ; None：/; None：I; None：索尼摄像头模组电源3.3V电压采样。\nCAM 3V3电压采样\nU3V3_CAM_ACQ=3.3*ADC值/1024\nU3V3_CAM=U3V3_CAM_ACQ/分压比，分压比=1/2\n精度要求：3.3V±5%; None：HI-Z; None：—; SW Variable Name or SW Function Name：— ——Port1\nNone：MCU采样摄像头的1V1电源电压，精度要求：1~1.2V; MCU Component ：F01/ MCU; None：B; None：W6; None：AN13; None：AN13/EVADC_G1CH5/EDSADC_EDS0NB; None：ADC，分辨率10bit; None：VCC1V1_CAM_ACQ; None：/; None：I; None：索尼摄像头模组电源1.1V电压采样。\nU1V1_ACQ=3.3*ADC值/1024\n精度：1~1.2V\n硬件滤波截止频率：≥121.7Hz\n硬件滤波时间：≤1.6ms; None：HI-Z; None：—; SW Variable Name or SW Function Name：— ——Port1"", ""<table><tr><td>模块序号\nModule number</td><td>模块名称\nModule name</td><td>功能定义\nFunction definition.</td><td>功能安全需求\nFunctional safety requirements</td></tr><tr><td>F01</td><td>MCU</td><td>SAK-TC377TP-96F300S AA</td><td>B(B)</td></tr><tr><td>F02</td><td>EYEQ6-L</td><td>EYEQ6-L，用于sensor的视频处理</td><td>B</td></tr><tr><td>F03</td><td>EYEQ6_LPDDR4</td><td>EQ6的1GB LPDDR4</td><td>B</td></tr><tr><td>F04</td><td>EYEQ6_NAND FLASH</td><td>EQ6的2Gb NAND FLASH</td><td>B</td></tr><tr><td>F05</td><td>CAM SENSOR</td><td>Sony 728摄像头模组</td><td>B</td></tr><tr><td>F06</td><td>KL30 sample</td><td>KL30电压采样</td><td>QM</td></tr><tr><td>F07</td><td>KL15 sample</td><td>KL15电压采样</td><td>QM</td></tr><tr><td>F08</td><td>EQ system power sample1</td><td>EQ6L系统供电电源电压ADC采样滤波、分压电路</td><td>B(B)</td></tr><tr><td>F09</td><td>ETH and CAN power sample2</td><td>CAN和ETH电源电压ADC采样滤波、分压电路</td><td>QM</td></tr><tr><td>F10</td><td>NTC temp sensor</td><td>NTC温度传感器，监控EQ6L/LPDDR4周边环境温度。</td><td>B</td></tr><tr><td>F11</td><td>KL30 EMI</td><td>KL30供电口EMI滤波电路.</td><td>B</td></tr><tr><td>F12</td><td>POWER</td><td>LN10046，KL30电源转VCC3V3电源</td><td>B</td></tr><tr><td>F13</td><td>POWER</td><td>LP87702，VCC3V3电压输入，VCC1V1、VCC1V8、VCC50电压输出</td><td>QM(B)</td></tr><tr><td>F14</td><td>POWER</td><td>TPS62872，VCC3V3电压输入，VCC0V75电压输出</td><td>QM(B)</td></tr><tr><td>F15</td><td>POWER</td><td>SA23002，VCC3V3输入，VCC0V75电压输出</td><td>QM(B)</td></tr><tr><td>F16</td><td>POWER</td><td>TPS22918负载开关，VCC3V3电压输入，VCC3V3_EQ输出</td><td>QM(B)</td></tr><tr><td>F17</td><td>POWER</td><td>TPS22918负载开关，VCC3V3输入，VCC3V3_ETH输出</td><td>QM</td></tr><tr><td>F18</td><td>overvoltage protect</td><td>用于MCU电源VCC3V3_MCU的外部过压保护</td><td>B</td></tr><tr><td>F19</td><td>POWER</td><td>TPS22918 负载开关，VCC1V8电压输入，VCC1V8_EQ电压输出</td><td>QM(B)</td></tr><tr><td>F20</td><td>CAN3</td><td>基于TCAN1145的CAN通讯，硬件支持特定报文唤醒</td><td>QM</td></tr><tr><td>F21</td><td>CAN2</td><td>基于TCAN1044A的CAN通讯.</td><td>QM</td></tr><tr><td>F22</td><td>CAN1</td><td>基于TCAN1044A的CAN通讯</td><td>QM</td></tr><tr><td>F23</td><td>CAN0</td><td>基于TCAN1044A的CAN通讯.</td><td>QM</td></tr><tr><td>F24</td><td>ETH</td><td>基于DP83TC812R的100BASE-T1通讯</td><td>QM</td></tr><tr><td>F25</td><td>Wake up</td><td>唤醒源和一级电源使能电路设计</td><td>QM</td></tr><tr><td>F26</td><td>watchdog</td><td>LP87702的看门狗功能，用于监控MCU运行状态</td><td>B</td></tr><tr><td>F27</td><td>POWER</td><td>VCC3V3_MCU转VCC1V25_MCU电压，由MCU的EVRC进行控制。</td><td>B</td></tr><tr><td>F28</td><td>level translation</td><td>3V3和1V8双向电压转换芯片</td><td>QM</td></tr></table>"", ""<table><tr><td></td></tr></table>"", ""<table><tr><td>HM ID</td><td>F14</td></tr><tr><td>模块功能 \nModule Function</td><td>VCC3V3转VCC0V75应用于EQ6的内核供电，要求输出电流能力大，现选型TI的方案TPS62872。\nVCC3V3 to VCCOV75 is applied to the kernel power supply of EQ6, which requires large output current capacity. TI's scheme TPS62872 is selected.</td></tr><tr><td>模块框图\nModule diagram</td><td></td></tr><tr><td>模块方案\nModule solution</td><td>\t采用TPS62872电源芯片，将VCC3V3转换为VCC0V75，提供给EQ6核电供电。用MCU的P22.0引脚使能芯片，用MCU_SDA_P15.5，MCU_SCL_P15.4引脚I2C通信来设置输出电压和通信。\nTPS62872 power chip is used to convert VCC3V3 to VCCOV75, which is supplied to EQ nuclear power supply. P22.0 pin of MCU is used to enable chip, MCU_SDA_P15.5, MCU_SCL_P15.4 pin I2C communication is used to set output voltage and communication. +</td></tr></table>"", ""<table><caption> Table9-5.DefaultOutputVoltageSetpoints</caption>\n<tr><td  >VSEL Pin(1)</td><td  >Device Number</td><td  >VSET[7:0]</td><td  >Output Voltage Setpoint</td></tr>\n<tr><td></td><td  >TPS6287x-Q1</td><td  >0x5a</td><td  >850 mV</td></tr>\n<tr><td></td><td  >TPS6287xY0-Q1</td><td  >0x50</td><td  >800 mV</td></tr>\n<tr><td></td><td  >TPS6287xY1-Q1</td><td  >0x14</td><td  >500 mV</td></tr>\n<tr><td></td><td  >TPS6287xY2-Q1</td><td  >0x64</td><td  >1800 mV</td></tr>\n<tr><td  >6.2 kQ to GND</td><td  >TPS6287xY3-Q1</td><td  >0x52</td><td  >810 mV</td></tr>\n<tr><td></td><td  >TPS6287xN0-Q1</td><td  >0x14</td><td  >500 mV</td></tr>\n<tr><td></td><td  >TPS6287xN1-Q1</td><td  >0x50</td><td  >800 mV</td></tr>\n<tr><td></td><td  >TPS6287xN2-Q1</td><td  >0x64</td><td  >1800 mV</td></tr>\n</table>"", ""\nECU Connector：X190011\nX1900-10; None：CAN1L\nCAN1H; None：CAN Communction; HW Interface Component ：QM; None：F22/CAN1; None：CAN1外挂TCAN1044A收发器，支持速率为：\nCAN：500Kbps\nCANFD：2/5/8Mbps\n支持兼容TCAN1145/TJA1043; MCU Component ：F01/ MCU; None：QM; None：F19; None：P20.7; None：P20.7/GTM_TIM3_IN7_5/GTM_TIM2_IN7_5/GTM_TIM1_IN5_8/CAN00_RXDB/GTM_TOUT63/CAN12_TXD; None：CAN12_TXD; None：MCU_CAN1_TXD_P20.7; None：/; None：O; None：CAN1信号输出; None：HI-Z; None：—; SW Variable Name or SW Function Name：— ——Port1\nMCU Component ：F01/ MCU; None：QM; None：F17; None：P20.6; None：P20.6/GTM_TIM3_IN6_5/GTM_TIM2_IN6_5/CAN12_RXDA/GTM_TOUT62/QSPI0_SLSO8/QSPI2_SLSO8; None：CAN12_RXDA; None：MCU_CAN1_RXD_P20.6; None：/; None：I; None：CAN1信号输入; None：HI-Z,硬件外部上拉; None：—; SW Variable Name or SW Function Name：— ——Port1\nMCU Component ：F01/MCU; None：QM; None：H1; None：P00.2; None：P00.2/GTM_TIM5_IN6_11/GTM_TIM3_IN1_2/GTM_TOUT11/PSI5_TX0/CAN03_TXD/QSPI3_SLSO4/EVADC_G9CH10; None：GPIO/QSPI3_SLSO4; None：CAN1_STB_MCU_SPI3_CS4_P00.2; None：/; None：O; None：当贴TCAN1044A时：CAN1待机控制信号：\n高：进入STANDBY模式\n低：退出STANDBY模式\n当贴TCAN1145时：CAN1 SPI3片选信号：\n高：释放设备\n低：选中设备; None：HI-Z; None：—; SW Variable Name or SW Function Name：— ——Port1"", ""\nNone：MCU采样摄像头的1V8电源电压，精度要求：1.7~1.9V; MCU Component ：F01/ MCU; None：B; None：U6; None：AN14; None：AN14/EVADC_G1CH6/EDSADC_EDS3PB; None：ADC，分辨率10bit; None：VCC1V8_CAM_ACQ; None：/; None：I; None：索尼摄像头模组电源1.8V电压采样。\nU1V8_CAM_ACQ=3.3*ADC值/1024\n精度：1.7~1.9V\n硬件滤波截止频率：≥121.7Hz\n硬件滤波时间：≤1.5ms; None：HI-Z; None：—; SW Variable Name or SW Function Name：— ——Port1\nNone：Config; MCU Component ：F01/ MCU; None：QM; None：H19; None：P20.2; None：P20.2/TESTMODE; None：TESTMODE; None：—; None：/; None：I; None：TESTMODE：\n高：正常工作模式\n低：英飞凌内部测试模式; None：HI-Z，硬件外部上拉; None：—; SW Variable Name or SW Function Name：— ——Port1\nNone：Config; MCU Component ：F01/ MCU; None：B; None：A14; None：P14.5; None：P14.5/GTM_TIM1_IN0_4/GTM_TIM0_IN0_4/PMS_HWCFG1IN/GTM_DTMA2_0/GTM_TOUT85/ERAY0_TXD; None：PMS_HWCFG1IN; None：—; None：/; None：I; None：EVR33控制内部3.3V电压转换:\n高：内部使用5V转换为3.3V电压\n低：禁止5V转换为3.3V电压; None：HI-Z，硬件外部下拉; None：—; SW Variable Name or SW Function Name：— ——Port1"", ""\nECU Connector：X2000-47; None：EQ6L的UART0串口，预留外部调试以及和MCU进行通讯。; MCU Component ：F01/ MCU; None：QM; None：C1; None：P02.2; None：P02.2/ASCLIN1_ATX/QSPI3_SLSO3/PSI5_TX0/CAN02_TXD/ERAY0_TXDB; None：ASCLIN1_ATX; None：EQ6L_UART0_RX; None：/; None：O; None：EQ接收UARTA数据; None：HI-Z，硬件外部上拉; None：—; SW Variable Name or SW Function Name：— ——Port1\nECU Connector：X2103-48; MCU Component ：F01/ MCU; None：QM; None：D2; None：P02.3; None：P02.3/ERAY0_RXDB2/CAN02_RXDB/ASCLIN1_ARXG/PSI5_RX0B/ASCLIN2_ASLSO/QSPI3_SLSO4; None：ASCLIN1_ARXG; None：EQ6L_UART0_TX; None：/; None：I; None：EQ发送UARTA数据; None：HI-Z，硬件外部上拉; None：—; SW Variable Name or SW Function Name：— ——Port1\nNone：MCU的UART串口，预留外部调试; MCU Component ：F01/ MCU; None：QM; None：J4; None：P00.6; None：P00.6/GTM_TIM3_IN5_1/GTM_TIM3_IN1_14/GTM_TIM2_IN5_1/GTM_TOUT15/EVADC_G9CH6; None：GPIO; None：MCU_UART_RX; None：/; None：I; None：MCU接收UART数据; None：HI-Z，硬件外部上拉; None：—; SW Variable Name or SW Function Name：— ——Port1\nMCU Component ：F01/ MCU; None：QM; None：K1; None：P00.7; None：P00.7/GTM_TIM3_IN6_1/GTM_TIM3_IN2_11/GTM_TIM2_IN6_1/GPT120_T2INA/GTM_TOUT16/EVADC_G9CH5; None：GPIO; None：MCU_UART_TX; None：/; None：O; None：MCU发送UART数据; None：HI-Z; None：—; SW Variable Name or SW Function Name：— ——Port1"", ""<table><caption> Table 10-4. List of Recommended Output Capacitors See the Third-Party Products Disclaimer.(1) (17) (18) (19) (20) (21)</caption>\n<tr><td  >Capacitance</td><td  > Dimensions mm (Inch)</td><td  >Voltage Rating</td><td  > Manufacturer, Part Number(1)</td></tr>\n<tr><td  >22 μF ±20%</td><td  >2012 (0805)</td><td  >6.3 V</td><td  >TDK, CGA4J1X7T0J226M125AC</td></tr>\n<tr><td  >22 μF ±10%</td><td  >2012 (0805)</td><td  >6.3 V</td><td  >Murata, GCM31CR71A226KE02</td></tr>\n<tr><td  >47 μF ±20%</td><td  >3216 (1206)</td><td  >4V</td><td  >TDK, CGA5L1X7T0G476M160AC</td></tr>\n<tr><td  >47 μF ±20%</td><td  >2012 (1210)</td><td  >6.3 V</td><td  >Murata, GCM32ER70J476ME19</td></tr>\n<tr><td  >100μF ±20%</td><td  >3225 (1210)</td><td  >4V</td><td  >TDK, CGA6P1X7T0G107M250AC</td></tr>\n<tr><td  >100μF ±20%</td><td  >3216 (1210)</td><td  >6.3 V</td><td  >Murata, GRT32EC70J107ME13</td></tr>\n</table>"", ""<table>\n<tr><td></td><td></td><td></td><td  >MIN</td><td  >NOM</td><td  >MAX</td><td  >UNIT</td></tr>\n<tr><td  >VIN</td><td  >Input voltage</td><td  >VIN SDA, SCL</td><td  >2.7</td><td></td><td  >6 5</td><td  >V</td></tr>\n<tr><td  >VouT</td><td  >Output voltage</td><td></td><td  >0.4</td><td></td><td  >3.35 V or (ViN - 1.4</td><td></td></tr>\n<tr><td></td><td></td><td></td><td></td><td></td><td  >V)(1)</td><td></td></tr>\n<tr><td></td><td></td><td  >TPS62870-Q1</td><td></td><td></td><td  >6</td><td></td></tr>\n<tr><td></td><td></td><td  >TPS62871-Q1</td><td></td><td></td><td  >9</td><td></td></tr>\n<tr><td  >loUT</td><td  >Output current</td><td  >TPS62872-Q1</td><td></td><td></td><td  >12</td><td  >A</td></tr>\n<tr><td></td><td></td><td  >TPS62873-Q1</td><td></td><td></td><td  >15</td><td></td></tr>\n<tr><td></td><td  >Inductance</td><td></td><td  >110</td><td></td><td  >330</td><td  >nH</td></tr>\n<tr><td></td><td></td><td  >fsw≥2.25MHz andVouT≤1.675V</td><td  >55</td><td></td><td  >330</td><td></td></tr>\n</table>"", ""<table><caption> (8) (9) (10) Table 10-3 lists a number of capacitors suitable for this application. This list is not exhaustive and other Table 10-3. List of Recommended Input Capacitors (1) See the Third-Party Products Disclaimer</caption>\n<tr><td  > Capacitance</td><td  >Dimensions mm (Inch)</td><td  >Voltage Rating</td><td  >Manufacturer, Part Number(1)</td></tr>\n<tr><td  >470 nF ±10%</td><td  >1005 (0402)</td><td  >10 V</td><td  >Murata,GCM155C71A474KE36D</td></tr>\n<tr><td  >470 nF ±10%</td><td  >1005 (0402)</td><td  >10 V</td><td  >TDK,CGA2B3X7S1A474K050BB</td></tr>\n<tr><td  >10μF±10%</td><td  >2012 (0805)</td><td  >10V</td><td  >Murata,GCM21BR71A106KE22L</td></tr>\n<tr><td  >10 μF ±10%</td><td  >2012 (0805)</td><td  >10 V</td><td  >TDK, CGA4J3X7S1A106K125AB</td></tr>\n<tr><td  >22 μF ±10%</td><td  >3216 (1206)</td><td  >10 V</td><td  >Murata,GCM31CR71A226KE02L</td></tr>\n<tr><td  >22 μF ±20%</td><td  >3216 (1206)</td><td  >10 V</td><td  >TDK,CGA5L1X7S1A226M160AC</td></tr>\n</table>"", ""[L(PP)}\n（△loUT +\nloUT × tt\nNΦ\nCoUT(min)(sat) = △Vour\n(1 + TOLIND)\n2 x VouT\n2"", ""D = 0.973.3 = 0.253\n0.75""]","{""original_context_count"": 17, ""original_context_characters"": 13121, ""scored_context_count"": 4, ""scored_context_characters"": 1522, ""contexts_truncated"": true, ""context_selection"": ""claim_coverage"", ""selected_evidence_ids"": [""document:29cc1a9be32b6d7f""], ""selected_claim_ids"": [""sq_1:claim_1""], ""excluded_evidence_ids"": [""document:0eb6659a764f4d29"", ""document:164e966ead8b523d"", ""document:22bf3d58fa1f3273"", ""document:2fb73f629dc36cc6"", ""document:34b0244676e92e5a"", ""document:3862b04ac47a9499"", ""document:4e638b9fb82d4ad2"", ""document:6a3bd411d529c73f"", ""document:7970eec1b28a0159"", ""document:8729d6e2c254c2be"", ""document:91f27d32c7bf7787"", ""document:dd6d958dffe7c372"", ""document:e6627ad70c8cab97"", ""document:e7b64e57f6f89035"", ""document:fff26d224ab88aef""]}",0.7431110988506059,0.0,0.0,not_applicable,0.49999999995,0.5,1.0,0.7692307692307693,1.0
hw-v1-conflict-main-mcu,success,主控 MCU 是哪颗，型号是什么？,EDF 中 U900 为 SAK-TC367DP-64F300S，即 AURIX TC367；HSI 章节名称写作 TC377 最小系统。回答应披露 TC367 与 TC377 的来源差异，不能合并为无冲突的单一型号。,"主控 MCU 型号为 **SAK-TC377TP-96F300S AA**。

**支撑证据**：  
- 文档“600608964_ADAS_HSI_0506_1952_shoulin.wang.docx”中明确描述：“32位MCU芯片TC377最小系统模块有SAK-TC377TP-96F300S AA主控芯片”以及“根据ADAS产品需求，综合评估选型为32位MCU芯片SAK-TC377TP-96F300S AA”。（来源：证据[10] document:87e0c61422f91bc3）  

**缺失信息**：无。所有需要的信息均已覆盖。","主控 MCU 型号为 **SAK-TC377TP-96F300S AA**。

**支撑证据**：  
- 文档“600608964_ADAS_HSI_0506_1952_shoulin.wang.docx”中明确描述：“32位MCU芯片TC377最小系统模块有SAK-TC377TP-96F300S AA主控芯片”以及“根据ADAS产品需求，综合评估选型为32位MCU芯片SAK-TC377TP-96F300S AA”。（来源：证据[10] document:87e0c61422f91bc3）  

**缺失信息**：无。所有需要的信息均已覆盖。","[""Net CAN0_STB_MCU_SPI3_CS5_P02.8 connects R1126.&1, R1228.&2, R1241.&1, TP1217.&1, U1200.SCSN, U1202.STB, U1203.NSTB."", ""Net CAN1_STB_MCU_SPI3_CS4_P00.2 connects R1233.&2, R1240.&1, TP1227.&1, U1201.STB, U1204.SCSN, U1205.NSTB, U900D.P00.2/SENT_SENT1B/EVADC_G9CH10/ASCLIN3_ASCLK/PSI5_TX0/CAN03_TXD/QSPI3_SLSO4."", ""Net CAN2_STB_MCU_SPI3_CS3_P00.5 connects R1301.&1, R1320.&2, TP1304.&1, U1300.STB, U1302.SCSN, U1303.NSTB, U900D.P00.5/EDSADC_DSCIN2A/SENT_SENT4B/CAN11_RXDB/EVADC_G9CH7/EDSADC_CGPWMN/QSPI3_SLSO3/EDSADC_DSCOUT2/EVADC_FC0BFLOUT/SENT_SPC4."", ""Net CAN3_STB_MCU_SPI3_CS6_P00.8 connects R1310.&1, R1326.&2, TP1310.&1, U1301.STB, U1304.SCSN, U1305.NSTB, U900D.P00.8/SENT_SENT7B/GPT120_T2EUDA/ASCLIN10_ARXB/EVADC_G9CH4/QSPI3_SLSO6/ASCLIN10_ATX/EVADC_EMUX12/SENT_SPC7."", ""Net CAN_EN_MCU_SPI3_MRST_P02.5 connects R1213.&1, R1231.&1, R1318.&1, R1324.&1, TP1119.&1, U900D.P02.5/I2C0_SCLA/PSI5_RX1B/PSI5S_RXB/QSPI3_MRSTA/SENT_SENT3C/CAN0_ECTT2/CAN11_TXD/QSPI3_MRST/I2C0_SCL/ERAY0_TXENB."", ""Net CAN_ERR_MCU_SPI3_CLK_P02.7 connects R1125.&1, TP1216.&1, U1200.SCK, U1203.NERR, U1204.SCK, U1205.NERR, U1302.SCK, U1303.NERR, U1304.SCK, U1305.NERR."", ""Net MCU_1V8_EQ_EN connects R1817.&2, TP1819.&1, U1803.ON, U900E.P20.0/CAN03_RXDC/CBS_TGI0/SCU_E_REQ6_0/GPT120_T6EUDA/ASCLIN3_ATX/ASCLIN3_ASCLK/HSCT0_SYSCLK_OUT/CBS_TGO0."", ""Net MCU_3V3_EQ_EN connects R1818.&2, TP1822.&1, U1802.ON, U900E.P20.3/ASCLIN3_ARXC/GPT120_T6INA/ASCLIN3_ATX/QSPI0_SLSO9/QSPI2_SLSO9/CAN03_TXD, X2000.&13."", ""<table><tr><td>HM ID</td><td>F02/F03/F04/F28</td></tr><tr><td>模块功能 \nModule Function</td><td>EYEQ6-L最小系统组成：外部30MHz晶体给EYEQ6-L提供基本时钟输入，外部20MHz有源晶振提供监控时钟，外扩OSPI接口的2Gb NAND FLASH存储程序，外扩1GB的LPDDR4运存。NXB0104是用于MCU的3V3_SPI和NAND FLASH的1V8_SPI进行电平转换，用于MCU读写NAND FLASH。\nEYEQ6-L minimum system components: an external 30MHz crystal provides the basic clock input for EYEQ6-L, an external 20MHz active crystal provides the monitoring clock, an external 2GbNAND FLASH memory program for OSPI interface, and an external 1GB LPDDR4 operation memory. NXB0104 is used for level conversion of 3V3_SPI of MCU and 1V8-SPI of NAND FLASH for MCU to read and write NAND FLASH.</td></tr><tr><td>模块框图\nModule diagram</td><td></td></tr><tr><td>模块方案\nModule solution</td><td>\n1、处理器\n根据ADAS产品需求图像处理SOC功能安全需要达到ASIL-B，经综合评估选择Mobileye产品EYEQ6-L，最高功能安全可达到ASIL-B，接口资源丰富。\n1.Processor\nAccording to the requirements of ADAS products, the functional safety of image processing SOC needs to reach ASIL-B. After comprehensive evaluation, Mobileye product EYEQ6-L is selected, and the highest functional safety can reach ASIL-B with abundant interface resources. +\n2、时钟\n硬件选型30MHz晶振给EYEQ6-L提供时钟输入，由其内部PLL等电路完成倍频、分频，供其内核和各模块使用。外部20MHz有源晶振作为内部监控时钟。\n2.Clock\nThe 30MHz crystal provides clock input to the EYEQ6-L, and its internal PLL circuit completes frequency multiplication and frequency division for the EyeQ6-L core and each module. The external 20MHz active crystal is energized as an internal monitoring clock.\n3、DDR\nEYEQ6在外扩的DDR中运行程序和存储临时数据，其DDR控制器可支持32bits位宽的LPDDR4 SDRAM，最大读写速率4266 Mb/s/pin 。本设计中选用1片32bit的LPDDR4 SDRAM，型号为车规级器件K4F8E3S4HD-GHCL02V，以充分利用数据带宽，保证EYEQ6的处理速度，LPDDR4工作环境温度为-40℃~105℃，单片总容量1GB。\n3.DDR\nEYEQ6 runs programs and stores temporary data in the extended DDR. Its DDR controller supports LPDDR4 SDRAM with 32bits wide and a maximum read/write rate of 4266Mb/s/pin. In this design, a 32bit LPDDR4 SDRAM is selected, the model is car grade device K4F8E3S4HD-GHCLO2V, in order to make full use of the data bandwidth and ensure the processing speed of EYEQ6. The working environment temperature of LPDDR4 is -40℃-105℃, and the total capacity of a single chip is 1GB.\n\n\n4、NAND FLASH\n选择ME推荐的WinBond公司产品W35N02JWTBKF，容量2Gb，FLASH支持CRC安全机制。\nNXB0104是用于MCU的3V3_ SPI和NAND FLASH的1V8_ SPI进行电平转换，通过MCU_SPI1_CS片选电平转换芯片，实现MCU对NAND FLASH的读写操作，转换芯片在本应用场景下支持最大传输速率80Mbps。\nNAND FLASH\nChoose the WinBond company product W35N02JWTBKF recommended by ME, with a capacity of 2Gb and FLASH supporting CRC security mechanism. \nNXB0104 is used for the level conversion of 3V3_SPI of MCU and 1V8_SPI of NAND FLASH. The level conversion chip is selected by MCU_SPI1_CS chip to realize the reading and writing operation of MCU to NAND FLASH. The converter chip supports a maximum transmission rate of 80Mbps in this application scenario. \n5、电源和复位\nEYEQ6-L需要6路电源：VCC3V3_EQ、VCC0V75、0V75_MIPI_DDR、VCC1V8、VCC1V1、VCC1V8_EQ，其中VCC0V75用于给内核供电。复位信号由MCU通过P02.4口进行控制。\nPower and reset\nEYEQ6-L requires six power sources: VCC3V3-EQ, VCCOV75, OV75_MIPI_DDR, VCC1V8, VCC1V1, VCC1V8_EQ, where VCCOV75 is used to power the core. The reset signal is controlled by the MCU through the P02.4 pin.</td></tr></table>"", ""<table><tr><td>HM ID</td><td>F01</td></tr><tr><td>模块功能 \nModule Function</td><td>32位MCU芯片TC377最小系统模块有SAK-TC377TP-96F300S AA主控芯片和晶体、硬件配置组成，实现SAK-TC377TP-96F300S AA最小硬件系统工作单元，功能安全等级最高可达到ASIL-D，满足应用要求。\n32-bit MCU chip TC377 minimum system module has SAK-TC377TP-96F300S AA main control chip and crystal, hardware configuration, to achieve SAK-TC377TP-96F300S AA minimum hardware system work unit, functional safety level up to ASIL-D, meet the application requirements. </td></tr><tr><td>模块框图\nModule diagram</td><td></td></tr><tr><td>模块方案\nModule solution</td><td>处理器\n根据ADAS产品需求，综合评估选型为32位MCU芯片SAK-TC377TP-96F300S AA， MCU接口资源丰富，功能安全等级最高可达到ASIL-D，满足应用要求。\nProcessor \nAccording to ADAS product requirements, 32-bit MCU chip SAK-TC377TP-96F300S AA is selected through comprehensive evaluation, which has rich MCU interface resources and the highest functional safety level can reach ASIL-D to meet application requirements\n时钟设计\n硬件选型20MHz晶振给MCU提供时钟输入，由其内部PLL等电路完成倍频、分频，供其内核和各模块使用。\nClock design\nHardware selection of clock design 20MHz crystal oscillator provides clock input to MCU, and its internal PLL and other circuits complete frequency doubling and frequency division for its kernel and each module.\n复位及watchdog\n系统复位及看门狗芯片采用LP87702内部看门狗，喂狗方式为窗口喂狗，当喂狗窗口无有效喂狗次数超过OTP配置时，将触发整个系统复位。\na)\t上电时，看门狗芯片对MCU启动过程进行监控，同时对MCU的电源VCC3V3电压进行低压监控，异常时主动复位MCU。\nb)\t运行过程中由看门狗监控MCU运行状态，当MCU程序跑飞时看门狗超时触发复位信号主动复位MCU。\nReset and watchdog\nThe system reset and watchdog chip adopts LP87702 internal watchdog, and the feeding method is window feeding. When the number of effective dog feeding in the feeding window exceeds the OTP configuration, the whole system reset will be triggered. \n When powering on, the watchdog chip monitors the start-up process of MCU, and at the same time, it monitors the low voltage voltage of MCU's power supply VCC3V3, and actively resets MCU when abnormal. \n MCU running status is monitored by watchdog during operation. When MCU program runs, watchdog timeout triggers reset signal and actively reset MCU.\n电源需求\nMCU需要1路VCC3V3_MCU（精度：3.3V±10%）和1路VCC1V25_MCU（精度：1.2-1.35V）供电。\n4. Power demand\nThe MCU needs 1 channel VCC3V3_MCU (accuracy: 3.3V±10%) and 1 channel VCC1V25_MCU (accuracy: 1.2-1.35V) power supply.</td></tr></table>"", ""\nSheet名称：0_Instruction Manual; 内容摘要：使用说明; 项目适配说明：nan ——0_Instruction Manual\nSheet名称：1_Face; 内容摘要：文档封面页; 项目适配说明：需要根据实际项目更新编号，\n明确并修改xxx的型号 ——0_Instruction Manual\nSheet名称：2_Sign; 内容摘要：本文档的当前状态、编制、审核和批准人员的信息; 项目适配说明：需要根据具体项目，更新文档\n的当前状态，编制、审核和批准人员的信息等 ——0_Instruction Manual\nSheet名称：3_Overview; 内容摘要：说明本文档的目的，适用对象和应用范围; 项目适配说明：无须确认和更新，仅用于了解 ——0_Instruction Manual\nSheet名称：4_Change History1; 内容摘要：本文档模板的变更履历; 项目适配说明：填写本文档模板的变更内容 ——0_Instruction Manual\nSheet名称：5_Change History2; 内容摘要：结合实际项目，安全机制的变更履历; 项目适配说明：填写本文档安全机制的变更内容 ——0_Instruction Manual\nSheet名称：6_Reference Document; 内容摘要：导出安全机制的参考文档; 项目适配说明：根据实际项目，需参考最新的\n数据手册和安全手册 ——0_Instruction Manual\nSheet名称：7_Definition&Arch; 内容摘要：xxx系列产品的定义及架构; 项目适配说明：需要需求开发人员在开发需求之前了解xxx系列产品的定义及架构 ——0_Instruction Manual\nSheet名称：8_SG&FSR; 内容摘要：xxx系列产品的假设\n安全目标和FSR; 项目适配说明：需要需求开发人员在开发需求\n前了解xxx系列产品的安全目标和FSR ——0_Instruction Manual"", ""\nUnnamed: 0：SM[HW]:VMT:MBIST; Unnamed: 1：6.499; Unnamed: 2：nan; Unnamed: 3：SMC[SW]:VMT:MBIST; Unnamed: 4：ESM[SW]:VMT:MBIST; Unnamed: 5：nan; Unnamed: 6：nan; Unnamed: 7：nan; Unnamed: 8：nan; Unnamed: 9：nan; Unnamed: 10：nan; Unnamed: 11：nan; Unnamed: 12：nan; Unnamed: 13：nan; Unnamed: 14：nan; Unnamed: 15：nan ——12.1TC3XXX_SM\nUnnamed: 0：2 Functional Blocks; Unnamed: 1：nan; Unnamed: 2：nan; Unnamed: 3：nan; Unnamed: 4：nan; Unnamed: 5：nan; Unnamed: 6：nan; Unnamed: 7：nan; Unnamed: 8：nan; Unnamed: 9：nan; Unnamed: 10：nan; Unnamed: 11：nan; Unnamed: 12：nan; Unnamed: 13：nan; Unnamed: 14：nan; Unnamed: 15：nan ——12.1TC3XXX_SM\nUnnamed: 0：2.1 MCU Function - Processing; Unnamed: 1：nan; Unnamed: 2：nan; Unnamed: 3：nan; Unnamed: 4：nan; Unnamed: 5：nan; Unnamed: 6：nan; Unnamed: 7：nan; Unnamed: 8：nan; Unnamed: 9：nan; Unnamed: 10：nan; Unnamed: 11：nan; Unnamed: 12：nan; Unnamed: 13：nan; Unnamed: 14：nan; Unnamed: 15：nan ——12.1TC3XXX_SM\nUnnamed: 0：2.1.1 CPU; Unnamed: 1：nan; Unnamed: 2：nan; Unnamed: 3：nan; Unnamed: 4：nan; Unnamed: 5：nan; Unnamed: 6：nan; Unnamed: 7：nan; Unnamed: 8：nan; Unnamed: 9：nan; Unnamed: 10：nan; Unnamed: 11：nan; Unnamed: 12：nan; Unnamed: 13：nan; Unnamed: 14：nan; Unnamed: 15：nan ——12.1TC3XXX_SM"", ""\nMCU Component ：F01/MCU; None：B; None：T1; None：VAREF2; None：VAREF2; None：POWER; None：VCC3V3_MCU; None：/; None：/; None：3V3供电，MCU ADC参考电源; None：/; None：—; SW Variable Name or SW Function Name：— ——Port1\nMCU Component ：F01/MCU; None：B; None：T11; None：VEVRSB; None：VEVRSB; None：POWER; None：VCC3V3_MCU; None：/; None：/; None：3V3供电，备用域电源; None：/; None：—; SW Variable Name or SW Function Name：— ——Port1\nNone：GND; None：POWER; None：MCU的GND; MCU Component ：F01/MCU; None：NA; None：Y4; None：VSSM; None：VSSM; None：GND; None：GND; None：/; None：/; None：/; None：/; None：—; SW Variable Name or SW Function Name：— ——Port1\nMCU Component ：F01/MCU; None：NA; None：Y7; None：VAGND1; None：VAGND1; None：GND; None：GND; None：/; None：/; None：/; None：/; None：—; SW Variable Name or SW Function Name：— ——Port1\nMCU Component ：F01/MCU; None：NA; None：T2; None：VAGND2; None：VAGND2; None：GND; None：GND; None：/; None：/; None：/; None：/; None：—; SW Variable Name or SW Function Name：— ——Port1\nMCU Component ：F01/MCU; None：NA; None：B2; None：VSS1; None：VSS1; None：GND; None：GND; None：/; None：/; None：/; None：/; None：—; SW Variable Name or SW Function Name：— ——Port1\nMCU Component ：F01/MCU; None：NA; None：D4; None：VSS2; None：VSS2; None：GND; None：GND; None：/; None：/; None：/; None：/; None：—; SW Variable Name or SW Function Name：— ——Port1"", ""\nECU Connector：X2000-59; MCU Component ：F01/MCU; None：B; None：D19; None：P20.12; None：P20.12/GTM_TIM3_IN0_5/GTM_TIM2_IN0_5/QSPI0_MRSTA/GTM_TOUT68/QSPI0_MRST/QSPI0_MTSR; None：QSPI0_MRST; None：MCU_SPI0_MRST_P20.12; None：/; None：O; None：MCU向EQ发送数据\nMCU配置为内置下拉（SPI模式配置为：极性CPOL=0，相位CPHA=1）\n; None：HI-Z; None：—; SW Variable Name or SW Function Name：— ——Port1\nECU Connector：X2000-53; MCU Component ：F01/MCU; None：B; None：C20; None：P20.14; None：P20.14/GTM_TIM3_IN2_4/GTM_TIM2_IN2_4/QSPI0_MTSRA/GTM_TOUT70/QSPI0_MTSR; None：QSPI0_MTSRA; None：MCU_SPI0_MTSR_P20.14; None：/; None：I; None：EQ向MCU发送数据\nMCU配置为内置下拉（SPI模式配置为：极性CPOL=0，相位CPHA=1）; None：HI-Z; None：—; SW Variable Name or SW Function Name：— ——Port1\nECU Connector：X2000-58; None：SPI Communction; HW Interface Component ：B; None：F02/EYEQ6L; None：MCU_SPI2（master）\nEQ6L_SPI1（slave）\n速率：10Mbps; MCU Component ：F01/MCU; None：B; None：D15; None：P15.7; None：P15.7/GTM_TIM1_IN1_5/GTM_TIM0_IN1_5/QSPI2_MRSTB/GTM_TOUT78/QSPI2_MRST; None：QSPI2_MRSTB; None：MCU_SPI2_MRST_P15.7; None：/; None：I; None：EQ向MCU发送数据\nMCU配置为内置下拉（SPI模式配置为：极性CPOL=0，相位CPHA=1）; None：HI-Z; None：—; SW Variable Name or SW Function Name：— ——Port1"", ""\nMCU Component ：F01/MCU; None：B; None：N14; None：VDD; None：VDD; None：POWER; None：VCC1V25_MCU; None：/; None：/; None：1V25供电，MCU核电源域; None：/; None：—; SW Variable Name or SW Function Name：— ——Port1\nMCU Component ：F01/MCU; None：B; None：E15; None：VDD; None：VDD; None：POWER; None：VCC1V25_MCU; None：/; None：/; None：1V25供电，MCU核电源域; None：/; None：—; SW Variable Name or SW Function Name：— ——Port1\nMCU Component ：F01/MCU; None：B; None：H14; None：VDD; None：VDD; None：POWER; None：VCC1V25_MCU; None：/; None：/; None：1V25供电，MCU核电源域; None：/; None：—; SW Variable Name or SW Function Name：— ——Port1\nMCU Component ：F01/MCU; None：B; None：D16; None：VDD; None：VDD; None：POWER; None：VCC1V25_MCU; None：/; None：/; None：1V25供电，MCU核电源域; None：/; None：—; SW Variable Name or SW Function Name：— ——Port1\nMCU Component ：F01/MCU; None：B; None：G13; None：VDD; None：VDD; None：POWER; None：VCC1V25_MCU; None：/; None：/; None：1V25供电，MCU核电源域; None：/; None：—; SW Variable Name or SW Function Name：— ——Port1\nMCU Component ：F01/MCU; None：B; None：G8; None：VDD; None：VDD; None：POWER; None：VCC1V25_MCU; None：/; None：/; None：1V25供电，MCU核电源域; None：/; None：—; SW Variable Name or SW Function Name：— ——Port1"", ""\nUnnamed: 0：2.1.4 HSM; Unnamed: 1：nan; Unnamed: 2：nan; Unnamed: 3：nan; Unnamed: 4：nan; Unnamed: 5：nan; Unnamed: 6：nan; Unnamed: 7：nan; Unnamed: 8：nan; Unnamed: 9：nan; Unnamed: 10：nan; Unnamed: 11：nan; Unnamed: 12：nan; Unnamed: 13：nan; Unnamed: 14：nan; Unnamed: 15：nan ——12.1TC3XXX_SM\nUnnamed: 0：2.2 MCU Function - Non Volatile Memory; Unnamed: 1：nan; Unnamed: 2：nan; Unnamed: 3：nan; Unnamed: 4：nan; Unnamed: 5：nan; Unnamed: 6：nan; Unnamed: 7：nan; Unnamed: 8：nan; Unnamed: 9：nan; Unnamed: 10：nan; Unnamed: 11：nan; Unnamed: 12：nan; Unnamed: 13：nan; Unnamed: 14：nan; Unnamed: 15：nan ——12.1TC3XXX_SM\nUnnamed: 0：2.2.1 NVM; Unnamed: 1：nan; Unnamed: 2：nan; Unnamed: 3：nan; Unnamed: 4：nan; Unnamed: 5：nan; Unnamed: 6：nan; Unnamed: 7：nan; Unnamed: 8：nan; Unnamed: 9：nan; Unnamed: 10：nan; Unnamed: 11：nan; Unnamed: 12：nan; Unnamed: 13：nan; Unnamed: 14：nan; Unnamed: 15：nan ——12.1TC3XXX_SM\nUnnamed: 0：PFLASH; Unnamed: 1：nan; Unnamed: 2：nan; Unnamed: 3：nan; Unnamed: 4：nan; Unnamed: 5：nan; Unnamed: 6：nan; Unnamed: 7：nan; Unnamed: 8：nan; Unnamed: 9：nan; Unnamed: 10：nan; Unnamed: 11：nan; Unnamed: 12：nan; Unnamed: 13：nan; Unnamed: 14：nan; Unnamed: 15：nan ——12.1TC3XXX_SM""]","{""original_context_count"": 16, ""original_context_characters"": 13603, ""scored_context_count"": 4, ""scored_context_characters"": 1399, ""contexts_truncated"": true, ""context_selection"": ""claim_coverage"", ""selected_evidence_ids"": [""document:df1cc9e82e10ab38""], ""selected_claim_ids"": [""sq_1:claim_1""], ""excluded_evidence_ids"": [""circuit:21:net:CAN0_STB_MCU_SPI3_CS5_P02.8"", ""circuit:21:net:CAN1_STB_MCU_SPI3_CS4_P00.2"", ""circuit:21:net:CAN2_STB_MCU_SPI3_CS3_P00.5"", ""circuit:21:net:CAN3_STB_MCU_SPI3_CS6_P00.8"", ""circuit:21:net:CAN_EN_MCU_SPI3_MRST_P02.5"", ""circuit:21:net:CAN_ERR_MCU_SPI3_CLK_P02.7"", ""circuit:21:net:MCU_1V8_EQ_EN"", ""circuit:21:net:MCU_3V3_EQ_EN"", ""document:03f25b2ba7da50a5"", ""document:07eafc1ebcb200f1"", ""document:0f82ef10c6b0379f"", ""document:87e0c61422f91bc3"", ""document:aac59875b92ed6b0"", ""document:b3ccd4d870e372c3"", ""document:ff2eeeb86c7de1f5""]}",0.17633123703106468,0.33114970204360467,0.2,0.0,0.0,0.0,0.5,0.0,not_applicable
hw-v1-permission-empty-scope,success,U1700 连接到哪些网络？,在无 ADAS 部门权限的上下文中，不应检索到该电路；回答应说明当前知识库中未找到可支撑证据，且不得串库。,当前知识库中未找到可支撑回答的证据。,当前知识库中未找到可支撑回答的证据。,[],"{""original_context_count"": 0, ""original_context_characters"": 0, ""scored_context_count"": 0, ""scored_context_characters"": 0, ""contexts_truncated"": false, ""context_selection"": ""original_order"", ""selected_evidence_ids"": [], ""selected_claim_ids"": [], ""excluded_evidence_ids"": []}",0.5881104882354586,0.0,1.0,not_applicable,not_applicable,not_applicable,not_applicable,not_applicable,1.0
hw-v1-direct-capabilities,success,你好，你能做什么？,应直接介绍自己是硬件资料助手，可协助查询文档、表格和电路信息；不应触发知识库检索。,"你好！我是硬件知识库助手，可以帮你查询项目文档、表格和电路信息。具体来说，我能：

- 解释电路原理图和元器件功能
- 推荐元器件选型及替代方案
- 分析常见的电路故障和调试方法
- 协助理解PCB设计规范、信号完整性等
- 查询技术文档、数据手册和项目记录

请随时告诉我你的需求，我会尽力提供准确、实用的信息。","你好！我是硬件知识库助手，可以帮你查询项目文档、表格和电路信息。具体来说，我能：

- 解释电路原理图和元器件功能
- 推荐元器件选型及替代方案
- 分析常见的电路故障和调试方法
- 协助理解PCB设计规范、信号完整性等
- 查询技术文档、数据手册和项目记录

请随时告诉我你的需求，我会尽力提供准确、实用的信息。",[],"{""original_context_count"": 0, ""original_context_characters"": 0, ""scored_context_count"": 0, ""scored_context_characters"": 0, ""contexts_truncated"": false, ""context_selection"": ""original_order"", ""selected_evidence_ids"": [], ""selected_claim_ids"": [], ""excluded_evidence_ids"": []}",0.41842108257588356,0.9197995424985465,1.0,not_applicable,not_applicable,not_applicable,not_applicable,not_applicable,not_applicable
hw-v1-joint-main-pmic-paraphrase,success,板上最主要的电源管理芯片是谁？说清楚输入、三路输出和软件配置出处。,U1700 LP87702-Q1 从 VCC3V3 取电，关键输出为 VCC1V1、VCC1V8、VCC50，软件配置出处为 HSI 7.2 节。,"**结论：板上最主要的电源管理芯片（三路输出）是 LP87702。**

**输入：**  
- 输入电压为 VCC3V3（由系统一级电源 LN10046 将 KL30 12V 转换而来）。  
**来源：** 文档[11]中描述“LP87702实现VCC3V3转VCC1V8、VCC1V1、VCC50三路电源输出”。

**三路输出：**  
- 输出电压分别为 VCC1V8、VCC1V1、VCC50。  
**来源：** 同上，文档[11]明确列出三路输出。

**软件配置出处：**  
- MCU 通过 I2C 总线配置 LP87702 的寄存器，具体寄存器配置表为文档中的“Table 5-2 LP87702 Configuration”。  
**来源：** 文档[8]指出“LP87702运行期间需要MCU通过I2C配置的寄存器如下所示：Table 5-2 LP87702 Configuration”；文档[11]也说明“MCU可以通过I2C监控和管理LP87702的状态”。

**注意：**  
- 系统一级电源 LN10046（KL30→VCC3V3）虽为第一级电源，但仅有一路输出，不符合“三路输出”要求，故不选为答案。  
- 证据中未提供 LP87702 的具体寄存器地址或配置值，仅指出出处为 Table 5-2，但该表格内容未在检索结果中完整呈现。","**结论：板上最主要的电源管理芯片（三路输出）是 LP87702。**

**输入：**  
- 输入电压为 VCC3V3（由系统一级电源 LN10046 将 KL30 12V 转换而来）。  
**来源：** 文档[11]中描述“LP87702实现VCC3V3转VCC1V8、VCC1V1、VCC50三路电源输出”。

**三路输出：**  
- 输出电压分别为 VCC1V8、VCC1V1、VCC50。  
**来源：** 同上，文档[11]明确列出三路输出。

**软件配置出处：**  
- MCU 通过 I2C 总线配置 LP87702 的寄存器，具体寄存器配置表为文档中的“Table 5-2 LP87702 Configuration”。  
**来源：** 文档[8]指出“LP87702运行期间需要MCU通过I2C配置的寄存器如下所示：Table 5-2 LP87702 Configuration”；文档[11]也说明“MCU可以通过I2C监控和管理LP87702的状态”。

**注意：**  
- 系统一级电源 LN10046（KL30→VCC3V3）虽为第一级电源，但仅有一路输出，不符合“三路输出”要求，故不选为答案。  
- 证据中未提供 LP87702 的具体寄存器地址或配置值，仅指出出处为 Table 5-2，但该表格内容未在检索结果中完整呈现。","[""\nID：SWRS_TC3XX_013; SM Name：ESM[SW]:PMS:MONBIST_RESULT; SM TSR：In initialization process, the SW shall perform MONBIST_RESULT_CHECK by SafeTBase or SafeTpack and  the MBIST case shall refer to \""MTU_MEMTEST 367\"", or \""MTU_MEMTEST 377\"" or \""MTU_MEMTEST 387\"" according to the project chip select. Detailed MONBIST_RESULT_CHECK can refer to <FusaCoderRequirement>.\nIf MONBIST_RESULT_CHECK fails, the SW shall increase the \""MONBIST_RESULT_CHECK\"" fault error counter +1. After next iginition cycle, if the MONBIST_RESULT_CHECK pass, the SW shall set the \""MONBIST_RESULT_CHECK\"" fault error counter to 0. \nWhen the fault error counter ≥ 3, the software shall warn the driver ([CamStatus0] = RsdsMsts_Fault) and store DTC and Snapshot. When the fault error counter < 3, the software shall output [CamStatus0] = original value.\n\nThe \""MONBIST_RESULT_CHECK\"" fault error counter shall be stored in E2 immediately when MONBIST_RESULT_CHECK fails.\n\nNote: The requirement about \""Store DTC and Snapshot\"" is QM ——SYS SM \nID：SWRS_TC3XX_014; SM Name：ESM[SW]:VMT:MBIST; SM TSR：In initialization process, the SW shall perform MBIST_RESULT_CHECK by SafeTBase or SafeTpack. Detailed MBIST_RESULT_CHECK can refer to <FusaCoderRequirement>.\nIf MBIST_RESULT_CHECK fails, the SW shall increase the \""MBIST_RESULT_CHECK\"" fault error counter +1. After next iginition cycle, if the MBIST_RESULT_CHECK pass, the SW shall set the \""MBIST_RESULT_CHECK\"" fault error counter to 0. \nWhen the fault error counter ≥ 3, the software shall warn the driver ([CamStatus0] = RsdsMsts_Fault） and store DTC and Snapshot. When the fault error counter < 3, the software shall output [CamStatus0] = original value.\n\nThe \""MBIST_RESULT_CHECK\"" fault error counter shall be stored in E2 immediately when MBIST_RESULT_CHECK fails.\n\nNote: The requirement about \""Store DTC and Snapshot\"" is QM ——SYS SM \nID：SWRS_TC3XX_019; SM Name：ESM[SW]:SYS:MCU_STARTUP; SM TSR：In initialization process, the SW shall perform safety-related configuration registers by MCAL_InitCheck. MCAL_InitCheck includes Adc_InitCheck, Port_InitCheck, Mcu_InitCheck, WdgInitCheck, Scu_InitCheck, Smu_InitCheck. \nIf XXX_ InitCheck fails, the SW shall increase the \""XXX_ InitCheck\"" fault error counter +1. After next iginition cycle, if the XXX_ InitCheck pass, the SW shall set the \""XXX_ InitCheck\"" fault error counter to 0. \nWhen the XXX_ InitCheck fault counter ≥ 3, the SW shall warn the driver ([CamStatus0] = RsdsMsts_Fault) and store DTC and Snapshot. When the fault error counter < 3, the software shall output [CamStatus0] = original value.\n\nThe XXX_ InitCheck fault counter shall be stored in E2 immediately when the XXX_ InitCheck fails.\n\nNote: \n1. The requirement about \""Store DTC and Snapshot\"" is QM ——SYS SM "", ""<table><tr><td>HM ID</td><td>F20/F21/F22/F23</td></tr><tr><td>运行模式\nOperation Mode</td><td>运行模式、待机模式、Sleep模式、OFF模式、Overtemp模式\nRun mode, standby mode, Sleep mode, OFF mode, Overtemp mode.</td></tr><tr><td>模式定义\nDefinition of Operation mode</td><td>TCAN1044A：\n1、\t运行模式\nSTB设置为低电平使能Normal模式，收发器可以通过总线CANH和CANL发送接收数据。\n2、\t待机模式\nSTB设置为高电平使能Standby模式，收发器将不再发送接收数据。\n1.Run mode\nThe STB is set to low to enable Normal mode, and the transceiver can send and receive data through the bus CANH and CANL. \n2.Standby mode\nThe STB is set to high level enable Standby mode, and the transceiver will no longer send the received data.\nTCAN1145：\n1、Normal模式\n通过SPI3配置寄存器MC=111进入Normal模式，收发器可以通过总线CANH和CANL发送接收数据。\n2、Standby模式\n通过SPI3配置寄存器MC=100，使能Standby模式，收发器将不再发送接收数据，但INH引脚依然有效。\n3、Sleep模式\n   通过SPI3配置寄存器MC=001或者发生欠压事件，CAN收发器进入sleep模式。该模式下INH为高阻态。\n与TJA1145寄存器地址有差别，软件开发需要注意。\n4、Off模式\n当电源电压过低无法为IC供电，收发器进入Off模式，该模式下CAN引脚和INH引脚为高阻态。\n5、Overtemp模式\n当芯片整体温度高于阈值，会进入过温模式，该模式下收发器的发送端和接收端被禁用，INH引脚为高阻态。\nNormal mode\nThe Normal mode is entered through SPI3 configuration register MC=111, and the transceiver can send and receive data through buses CANH and CANL. \nStandby mode\nBy configuring the SPI3 register MC=100 to enable the Standby mode, the transceiver will no longer send the received data, but the INH pin will remain active. \nSleep mode\nThrough SPI3 configuration register MC=001 or an undervoltage event occurs, the CAN transceiver goes into sleep mode. In this mode, INH is in the high impedance state. \nOff mode\nWhen the supply voltage is too low to power the IC, the transceiver enters the Of mode, in which the CAN pin and INH pin are in the high resistance state. \nOvertemp mode\nWhen the overall chip temperature is higher than the threshold, it will enter the over-temperature mode, in which the transmitter and receiver of the transceiver are disabled, and the INH pin is in the high impedance state. </td></tr><tr><td>模式切换接口\nMode switching interface</td><td></td></tr><tr><td>模式状态机\nMode state machine</td><td>TCAN1044A：\n\nTCAN1145：\n\n</td></tr><tr><td>模式切换条件\nMode switching condition</td><td>参考：\n产品系统需求规格说明\n产品系统方案设计说明书\nReference: \nProduct system requirement specification \nProduct system scheme design specification.</td></tr><tr><td>备注\nNote</td><td></td></tr></table>"", ""<table><tr><td>HM ID</td><td>F12</td></tr><tr><td>模块功能 \nModule Function</td><td>KL30转VCC3V3是系统一级DC-DC，基于LN10046设计，给系统提供电源。\nThe KL30 to VCC3V3 is a first-level DC-DC based on the LN10046 design and provides power to the system.</td></tr><tr><td>模块框图\nModule diagram</td><td></td></tr><tr><td>模块方案\nModule solution</td><td>采用LN10046电源DCDC芯片，将12V系统电源转换为3.3V，提供给系统供电使用。\nThe LN10046 power supply DCDC chip is used to convert the 12V system power supply to 3.3V and provide power supply to the system for use.\n</td></tr></table>"", ""<table><tr><td>HM ID</td><td>F14</td></tr><tr><td>模块功能 \nModule Function</td><td>VCC3V3转VCC0V75应用于EQ6的内核供电，要求输出电流能力大，现选型TI的方案TPS62872。\nVCC3V3 to VCCOV75 is applied to the kernel power supply of EQ6, which requires large output current capacity. TI's scheme TPS62872 is selected.</td></tr><tr><td>模块框图\nModule diagram</td><td></td></tr><tr><td>模块方案\nModule solution</td><td>\t采用TPS62872电源芯片，将VCC3V3转换为VCC0V75，提供给EQ6核电供电。用MCU的P22.0引脚使能芯片，用MCU_SDA_P15.5，MCU_SCL_P15.4引脚I2C通信来设置输出电压和通信。\nTPS62872 power chip is used to convert VCC3V3 to VCCOV75, which is supplied to EQ nuclear power supply. P22.0 pin of MCU is used to enable chip, MCU_SDA_P15.5, MCU_SCL_P15.4 pin I2C communication is used to set output voltage and communication. +</td></tr></table>"", ""\nUnnamed: 0：SM[HW]:SRI:SWAP_CONFIGURATION_PROTECTION; Unnamed: 1：6.479; Unnamed: 2：The safety mechanism checks for unintentional SWAP configuration change. For an unintentional change an alarm is generated for the SMU.; Unnamed: 3：nan; Unnamed: 4：nan; Unnamed: 5：nan; Unnamed: 6：SMU Alarm ALM11[13] - SRI0 SOTA swap error\nSMU Alarm ALM11[13] - SRI1 SOTA swap error\nSMU Alarm ALM11[13] - SRI2 SOTA swap error; Unnamed: 7：nan; Unnamed: 8：nan; Unnamed: 9：nan; Unnamed: 10：nan; Unnamed: 11：nan; Unnamed: 12：nan; Unnamed: 13：nan; Unnamed: 14：nan; Unnamed: 15：nan ——12.1TC3XXX_SM\nUnnamed: 0：SM[HW]:SRI:CFG_AS_AP; Unnamed: 1：6.473; Unnamed: 2：The safety mechanism checks if an individual master tag identifier is enabled to access an SFR in the address space Segment F. With this safety mechanism all the registers can only be written by selected masters. Write accesses from forbidden masters are blocked and cause an Alarm.\nNote: Alarms or Interrupts from Safety Mechanisms which control Software Failures (e.g. access protection, MPU) shall not be ignored, but treated according to application needs. If application is not intended to violate access protection, a reasonable Alarm or Interrupt reaction could be application reset to control the software causing the violation. One violation per driving cycle shall be assumed as normal behaviour (caused by soft\nerrors or unintended access protection violations). Alternatively, the application could execute cyclic (once per DTI) software checks to verify that the configured safety mechanisms are effective and functional.; Unnamed: 3：nan; Unnamed: 4：nan; Unnamed: 5：nan; Unnamed: 6：SMU Alarm ALM7[17] - SRI0 Bus Error Event\nSMU Alarm ALM7[18] - SRI1 Bus Error Event\nSMU Alarm ALM7[19] - SRI2 Bus Error Event; Unnamed: 7：nan; Unnamed: 8：nan; Unnamed: 9：nan; Unnamed: 10：nan; Unnamed: 11：nan; Unnamed: 12：nan; Unnamed: 13：nan; Unnamed: 14：nan; Unnamed: 15：nan ——12.1TC3XXX_SM"", ""<table><tr><td>HM ID</td><td>F15</td></tr><tr><td>模块功能 \nModule Function</td><td>VCC3V3转0V75_MIPI_DDR应用于EQ6的IO口供电，现使用矽力杰的SA23002进行设计。\nVCC3V3 to 0V75_MIPI_DDR for EQ6 IO port power supply, Silergy’s SA23002 is designed.</td></tr><tr><td>模块框图\nModule diagram</td><td></td></tr><tr><td>模块方案\nModule solution</td><td>采用SA23002电源芯片，将VCC3V3转换为0V75_MIPI_DDR，提供给EQ6的IO口供电。用MCU的P22.1引脚使能该芯片。\nSA23002 power chip is used to convert VCC3V3 to 0V75_MIPI_DDR to supply power to the I/O port of EQ6. The P22.1 pin of the MCU is used to enable the chip. \n</td></tr></table>"", ""\nUnnamed: 0：SM[HW]:SRI:SAFETY_ENDINIT; Unnamed: 1：6.475; Unnamed: 2：MCU End of Safe Initialization (Safety ENDINIT) Protection. There are a number of MCU SFRs that are usually programmed only once during the initialization sequence of the system or application. Modification of these\nSFRs during a normal application run can have a severe impact on the overall operation of the FB. Such SFRs are protected by the [Safety ENDINIT] mechanism. Any attempt to write a [Safety ENDINIT] protected SFR\nwithout deactivating the protection is discarded, the SFR is not changed, and an alarm is generated. When the [Safety ENDINIT] protection is deactivated, all the [Safety ENDINIT]-protected registers can be written to.; Unnamed: 3：nan; Unnamed: 4：nan; Unnamed: 5：nan; Unnamed: 6：SMU Alarm ALM7[17] - SRI0 Bus Error Event\nSMU Alarm ALM7[18] - SRI1 Bus Error Event\nSMU Alarm ALM7[19] - SRI2 Bus Error Event; Unnamed: 7：nan; Unnamed: 8：nan; Unnamed: 9：nan; Unnamed: 10：nan; Unnamed: 11：nan; Unnamed: 12：nan; Unnamed: 13：nan; Unnamed: 14：nan; Unnamed: 15：nan ——12.1TC3XXX_SM\nUnnamed: 0：SM[HW]:SRI:SV_AP; Unnamed: 1：6.478; Unnamed: 2：Supervisor Privilege Level Monitoring. If a slave interface receives a write access, the safety mechanism checks if the write access has supervisor privilege. Critical module registers implement an access permission that limits the accesses to software executing in supervisor mode or to DMA channels with the supervisor privilege level only.\nNote: Alarms or Interrupts from Safety Mechanisms which control Software Failures (e.g. access protection, MPU) shall not be ignored, but treated according to application needs. If application is not intended to violate\naccess protection, a reasonable Alarm or Interrupt reaction could be application reset to control the software causing the violation. One violation per driving cycle shall be assumed as normal behaviour (caused by soft errors or unintended access protection violations). Alternatively, the application could execute cyclic (once per DTI) software checks to verify that the configured safety mechanisms are effective and functional.; Unnamed: 3：nan; Unnamed: 4：nan; Unnamed: 5：nan; Unnamed: 6：SMU Alarm ALM7[17] - SRI0 Bus Error Event\nSMU Alarm ALM7[18] - SRI1 Bus Error Event\nSMU Alarm ALM7[19] - SRI2 Bus Error Event; Unnamed: 7：nan; Unnamed: 8：nan; Unnamed: 9：nan; Unnamed: 10：nan; Unnamed: 11：nan; Unnamed: 12：nan; Unnamed: 13：nan; Unnamed: 14：nan; Unnamed: 15：nan ——12.1TC3XXX_SM"", ""ADC电压采集阈值 The ADC voltage acquisition thresholdWCCA计算结果如下，软件应按照如下过欠压阈值设置：The WCCA calculation results are as follows. The software should be set according to the following overvoltage and undervoltage thresholds:EQ6L上下电时序要求 EQ6L Power-on and power-off sequence requirements共享和独占的硬件资源 Shared and Exclusive Hardware ResourceECU-MCU信号对应关系 ECU-MCU Signal MappingMCU时钟配置 MCU Clock Configuration存储器配置 Memeory ConfigurationTable 4-5Memory Configuration其他芯片配置 Other IC Configuration其他芯片的通讯机制 Communication Mechanism with Other ICLP87702配置 LP87702 ConfigurationLP87702运行期间需要MCU通过I2C配置的寄存器如下所示：Table 5-2 LP87702 ConfigurationTPS62872配置 TPS62872 ConfigurationTPS62872运行期间需要MCU通过I2C配置的寄存器如下所示：Table 5-3 TPS62872 Configuration安全机制 Safety MechanismsSystem levelHW level硬件安全分析无新增安全机制IC level模板变更历史Template Change History填写说明Filling instructions：变更单号YYYYMM00X为记录顺序号，如：202203002，表示的是2022年03月的第二份此类文档。首次发布不分配变更单号，变更单号处填NA。The change order number YYYYMM00X is the record sequence number, such as 202203002, which represents the second such document in March 2022. No change order number will be allocated for the first release, and Na will be filled in the change order number.变更原因填写以客户审核需要变更为例：由于XX客户在客户审核时发现XX问题，需要调整模板。Fill in the revision note. Take the need for change in customer audit as an example: because XX customer found XX problem during customer audit, the template needs to be adjusted.变更内容填写以客户审核发现问题需要更改为例：由于XX客户在客户审核时发现XX问题，特增加XXX的变更内容。"", ""表3.2 系统功能矩阵表运行模式定义 Definition of Operation Mode系统运行模式描述系统硬件启动流程，硬件初始化到软件接管控制的流程介绍。主要包括上电运行流程、下电流程。System operation mode describes the system hardware start-up process, hardware initialization to software take over control process. It mainly includes power on operation process and power off process.上电运行流程如下：下电流程如下：备注：MCU检测到唤醒无效后，停止对EQ6、CAN等系统供电，并执行MCU的数据保存。EQ6系统的六路电源需要按照EQ6的要求时序就行上下电控制。运行模式转换条件 Transition Condition of Operation ModeKL30电源管理电路 KL30 supply management circuit唤醒电路 Wake Up circuit电源电路 Power CircuitKL30 EMI电路 KL30 EMI circuitKL30转VCC3V3 KL30 to VCC3V3VCC3V3_MCU转VCC1V25_MCU  VCC3V3_MCU to VCC1V25_MCUVCC3V3转VCC0V75  VCC3V3 to VCC0V75VCC3V3转0V75_MIPI_DDR VCC3V3 to 0V75_MIPI_DDRVCC3V3转VCC1V8、VCC1V1、VCC50   VCC3V3 to VCC1V8、VCC1V1、VCC50VCC3V3转VCC3V3_EQ  VCC3V3 to VCC3V3_EQVCC3V3转VCC3V3_ETH  VCC3V3 to VCC3V3_ETHVCC1V8转VCC1V8_EQ  VCC1V8 to VCC1V8_EQTC377最小系统 TC377 minimum systemEQ6最小系统 EQ6 minimum system摄像头最小系统 camera minimum system看门狗电路 Watchdog circuit温度采样电路 Temp Sample circuitETH电路 ETH circuitCAN FD电路 CAN FD circuit"", ""<table><tr><td>HM ID</td><td>F01/F06/F11</td></tr><tr><td>运行模式\nOperation Mode</td><td>上电模式、下电模式、运行模式、复位模式、OTA模式\nPower on mode, power off mode, run mode, reset mode, OTA mode</td></tr><tr><td>模式定义\nDefinition of Operation mode</td><td>上电模式 Power on\n当唤醒信号有效后，系统一级电源输出VCC3V3电源，MCU开始工作，MCU_UB_SW_P00.10信号输出逻辑高，使能KL30电压采样电路，之后UBSW_ACQ输出分压后的模拟信号，MCU开始通过ADC采样UBSW_ACQ信号。\n1. Power on\nWhen the wake-up signal becomes active, the system's primary power supply outputs the VCC3V3 voltage, and the MCU starts operating. The MCU_UB_SW_P00.10 signal then outputs a logic high level to enable the KL30 voltage sampling circuit. Subsequently, UBSW_ACQ outputs a divided analog signal, after which the MCU begins ADC sampling of the UBSW_ACQ signal.运行模式\nMCU实时采样UBSW_ACQ用于电源管理功能。\n2.Run mode\nMCU real-time sampling UBSW_ACQ is used for power management functions.\n下电模式 \n唤醒信号无效后，MCU在off delay期间将MCU_UB_SW_P00.10信号配置为逻辑低，关闭KL30采样功能，系统下电。\n3. Power off\nAfter the wake-up signal is invalid, the MCU will configure the MCU_UB_Sw_P00.10 signal to logic low during offdelay, turn off the KL30 sampling function, and power down the system. </td></tr><tr><td>模式切换接口\nMode switching interface</td><td></td></tr><tr><td>模式状态机\nMode state machine</td><td>\n\n</td></tr><tr><td>模式切换条件\nMode switching condition</td><td>\n参考：\n产品系统需求规格说明\n产品系统方案设计说明书\nReference: \nProduct system requirements specification.\nProduct system design specification</td></tr><tr><td>备注\nNote</td><td></td></tr></table>"", ""\nNone：U20; None：P23.2; None：P23.2/GTM_TIM1_IN6_5/GTM_TIM0_IN6_5/GTM_TOUT43/CAN12_TXD; None：GPIO; None：MCU_RST_FLASH_P23.2; None：/; None：O; None：FLASH复位信号\n低：FLASH复位\n高：FLASH进入工作状态; None：HI-Z，硬件外部下拉; None：—; SW Variable Name or SW Function Name：— ——Port1\nNone：未使用; MCU Component ：F01/ MCU; None：NA; None：/; None：D7; None：P11.14; None：P11.14/GTM_TIM4_IN7_4/GTM_TIM2_IN7_8/GETH_CRSDVB/GETH_RXDVB/GETH_CRSA/GTM_TOUT126; None：GPIO; None：MCU_ETH_CFG1_P11.14; None：/; None：I; None：CFG1：BOM配置，判断是否有以太网\n高：TBD\n低：TBD; None：HI-Z; None：—; SW Variable Name or SW Function Name：— ——Port1\nNone：未使用; MCU Component ：F01/ MCU; None：NA; None：/; None：D6; None：P11.15; None：P11.15/GTM_TIM4_IN7_5/GTM_TIM0_IN7_8/GETH_COLA/GTM_TOUT127; None：GPIO; None：MCU_ETH_CFG2_P11.15; None：/; None：I; None：CFG2：BOM配置，判断以太网接口类型\n高：TBD\n低：TBD; None：HI-Z; None：—; SW Variable Name or SW Function Name：— ——Port1\nHW Interface Component ：QM(B); None：F13/POWER; None：1、LP87702实现VCC3V3转VCC1V8、VCC1V1、VCC50三路电源输出\n2、LP87702的VCC50由MCU的GPIO控制使能和关断，VCC1V8、VCC1V1由MCU的I2C控制使能和关断。\n3、预留中断信号用于MCU辅助监控LP87702的工作状态。\n4、MCU可以通过I2C监控和管理LP87702的状态。; MCU Component ：F01/ MCU; None：QM; None：B17; None：P15.3; None：P15.3/GTM_TIM3_IN6_4/GTM_TIM2_IN6_4/CAN01_RXDA/QSPI2_SCLKA/GTM_TOUT74/QSPI2_SCLK/MSC0_EN1; None：GPIO; None：MCU_5V_EN; None：/; None：O; None：VCC50（LP87702）电源使能控制信号\n高：使能VCC50电压输出\n低：关断VCC50电压输出; None：HI-Z，硬件外部下拉; None：—; SW Variable Name or SW Function Name：— ——Port1"", ""注：使用本模板时请先阅读填写说明页，形成工作产品时本页不可删除变更历史Change History目  录Table of Contents1\t概述 Introduction\t81.1 目的 Purpose\t81.2 适用范围 Range of Application\t81.3 读者对象 TReader\t81.4 术语及缩写解释 Terms and Abbreviations\t81.5 参考文档 Reference Document\t82\t硬件架构 Hardware Architecture\t92.1 系统概述 System overview\t92.2 硬件框图 Hardware block diagram\t102.3 模块电路 Module circuit\t122.3.1 KL30电源管理电路 KL30 supply management circuit\t122.3.2 唤醒电路 Wake Up circuit\t132.3.3 电源电路 power circuit\t152.3.4 TC377最小系统 TC377 minimum system\t232.3.5 EQ6最小系统 EQ6 minimum system\t252.3.6 摄像头最小系统 camera minimum system\t282.3.7 看门狗电路 Watchdog circuit\t302.3.8 温度采样电路 Temp Sample circuit\t302.3.9 系统内电源电压采样电源 The power System Voltage Sampling circuit\t312.3.10 ETH电路 ETH circuit\t332.3.11 CAN/CAN FD电路 CAN/CAN FD circuit\t342.3.12 3V3过压保护电路 3V3 overvoltage protection circuit\t353\t硬件运行模式 Hardware Operation Mode\t363.1 硬件运行模式 Hardware Operation Mode\t363.2 运行模式定义 Definition of Operation Mode\t373.3 运行模式转换条件 Transition Condition of Operation Mode\t393.3.1 KL30电源管理电路 KL30 supply management circuit\t393.3.2 唤醒电路 Wake Up circuit\t413.3.3 电源电路 Power Circuit\t423.3.4 TC377最小系统 TC377 minimum system\t53"", ""\nHW Interface Component ：QM; None：F15/POWER; None：1、电源转换芯片SA23002，VCC3V3转VCC0V75_MIPI_DDR。\n2、SA23002由MCU进行使能和关断控制。; MCU Component ：F01/MCU; None：QM; None：P19; None：P22.1; None：P22.1/GTM_TIM1_IN0_8/GTM_TIM0_IN0_8/QSPI4_MRSTB/GTM_TOUT48/QSPI4_MRST/QSPI4_SCLKP; None：GPIO; None：MCU_VCC0V75_MIPI_DDR_EN; None：/; None：O; None：VCC0V75_MIPI_DDR电源使能控制信号\n高：使能VCC0V75_MIPI_DDR电源\n低：关断VCC0V75_MIPI_DDR电源; None：HI-Z, 硬件外部下拉; None：—; SW Variable Name or SW Function Name：— ——Port1\nECU Connector：X2000-54; None：SPI Communction; HW Interface Component ：B; None：F02/EYEQ6L; None：MCU_SPI0（slave）\nEQ6L_SPI0（master）\n速率：10Mbps; MCU Component ：F01/MCU; None：B; None：E20; None：P20.11; None：P20.11/GTM_TIM3_IN7_6/GTM_TIM2_IN7_6/QSPI0_SCLKA/GTM_TOUT67/QSPI0_SCLK; None：QSPI0_SCLKA; None：MCU_SPI0_CLK_P20.11; None：/; None：I; None：EQ发送SPI时钟信号到MCU\nMCU配置为内置下拉（SPI模式配置为：极性CPOL=0，相位CPHA=1）; None：HI-Z; None：—; SW Variable Name or SW Function Name：— ——Port1\nECU Connector：X2000-57; MCU Component ：F01/MCU; None：B; None：D20; None：P20.13; None：P20.13/GTM_TIM3_IN1_4/GTM_TIM2_IN1_4/QSPI0_SLSIA/GTM_TOUT69/QSPI0_SLSO2/QSPI1_SLSO2/QSPI0_SCLK; None：QSPI0_SLSIA; None：MCU_SPI0_CS_P20.13; None：/; None：I; None：EQ发送SPI片选信号到MCU\nMCU配置为内置上拉（SPI模式配置为：极性CPOL=0，相位CPHA=1）; None：HI-Z; None：—; SW Variable Name or SW Function Name：— ——Port1"", ""<table><tr><td>HM ID</td><td>F12</td></tr><tr><td>运行模式\nOperation Mode</td><td>上电模式、下电模式、运行模式\nPower on mode, power off mode, run mode.</td></tr><tr><td>模式定义\nDefinition of Operation mode</td><td>1、\t上电模式\n使能信号ECU_EN=H，一级电源LN10046开始工作，为负载提供VCC3V3的电源。\n2、\t下电模式\n使能信号ECU_EN=L后，一级电源LN10046停止VCC3V3供电，系统停止工作。\n3、\t运行模式\n一级电源LN10046正常输出VCC3V3，系统正常工作。\nPower on mode \nThe enable signal ECU_EN=H, the first-stage power LN10046 starts to work and provides power to VCC3V3 for the load.\nPower off mode \nAfter the enable signal ECU_EN=L, the primary power LN10046 stops the power supply of VCC3V3, and the system stops working.\nRun mode \nThe primary power LN10046 outputs VCC3V3 normally, and the system works normally.</td></tr><tr><td>模式切换接口\nMode switching interface</td><td></td></tr><tr><td>模式状态机\nMode state machine</td><td>\n\n</td></tr><tr><td>模式切换条件\nMode switching condition</td><td>参考：\n产品系统需求规格说明\n产品系统方案设计说明书\nReference: \nProduct system requirement specification \nProduct system scheme design specification.</td></tr><tr><td>备注\nNote</td><td>LN10046为系统一级电源DC-DC电路，功能不涉及软件控制逻辑。\nLN10046 is a system level power DC-DC circuit, the function does not involve software control logic..</td></tr></table>"", ""<table><tr><td>HM ID</td><td>F02/F03/F04/F28</td></tr><tr><td>模块功能 \nModule Function</td><td>EYEQ6-L最小系统组成：外部30MHz晶体给EYEQ6-L提供基本时钟输入，外部20MHz有源晶振提供监控时钟，外扩OSPI接口的2Gb NAND FLASH存储程序，外扩1GB的LPDDR4运存。NXB0104是用于MCU的3V3_SPI和NAND FLASH的1V8_SPI进行电平转换，用于MCU读写NAND FLASH。\nEYEQ6-L minimum system components: an external 30MHz crystal provides the basic clock input for EYEQ6-L, an external 20MHz active crystal provides the monitoring clock, an external 2GbNAND FLASH memory program for OSPI interface, and an external 1GB LPDDR4 operation memory. NXB0104 is used for level conversion of 3V3_SPI of MCU and 1V8-SPI of NAND FLASH for MCU to read and write NAND FLASH.</td></tr><tr><td>模块框图\nModule diagram</td><td></td></tr><tr><td>模块方案\nModule solution</td><td>\n1、处理器\n根据ADAS产品需求图像处理SOC功能安全需要达到ASIL-B，经综合评估选择Mobileye产品EYEQ6-L，最高功能安全可达到ASIL-B，接口资源丰富。\n1.Processor\nAccording to the requirements of ADAS products, the functional safety of image processing SOC needs to reach ASIL-B. After comprehensive evaluation, Mobileye product EYEQ6-L is selected, and the highest functional safety can reach ASIL-B with abundant interface resources. +\n2、时钟\n硬件选型30MHz晶振给EYEQ6-L提供时钟输入，由其内部PLL等电路完成倍频、分频，供其内核和各模块使用。外部20MHz有源晶振作为内部监控时钟。\n2.Clock\nThe 30MHz crystal provides clock input to the EYEQ6-L, and its internal PLL circuit completes frequency multiplication and frequency division for the EyeQ6-L core and each module. The external 20MHz active crystal is energized as an internal monitoring clock.\n3、DDR\nEYEQ6在外扩的DDR中运行程序和存储临时数据，其DDR控制器可支持32bits位宽的LPDDR4 SDRAM，最大读写速率4266 Mb/s/pin 。本设计中选用1片32bit的LPDDR4 SDRAM，型号为车规级器件K4F8E3S4HD-GHCL02V，以充分利用数据带宽，保证EYEQ6的处理速度，LPDDR4工作环境温度为-40℃~105℃，单片总容量1GB。\n3.DDR\nEYEQ6 runs programs and stores temporary data in the extended DDR. Its DDR controller supports LPDDR4 SDRAM with 32bits wide and a maximum read/write rate of 4266Mb/s/pin. In this design, a 32bit LPDDR4 SDRAM is selected, the model is car grade device K4F8E3S4HD-GHCLO2V, in order to make full use of the data bandwidth and ensure the processing speed of EYEQ6. The working environment temperature of LPDDR4 is -40℃-105℃, and the total capacity of a single chip is 1GB.\n\n\n4、NAND FLASH\n选择ME推荐的WinBond公司产品W35N02JWTBKF，容量2Gb，FLASH支持CRC安全机制。\nNXB0104是用于MCU的3V3_ SPI和NAND FLASH的1V8_ SPI进行电平转换，通过MCU_SPI1_CS片选电平转换芯片，实现MCU对NAND FLASH的读写操作，转换芯片在本应用场景下支持最大传输速率80Mbps。\nNAND FLASH\nChoose the WinBond company product W35N02JWTBKF recommended by ME, with a capacity of 2Gb and FLASH supporting CRC security mechanism. \nNXB0104 is used for the level conversion of 3V3_SPI of MCU and 1V8_SPI of NAND FLASH. The level conversion chip is selected by MCU_SPI1_CS chip to realize the reading and writing operation of MCU to NAND FLASH. The converter chip supports a maximum transmission rate of 80Mbps in this application scenario. \n5、电源和复位\nEYEQ6-L需要6路电源：VCC3V3_EQ、VCC0V75、0V75_MIPI_DDR、VCC1V8、VCC1V1、VCC1V8_EQ，其中VCC0V75用于给内核供电。复位信号由MCU通过P02.4口进行控制。\nPower and reset\nEYEQ6-L requires six power sources: VCC3V3-EQ, VCCOV75, OV75_MIPI_DDR, VCC1V8, VCC1V1, VCC1V8_EQ, where VCCOV75 is used to power the core. The reset signal is controlled by the MCU through the P02.4 pin.</td></tr></table>"", ""<table><tr><td>HM ID</td><td>F17</td></tr><tr><td>模块功能 \nModule Function</td><td>3V3转3V3_ETH用于ETH供电，现选择负载开关方案。\n3V3 to 3V3_ETH is used for ETH power supply, and the load switching scheme is now selected.</td></tr><tr><td>模块框图\nModule diagram</td><td></td></tr><tr><td>模块方案\nModule solution</td><td>采用TPS22918负载开关，将VCC3V3系统电源转换为VCC3V3_ETH，提供给MCU的ETH供电。P21.0引脚使能该芯片。\nThe TPS22918 load switch is used to convert the VCC3V3 system power to VCC3V3-ETH to supply power to ETH of the MCU. The P21.0 pin of the MCU is used to enable the chip.\n</td></tr></table>"", ""<table><tr><td>HM ID</td><td>F16</td></tr><tr><td>模块功能 \nModule Function</td><td>VCC3V3转VCC3V3_EQ用于EQ6的IO和摄像头供电，现使用负载开关TPS22918进行设计。\nVCC3V3 to VCC3V3-EQ is used for the IO and camera power supply of EQ6, and the load switch TPS22918 is used for the design.</td></tr><tr><td>模块框图\nModule diagram</td><td></td></tr><tr><td>模块方案\nModule solution</td><td>采用TPS22918负载开关，将VCC3V3系统电源转换为VCC3V3_EQ，提供给EQ6和摄像头供电。用MCU的P20.3引脚使能该芯片。\nThe TPS22918 load switch is used to convert the VCC3V3 system power to VCC3V3-EQ to supply power to EQ6 and the camera. The P20.3 pin of the MCU is used to enable the chip.\n</td></tr></table>"", ""\nID：SWRS_TC3XX_038; SM Name：SMC[SW]:DTS:DTS_CFG; SM TSR：In initialization process, the SW shall configure die temperature limits for the upper and lower thresholds in all DTS instances. \nOvertemperature limit: 145℃.\nUndertemperature limit: -50℃. ——SYS SM \nID：SWRS_TC3XX_039; SM Name：SMC[SW]:SMU:CONFIG; SM TSR：The SW shall configure the SMU in Core domain and SMU in Standby domain according to Fault Handling in \""12.1TC3XXX_HWSM\"" sheet. ——SYS SM \n数量统计：5; ID：87; SM Name：Processor mechanism for LF; SM TSR：The ECU shall integrate the processing platform safety mechanism for LF._x000D_\nWhen the processor LF is confirmed, the ECU shall send alarm signal to the driver._x000D_\nWhen the processor LF is no longer detected in next driving cycle, the ECU shall clear the processor LF. ——SYS SM \nID：SWRS_TC3XX_017; SM Name：COMMON; SM TSR：The SW shall store the MCU latent fault DTC and Snapshot in NVM. Snapshot:big-endian \nThe MCU latent fault refer to\nSWRS_TC3XX_001, SWRS_TC3XX_007, SWRS_TC3XX_008,  SWRS_TC3XX_009, SWRS_TC3XX_012, SWRS_TC3XX_013, SWRS_TC3XX_014, SWRS_TC3XX_019\nThe SW can clear MCU latent fault DTC and Snapshot by the diagnostic sevice.\n\nThe SW can clear MCU latent fault DTC and Snapshot if no MCU latent fault for consecutive TBD ignition cycle .  ——SYS SM \nID：SWRS_TC3XX_012; SM Name：ESM[SW]:MCU:LBIST_RESULT; SM TSR：In initialization process, the SW shall perform LBIST_RESULT_CHECK by SafeTBase or SafeTpack. Detailed LBIST_RESULT_CHECK can refer to <FusaCoderRequirement>.\nIf LBIST_RESULT_CHECK fails, the SW shall increase the \""LBIST_RESULT_CHECK\"" fault error counter +1. After next iginition cycle, if the LBIST_RESULT_CHECK pass, the SW shall set the \""LBIST_RESULT_CHECK\"" fault error counter to 0. \nWhen the fault error counter ≥ 3, the software shall warn the driver ([CamStatus0] = RsdsMsts_Fault) and store DTC and Snapshot. When the fault error counter < 3, the software shall output [CamStatus0] = original value.\n\nThe \""LBIST_RESULT_CHECK\"" fault error counter shall be stored in E2 immediately when LBIST_RESULT_CHECK fails.\n\nNote: The requirement about \""Store DTC and Snapshot\"" is QM ——SYS SM "", ""\nUnnamed: 0：SM[HW]:FPI:SV_AP; Unnamed: 1：6.212; Unnamed: 2：Supervisor Privilege Level Monitoring. If a slave interface receives a write access, the safety mechanism checks\nif the write access has supervisor privilege. Critical module registers implement an access permission that limits\nthe accesses to software executing in supervisor mode or to DMA channels with the supervisor privilege level\nonly; Unnamed: 3：nan; Unnamed: 4：nan; Unnamed: 5：nan; Unnamed: 6：SMU Alarm ALM7[20] - SPB Bus Error Event\nSMU Alarm ALM7[21] - BBB Bus Error Event; Unnamed: 7：nan; Unnamed: 8：nan; Unnamed: 9：nan; Unnamed: 10：nan; Unnamed: 11：nan; Unnamed: 12：nan; Unnamed: 13：nan; Unnamed: 14：nan; Unnamed: 15：nan ——12.1TC3XXX_SM\nNo.：1; Alarm ID：ALMx[0]; Alarm name：(CPUx) - (x=0..5) Lockstep Comparator Error\n; Related SMs：SM[HW]:CPU:CONTROL_REDUNDANCY\nSM[HW]:CPU:CONTROL_REDUNDANCY_SCC\nSM[HW]:CPU:TRICORE_LOCKSTEP\nSM[HW]:CPU:TRICORE_LOCKSTEP_SCC; Safety related ?：Y; Fault Handling\n(Refer to Note)：Internal actions: \n• INTERRUPT REQUEST or NMI TRAP REQUEST\n• 中断触发后，软件在中断中保存SMU_AG到一片外狗复位不清除的RAM区，然后通过外狗进行复位\n• 软件在TRAP中，先判断SMU_AG是否为0。若SMU_AG≠0，则保存SMU_AG到一片外狗复位不清除的RAM区，然后通过外狗进行复位。若SMU_AG=0，则不保存SMU_AG。; Status：nan; Person in charge：nan; Comment：cpu0和cpu1 ——12.1 TC37X_HWSM\nNo.：2; Alarm ID：ALMx[1]; Alarm name：CPUx (x=0..5) Access Protection violation; Related SMs：SM[HW]:CPU.DLMU:VM_AS_AP\nSM[HW]:CPU.DSPR:VM_AS_AP\nSM[HW]:CPU.PSPR:VM_AS_AP\nSM[HW]:CPU:CFG_AS_AP\nSM[HW]:CPU:SV_AP\nSM[HW]:NVM.PFLASH:AS_AP; Safety related ?：Y; Fault Handling\n(Refer to Note)：Internal actions: \n• INTERRUPT REQUEST or NMI TRAP REQUEST\n• 中断触发后，软件在中断中保存SMU_AG到一片外狗复位不清除的RAM区，然后通过外狗进行复位\n• 软件在TRAP中，先判断SMU_AG是否为0。若SMU_AG≠0，则保存SMU_AG到一片外狗复位不清除的RAM区，然后通过外狗进行复位。若SMU_AG=0，则不保存SMU_AG。; Status：nan; Person in charge：nan; Comment：cpu0和cpu1 ——12.1 TC37X_HWSM"", ""<table><tr><td>模块序号\nModule number</td><td>模块名称\nModule name</td><td>功能定义\nFunction definition.</td><td>功能安全需求\nFunctional safety requirements</td></tr><tr><td>F01</td><td>MCU</td><td>SAK-TC377TP-96F300S AA</td><td>B(B)</td></tr><tr><td>F02</td><td>EYEQ6-L</td><td>EYEQ6-L，用于sensor的视频处理</td><td>B</td></tr><tr><td>F03</td><td>EYEQ6_LPDDR4</td><td>EQ6的1GB LPDDR4</td><td>B</td></tr><tr><td>F04</td><td>EYEQ6_NAND FLASH</td><td>EQ6的2Gb NAND FLASH</td><td>B</td></tr><tr><td>F05</td><td>CAM SENSOR</td><td>Sony 728摄像头模组</td><td>B</td></tr><tr><td>F06</td><td>KL30 sample</td><td>KL30电压采样</td><td>QM</td></tr><tr><td>F07</td><td>KL15 sample</td><td>KL15电压采样</td><td>QM</td></tr><tr><td>F08</td><td>EQ system power sample1</td><td>EQ6L系统供电电源电压ADC采样滤波、分压电路</td><td>B(B)</td></tr><tr><td>F09</td><td>ETH and CAN power sample2</td><td>CAN和ETH电源电压ADC采样滤波、分压电路</td><td>QM</td></tr><tr><td>F10</td><td>NTC temp sensor</td><td>NTC温度传感器，监控EQ6L/LPDDR4周边环境温度。</td><td>B</td></tr><tr><td>F11</td><td>KL30 EMI</td><td>KL30供电口EMI滤波电路.</td><td>B</td></tr><tr><td>F12</td><td>POWER</td><td>LN10046，KL30电源转VCC3V3电源</td><td>B</td></tr><tr><td>F13</td><td>POWER</td><td>LP87702，VCC3V3电压输入，VCC1V1、VCC1V8、VCC50电压输出</td><td>QM(B)</td></tr><tr><td>F14</td><td>POWER</td><td>TPS62872，VCC3V3电压输入，VCC0V75电压输出</td><td>QM(B)</td></tr><tr><td>F15</td><td>POWER</td><td>SA23002，VCC3V3输入，VCC0V75电压输出</td><td>QM(B)</td></tr><tr><td>F16</td><td>POWER</td><td>TPS22918负载开关，VCC3V3电压输入，VCC3V3_EQ输出</td><td>QM(B)</td></tr><tr><td>F17</td><td>POWER</td><td>TPS22918负载开关，VCC3V3输入，VCC3V3_ETH输出</td><td>QM</td></tr><tr><td>F18</td><td>overvoltage protect</td><td>用于MCU电源VCC3V3_MCU的外部过压保护</td><td>B</td></tr><tr><td>F19</td><td>POWER</td><td>TPS22918 负载开关，VCC1V8电压输入，VCC1V8_EQ电压输出</td><td>QM(B)</td></tr><tr><td>F20</td><td>CAN3</td><td>基于TCAN1145的CAN通讯，硬件支持特定报文唤醒</td><td>QM</td></tr><tr><td>F21</td><td>CAN2</td><td>基于TCAN1044A的CAN通讯.</td><td>QM</td></tr><tr><td>F22</td><td>CAN1</td><td>基于TCAN1044A的CAN通讯</td><td>QM</td></tr><tr><td>F23</td><td>CAN0</td><td>基于TCAN1044A的CAN通讯.</td><td>QM</td></tr><tr><td>F24</td><td>ETH</td><td>基于DP83TC812R的100BASE-T1通讯</td><td>QM</td></tr><tr><td>F25</td><td>Wake up</td><td>唤醒源和一级电源使能电路设计</td><td>QM</td></tr><tr><td>F26</td><td>watchdog</td><td>LP87702的看门狗功能，用于监控MCU运行状态</td><td>B</td></tr><tr><td>F27</td><td>POWER</td><td>VCC3V3_MCU转VCC1V25_MCU电压，由MCU的EVRC进行控制。</td><td>B</td></tr><tr><td>F28</td><td>level translation</td><td>3V3和1V8双向电压转换芯片</td><td>QM</td></tr></table>"", ""<table><tr><td>HM ID</td><td>F11/F12/F13/F14/F15/F16/F17/F18/F19/F25/F27</td></tr><tr><td>模块功能 \nModule Function</td><td>系统使用车载电池12V电压供电，经过EMI电路后输入至电源转换芯片，转换输出系统各模块所需电源。\nThe system uses 12V voltage power supply from the vehicle battery, which is input to the power conversion chip through the EMI circuit. Then the power conversion chip convert and output the power required by each module of the system.</td></tr><tr><td>模块框图\nModule diagram</td><td></td></tr><tr><td>模块方案\nModule solution</td><td>KL30 EMI (ASIL-B)\nKL30供电口处增加EMI电路，用于供电保护和滤波。硬件电路设计在UBD网络增加两个串联ESD电容，PCB布局靠近主连接器引脚处，用于吸收外部ESD信号，后端增加双向TVS管用于瞬态过压保护\nThe EMI circuit is added at the KL30 power supply port for power supply protection and filtering. The hardware circuit design adds two series ESD capacitors in the UBD network, the PCB layout is close to the main connector pin for absorbing external ESD signals, and the two-way TVS tube is added at the back end for transient overvoltage protection.\nKL30 to VCC3V3 (ASILB)\nKL30转VCC3V3是系统一级DC-DC，给MCU提供VCC3V3_MCU电源，所以系统要求其满足ASILB，确保MCU功能安全。\nKL30 to VCC3V3 is a system primary DC-DC chip, because the MCU needs VCC3V3_MCU power supply, so the system requires it to meet the ASILB to ensure the functional safety of the MCU.\nVCC3V3_MCU to VCC1V25_MCU(ASILB)\n3V3转1V25_MCU是使用MCU内置控制器进行控制的BUCK电源，用于MCU的核供电，功能安全需求达到ASILB，确保MCU功能安全。\n3V3 to 1V25_MCU is a BUCK power supply controlled by MCU built-in controller, which is used for MCU nuclear power supply. Functional safety requirements meet ASILB to ensure the functional safety of MCU.\nVCC3V3 to VCC0V75(QM(B))\nVCC3V3转VCC0V75应用于EQ6的内核供电，要求输出电流能力大，现选型TI的电源方案TPS62872。用MCU的P22.0引脚使能芯片，用MCU_SDA_P15.5，MCU_SCL_P15.4引脚I2C通信来设置输出电压和通信。\nVCC3V3 to VCC0V75 is applied to the core power supply of EQ6, which requires large output current capacity. The power supply scheme TPS62872 of TI is selected. P22.0 pin of MCU is used to enable the chip, and MCU_SDA_P15.5, MCU_SCL_P15.4 pin I2C communication is used to set the output voltage and communication. \nVCC3V3 to 0V75_MIPI_DDR(QM(B))\nVCC3V3转0V75_MIPI_DDR用于EQ6的IO口供电，现使用矽力杰的SA23002进行设计。用MCU的P22.1引脚使能该芯片。\nVCC3V3 to 0V75_MIPI_DDR for EQ6 IO port power supply, Silergy’s SA23002 is designed. The P22.1 pin of the MCU is used to enable the chip.\nVCC3V3转VCC1V8、VCC1V1、VCC50(QM(B))\nVCC1V8用于EQ6、CAM、DDR、FLASH供电，VCC1V1用于EQ6、DDR供电，VCC50用于CAN收发器供电，现选择LP87702 PMIC方案。用MCU的P15.3引脚使能该芯片的5V输出，用MCU_SCL_P15.4，MCU_SDA_P15.5 I2C通信来设置1.8V和1.1V输出电压和使能。\nVCC1V8 is used for EQ6, CAM, DDR, FLASH power supply, VCC1V1 is used for EQ6, DDR power supply, VCC50 is used for CAN transceiver  power supply, LP87702 PMIC scheme is selected. P15.3 pin of MCU is used to enable 5V output of the chip, and MCU_SCL_P15.4, MCU_SDA_P15.5 I2C communication is used to set 1.8V and 1.1V output voltage and enable it. \nVCC3V3 to VCC3V3_EQ(QM(B))\nVCC3V3转VCC3V3_EQ用于EQ6的IO和摄像头供电，现使用负载开关进行设计。用MCU的P20.3引脚使能该芯片。\nVCC3V3 to VCC3V3_EQ for EQ6’s IO and camera power supply, now using the load switch is designed. .The P20.3 pin of the MCU is used to enable the chip.\n\tVCC3V3 to VCC3V3_ETH(QM)\n3V3转3V3_ETH用于ETH供电，现选择负载开关方案。用MCU的P21.0引脚使能该芯片。\n3V3 to 3V3_ETH for ETH power supply, the load switch scheme is selected. . The P21.0 pin of the MCU is used to enable the chip.\n\tVCC1V8 to VCC1V8_EQ(QM(B))\nVCC1V8转VCC1V8_EQ用于EQ供电，现选择负载开关方案。用MCU的P20.0引脚使能该芯片。\nVCC1V8 to VCC1V8_EQ for EQ power supply, the load switch scheme is selected. . The P20.0 pin of the MCU is used to enable the chip.</td></tr><tr><td colspan='2'></td></tr></table>"", ""\nNone：YYYY年MM月DD日发布\nReleased on DD/MM/YYYY; 文件编号File No：6XXXXXXXX_BBB_HW_IP_00X\n保存期限：产品生命周期加1个日历年；如属安全件，保存15个日历年以上\nRetention period:Product life cycle +1 calendar year.\nIf it is a safety part, keep it for more than 15 calendar years\n密级：内部\nSecurity level：Internal：YYYY年MM月DD日实施\nImplemented on DD/MM/YYYY ——封面Cover\nNone：北京经纬恒润科技股份有限公司\nBeijing Jingwei Hirain Technologies Co., Inc. ——封面Cover\nECU Connector：Pin No.; None：Pin Desc.; None：Signal Type; HW Interface Component ：ASIL; None：HW ID / Name; None：Characteristic; MCU Component ：HW ID; None：Pin ASIL; None：Trace; None：MCU Pin; None：Port Pin; None：Pin Name; None：Pin Function; None：Peripheral; None：Register; None：Direction; None：Function\nDescription; None：Default status after reset release; None：Standby/sleep state Settings ——Port1\nMCU Component ：/ Name; None：Solution ID; None：No.; None：Group; None：Name / Channel; None：Name ——Port1\nECU Connector：X1900-1; None：UBD; None：POWER; HW Interface Component ：QM; None：F06/KL30 sample; None：UBD供电要求范围：9~16VDC，要求MCU通过ADC对UBD电源电压进行采样和监控，实现电源管理功能。; MCU Component ：F01/ MCU; None：QM; None：K5; None：P00.10; None：P00.10/GTM_TIM4_IN1_11/GTM_TIM1_IN1_1/GTM_TIM0_IN1_1/GTM_TOUT19/EVADC_G9CH2; None：GPIO; None：MCU_UB_SW_P00.10; None：/; None：O; None：KL30电源电压ADC采样控制信号\n高：打开通道，ADC可以采集\n低：关闭通道，ADC不可以采集; None：HI-Z，硬件外部下拉; None：—; SW Variable Name or SW Function Name：— ——Port1"", ""<table><caption> Figure 9-23. CONTROL2 Register</caption>\n<tr><td  >7</td><td  >6</td><td  >RESERVED R-0000b</td><td  >5</td><td  >4</td><td  >3</td><td  >VRANGE R/W-10b</td><td  >2</td><td  >SSTIME R/W-01b</td></tr>\n</table>"", ""<table><caption> Table 9-11 lists the device registers. Consider all register offset addresses not listed in Table 9-11 as reserved Table 9-11. Device Registers</caption>\n<tr><td  >Address</td><td  >Acronym</td><td  >Register Name</td><td  >Section</td></tr>\n<tr><td  >Oh</td><td  >VSET</td><td  >Output Voltage Setpoint </td><td  >Go</td></tr>\n<tr><td  >1h</td><td  >CONTROL1</td><td  >Control 1</td><td  >Go</td></tr>\n<tr><td  >2h</td><td  >CONTROL2</td><td  >Control 2</td><td  >Go</td></tr>\n<tr><td  >3h</td><td  >CONTROL3</td><td  >Control 3</td><td  >Go</td></tr>\n<tr><td  >4h</td><td  >STATUS</td><td  >Status</td><td  >Go</td></tr>\n</table>"", ""\n10.4PowerSupplyRecommendations\nThe TPS6287x-Q1 family has no special requirements for its input power supply. The output current rating of the input power supply must be rated according to the supply voltage and current requirements of the TPS6287X-Q1\n10.5Layout\n10.5.1 Layout Guidelines\nAchieving the performance the TPS6287x-Q1 devices are capable of requires proper PDN and PCB design.\nTI therefore recommends the user perform a power integrity analysis on their design. There are a number of commercially available power integrity software tools, and the user can use these tools to model the effects on performance of the PCB layout and passive components.\nIn addition to the use of power integrity tools, Tl recommends the following basic principles:\n· Place the input capacitors close to the VIN and GND pins. Position the input capacitors in order of increasing size, starting with the smallest capacitors closest to the VIN and GND pins. Use an identical layout for both\nVIN-GND pin pairs of the package, to gain maximum benefit from the butterfly configuration.\n·Place the inductor close to the device and keep the SW node small.\n· Connect the exposed thermal pad and the GND pins of the device together. Use multiple thermal vias to\nconnect the exposed thermal pad of the device to one or more ground planes (Tl's EVM uses nine 150-μm\nthermal vias).\n·Use multiple power and ground planes.\n· Route the VOSNS and GOSNS remote sense lines as a differential pair and connect them to the lowest- impedance point of the PDN. If the desired connection point is not the lowest impedance point of the PDN, optimize the PDN until it is. Do not route the VOSNS and GOSNS close to any of the switch nodes.\n· Connect the compensation components between VOSNS and GOSNS. Do not connect the compensation components directly to power ground.\n· If possible, distribute the output capacitors evenly between the TPS6287x-Q1 device and the point-of-load, rather than placing them altogether in one place.\n· Use multiple vias to connect each capacitor pad to the power and ground planes (TI's EVM typically uses four vias per pad).\nUse plenty of stitching vias to ensure a low impedance connection between different power and ground· planes.\nProduct Folder Links: TPS62870-Q1TPS62871-Q1 TPS62872-Q1 TPS62873-Q1"", ""\nOTHERQUALIFIEDVERSIONSOFTPS62872-Q1,TPS62873-Q1:\n·Catalog :TPS62872,TPS62873\nNOTE: Qualified Version Definitions:\n·Catalog - Tl's standard catalog product\nTAPEANDREELINFORMATION\nPACKAGE MATERIALSINFORMATION\nPLASTIC QUAD FLAT PACK- NO LEAD\nNOTES:\n All linear dimensions are in millimeters. Any dimensions in parenthesis are for reference only. Dimensioning and tolerancing 1.\nper ASME Y14.5M.\nThis drawing is subject to change without notice.2.\nThe package thermal pad must be soldered to the printed circuit board for optimal thermal and mechanical performance.3.\nPLASTICQUADFLATPACK-NOLEAD\n4226093/E 09/2022\nNOTES: (continued)\nThis package is designed to be soldered to a thermal pad on the board. For more information, see Texas Instruments literature4.\nnumberSLUA271(www.ti.com/lit/slua271).\nVias are optional depending on application, refer to device data sheet. If any vias are implemented, refer to their locations shown5.\non this view. It is recommended that vias under paste be flled, plugged or tented.\nSCALE: 15X\nNOTES:(continued)\nLaser cutting apertures with trapezoidal walls and rounded corners may offer better paste release. IPC-7525 may have alternate6.\ndesign recommendations."", ""\n9.6.2 CONTROL1 Register (Address = 1h) [Reset = 2Ah]\nCONTROL1 is shown in Figure 9-22 and described in Table 9-14.\nReturn to the Summary Table.\nThis register controls various device configuration options.\n9.6.3 CONTROL2 Register (Address = 2h) [Reset = 9h]\nCONTROL2 is shown in Figure 9-23 and described in Table 9-15.\nReturn to the Summary Table.\nThis register controls various device configuration options.\n 9.6.4 CONTROL3 Register (Address = 3h) [Reset = 0h]\nCONTROL3 is shown in Figure 9-24 and described in Table 9-16.\nReturn to the Summary Table.\nThis register controls various device configuration options.\n9.6.5 STATUS Register (Address = 4h) [Reset = 2h]\nSTATUS is shown in Figure 9-25 and described in Table 9-17.\nReturn to the Summary Table.\nThis register returns the device status flags.\n10 Application and Implementation\nNote\nInformation in the following applications sections is not part of the Tl component specification, and Tl does not warrant its accuracy or completeness. Tl's customers are responsible for determining suitability of components for their purposes, as well as validating and testing their design implementation to confirm systemfunctionality.\n10.1 Application Information\nThe following section discusses selection of the external components to complete the power supply design for typical a application.\n 10.2 Typical Application\n10.2.1 Design Requirements\nPreliminary Calculations\nThe maximum allowable deviation of the power supply is ±3.3%. The DC accuracy of the TPS6287x-Q1 is specified as ±1%, therefore, the maximum output voltage variation during a transient is given by:\nVoUT = ± VouT × (3.3% - 1%) = ±17.25 mV\n10.2.2 Detailed Design Procedure\nThe following subsections describe how to calculate the external components required to meet the specified transient requirements of a given application. The calculations include the worst-case variation of components and use the RMS method to combine the variation of uncorrelated parameters.\n10.2.2.1 Selecting the Inductor\nThe TPS6287x-Q1 devices have been optimized for inductors in the range 50 nH to 300 nH. If the transient response of the converter is limited by the slew rate of the current in the inductor, using a smaller inductor can improve performance. However, the output ripple current increases as the value of the inductor decreases and higher output current ripple generates higher output voltage ripple, which adds to the transient overshoot or undershoot. The optimal configuration for a given application is always a trade-off between a number of parameters. Tl recommends a starting value of 110 nH for typical applications."", ""\nThe peak-to-peak inductor current ripple is given by:\n3.3 - 0.75\n2.342A\ninductors from other manufacturers can also be suitable.\n10.2.2.2 Selecting the Input Capacitors\nAs with all buck converters, the input current of the TPS6287x-Q1 devices is discontinuous. The input capacitors provide a low-impedance energy source for the device, and their value, type, and location are critical for correct operation. Tl recommends low-ESR multilayer ceramic capacitors for best performance. In practice, the total\nProduct Folder Links: TPS62870-Q1TPS62871-Q1 TPS62872-Q1 TPS62873-Q1\ninput capacitance is typically comprised of a combination of different capacitors, in which larger capacitors provide the decoupling at lower frequencies and smaller capacitors provide the decoupling at higher frequencies.\nThe TPS6287x-Q1 devices feature a butterfly layout with two pairs of VIN and GND pins on opposite sides of the package. This allows the input capacitors to be placed symmetrically on the PCB so that the electromagnetic fields generated cancel each other out, thereby reducing EMl.\nThe duty cycle of the converter is given by:\nVoUT D = xVT\nwhere\n· Vin is the input voltage.\n· Vout is the output voltage.\n· n is the efficiency.\nThe value of input capacitance needed to meet the input voltage ripple requirements is given by:\nwhere\n· D is the duty cycle.\n·  fsw is the switching frequency.\n· L is the inductance.\n· lout is the output current.\n100mV is used as the input voltage ripple target.\nThe value of Cin calculated with Equation 9 is the effective capacitance after all derating, tolerance, and aging effects have been considered. 5 μF effective capacitance per input pin is required. Tl recommends multilayer ceramic capacitors with an X7R dielectric (or similar) for Cin, and these capacitors must be placed as close to the VIN and GND pins as possible to minimize the loop area.\n capacitors from other manufacturers can also be suitable.\n10.2.2.3 Selecting the Compensation Resistor\nUse Equation 11 to calculate the recommended value of compensation resistor, Rz:\nProduct Folder Links: TPS62870-Q1TPS62871-Q1 TPS62872-Q1 TPS62873-Q1"", ""\n9.3.11 Undervoltage Lockout (UVLO)\nThe device has an undervoltage lockout function that disables the device if the supply voltage is too low for correct operation. The negative-going threshold of the UVLO function is 2.5 V (typical). If the supply voltage decreases below this value, the device stops switching and, if DISCHEN = 1 in the CONTROL1 register, turns on the output discharge.\n9.3.12 Overvoltage Lockout (OVLO)\nThe device has an overvoltage lockout function that disables the DC/DC converter if the supply voltage is too high for correct operation. The positive-going threshold of the OVLO function is 6.3 V (typical). If the supply voltage increases above this value, the device stops switching and, if DISCHEN = 1 in the CONTROL1 register, turns on the output discharge.\nThe device automatically starts switching again - it begins a new soft-start sequence - when the supply voltage falls below 6.2 V (typical)\n9.3.13 Overcurrent Protection\n9.3.13.1 Cycle-by-Cycle Current Limiting\nIf the peak inductor current increases above the high-side current limit threshold, the device turns off the high-side switch and turns on the low-side switch to ramp down the inductor current. The device only turns on the high-side switch again if the inductor current has decreased below the low-side current limit threshold.\nNote that because of the propagation delay of the current limit comparator, the current limit threshold in practice can be greater than the DC value specified in the Electrical Characteristics. The current limit in practice is given by:\nwhere:\n· I, is the inductor current.\n·ILiMH is the high-side current limit threshold measured at DC\nProduct Folder Links: TPS62870-Q1TPS62871-Q1 TPS62872-Q1 TPS62873-Q1"", ""\ntd(RAMP) = 500 μs td(RAMP) = 1 ms (default) td(RAMP) = 2 ms td(RAMP) = 4 ms·\nThe device ignores new values until the soft-start sequence is complete if the user programs the following when the device soft-start sequence has already started:\nA new output voltage setpoint (VOuT[7:o]) An output voltage range (VRANGE[1:0]) Soft-start time (SSTIME[1:o]) settings\nIf the user change the value of VSET[7:0] during soft start, the device first ramps to the value that VSET[7:0] had when the soft-start sequence began. Then, when soft start is complete, the device ramps up or down to the new value.\nThe device can start up into a prebiased output. In this case, only a portion of the internal voltage ramp is seen externally (see Figure 9-9).\nNote that the device always operates in DcM during the start-up ramp, regardless of other configuration settings or operating conditions.\n9.3.5SwitchingFrequencySelection\nDuring device initialization, a resistor-to-digital converter in the device determines the state of the FSEL pin and sets the switching frequency of the DC/DC converter according to Table 9-2.\nFor a reliable voltage setting, ensure there is no stray current path connected to the FSEL pin and that the1.\nparasitic capacitance between the FSEL pin and GND is less than 1o0 pF.\nidentical circuit detects the state of the VSEL pin - see Section 9.3.6.2).\nDetection of the state of the FSEL pin works as follows:\nTo detect the most significant bit (MSB), the circuit opens S1 and S2, and the input buffer detects if a high or a low level is connected to the FSEL pin.\nProduct Folder Links: TPS62870-Q1TPS62871-Q1 TPS62872-Q1 TPS62873-Q1\nTo detect the least significant bit (LSB):\nIf the MSB was 0, the circuit closes S1. If the input buffer detects a high level, LSB = 1. If the circuit detects a low level, LSB = 0.\n If the MSB was 1, the circuit closes S2. If the input buffer detects a low level, LSB = 0. If the circuit detects a·""]","{""original_context_count"": 30, ""original_context_characters"": 48434, ""scored_context_count"": 4, ""scored_context_characters"": 3663, ""contexts_truncated"": true, ""context_selection"": ""claim_coverage"", ""selected_evidence_ids"": [""document:e1cc3eaeb1e15088""], ""selected_claim_ids"": [""sq_1:claim_1"", ""sq_2:claim_1"", ""sq_3:claim_1"", ""sq_4:claim_1""], ""excluded_evidence_ids"": [""document:0eb6659a764f4d29"", ""document:18079dc1608e8d56"", ""document:2209ce0744d30fc1"", ""document:2f7fc0d49bc3067e"", ""document:35108004bab10732"", ""document:529a142033d8838a"", ""document:5fe56e0953406ff6"", ""document:77d90c432a677811"", ""document:81c047d0518ea7ba"", ""document:83eb1e6ff3c49393"", ""document:8f20a6d958d9bc2d"", ""document:a500768c3033ac7b"", ""document:a6f318d1053a4c7e"", ""document:a75146a5b6179e1f"", ""document:aac59875b92ed6b0"", ""document:ac72bb1a220bade2"", ""document:af98fef66e3629af"", ""document:b257f3b0795806a8"", ""document:b49ae54de72e34a6"", ""document:b6943ae371d76077"", ""document:bc106b2e50705a92"", ""document:bf52768a2f9667cf"", ""document:cb4d0862c228b66e"", ""document:d59fddc6838a7925"", ""document:d69d04d302326d46"", ""document:e6627ad70c8cab97"", ""document:eea39f8b189706fc"", ""document:f00a2ea1e33e6755"", ""document:fff26d224ab88aef""]}",0.5110463432001788,0.47184662774115266,0.5714285714285714,not_applicable,0.0,0.0,0.0,0.08333333333333333,not_applicable
hw-v1-circuit-u1800-control,success,U1800 的输入、输出检测、使能和 I²C 控制网络分别是什么？,U1800 是 TPS62872，VIN 为 VCC3V3，VOSNS 为 VCC0V75，EN 接 N19888813，并通过连接到 MCU 的 SDA/SCL 进行 I²C 控制。,"根据电路设计文件（825504380_ADAS_SCH_TCN2.EDF）中U1800的引脚映射，其输入、输出检测、使能和I²C控制网络如下：

- **输入网络**：VIN（连接至 **VCC3V3**）  
- **输出检测网络**：VOSNS（连接至 **VCC0V75**）和 GOSNS（连接至 **GND**）  
- **使能网络**：EN（连接至 **N19888813**）  
- **I²C控制网络**：SDA（连接至 **MCU_SDA_P15.5**）和 SCL（连接至 **MCU_SCL_P15.4**）

**支撑证据**：  
- 电路设计文件中的引脚映射（`circuit:21:pin_mapping:U1800`）明确列出了上述所有引脚及其网络连接。  
- 实例信息（`circuit:21:instance:U1800`）确认器件型号为TPS62872Y1QWRXSRQ1，与引脚映射一致。

**补充说明**：  
- 文档资料（600608964_ADAS_HSI_0506_1952_shoulin.wang.docx）中提及“用MCU的P22.0引脚使能芯片”，但当前引脚映射中EN的网络为N19888813，未直接显示该网络与MCU P22.0的连接关系，故不将其作为结论。  
- 证据中未发现任何冲突。","根据电路设计文件（825504380_ADAS_SCH_TCN2.EDF）中U1800的引脚映射，其输入、输出检测、使能和I²C控制网络如下：

- **输入网络**：VIN（连接至 **VCC3V3**）  
- **输出检测网络**：VOSNS（连接至 **VCC0V75**）和 GOSNS（连接至 **GND**）  
- **使能网络**：EN（连接至 **N19888813**）  
- **I²C控制网络**：SDA（连接至 **MCU_SDA_P15.5**）和 SCL（连接至 **MCU_SCL_P15.4**）

**支撑证据**：  
- 电路设计文件中的引脚映射（`circuit:21:pin_mapping:U1800`）明确列出了上述所有引脚及其网络连接。  
- 实例信息（`circuit:21:instance:U1800`）确认器件型号为TPS62872Y1QWRXSRQ1，与引脚映射一致。

**补充说明**：  
- 文档资料（600608964_ADAS_HSI_0506_1952_shoulin.wang.docx）中提及“用MCU的P22.0引脚使能芯片”，但当前引脚映射中EN的网络为N19888813，未直接显示该网络与MCU P22.0的连接关系，故不将其作为结论。  
- 证据中未发现任何冲突。","[""Pin mapping for U1800: COMP -> N19809013, GOSNS -> GND, VOSNS -> VCC0V75, EN -> N19888813, VIN -> VCC3V3, GND -> GND, SW -> N19808656, GND -> GND, VIN -> VCC3V3, MODE/SYNC -> VCC3V3, SDA -> MCU_SDA_P15.5, SCL -> MCU_SCL_P15.4, VSEL -> N19808994, FSEL -> N19808812, TAB -> GND."", ""Instance U1800: TPS62872Y1QWRXSRQ1, 202308165398, TPS62872Y1QWRXSRQ1, PQFN50P355X255X105-16."", ""<table><tr><td>HM ID</td><td>F11/F12/F13/F14/F15/F16/F17/F18/F19/F25/F27</td></tr><tr><td>模块功能 \nModule Function</td><td>系统使用车载电池12V电压供电，经过EMI电路后输入至电源转换芯片，转换输出系统各模块所需电源。\nThe system uses 12V voltage power supply from the vehicle battery, which is input to the power conversion chip through the EMI circuit. Then the power conversion chip convert and output the power required by each module of the system.</td></tr><tr><td>模块框图\nModule diagram</td><td></td></tr><tr><td>模块方案\nModule solution</td><td>KL30 EMI (ASIL-B)\nKL30供电口处增加EMI电路，用于供电保护和滤波。硬件电路设计在UBD网络增加两个串联ESD电容，PCB布局靠近主连接器引脚处，用于吸收外部ESD信号，后端增加双向TVS管用于瞬态过压保护\nThe EMI circuit is added at the KL30 power supply port for power supply protection and filtering. The hardware circuit design adds two series ESD capacitors in the UBD network, the PCB layout is close to the main connector pin for absorbing external ESD signals, and the two-way TVS tube is added at the back end for transient overvoltage protection.\nKL30 to VCC3V3 (ASILB)\nKL30转VCC3V3是系统一级DC-DC，给MCU提供VCC3V3_MCU电源，所以系统要求其满足ASILB，确保MCU功能安全。\nKL30 to VCC3V3 is a system primary DC-DC chip, because the MCU needs VCC3V3_MCU power supply, so the system requires it to meet the ASILB to ensure the functional safety of the MCU.\nVCC3V3_MCU to VCC1V25_MCU(ASILB)\n3V3转1V25_MCU是使用MCU内置控制器进行控制的BUCK电源，用于MCU的核供电，功能安全需求达到ASILB，确保MCU功能安全。\n3V3 to 1V25_MCU is a BUCK power supply controlled by MCU built-in controller, which is used for MCU nuclear power supply. Functional safety requirements meet ASILB to ensure the functional safety of MCU.\nVCC3V3 to VCC0V75(QM(B))\nVCC3V3转VCC0V75应用于EQ6的内核供电，要求输出电流能力大，现选型TI的电源方案TPS62872。用MCU的P22.0引脚使能芯片，用MCU_SDA_P15.5，MCU_SCL_P15.4引脚I2C通信来设置输出电压和通信。\nVCC3V3 to VCC0V75 is applied to the core power supply of EQ6, which requires large output current capacity. The power supply scheme TPS62872 of TI is selected. P22.0 pin of MCU is used to enable the chip, and MCU_SDA_P15.5, MCU_SCL_P15.4 pin I2C communication is used to set the output voltage and communication. \nVCC3V3 to 0V75_MIPI_DDR(QM(B))\nVCC3V3转0V75_MIPI_DDR用于EQ6的IO口供电，现使用矽力杰的SA23002进行设计。用MCU的P22.1引脚使能该芯片。\nVCC3V3 to 0V75_MIPI_DDR for EQ6 IO port power supply, Silergy’s SA23002 is designed. The P22.1 pin of the MCU is used to enable the chip.\nVCC3V3转VCC1V8、VCC1V1、VCC50(QM(B))\nVCC1V8用于EQ6、CAM、DDR、FLASH供电，VCC1V1用于EQ6、DDR供电，VCC50用于CAN收发器供电，现选择LP87702 PMIC方案。用MCU的P15.3引脚使能该芯片的5V输出，用MCU_SCL_P15.4，MCU_SDA_P15.5 I2C通信来设置1.8V和1.1V输出电压和使能。\nVCC1V8 is used for EQ6, CAM, DDR, FLASH power supply, VCC1V1 is used for EQ6, DDR power supply, VCC50 is used for CAN transceiver  power supply, LP87702 PMIC scheme is selected. P15.3 pin of MCU is used to enable 5V output of the chip, and MCU_SCL_P15.4, MCU_SDA_P15.5 I2C communication is used to set 1.8V and 1.1V output voltage and enable it. \nVCC3V3 to VCC3V3_EQ(QM(B))\nVCC3V3转VCC3V3_EQ用于EQ6的IO和摄像头供电，现使用负载开关进行设计。用MCU的P20.3引脚使能该芯片。\nVCC3V3 to VCC3V3_EQ for EQ6’s IO and camera power supply, now using the load switch is designed. .The P20.3 pin of the MCU is used to enable the chip.\n\tVCC3V3 to VCC3V3_ETH(QM)\n3V3转3V3_ETH用于ETH供电，现选择负载开关方案。用MCU的P21.0引脚使能该芯片。\n3V3 to 3V3_ETH for ETH power supply, the load switch scheme is selected. . The P21.0 pin of the MCU is used to enable the chip.\n\tVCC1V8 to VCC1V8_EQ(QM(B))\nVCC1V8转VCC1V8_EQ用于EQ供电，现选择负载开关方案。用MCU的P20.0引脚使能该芯片。\nVCC1V8 to VCC1V8_EQ for EQ power supply, the load switch scheme is selected. . The P20.0 pin of the MCU is used to enable the chip.</td></tr><tr><td colspan='2'></td></tr></table>"", ""\nNone：POWER; HW Interface Component ：QM; None：F19/POWER; None：使能TPS22918的1V8_EQ输出和关断; MCU Component ：F01/MCU; None：QM; None：H20; None：P20.0; None：P20.0/GTM_TIM1_IN6_7CAN03_RXDC/CBS_TGI0/SCU_E_REQ6_0/GPT120_T6EUDA/GTM_TOUT59; None：GPIO; None：MCU_1V8_EQ_EN; None：/; None：O; None：EQ 1V8供电的使能信号; None：HI-Z，硬件外部下拉; None：—; SW Variable Name or SW Function Name：— ——Port1\nNone：RESET; HW Interface Component ：B; None：F02/EYEQ6L; None：EQ6L的复位信号，由MCU进行控制EQ6L的工作和复位。; MCU Component ：F01/ MCU; None：B; None：D1; None：P02.4; None：P02.4/GTM_TIM1_IN4_1/QSPI3_SLSIA/I2C0_SDAA/CAN11_RXDA/CAN0_ECTT1/GTM_TOUT4/QSPI3_SLSO0; None：GPIO; None：MCU_RESET_EQ_P02.4; None：/; None：O; None：MCU输出用于控制EQ复位\n高：EQ6L复位信号无效\n低：EQ6L复位信号有效\n\n注意EQ上下电时序。; None：HI-Z，硬件外部下拉; None：—; SW Variable Name or SW Function Name：— ——Port1\nNone：EQ6L的中断信号，由MCU输入触发EQ6L的中断。; MCU Component ：F01/ MCU; None：B; None：H2; None：P00.3; None：P00.3/GTM_TIM5_IN7_10/GTM_TIM3_IN2_1/GTM_TIM2_IN2_1/CAN03_RXDA/GTM_TOUT12/EVADC_G9CH9; None：INT; None：EYEQ6_XINT_OSCBYP_P00.3; None：/; None：O; None：EQ6时钟模式采集\n高：外部晶振\n低：外部晶体; None：HI-Z, 硬件外部下拉; None：—; SW Variable Name or SW Function Name：— ——Port1"", ""<table><tr><td>模块序号\nModule number</td><td>模块名称\nModule name</td><td>功能定义\nFunction definition.</td><td>功能安全需求\nFunctional safety requirements</td></tr><tr><td>F01</td><td>MCU</td><td>SAK-TC377TP-96F300S AA</td><td>B(B)</td></tr><tr><td>F02</td><td>EYEQ6-L</td><td>EYEQ6-L，用于sensor的视频处理</td><td>B</td></tr><tr><td>F03</td><td>EYEQ6_LPDDR4</td><td>EQ6的1GB LPDDR4</td><td>B</td></tr><tr><td>F04</td><td>EYEQ6_NAND FLASH</td><td>EQ6的2Gb NAND FLASH</td><td>B</td></tr><tr><td>F05</td><td>CAM SENSOR</td><td>Sony 728摄像头模组</td><td>B</td></tr><tr><td>F06</td><td>KL30 sample</td><td>KL30电压采样</td><td>QM</td></tr><tr><td>F07</td><td>KL15 sample</td><td>KL15电压采样</td><td>QM</td></tr><tr><td>F08</td><td>EQ system power sample1</td><td>EQ6L系统供电电源电压ADC采样滤波、分压电路</td><td>B(B)</td></tr><tr><td>F09</td><td>ETH and CAN power sample2</td><td>CAN和ETH电源电压ADC采样滤波、分压电路</td><td>QM</td></tr><tr><td>F10</td><td>NTC temp sensor</td><td>NTC温度传感器，监控EQ6L/LPDDR4周边环境温度。</td><td>B</td></tr><tr><td>F11</td><td>KL30 EMI</td><td>KL30供电口EMI滤波电路.</td><td>B</td></tr><tr><td>F12</td><td>POWER</td><td>LN10046，KL30电源转VCC3V3电源</td><td>B</td></tr><tr><td>F13</td><td>POWER</td><td>LP87702，VCC3V3电压输入，VCC1V1、VCC1V8、VCC50电压输出</td><td>QM(B)</td></tr><tr><td>F14</td><td>POWER</td><td>TPS62872，VCC3V3电压输入，VCC0V75电压输出</td><td>QM(B)</td></tr><tr><td>F15</td><td>POWER</td><td>SA23002，VCC3V3输入，VCC0V75电压输出</td><td>QM(B)</td></tr><tr><td>F16</td><td>POWER</td><td>TPS22918负载开关，VCC3V3电压输入，VCC3V3_EQ输出</td><td>QM(B)</td></tr><tr><td>F17</td><td>POWER</td><td>TPS22918负载开关，VCC3V3输入，VCC3V3_ETH输出</td><td>QM</td></tr><tr><td>F18</td><td>overvoltage protect</td><td>用于MCU电源VCC3V3_MCU的外部过压保护</td><td>B</td></tr><tr><td>F19</td><td>POWER</td><td>TPS22918 负载开关，VCC1V8电压输入，VCC1V8_EQ电压输出</td><td>QM(B)</td></tr><tr><td>F20</td><td>CAN3</td><td>基于TCAN1145的CAN通讯，硬件支持特定报文唤醒</td><td>QM</td></tr><tr><td>F21</td><td>CAN2</td><td>基于TCAN1044A的CAN通讯.</td><td>QM</td></tr><tr><td>F22</td><td>CAN1</td><td>基于TCAN1044A的CAN通讯</td><td>QM</td></tr><tr><td>F23</td><td>CAN0</td><td>基于TCAN1044A的CAN通讯.</td><td>QM</td></tr><tr><td>F24</td><td>ETH</td><td>基于DP83TC812R的100BASE-T1通讯</td><td>QM</td></tr><tr><td>F25</td><td>Wake up</td><td>唤醒源和一级电源使能电路设计</td><td>QM</td></tr><tr><td>F26</td><td>watchdog</td><td>LP87702的看门狗功能，用于监控MCU运行状态</td><td>B</td></tr><tr><td>F27</td><td>POWER</td><td>VCC3V3_MCU转VCC1V25_MCU电压，由MCU的EVRC进行控制。</td><td>B</td></tr><tr><td>F28</td><td>level translation</td><td>3V3和1V8双向电压转换芯片</td><td>QM</td></tr></table>"", ""<table><tr><td>HM ID</td><td>F01/F06/F11</td></tr><tr><td>模块功能\nModule Function</td><td>ADAS正常工作电压范围9~16VDC，系统需求需要对产品供电KL30进行电源管理，硬件电路对UBD电源网络进行ADC采样。\nADAS normal operating voltage range is 9~16VDC. System requirements require power management for the product power supply KL30. The hardware circuit performs ADC sampling on the UBD power supply.</td></tr><tr><td>模块框图\nModule diagram</td><td></td></tr><tr><td>模块方案\nModule solution</td><td>MCU_UB_SW_P00.10信号是由MCU I/O控制的数字信号，用于使能KL30电压采样功能。\n  MCU_UB_SW_P00.10 signal is a digital signal controlled by MCU I/O, used to enable KL30 voltage sampling function.\nUBSW_ACQ_AN6信号是UBD经过100K 1%、10K 1%电阻分压后的模拟信号。\n  UBSW_ACQ_AN6 signal is an analog signal of UBD divided by 100K 1%、10K 1% resistors. Which is connected to the ADC pin of MCU for sampling. \nMCU的ADC采集到UBD后进行电源管理，当软件诊断到UBD电压范围异常时，MCU会关断EQ和其他负载工作电源，确保ADAS功能安全。\n  The ADC of MCU collects UBD for power management. When the software detects that UBD voltage range is abnormal, the MCU will turn off EQ and other load power supplies to ensure the functional safety of ADAS.</td></tr></table>"", ""\nNone：U20; None：P23.2; None：P23.2/GTM_TIM1_IN6_5/GTM_TIM0_IN6_5/GTM_TOUT43/CAN12_TXD; None：GPIO; None：MCU_RST_FLASH_P23.2; None：/; None：O; None：FLASH复位信号\n低：FLASH复位\n高：FLASH进入工作状态; None：HI-Z，硬件外部下拉; None：—; SW Variable Name or SW Function Name：— ——Port1\nNone：未使用; MCU Component ：F01/ MCU; None：NA; None：/; None：D7; None：P11.14; None：P11.14/GTM_TIM4_IN7_4/GTM_TIM2_IN7_8/GETH_CRSDVB/GETH_RXDVB/GETH_CRSA/GTM_TOUT126; None：GPIO; None：MCU_ETH_CFG1_P11.14; None：/; None：I; None：CFG1：BOM配置，判断是否有以太网\n高：TBD\n低：TBD; None：HI-Z; None：—; SW Variable Name or SW Function Name：— ——Port1\nNone：未使用; MCU Component ：F01/ MCU; None：NA; None：/; None：D6; None：P11.15; None：P11.15/GTM_TIM4_IN7_5/GTM_TIM0_IN7_8/GETH_COLA/GTM_TOUT127; None：GPIO; None：MCU_ETH_CFG2_P11.15; None：/; None：I; None：CFG2：BOM配置，判断以太网接口类型\n高：TBD\n低：TBD; None：HI-Z; None：—; SW Variable Name or SW Function Name：— ——Port1\nHW Interface Component ：QM(B); None：F13/POWER; None：1、LP87702实现VCC3V3转VCC1V8、VCC1V1、VCC50三路电源输出\n2、LP87702的VCC50由MCU的GPIO控制使能和关断，VCC1V8、VCC1V1由MCU的I2C控制使能和关断。\n3、预留中断信号用于MCU辅助监控LP87702的工作状态。\n4、MCU可以通过I2C监控和管理LP87702的状态。; MCU Component ：F01/ MCU; None：QM; None：B17; None：P15.3; None：P15.3/GTM_TIM3_IN6_4/GTM_TIM2_IN6_4/CAN01_RXDA/QSPI2_SCLKA/GTM_TOUT74/QSPI2_SCLK/MSC0_EN1; None：GPIO; None：MCU_5V_EN; None：/; None：O; None：VCC50（LP87702）电源使能控制信号\n高：使能VCC50电压输出\n低：关断VCC50电压输出; None：HI-Z，硬件外部下拉; None：—; SW Variable Name or SW Function Name：— ——Port1"", ""\nNone：EYEQ6L 边界位置检测输出; MCU Component ：F01/ MCU; None：QM; None：A7; None：P10.0; None：P10.0/GTM_TIM4_IN0_12/GTM_TIM1_IN4_2/GTM_TIM0_IN4_2/GETH_RXERC/GTM_TOUT102/QSPI1_SLSO10; None：GPIO; None：EQ_DAISY_CHAIN_IN_P10.0; None：/; None：O; None：EYEQ6L 边界位置检测输出; None：HI-Z; None：—; SW Variable Name or SW Function Name：— ——Port1\nNone：EYEQ6L 关键性错误指示信号; MCU Component ：F01/ MCU; None：QM; None：B4; None：P10.8; None：P10.8/GTM_TIM4_IN0_13/GTM_TIM1_IN5_2/CAN12_RXDB/QSPI3_SCLKB/GTM_TOUT110/QSPI3_SCLK; None：GPIO; None：EYEQ6_CRERR_N_P10.8; None：/; None：I; None：EYEQ6L 关键性错误指示信号\n高：未发生错误\n低：发生错误; None：HI-Z，硬件外部上拉; None：—; SW Variable Name or SW Function Name：— ——Port1\nNone：FCMU RESET ENABLE\n低有效; MCU Component ：F01/ MCU; None：B; None：E6; None：P11.13; None：P11.13/GTM_TIM4_IN6_5/GTM_TIM2_IN6_7/GETH_RXERA/CAN13_RXDD/GTM_TOUT125; None：GPIO; None：EYEQ6_FCMU_RSTEN_N_P11.13; None：/; None：O; None：FCMU RESET ENABLE\n低有效; None：HI-Z，硬件外部下拉; None：—; SW Variable Name or SW Function Name：— ——Port1\nNone：MCU和EQ6的GPIO信号; MCU Component ：F01/ MCU; None：QM; None：J17; None：P21.1; None：P21.1/GTM_TIM4_IN1_13/GTM_TIM3_IN5_6/GTM_TIM2_IN5_6/QSPI4_MRSTDP/GTM_DTMA4_1/GTM_TOUT52/HSM_HSM2; None：UBOOT; None：EQ6L_GPIO_A14_UBOOT; None：/; None：O; None：UBOOT; None：HI-Z; None：—; SW Variable Name or SW Function Name：— ——Port1"", ""\nECU Connector：X190011\nX1900-10; None：CAN1L\nCAN1H; None：CAN Communction; HW Interface Component ：QM; None：F22/CAN1; None：CAN1外挂TCAN1044A收发器，支持速率为：\nCAN：500Kbps\nCANFD：2/5/8Mbps\n支持兼容TCAN1145/TJA1043; MCU Component ：F01/ MCU; None：QM; None：F19; None：P20.7; None：P20.7/GTM_TIM3_IN7_5/GTM_TIM2_IN7_5/GTM_TIM1_IN5_8/CAN00_RXDB/GTM_TOUT63/CAN12_TXD; None：CAN12_TXD; None：MCU_CAN1_TXD_P20.7; None：/; None：O; None：CAN1信号输出; None：HI-Z; None：—; SW Variable Name or SW Function Name：— ——Port1\nMCU Component ：F01/ MCU; None：QM; None：F17; None：P20.6; None：P20.6/GTM_TIM3_IN6_5/GTM_TIM2_IN6_5/CAN12_RXDA/GTM_TOUT62/QSPI0_SLSO8/QSPI2_SLSO8; None：CAN12_RXDA; None：MCU_CAN1_RXD_P20.6; None：/; None：I; None：CAN1信号输入; None：HI-Z,硬件外部上拉; None：—; SW Variable Name or SW Function Name：— ——Port1\nMCU Component ：F01/MCU; None：QM; None：H1; None：P00.2; None：P00.2/GTM_TIM5_IN6_11/GTM_TIM3_IN1_2/GTM_TOUT11/PSI5_TX0/CAN03_TXD/QSPI3_SLSO4/EVADC_G9CH10; None：GPIO/QSPI3_SLSO4; None：CAN1_STB_MCU_SPI3_CS4_P00.2; None：/; None：O; None：当贴TCAN1044A时：CAN1待机控制信号：\n高：进入STANDBY模式\n低：退出STANDBY模式\n当贴TCAN1145时：CAN1 SPI3片选信号：\n高：释放设备\n低：选中设备; None：HI-Z; None：—; SW Variable Name or SW Function Name：— ——Port1"", ""\nECU Connector：X1900-12\nX1900-4; None：CAN2L\nCAN2H; None：CAN Communction; HW Interface Component ：QM; None：F21/CAN2; None：CAN2外挂TCAN1044A收发器，支持速率为：\nCAN：500Kbps\nCANFD：2/5/8Mbps\n支持兼容TCAN1145/TJA1043; MCU Component ：F01/ MCU; None：QM; None：B16; None：P14.0; None：P14.0/GTM_TIM1_IN3_5/GTM_TIM0_IN3_5/GTM_TOUT80/ERAY0_TXDA/ERAY0_TXDB/CAN01_TXD; None：CAN01_TXD; None：MCU_CAN2_TXD_P14.0; None：/; None：O; None：CAN2信号输出; None：HI-Z，TCAN1044A有内置硬件上拉; None：—; SW Variable Name or SW Function Name：— ——Port1\nMCU Component ：F01/ MCU; None：QM; None：A15; None：P14.1; None：P14.1/GTM_TIM1_IN4_3/GTM_TIM0_IN4_3/CAN01_RXDB/SCU_E_REQ3_1/PMS_PINAWKP/GTM_TOUT81; None：CAN01_RXDB; None：MCU_CAN2_RXD_P14.1; None：/; None：I; None：CAN2信号输入; None：HI-Z,硬件外部上拉; None：—; SW Variable Name or SW Function Name：— ——Port1\nMCU Component ：F01/MCU; None：QM; None：J2; None：P00.5; None：P00.5/GTM_TIM3_IN4_1/GTM_TIM3_IN0_11/CAN11_RXDB/GTM_TOUT14/QSPI3_SLSO3//EVADC_G9CH7; None：GPIO/QSPI3_SLSO3; None：CAN2_STB_MCU_SPI3_CS3_P00.5; None：/; None：O; None：当贴TCAN1044A时：CAN2待机控制信号：\n高：进入STANDBY模式\n低：退出STANDBY模式\n当贴TCAN1145时：CAN2 SPI3片选信号：\n高：释放设备\n低：选中设备; None：HI-Z; None：—; SW Variable Name or SW Function Name：— ——Port1"", ""<table><caption> Table 6-2. Devices Without I²C Interface (continued) Unless otherwise noted, device variants without I2C operate with the same default settings as device variants with 12C.</caption>\n<tr><td  >DeviceNumber</td><td  >OutputCurrent</td><td  >Start-UpVoltage(2)</td><td  >VSEL Settings</td><td  > Spread Spectrum Clocking</td><td  > Soft-Start Time</td></tr>\n<tr><td  >TPS62870N1QWRXSRQ1</td><td  >6A</td><td  >0.800 V</td><td  >6.2kQ to GND</td><td></td><td></td></tr>\n<tr><td  >TPS62871N1QWRXSRQ1</td><td  >9A</td><td  >0.750V</td><td  >Short to GND</td><td></td><td></td></tr>\n<tr><td  >TPS62872N1QWRXSRQ1</td><td  >12 A</td><td  >0.875V</td><td  >Short to VIN</td><td  >On</td><td></td></tr>\n<tr><td  >TPS62873N1QWRXSRQ1</td><td  >15 A</td><td  >0.840V</td><td  >47 kQ to VIN </td><td></td><td  >1 ms</td></tr>\n<tr><td></td><td></td><td  >1.800 V</td><td  >6.2 kQ to GND</td><td></td><td></td></tr>\n<tr><td  >TPS62872N2QWRXSRQ1</td><td  >12 A</td><td  >1.500 V 1.750 V</td><td  >Short to GND Short to VIN </td><td  >Off</td><td></td></tr>\n<tr><td></td><td></td><td  >3.300 V</td><td  >47kQ to VIN</td><td></td><td></td></tr>\n</table>"", ""Figure9-17. Acknowledge on the I²c Bus\n Data Output by\nTransmitter\nNot Acknowledge\n Data Output \nby Receiver\nAcknowledge\nSCL from\nController\nSTART\nClock pulse for\nacknowledgment \nCondition"", ""\nIn standalone (nonstacked) applications, the user can disable the active pulldown of the EN pin if the user sets SINGLE = 1 in the CONTROL3 register. Fault conditions have no effect on the EN pin when SINGLE = 1 (the EN pin is always pulled down during device initialization). In stacked applications, ensure that SINGLE = 0.\nWhen the internal SYSTEM_READY signal is low (that is, initialization is complete and there are no fault conditions), the internal open-drain transistor is high impedance and the EN pin functions like a standard input. A high level on the EN pin enables the DC/DC converter in the device. A low level disables the DC/DC converter (the I2C interface is enabled as soon as the device has completed its initialization and is not affected by the state of the internal ENABLE or SYSTEM_READY signals).\nA low level on the EN pin forces the device into shutdown. During shutdown, the MOSFETs in the power stage are off, the internal control circuitry is disabled, and the device consumes only 20 μA (typical).\nThe rising threshold voltage of the EN pin is 1.0 V and the falling threshold voltage is 0.9 V. The tolerance of the threshold voltages is ±30 mV, which means that the user can use the EN pin to implement precise turn-on and turn-off behavior.\nWhen power is applied to the VIN pin, the toggling of the EN pin does not reset the loaded default register settings.\n9.3.4 Start-Up\nWhen the voltage on the VIN pin exceeds the positive-going UVLO threshold, the device initializes as follows:\n·The device pulls the EN pin low.\n·The device enables the internal reference voltage.\n· The device reads the state of the VSEL, FSEL, and SYNC_OUT pins.\n· The device loads the default values into the device registers.\nWhen initialization is complete, the device enables I²C communication and releases the EN pin. The external circuitry controlling the EN pin now determines the behavior of the device:\n· If the EN pin is low, the device is disabled. The user can write to and read from the device registers, but the DC/DC converter does not operate · If the EN pin is high, the device is enabled. The user can write to and read from the device registers and, after a short delay, the DC/DC converter starts to ramp up its output.\nThe SSTIME[1:0] bits in the CONTROL2 register select the duration of the soft-start ramp:"", ""\nThe image displays an electronic circuit diagram centered around a rectangular integrated circuit (IC) component with multiple labeled pins on its left and right sides. On the left side of the IC, from top to bottom, are pins labeled: VIN, MODE/SYNC, EN, SDA, SCL, VSEL, FSEL, SYNC_OUT, and two GND pins at the bottom. The top-left corner shows a voltage input range labeled “2.7 V to 6 V” connected to VIN through a resistor R_EN and capacitor C_IN to ground. Below that, a pin labeled V_IO connects to a resistor network, and another pin labeled I²C connects to the same network. Further down, resistors R_VSEL and R_FSEL connect to VSEL and FSEL pins respectively, each leading to ground. A cross symbol appears near the SYNC_OUT pin.\n\nOn the right side of the IC, from top to bottom, are pins labeled: SW, VOSNS, GOSNS, COMP, PG, and another GND pin. The SW pin connects to an inductor L, which then connects to a capacitor C_OUT leading to ground and also to a block labeled “Load.” The VOSNS and GOSNS pins connect to a resistor R_Z and capacitor C_C2, both leading to ground. The COMP pin connects to the junction of R_Z and C_C2. The PG pin connects through a 1kΩ resistor and a 10pF capacitor to ground, with a node labeled “PG” between them. A separate V_IO label appears near the right side, connecting through a resistor R_PG to the junction before the 1kΩ resistor. All connections are represented by solid lines, with ground symbols shown as downward-pointing triangles. No numerical data points, axes, legends, or enumerable comparative units are present.2.7 V\nVIN\nCou\nDDE/SYNC\nC\nSCL\nC\nVSEL"", ""<table><caption> over operating junction temperature (Tj = -40 °C to 150 °C) and Vin = 2.7 V to 6 V. Typical values at Vin = 3.3 V and Tj = 25</caption>\n<tr><th  >°C (unless otherwise noted).</th><th  >PARAMETER</th><th  >TEST CONDITIONS</th><th  >MIN</th><th  >TYP</th><th  >MAX</th><th  >UNIT</th></tr>\n<tr><th></th><th  >Thermal shutdown threshold temperatureT; rising</th><th></th><th></th><th  >170</th><th></th><th  >℃</th></tr>\n<tr><th  >TsD</th><th  >Thermal shutdown hysteresis</th><th></th><th></th><th  >20</th><th></th><th  >°℃</th></tr>\n<tr><th></th><th  >Thermal warning threshold temperature</th><th  >Tj rising </th><th></th><th  >150</th><th></th><th  >°℃</th></tr>\n<tr><th  >Tw</th><th  >Thermal warning hysteresis</th><th></th><th></th><th  >20</th><th></th><th  >℃</th></tr>\n<tr><th  >CONTROL and INTERFACE</th><th></th><th></th><th></th><th></th><th></th><th></th></tr>\n<tr><td  >VIT+</td><td  >Positive-going input threshold voltage (EN)</td><td></td><td  >0.97</td><td  >1.0</td><td  >1.03</td><td  >V</td></tr>\n<tr><td  >VIT-</td><td  >Negative-going input threshold voltage (EN)</td><td></td><td  >0.87</td><td  >0.9</td><td  >0.93</td><td  >V</td></tr>\n<tr><th  >Vhys.</th><th  >Hysteresis voltage (EN)</th><th></th><th  >95</th><th></th><th></th><th  >mV</th></tr>\n<tr><th  >liH</th><th  >High-level input current (EN)</th><th  >ViH = Vin, internal pulldown resistor  disabled</th><th></th><th></th><th  >200</th><th  >nA</th></tr>\n<tr><th></th><th  >Low-level input current (EN)</th><th  >ViL = 0 V, internal pulldown resistor disabled</th><th  >-200</th><th></th><th></th><th  >nA</th></tr>\n<tr><th  >VIH</th><th  >High-level input voltage (SDA, SCL, MODE/SYNC,VSEL,FSEL,SYNC_OUT)</th><th></th><th  >0.8</th><th></th><th></th><th  >V</th></tr>\n<tr><th  >VIL</th><th  >Low-level input voltage (SDA, SCL, MODE/SYNC, VSEL, FSEL, SYNC_OUT)</th><th></th><th></th><th></th><th  >0.4</th><th  >V</th></tr>\n<tr><th></th><th></th><th  >loL = 3 mA</th><th></th><th></th><th  >0.4</th><th  >V</th></tr>\n<tr><th  >VoL</th><th  >Low-level output voltage (SDA)</th><th  >loL = 9 mA</th><th></th><th></th><th  >0.4</th><th  >V</th></tr>\n<tr><th></th><th></th><th  >loL = 5 mA</th><th></th><th></th><th  >0.2</th><th  >V</th></tr>\n<tr><th  >lOH</th><th  >High-level output current (SDA, SCL)</th><th  >VoH = 3.3 V</th><th></th><th></th><th  >200</th><th  >nA</th></tr>\n<tr><th></th><th  >Low-level input current (MODE/SYNC)</th><th  >VIL =0 V</th><th  >-150</th><th></th><th  >150</th><th  >nA</th></tr>\n<tr><th  >IIH</th><th  >High-level input current (MODE/SYNC)</th><th  >ViH = VIN</th><th></th><th></th><th  >3</th><th  >μA</th></tr>\n<tr><th  >IL</th><th  >Low-level input current (SYNC_OUT)</th><th  >[VIL = 0 V</th><th  >-250</th><th></th><th></th><th  >nA</th></tr>\n<tr><th  >liH</th><th  >High-level input current (SYNC_OUT) </th><th  >ViH = 2 V</th><th></th><th></th><th  >150</th><th  >nA</th></tr>\n<tr><th></th><th></th><th  >Measured from when EN goes high to</th><th></th><th></th><th></th><th></th></tr>\n<tr><th  >td(EN)1</th><th  >Enable delay time when EN tied to VIN</th><th  >when device starts switching  SRvIN= 1 V/us</th><th></th><th  >175</th><th  >500</th><th  >μS</th></tr>\n<tr><th  >td(EN)2</th><th  >Enable delay time when Vin already applied</th><th  >Measured from when EN goes high to when device starts switching </th><th></th><th></th><th  >100</th><th  >μs</th></tr>\n<tr><td></td><td></td><td></td><td  >0.35</td><td  >0.5</td><td  >0.65</td><td  >ms</td></tr>\n<tr><th  >td(RAMP)</th><th  >Output voltage ramp time</th><th  >Measured from when device starts switching to rising edge of PG</th><th  >0.7 1.4</th><th  >1 2</th><th  >1.3 2.6</th><th  >ms ms</th></tr>\n<tr><td></td><td></td><td></td><td  >2.8</td><td  >4</td><td  >5.2</td><td  >ms</td></tr>\n<tr><th></th><th  >Time to lock external frequency</th><th></th><th></th><th  >50</th><th></th><th  >μs</th></tr>\n<tr><td></td><td  >Internal pullup resistance (VSEL, FSEL)</td><td></td><td  >5.5</td><td></td><td  >9</td><td  >kΩ</td></tr>\n<tr><td></td><td  >Internal pulldown resistance (VSEL, FSEL)</td><td></td><td  >1.3</td><td></td><td  >2.2</td><td  >kΩ</td></tr>\n<tr><td  >VT+</td><td  > Positive-going power good threshold voltage (output undervoltage) </td><td></td><td  >94</td><td  >96</td><td  >98</td><td  >%VoUT</td></tr>\n<tr><td  >VT-</td><td  >Negative-going power good threshold voltage (output undervoltage) </td><td></td><td  >92</td><td  >94</td><td  >96</td><td  >%VoUT </td></tr>\n<tr><td  >VT+</td><td  > Positive-going power good threshold voltage (output overvoltage)</td><td></td><td  >104</td><td  >106</td><td  >108</td><td  >%VouT</td></tr>\n<tr><td  >VT-</td><td  >Negative-going power good threshold voltage (output overvoltage)</td><td></td><td  >102</td><td  >104</td><td  >106</td><td  >%VoUT </td></tr>\n<tr><th  >VoL</th><th  >Low-level output voltage (PG)</th><th  >loL = 1 mA</th><th></th><th></th><th  >0.3</th><th></th></tr>\n</table>"", ""<table><caption> Table 9-10. 1²C Interface Target Address Selection (1)Available I?C address. Refer to the Section 6</caption>\n<tr><td  >VSEL Pin</td><td  >12C Target Address (1)</td></tr>\n<tr><td  >6.2 kQ to GND</td><td  >0x40 or0x30</td></tr>\n<tr><td  >Short Circuit to GND</td><td  >0x41 or0x31</td></tr>\n<tr><td  > Short Circuit to VIN</td><td  >0x42or 0x32</td></tr>\n<tr><td  >47 kQ to VIn </td><td  >0x43 or 0x33</td></tr>\n</table>"", ""\n9 Detailed Description\n9.1overview\nThe TPS6287x-Q1 devices are synchronous step-down (buck) DC/DC converters. These devices use an enhanced DCS control topology to achieve fast transient response while switching with a fixed frequency.\nTogether, with their low output voltage ripple, high DC accuracy, and differential remote sensing, these devices are ideal for supplying the cores of modern high-performance processors.\nThe family of devices includes 6-A, 9-A, 12-A, and 15-A devices. To further increase the output current capability, the user can combine multiple devices in a “stack\"". For example, a stack of two TPS62873-Q1 devices have a current capability of 30 A. Each device of a stack must have the same current rating to avoid that one device enters current limit too early.\nFor each current rating, there are full-featured devices with an I2C interface and limited-featured devices without an I2C interface (see the Device Options). The user can use a device variant without I2C in exactly the same way as a device variant with I?C, except that:\n· The user must connect the unused SCL and SDA pins to GND · The user must be aware of the (fixed) factory settings for parameters and functions that are programmable in the I²C device variants.\n9.2 Functional Block Diagram\n9.3FeatureDescription\n9.3.1 Fixed-Frequency DCS Control Topology\nTPS6287x-Q1 devices. This topology is comprised of an inner emulated current loop, a middle direct feedback loop, and an outer voltage-regulating loop.\n9.3.2 Forced PwM and Power Save Modes\nThe device can control the inductor current in three different ways to regulate the output:\nPulse-width modulation with continuous inductor current (PWM-CCM) Pulse-width modulation with discontinuous inductor current (PWM-DCM) Pulse-frequency modulation with discontinuous inductor current and pulse skipping (PFM-DCM)\nDuring PWM-CCM operation, the device switches at a constant frequency and the inductor current is continuous (see Figure 9-2). PwM operation achieves the lowest output voltage ripple and the best transient performance.\nDuring PWM-DCM operation, the device switches at a constant frequency and the inductor current is discontinuous (see Figure 9-3). In this mode, the device controls the peak inductor current to maintain the selected switching frequency while still being able to regulate the output."", ""<table><caption>  over operating junction temperature (TJ = -40 °C to 150 °C) and Vin = 2.7 V to 6 V. Typical values at Vin = 3.3 V and TJ = 25  °C (unless otherwise noted).</caption>\n<tr><th></th><th  >PARAMETER</th><th></th><th  >TEST CONDITIONS</th><th  >MIN</th><th  >TYP</th><th  >MAX</th><th  >UNIT</th></tr>\n<tr><th  >SUPPLY</th><th></th><th  >Operating</th><th  >EN = high, lout = 0 mA, V(sw) = 0 V,  primary operation, device not switching,</th><th></th><th  >1.75</th><th  >3</th><th  >mA</th></tr>\n<tr><th  >IQ</th><th  >Supply current (VIN) </th><th></th><th  >Tj=25°℃</th><th></th><th></th><th></th><th></th></tr>\n<tr><th></th><th></th><th  >Standby </th><th  >EN = low, V(sw) = 0 V, TJ = 25 °℃ </th><th></th><th  >16.5</th><th  >40</th><th  >μA</th></tr>\n<tr><td  >VIT+</td><td  >Positive-going UVLO threshold voltage (VIN)</td><td></td><td></td><td  >2.5</td><td  >2.6</td><td  >2.7</td><td  >V</td></tr>\n<tr><td  >ViT-</td><td  >Negative-going UVLO threshold voltage (VIN)</td><td></td><td></td><td  >2.4</td><td  >2.5</td><td  >2.6</td><td  >V</td></tr>\n<tr><th  >Vhys</th><th  >UVLO hysteresis voltage (VIN)</th><th></th><th></th><th  >90</th><th></th><th></th><th  >mV</th></tr>\n<tr><td  >VIT+</td><td  >Positive-going OVLO threshold voltage (VIN)</td><td></td><td></td><td  >6.1</td><td  >6.3</td><td  >6.5</td><td  >V</td></tr>\n<tr><td  >ViT-</td><td  >Negative-going OVLO threshold voltage (VIN)</td><td></td><td></td><td  >6.0</td><td  >6.2</td><td  >6.4</td><td  >V</td></tr>\n<tr><th  >Vhys</th><th  >OVLO hysteresis voltage (VIN)</th><th></th><th></th><th  >85</th><th></th><th></th><th  >mV</th></tr>\n<tr><th  >ViT-</th><th  >Negative-going power-on reset threshold</th><th></th><th></th><th  >1.4</th><th></th><th></th><th  >V</th></tr>\n</table>""]","{""original_context_count"": 18, ""original_context_characters"": 28356, ""scored_context_count"": 4, ""scored_context_characters"": 2693, ""contexts_truncated"": true, ""context_selection"": ""claim_coverage"", ""selected_evidence_ids"": [""circuit:21:pin_mapping:U1800""], ""selected_claim_ids"": [""sq_1:claim_1""], ""excluded_evidence_ids"": []}",0.6536103942920157,0.44091167979015844,1.0,not_applicable,0.9999999999,1.0,1.0,0.6,not_applicable
hw-v1-circuit-vcc1v8-switch,success,VCC1V8 到 EQ 的 1.8V 电源经过哪颗负载开关，使能信号是什么？,VCC1V8 经 U1803（TPS22918）输出为 VCC1V8_EQ，使能信号为 MCU_1V8_EQ_EN。,"**结论：**  
VCC1V8 到 EQ 的 1.8V 电源经过的负载开关是 **U1803（TPS22918）**，其使能信号为 **MCU_1V8_EQ_EN**（由 MCU 的 P20.0 引脚控制）。

**支撑证据：**  
1. **负载开关型号及路径**  
   - 证据[1]（电路原理图 pin_mapping）显示 U1803 的 VIN 接 VCC1V8，VOUT 接 VCC1V8_EQ，QOD 也接 VCC1V8_EQ。  
   - 证据[18]（实例）确认 U1803 的器件型号为 TPS22918。  
   - 证据[15]（net VCC1V8_EQ）连接了 U1803 的 VOUT 和 QOD，以及 EQ 相关供电引脚。  

2. **使能信号**  
   - 证据[1] 中 U1803 的 ON 引脚映射为 **MCU_1V8_EQ_EN**。  
   - 证据[10]（net MCU_1V8_EQ_EN）显示该网络连接了 U1803.ON 和 MCU 的 P20.0 引脚（U900E.P20.0）。  
   - 文档证据[19] 和 [20] 描述：“VCC1V8 to VCC1V8_EQ … 用MCU的P20.0引脚使能该芯片”，与原理图一致。

**缺口说明：**  
- 检索账本中子问题 sq_2（使能信号）的状态被标记为“missing”，但电路原理图证据[1]和[10]已直接给出使能网络名及其来源，此处无实际信息缺口。","**结论：**  
VCC1V8 到 EQ 的 1.8V 电源经过的负载开关是 **U1803（TPS22918）**，其使能信号为 **MCU_1V8_EQ_EN**（由 MCU 的 P20.0 引脚控制）。

**支撑证据：**  
1. **负载开关型号及路径**  
   - 证据[1]（电路原理图 pin_mapping）显示 U1803 的 VIN 接 VCC1V8，VOUT 接 VCC1V8_EQ，QOD 也接 VCC1V8_EQ。  
   - 证据[18]（实例）确认 U1803 的器件型号为 TPS22918。  
   - 证据[15]（net VCC1V8_EQ）连接了 U1803 的 VOUT 和 QOD，以及 EQ 相关供电引脚。  

2. **使能信号**  
   - 证据[1] 中 U1803 的 ON 引脚映射为 **MCU_1V8_EQ_EN**。  
   - 证据[10]（net MCU_1V8_EQ_EN）显示该网络连接了 U1803.ON 和 MCU 的 P20.0 引脚（U900E.P20.0）。  
   - 文档证据[19] 和 [20] 描述：“VCC1V8 to VCC1V8_EQ … 用MCU的P20.0引脚使能该芯片”，与原理图一致。

**缺口说明：**  
- 检索账本中子问题 sq_2（使能信号）的状态被标记为“missing”，但电路原理图证据[1]和[10]已直接给出使能网络名及其来源，此处无实际信息缺口。","[""Pin mapping for U1803: VIN -> VCC1V8, GND -> GND, ON -> MCU_1V8_EQ_EN, CT -> N20146977, QOD -> VCC1V8_EQ, VOUT -> VCC1V8_EQ."", ""Net &1V8_EQ_ACQ connects C1111.&2, R1141.&2, TP1139.&1, U900A.AN5/EVADC_G0CH5."", ""Net &3V3_EQ_ACQ connects C1102.&2, R1108.&2, R1113.&2, TP1109.&1, U900A.AN2/EVADC_G0CH2/EDSADC_EDS0PA."", ""Net EQ6L_GPIO_A0_P23.0 connects R541.&1, TP1024.&1, U900E.P23.0/CAN10_RXDC."", ""Net EQ6L_GPIO_A14_UBOOT connects R545.&1, TP1031.&1, U900E.P21.1/ASCLIN11_ARXD/HSM_HSM2."", ""Net EQ6L_GPIO_A1_P23.1 connects R542.&1, TP1025.&1, U900E.P23.1/ASCLIN6_ARXF/ASCLIN1_ARTS/CAN10_TXD/ASCLIN6_ASCLK."", ""Net EQ6L_GPIO_A2_P23.4 connects R535.&1, TP1026.&1, U900E.P23.4/ASCLIN6_ASLSO."", ""Net EQ6L_GPIO_A3_P23.5 connects R543.&1, TP1027.&1, U900E.P23.5/ASCLIN6_ATX."", ""Net EQ6L_PCBVERSION0 connects R550.&2, R556.&1, R564.&2, U400-9.GPIO_A24_SPI_1_DO."", ""Net MCU_1V8_EQ_EN connects R1817.&2, TP1819.&1, U1803.ON, U900E.P20.0/CAN03_RXDC/CBS_TGI0/SCU_E_REQ6_0/GPT120_T6EUDA/ASCLIN3_ATX/ASCLIN3_ASCLK/HSCT0_SYSCLK_OUT/CBS_TGO0."", ""Net UBSW_SWITCH connects C1629.&1, Q1600.&5, Q1600.&6, TP1622.&1."", ""Net VCC1V8 connects C1712.&1, C1714.&1, C1715.&2, C1829.&1, C507.&2, C508.&2, C510.&2, C615.&1, C618.&1, C623.&1, C626.&1, C629.&1, C632.&1, C634.&1, C636.&1, C638.&1, C640.&1, C641.&1, C642.&1, C801.&1, C803.&1, C806.&1, C810.&1, C811.&1, C812.&1, C813.&1, C815.&1, C817.&1, C819.&1, C822.&1, C824.&1, L1702.&2, R1111.&1, R1722.&2, R500.&2, R501.&2, R503.&2, R504.&2, R505.&2, R509.&2, R533.&1, R534.&1, R574.&2, TP1725.&1, U1700.FB_B1, U1803.VIN, U400-2.VDD_RING_I2C_4, U400-2.VDD_RING_3_0_0-1, U400-2.VDD_RING_2_0-1, U400-2.VDD_RING_3_1_0-1, U400-2.VDD_RING_3_1_0-2, U400-2.VDD_RING_10_0_0-1, U400-2.VDD_RING_10_0_0-2, U400-2.VDD_RING_2_0-2, U400-2.VDD_RING_3_0_0-2, U400-2.VDD_RING_3_1_0-3, U502.VCC, U502.VCC, U502.VCC, U503.VCCA, U800-2.VDD1_1, U800-2.VDD1_2, U800-2.VDD1_3, U800-2.VDD1_4, U800-2.VDD1_5, U800-2.VDD1_6, U800-2.VDD1_7, U800-2.VDD1_8, X1903.&12, X2000.&2."", ""Net VCC1V8_CAM_ACQ connects C1112.&2, R1145.&2, TP1145.&1, U900A.AN14/EVADC_G1CH6/EDSADC_EDS3PB."", ""Net VCC1V8_CAM_FB connects R1145.&1, TP1914.&1, X1903.&3."", ""Net VCC1V8_EQ connects C1830.&1, C664.&1, C667.&1, L600.&2, L601.&2, L602.&2, L603.&2, L604.&2, R1141.&1, TP1817.&1, U1803.QOD, U1803.VOUT, U400-10.VDD_MIPI_VPH1, U400-10.VDD_MIPI_VPH2."", ""Instance U1500: TPS22918, 20181204001, TPS22918TDBVRQ1, SOT23X145-6."", ""Instance U1802: TPS22918, 20181204001, TPS22918TDBVRQ1, SOT23X145-6."", ""Instance U1803: TPS22918, 20181204001, TPS22918TDBVRQ1, SOT23X145-6."", ""<table><tr><td>HM ID</td><td>F11/F12/F13/F14/F15/F16/F17/F18/F19/F25/F27</td></tr><tr><td>模块功能 \nModule Function</td><td>系统使用车载电池12V电压供电，经过EMI电路后输入至电源转换芯片，转换输出系统各模块所需电源。\nThe system uses 12V voltage power supply from the vehicle battery, which is input to the power conversion chip through the EMI circuit. Then the power conversion chip convert and output the power required by each module of the system.</td></tr><tr><td>模块框图\nModule diagram</td><td></td></tr><tr><td>模块方案\nModule solution</td><td>KL30 EMI (ASIL-B)\nKL30供电口处增加EMI电路，用于供电保护和滤波。硬件电路设计在UBD网络增加两个串联ESD电容，PCB布局靠近主连接器引脚处，用于吸收外部ESD信号，后端增加双向TVS管用于瞬态过压保护\nThe EMI circuit is added at the KL30 power supply port for power supply protection and filtering. The hardware circuit design adds two series ESD capacitors in the UBD network, the PCB layout is close to the main connector pin for absorbing external ESD signals, and the two-way TVS tube is added at the back end for transient overvoltage protection.\nKL30 to VCC3V3 (ASILB)\nKL30转VCC3V3是系统一级DC-DC，给MCU提供VCC3V3_MCU电源，所以系统要求其满足ASILB，确保MCU功能安全。\nKL30 to VCC3V3 is a system primary DC-DC chip, because the MCU needs VCC3V3_MCU power supply, so the system requires it to meet the ASILB to ensure the functional safety of the MCU.\nVCC3V3_MCU to VCC1V25_MCU(ASILB)\n3V3转1V25_MCU是使用MCU内置控制器进行控制的BUCK电源，用于MCU的核供电，功能安全需求达到ASILB，确保MCU功能安全。\n3V3 to 1V25_MCU is a BUCK power supply controlled by MCU built-in controller, which is used for MCU nuclear power supply. Functional safety requirements meet ASILB to ensure the functional safety of MCU.\nVCC3V3 to VCC0V75(QM(B))\nVCC3V3转VCC0V75应用于EQ6的内核供电，要求输出电流能力大，现选型TI的电源方案TPS62872。用MCU的P22.0引脚使能芯片，用MCU_SDA_P15.5，MCU_SCL_P15.4引脚I2C通信来设置输出电压和通信。\nVCC3V3 to VCC0V75 is applied to the core power supply of EQ6, which requires large output current capacity. The power supply scheme TPS62872 of TI is selected. P22.0 pin of MCU is used to enable the chip, and MCU_SDA_P15.5, MCU_SCL_P15.4 pin I2C communication is used to set the output voltage and communication. \nVCC3V3 to 0V75_MIPI_DDR(QM(B))\nVCC3V3转0V75_MIPI_DDR用于EQ6的IO口供电，现使用矽力杰的SA23002进行设计。用MCU的P22.1引脚使能该芯片。\nVCC3V3 to 0V75_MIPI_DDR for EQ6 IO port power supply, Silergy’s SA23002 is designed. The P22.1 pin of the MCU is used to enable the chip.\nVCC3V3转VCC1V8、VCC1V1、VCC50(QM(B))\nVCC1V8用于EQ6、CAM、DDR、FLASH供电，VCC1V1用于EQ6、DDR供电，VCC50用于CAN收发器供电，现选择LP87702 PMIC方案。用MCU的P15.3引脚使能该芯片的5V输出，用MCU_SCL_P15.4，MCU_SDA_P15.5 I2C通信来设置1.8V和1.1V输出电压和使能。\nVCC1V8 is used for EQ6, CAM, DDR, FLASH power supply, VCC1V1 is used for EQ6, DDR power supply, VCC50 is used for CAN transceiver  power supply, LP87702 PMIC scheme is selected. P15.3 pin of MCU is used to enable 5V output of the chip, and MCU_SCL_P15.4, MCU_SDA_P15.5 I2C communication is used to set 1.8V and 1.1V output voltage and enable it. \nVCC3V3 to VCC3V3_EQ(QM(B))\nVCC3V3转VCC3V3_EQ用于EQ6的IO和摄像头供电，现使用负载开关进行设计。用MCU的P20.3引脚使能该芯片。\nVCC3V3 to VCC3V3_EQ for EQ6’s IO and camera power supply, now using the load switch is designed. .The P20.3 pin of the MCU is used to enable the chip.\n\tVCC3V3 to VCC3V3_ETH(QM)\n3V3转3V3_ETH用于ETH供电，现选择负载开关方案。用MCU的P21.0引脚使能该芯片。\n3V3 to 3V3_ETH for ETH power supply, the load switch scheme is selected. . The P21.0 pin of the MCU is used to enable the chip.\n\tVCC1V8 to VCC1V8_EQ(QM(B))\nVCC1V8转VCC1V8_EQ用于EQ供电，现选择负载开关方案。用MCU的P20.0引脚使能该芯片。\nVCC1V8 to VCC1V8_EQ for EQ power supply, the load switch scheme is selected. . The P20.0 pin of the MCU is used to enable the chip.</td></tr><tr><td colspan='2'></td></tr></table>"", ""<table><tr><td>HM ID</td><td>F19</td></tr><tr><td>模块功能 \nModule Function</td><td>1V8转1V8_EQ用于EQ6供电，现选择负载开关方案。\n1V8 to 1V8_EQ is used for the EQ6 power supply, now choose the load switch scheme.\n</td></tr><tr><td>模块框图\nModule diagram</td><td></td></tr><tr><td>模块方案\nModule solution</td><td>采用TPS22918负载开关，将VCC1V8电源转换为VCC1V8_EQ，给EQ6供电。用MCU的P20.0引脚使能该芯片。\nThe TPS22918 load switch chip is used to convert the VCC1V8 to VCC1V8_EQ to power EQ6. The P20.0 pin of the MCU is used to enable the chip.\n</td></tr></table>"", ""\nHW Interface Component ：QM（B）; None：F16/POWER; None：1、负载开关TPS22918，VCC3V3转VCC3V3_EQ。\n2、TPS22918由MCU进行使能和关断控制。; MCU Component ：F01/MCU; None：B; None：G20; None：P20.3; None：P20.3/GTM_TIM4_IN5_11/GTM_TIM3_IN4_5/GTM_TIM2_IN4_5/GTM_TOUT61/QSPI0_SLSO9/QSPI2_SLSO9/CAN03_TXD; None：GPIO; None：MCU_3V3_EQ_EN; None：/; None：O; None：VCC3V3_EQ电源使能控制信号\n高：使能VCC3V3_EQ电源\n低：关断VCC3V3_EQ电源; None：HI-Z,硬件外部下拉; None：—; SW Variable Name or SW Function Name：— ——Port1\nHW Interface Component ：QM; None：F17/POWER; None：1、负载开关TPS22918，VCC3V3转VCC3V3_ETH。\n2、TPS22918由MCU进行使能和关断控制。; MCU Component ：F01/MCU; None：QM; None：K17; None：P21.0; None：P21.0/GTM_TIM4_IN0_11/GTM_TIM3_IN4_6/GTM_TIM2_IN4_6/QSPI4_MRSTDN/DMU_FDEST/GTM_TOUT51/HSM_HSM1; None：GPIO; None：MCU_3V3_ETH_EN; None：/; None：O; None：VCC3V3_ETH电源使能控制信号\n高：使能VCC3V3_EQ电源\n低：关断VCC3V3_EQ电源; None：HI-Z, 硬件外部下拉; None：—; SW Variable Name or SW Function Name：— ——Port1\nHW Interface Component ：QM; None：F14/POWER; None：1、电源转换芯片TPS62872，VCC3V3转VCC0V75。\n2、TPS62872由MCU进行使能和关断控制。; MCU Component ：F01/MCU; None：QM; None：P20; None：P22.0; None：P22.0/GTM_TIM1_IN1_7/GTM_TIM0_IN1_7/QSPI4_MTSRB/GTM_TOUT47/QSPI4_MTSR/QSPI4_SCLKN; None：GPIO; None：MCU_VCC0V75_EN; None：/; None：O; None：VCC0V75电源使能控制信号\n高：使能VCC0V75电源\n低：关断VCC0V75电源; None：HI-Z, 硬件外部下拉; None：—; SW Variable Name or SW Function Name：— ——Port1"", ""<table><tr><td>模块序号\nModule number</td><td>模块名称\nModule name</td><td>功能定义\nFunction definition.</td><td>功能安全需求\nFunctional safety requirements</td></tr><tr><td>F01</td><td>MCU</td><td>SAK-TC377TP-96F300S AA</td><td>B(B)</td></tr><tr><td>F02</td><td>EYEQ6-L</td><td>EYEQ6-L，用于sensor的视频处理</td><td>B</td></tr><tr><td>F03</td><td>EYEQ6_LPDDR4</td><td>EQ6的1GB LPDDR4</td><td>B</td></tr><tr><td>F04</td><td>EYEQ6_NAND FLASH</td><td>EQ6的2Gb NAND FLASH</td><td>B</td></tr><tr><td>F05</td><td>CAM SENSOR</td><td>Sony 728摄像头模组</td><td>B</td></tr><tr><td>F06</td><td>KL30 sample</td><td>KL30电压采样</td><td>QM</td></tr><tr><td>F07</td><td>KL15 sample</td><td>KL15电压采样</td><td>QM</td></tr><tr><td>F08</td><td>EQ system power sample1</td><td>EQ6L系统供电电源电压ADC采样滤波、分压电路</td><td>B(B)</td></tr><tr><td>F09</td><td>ETH and CAN power sample2</td><td>CAN和ETH电源电压ADC采样滤波、分压电路</td><td>QM</td></tr><tr><td>F10</td><td>NTC temp sensor</td><td>NTC温度传感器，监控EQ6L/LPDDR4周边环境温度。</td><td>B</td></tr><tr><td>F11</td><td>KL30 EMI</td><td>KL30供电口EMI滤波电路.</td><td>B</td></tr><tr><td>F12</td><td>POWER</td><td>LN10046，KL30电源转VCC3V3电源</td><td>B</td></tr><tr><td>F13</td><td>POWER</td><td>LP87702，VCC3V3电压输入，VCC1V1、VCC1V8、VCC50电压输出</td><td>QM(B)</td></tr><tr><td>F14</td><td>POWER</td><td>TPS62872，VCC3V3电压输入，VCC0V75电压输出</td><td>QM(B)</td></tr><tr><td>F15</td><td>POWER</td><td>SA23002，VCC3V3输入，VCC0V75电压输出</td><td>QM(B)</td></tr><tr><td>F16</td><td>POWER</td><td>TPS22918负载开关，VCC3V3电压输入，VCC3V3_EQ输出</td><td>QM(B)</td></tr><tr><td>F17</td><td>POWER</td><td>TPS22918负载开关，VCC3V3输入，VCC3V3_ETH输出</td><td>QM</td></tr><tr><td>F18</td><td>overvoltage protect</td><td>用于MCU电源VCC3V3_MCU的外部过压保护</td><td>B</td></tr><tr><td>F19</td><td>POWER</td><td>TPS22918 负载开关，VCC1V8电压输入，VCC1V8_EQ电压输出</td><td>QM(B)</td></tr><tr><td>F20</td><td>CAN3</td><td>基于TCAN1145的CAN通讯，硬件支持特定报文唤醒</td><td>QM</td></tr><tr><td>F21</td><td>CAN2</td><td>基于TCAN1044A的CAN通讯.</td><td>QM</td></tr><tr><td>F22</td><td>CAN1</td><td>基于TCAN1044A的CAN通讯</td><td>QM</td></tr><tr><td>F23</td><td>CAN0</td><td>基于TCAN1044A的CAN通讯.</td><td>QM</td></tr><tr><td>F24</td><td>ETH</td><td>基于DP83TC812R的100BASE-T1通讯</td><td>QM</td></tr><tr><td>F25</td><td>Wake up</td><td>唤醒源和一级电源使能电路设计</td><td>QM</td></tr><tr><td>F26</td><td>watchdog</td><td>LP87702的看门狗功能，用于监控MCU运行状态</td><td>B</td></tr><tr><td>F27</td><td>POWER</td><td>VCC3V3_MCU转VCC1V25_MCU电压，由MCU的EVRC进行控制。</td><td>B</td></tr><tr><td>F28</td><td>level translation</td><td>3V3和1V8双向电压转换芯片</td><td>QM</td></tr></table>"", ""<table><tr><td>序号</td><td>模块序号</td><td>模块名称</td><td>功能定义</td><td>功能安全需求</td></tr><tr><td>1</td><td>F013</td><td>POWER</td><td>LP87702，VCC3V3电压输入，VCC1V1、VCC1V8、VCC50电压输出</td><td>QM(B)</td></tr><tr><td>1</td><td>F01</td><td>MCU</td><td>SAK-TC377TP-96F300S AA</td><td>B(B)</td></tr><tr><td>1</td><td>F08</td><td>EQ system power sample1</td><td>EQ6L系统供电电源电压ADC采样滤波、分压电路</td><td>B(B)</td></tr><tr><td>2</td><td>F14</td><td>POWER</td><td>TPS62872，VCC3V3电压输入，VCC0V75电压输出，EQ6L核电供电</td><td>QM(B)</td></tr><tr><td>2</td><td>F01</td><td>MCU</td><td>SAK-TC377TP-96F300S AA</td><td>B(B)</td></tr><tr><td>2</td><td>F08</td><td>EQ system power sample</td><td>EQ6L系统供电电源电压ADC采样滤波、分压电路</td><td>B(B)</td></tr><tr><td>3</td><td>F15</td><td>POWER</td><td>SA23002，VCC3V3输入，0V75_MIPI_DDR电压输出</td><td>QM(B)</td></tr><tr><td>3</td><td>F01</td><td>MCU</td><td>SAK-TC377TP-96F300S AA</td><td>B(B)</td></tr><tr><td>3</td><td>F08</td><td>EQ system power sample</td><td>EQ6L系统供电电源电压ADC采样滤波、分压电路</td><td>B(B)</td></tr><tr><td>4</td><td>F16</td><td>POWER</td><td>TPS22918负载开关，VCC3V3电压输入，VCC3V3_EQ输出</td><td>QM(B)</td></tr><tr><td>4</td><td>F01</td><td>MCU</td><td>SAK-TC377TP-96F300S AA</td><td>B(B)</td></tr><tr><td>4</td><td>F08</td><td>EQ system power sample</td><td>EQ6L系统供电电源电压ADC采样滤波、分压电路</td><td>B(B)</td></tr></table>"", ""<table><tr><td>HM ID</td><td>F16</td></tr><tr><td>模块功能 \nModule Function</td><td>VCC3V3转VCC3V3_EQ用于EQ6的IO和摄像头供电，现使用负载开关TPS22918进行设计。\nVCC3V3 to VCC3V3-EQ is used for the IO and camera power supply of EQ6, and the load switch TPS22918 is used for the design.</td></tr><tr><td>模块框图\nModule diagram</td><td></td></tr><tr><td>模块方案\nModule solution</td><td>采用TPS22918负载开关，将VCC3V3系统电源转换为VCC3V3_EQ，提供给EQ6和摄像头供电。用MCU的P20.3引脚使能该芯片。\nThe TPS22918 load switch is used to convert the VCC3V3 system power to VCC3V3-EQ to supply power to EQ6 and the camera. The P20.3 pin of the MCU is used to enable the chip.\n</td></tr></table>"", ""<table><tr><td>HM ID</td><td>F17</td></tr><tr><td>模块功能 \nModule Function</td><td>3V3转3V3_ETH用于ETH供电，现选择负载开关方案。\n3V3 to 3V3_ETH is used for ETH power supply, and the load switching scheme is now selected.</td></tr><tr><td>模块框图\nModule diagram</td><td></td></tr><tr><td>模块方案\nModule solution</td><td>采用TPS22918负载开关，将VCC3V3系统电源转换为VCC3V3_ETH，提供给MCU的ETH供电。P21.0引脚使能该芯片。\nThe TPS22918 load switch is used to convert the VCC3V3 system power to VCC3V3-ETH to supply power to ETH of the MCU. The P21.0 pin of the MCU is used to enable the chip.\n</td></tr></table>"", ""\nNone：U20; None：P23.2; None：P23.2/GTM_TIM1_IN6_5/GTM_TIM0_IN6_5/GTM_TOUT43/CAN12_TXD; None：GPIO; None：MCU_RST_FLASH_P23.2; None：/; None：O; None：FLASH复位信号\n低：FLASH复位\n高：FLASH进入工作状态; None：HI-Z，硬件外部下拉; None：—; SW Variable Name or SW Function Name：— ——Port1\nNone：未使用; MCU Component ：F01/ MCU; None：NA; None：/; None：D7; None：P11.14; None：P11.14/GTM_TIM4_IN7_4/GTM_TIM2_IN7_8/GETH_CRSDVB/GETH_RXDVB/GETH_CRSA/GTM_TOUT126; None：GPIO; None：MCU_ETH_CFG1_P11.14; None：/; None：I; None：CFG1：BOM配置，判断是否有以太网\n高：TBD\n低：TBD; None：HI-Z; None：—; SW Variable Name or SW Function Name：— ——Port1\nNone：未使用; MCU Component ：F01/ MCU; None：NA; None：/; None：D6; None：P11.15; None：P11.15/GTM_TIM4_IN7_5/GTM_TIM0_IN7_8/GETH_COLA/GTM_TOUT127; None：GPIO; None：MCU_ETH_CFG2_P11.15; None：/; None：I; None：CFG2：BOM配置，判断以太网接口类型\n高：TBD\n低：TBD; None：HI-Z; None：—; SW Variable Name or SW Function Name：— ——Port1\nHW Interface Component ：QM(B); None：F13/POWER; None：1、LP87702实现VCC3V3转VCC1V8、VCC1V1、VCC50三路电源输出\n2、LP87702的VCC50由MCU的GPIO控制使能和关断，VCC1V8、VCC1V1由MCU的I2C控制使能和关断。\n3、预留中断信号用于MCU辅助监控LP87702的工作状态。\n4、MCU可以通过I2C监控和管理LP87702的状态。; MCU Component ：F01/ MCU; None：QM; None：B17; None：P15.3; None：P15.3/GTM_TIM3_IN6_4/GTM_TIM2_IN6_4/CAN01_RXDA/QSPI2_SCLKA/GTM_TOUT74/QSPI2_SCLK/MSC0_EN1; None：GPIO; None：MCU_5V_EN; None：/; None：O; None：VCC50（LP87702）电源使能控制信号\n高：使能VCC50电压输出\n低：关断VCC50电压输出; None：HI-Z，硬件外部下拉; None：—; SW Variable Name or SW Function Name：— ——Port1"", ""<table><caption> Table 7-1. Pin Functions</caption>\n<tr><td  >Pin</td><td></td><td></td><td></td></tr>\n<tr><td  >Name</td><td  >No.</td><td  >Type(1)</td><td  >Description</td></tr>\n<tr><td></td><td></td><td></td><td  >Device compensation input. A resistor and capacitor from this pin to GOSNS define the </td></tr>\n<tr><td  >COMP</td><td  >1</td><td></td><td  >compensation of the control loop. In stacked operation, connect the CoMP pins of all stacked devices together and connect a</td></tr>\n<tr><td></td><td></td><td></td><td  >resistor and capacitor between the common COMP node and GOSNS.</td></tr>\n<tr><td  >GOSNS</td><td  >2</td><td></td><td  > Output ground sense (differential output voltage sensing)</td></tr>\n<tr><td  >VOSNS</td><td></td><td></td><td  >Output voltage sense (differential output voltage sensing)</td></tr>\n<tr><td></td><td></td><td></td><td  >This is the enable pin of the device. The user must connect to this pin using a series resistor of </td></tr>\n<tr><td></td><td></td><td></td><td  >at least 15 kQ. A low logic level on this pin disables the device and a high logic level on this pin</td></tr>\n<tr><td  >EN</td><td  >4</td><td></td><td  >enables the device. Do not leave this pin unconnected.</td></tr>\n<tr><td></td><td></td><td></td><td  >For stacked operation, interconnect EN pins of all stacked devices with a resistor to the supply</td></tr>\n<tr><td></td><td></td><td></td><td  >voltage or a GPlO of a processor. See Section 9.3.17 for a detailed description.</td></tr>\n<tr><td  >VIN</td><td  >5.9</td><td  >P</td><td  > Power supply input. Connect the input capacitor as close as possible between VIN and GND.</td></tr>\n<tr><td  >GND</td><td  >6,8</td><td  >GND</td><td  >Ground pin</td></tr>\n<tr><td  >SW</td><td  >7</td><td></td><td  >This pin is the switch pin of the converter and is connected to the internal power MOSFETs.</td></tr>\n<tr><td></td><td></td><td></td><td  > Open-drain power-good output. Low impedance when not \""power good,\"" high impedance when </td></tr>\n<tr><td></td><td></td><td></td><td  >\""power good.\"" This pin can be left open or be tied to GND when not used in single device </td></tr>\n<tr><td></td><td></td><td></td><td  >operation.</td></tr>\n<tr><td  >PG</td><td  >10</td><td  >I/0</td><td  > In stacked operation, interconnect the PG pins of all stacked devices. Only the PG pin of the </td></tr>\n<tr><td></td><td></td><td></td><td  > primary converter in stacked operation is an open-drain output. For devices that are defined as</td></tr>\n<tr><td></td><td></td><td></td><td  >secondary converters in stacked mode, this pin is an input pin. See Section 9.3.17 for a detailed</td></tr>\n<tr><td></td><td></td><td></td><td  >description.</td></tr>\n<tr><td></td><td></td><td></td><td  >The device runs in power save mode when this pin is pulled low. If the pin is pulled high, the</td></tr>\n<tr><td  >MODE/SYNC</td><td  >11</td><td></td><td  >device runs in forced-PWM mode. If unused, this pin can be left floating and an internal pulldown resistor will pull it low. The mode pin can also be used to synchronize the device to an external </td></tr>\n<tr><td></td><td></td><td></td><td  >clock.</td></tr>\n<tr><td  >SDA</td><td  >12</td><td  >I/0</td><td  >I2C serial data pin. Do not leave floating. Connect a pullup resistor to a logic high level. Connect to GND for secondary devices in stacked operation and for device variants without I2C.</td></tr>\n<tr><td></td><td></td><td></td><td  >I2C serial clock pin. Do not leave this pin floating. Connect a pullup resistor to a logic high level.</td></tr>\n<tr><td  >SCL</td><td  >13</td><td  >1/0</td><td  >Connect this pin to GND for secondary devices in stacked operation and for device variants</td></tr>\n<tr><td></td><td></td><td></td><td  >without I2C.</td></tr>\n</table>"", ""<table><caption> Figure 9-22. CONTROL1 Register</caption>\n<tr><td colspan=2 >7 6 RESET SSCEN R/W-0b R/W-0b</td><td colspan=4 >5 3 2 SWEN FPWMEN DISCHEN HICCUPEN R/W-1b R/W-0b R/W-1b R/W-0b</td><td  >VRAMP R/W-10b</td></tr>\n</table>"", ""<table><caption> Table 9-16. CONTROL3 Register Field Descriptions</caption>\n<tr><td  >Bit</td><td  >Field</td><td  >Type</td><td  >Reset</td><td  >Description</td></tr>\n<tr><td  >7-2</td><td  >RESERVED</td><td  >R</td><td  >00000Ob</td><td  >Reserved for future use. For compatibility with future device variants,</td></tr>\n<tr><td></td><td></td><td></td><td></td><td  >program these bits to 0.</td></tr>\n<tr><td  >1</td><td  >SINGLE</td><td  >R/W</td><td  >Ob</td><td  >Single operation. This bit controls the internal EN pulldown and</td></tr>\n<tr><td></td><td></td><td></td><td></td><td  >SYNCOUT functions.</td></tr>\n<tr><td></td><td></td><td></td><td></td><td  >Ob = EN pin pulldown and SYNCOUT enabled 1b = EN pin pulldown and SYNCOUT disabled. Do not use during </td></tr>\n<tr><td></td><td></td><td></td><td></td><td  >stacked operation.</td></tr>\n<tr><td  >0</td><td  >PGBLNKDVS</td><td  >R/W</td><td  >Ob</td><td  >Power-good blanking during DvS </td></tr>\n<tr><td></td><td></td><td></td><td></td><td  >Ob = PG pin reflects the output of the window comparator.</td></tr>\n<tr><td></td><td></td><td></td><td></td><td  > 1b = PG pin is high impedance during DVS.</td></tr>\n</table>"", ""<table><caption> Table 9-14. CONTROL1 Register Field Descriptions</caption>\n<tr><td colspan=2 rowspan=3 >Bit Field 7 RESET SSCEN 5 SWEN 4 FPWMEN</td><td colspan=3 rowspan=3 >Type Reset Description R/W Ob Reset device Ob = No effect  1b = Resets all registers to their default values Reading this bit always returns 0. R/W Ob Spread spectrum clocking enable Ob = SSC operation disabled  1b = SSC operation enabled R/W 1b Softwareenable Ob = Switching disabled (register values retained)  1b = Switching enabled (without the enable delay) R/W Ob Forced PWM enable Ob = Power-save operation enabled  1b = Forced-PwM operation enabled This bit is logically ORed with the MODE/SYNC pin. If a high level or a synchronization clock is applied to the MODE/SYNC pin, the </td></tr>\n\n\n<tr><td  >3 2 1-0</td><td  >DISCHEN HICCUPEN VRAMP</td><td  >R/W R/W R/W</td><td  >1b Ob 10b</td><td  >device operates in forced-PWM, regardless of the state of this bit. Output discharge enable Ob = Output discharge disabled 1b = Output discharge enabled  Hiccup operation enable Ob = Hiccup operation disabled  1b = Hiccup operation enabled. Do not enable hiccup operation during stacked operation. Output voltage ramp speed when changing from one output voltage setting to another 00b = 10 mV/μs 01b = 5 mV/μs</td></tr>\n<tr><th></th><th></th><th></th><th></th><th  >10b = 1.25 mV/μs 11b = 0.5 mV/uμs</th></tr>\n</table>""]","{""original_context_count"": 30, ""original_context_characters"": 20696, ""scored_context_count"": 4, ""scored_context_characters"": 379, ""contexts_truncated"": true, ""context_selection"": ""claim_coverage"", ""selected_evidence_ids"": [""circuit:21:pin_mapping:U1803""], ""selected_claim_ids"": [""sq_1:claim_1"", ""sq_2:claim_1""], ""excluded_evidence_ids"": [""circuit:21:instance:U1500"", ""circuit:21:instance:U1802"", ""circuit:21:instance:U1803"", ""circuit:21:net:&1V8_EQ_ACQ"", ""circuit:21:net:&3V3_EQ_ACQ"", ""circuit:21:net:EQ6L_GPIO_A0_P23.0"", ""circuit:21:net:EQ6L_GPIO_A14_UBOOT"", ""circuit:21:net:EQ6L_GPIO_A1_P23.1"", ""circuit:21:net:EQ6L_GPIO_A2_P23.4"", ""circuit:21:net:EQ6L_GPIO_A3_P23.5"", ""circuit:21:net:EQ6L_PCBVERSION0"", ""circuit:21:net:MCU_1V8_EQ_EN"", ""circuit:21:net:UBSW_SWITCH"", ""circuit:21:net:VCC1V8"", ""circuit:21:net:VCC1V8_CAM_ACQ"", ""circuit:21:net:VCC1V8_CAM_FB"", ""circuit:21:net:VCC1V8_EQ""]}",0.6274178223610042,0.30718645892988605,1.0,not_applicable,0.9999999999,1.0,1.0,0.3,not_applicable
hw-v1-joint-can-module,success,文档声明板上有哪些 CAN 相关模块，回答时能否用网表确认其具体连接？,HSI 硬件架构包含 CAN/CAN FD 电路；具体器件和网络连接应以 EDF 检索结果为准，文档能力声明与网表拓扑需分别标注来源。,"根据文档和网表证据，可以确认板上有四个CAN相关模块，且网表能提供其具体连接。

**直接结论：**
- 文档声明板上有4个CAN相关模块，分别对应CAN0、CAN1、CAN2、CAN3通道。
- 网表可以确认这些模块的具体连接，包括差分信号线、抑制（INH）控制、唤醒/诊断（INH_ACQ）以及待机（STB）控制等网络。

**支撑证据：**

1. **文档中列出的CAN相关模块**  
   根据文档证据（来源：600608964_ADAS_HSI_0506_1952_shoulin.wang.docx），板上声明了CAN0、CAN1、CAN2、CAN3四个CAN相关模块。

2. **网表确认的具体连接（来源：825504380_ADAS_SCH_TCN2.EDF）**  
   - **CAN0模块**：  
     - 差分信号：CAN0H连接C1201、D1200、L1200、R1209、R1214、TP1206、X1900.2；CAN0L连接C1200、D1200、L1200、R1212、R1215、TP1215、X1900.3。  
     - 抑制控制：CAN0_INH连接D1203、R1630、TP1219、U1200.INH、U1203.INH。  
     - 唤醒/诊断：CAN0_INH_ACQ连接C1216、R1236、R1237、TP1232、U900A.AN20/EVADC_G2CH4/EDSADC_EDS2PA。  
     - 待机控制：CAN0_STB_MCU_SPI3_CS5_P02.8连接R1126、R1228、R1241、TP1217、U1200.SCSN、U1202.STB、U1203.NSTB。  
   - **CAN1模块**：  
     - 差分信号：CAN1H连接C1207、D1201、L1201、R1220、R1224、TP1222、X1900.10；CAN1L连接C1206、D1201、L1201、R1223、R1225、TP1223、X1900.11。  
     - 抑制控制：CAN1_INH连接D1204、R1629、TP1228、U1204.INH、U1205.INH。  
   - **CAN2模块**：  
     - 差分信号：CAN2H连接C1301、D1300、L1300、R1302、R1306、TP1301、X1900.4；CAN2L连接C1300、D1300、L1300、R1305、R1307、TP1303、X1900.12。  
     - 抑制控制：CAN2_INH连接D1303、R1628、TP1314、U1302.INH、U1303.INH。  
     - 唤醒/诊断：CAN2_INH_ACQ连接C1314、R1329、R1330、TP1321、U900A.AN22/EVADC_G2CH6。  
     - 待机控制：CAN2_STB_MCU_SPI3_CS3_P00.5连接R1301、R1320、TP1304、U1300.STB、U1302.SCSN、U1303.NSTB、U900D.P00.5。  
   - **CAN3模块**：  
     - 差分信号：CAN3H连接C1306、D1301、L1301、R1311、R1315、TP1307、X1900.16；CAN3L连接C1305、D1301、L1301、R1314、R1316、TP1309、X1900.15。  
     - 抑制控制：CAN3_INH连接D1304、R1609、TP1319、U1304.INH、U1305.INH。  
     - 唤醒/诊断：CAN3_INH_ACQ连接C1315、R1331、R1332、TP1322、U900A.AN23/EVADC_G2CH7。  
     - 待机控制：CAN3_STB_MCU_SPI3_CS6_P00.8连接R1310、R1326、TP1310、U1301.STB、U1304.SCSN、U1305.NSTB、U900D.P00.8。

**缺失信息：**  
无缺失信息。网表已提供每个CAN模块的差分信号、抑制控制、唤醒/诊断和待机控制等关键连接网络。但注意，网表中未单独列出每个CAN收发器的电源（如VCC）和地（GND）连接，仅通过GND网络（证据19）间接显示所有收发器共用GND，电源连接需从其他网络或器件手册确认。","根据文档和网表证据，可以确认板上有四个CAN相关模块，且网表能提供其具体连接。

**直接结论：**
- 文档声明板上有4个CAN相关模块，分别对应CAN0、CAN1、CAN2、CAN3通道。
- 网表可以确认这些模块的具体连接，包括差分信号线、抑制（INH）控制、唤醒/诊断（INH_ACQ）以及待机（STB）控制等网络。

**支撑证据：**

1. **文档中列出的CAN相关模块**  
   根据文档证据（来源：600608964_ADAS_HSI_0506_1952_shoulin.wang.docx），板上声明了CAN0、CAN1、CAN2、CAN3四个CAN相关模块。

2. **网表确认的具体连接（来源：825504380_ADAS_SCH_TCN2.EDF）**  
   - **CAN0模块**：  
     - 差分信号：CAN0H连接C1201、D1200、L1200、R1209、R1214、TP1206、X1900.2；CAN0L连接C1200、D1200、L1200、R1212、R1215、TP1215、X1900.3。  
     - 抑制控制：CAN0_INH连接D1203、R1630、TP1219、U1200.INH、U1203.INH。  
     - 唤醒/诊断：CAN0_INH_ACQ连接C1216、R1236、R1237、TP1232、U900A.AN20/EVADC_G2CH4/EDSADC_EDS2PA。  
     - 待机控制：CAN0_STB_MCU_SPI3_CS5_P02.8连接R1126、R1228、R1241、TP1217、U1200.SCSN、U1202.STB、U1203.NSTB。  
   - **CAN1模块**：  
     - 差分信号：CAN1H连接C1207、D1201、L1201、R1220、R1224、TP1222、X1900.10；CAN1L连接C1206、D1201、L1201、R1223、R1225、TP1223、X1900.11。  
     - 抑制控制：CAN1_INH连接D1204、R1629、TP1228、U1204.INH、U1205.INH。  
   - **CAN2模块**：  
     - 差分信号：CAN2H连接C1301、D1300、L1300、R1302、R1306、TP1301、X1900.4；CAN2L连接C1300、D1300、L1300、R1305、R1307、TP1303、X1900.12。  
     - 抑制控制：CAN2_INH连接D1303、R1628、TP1314、U1302.INH、U1303.INH。  
     - 唤醒/诊断：CAN2_INH_ACQ连接C1314、R1329、R1330、TP1321、U900A.AN22/EVADC_G2CH6。  
     - 待机控制：CAN2_STB_MCU_SPI3_CS3_P00.5连接R1301、R1320、TP1304、U1300.STB、U1302.SCSN、U1303.NSTB、U900D.P00.5。  
   - **CAN3模块**：  
     - 差分信号：CAN3H连接C1306、D1301、L1301、R1311、R1315、TP1307、X1900.16；CAN3L连接C1305、D1301、L1301、R1314、R1316、TP1309、X1900.15。  
     - 抑制控制：CAN3_INH连接D1304、R1609、TP1319、U1304.INH、U1305.INH。  
     - 唤醒/诊断：CAN3_INH_ACQ连接C1315、R1331、R1332、TP1322、U900A.AN23/EVADC_G2CH7。  
     - 待机控制：CAN3_STB_MCU_SPI3_CS6_P00.8连接R1310、R1326、TP1310、U1301.STB、U1304.SCSN、U1305.NSTB、U900D.P00.8。

**缺失信息：**  
无缺失信息。网表已提供每个CAN模块的差分信号、抑制控制、唤醒/诊断和待机控制等关键连接网络。但注意，网表中未单独列出每个CAN收发器的电源（如VCC）和地（GND）连接，仅通过GND网络（证据19）间接显示所有收发器共用GND，电源连接需从其他网络或器件手册确认。","[""Net CAN0H connects C1201.&1, D1200.cathode1, L1200.&4, R1209.&2, R1214.&2, TP1206.&1, X1900.&2."", ""Net CAN0L connects C1200.&1, D1200.cathode2, L1200.&3, R1212.&2, R1215.&2, TP1215.&1, X1900.&3."", ""Net CAN0_INH connects D1203.&1, R1630.&1, TP1219.&1, U1200.INH, U1203.INH."", ""Net CAN0_INH_ACQ connects C1216.&1, R1236.&2, R1237.&2, TP1232.&1, U900A.AN20/EVADC_G2CH4/EDSADC_EDS2PA."", ""Net CAN0_STB_MCU_SPI3_CS5_P02.8 connects R1126.&1, R1228.&2, R1241.&1, TP1217.&1, U1200.SCSN, U1202.STB, U1203.NSTB."", ""Net CAN1H connects C1207.&1, D1201.cathode1, L1201.&4, R1220.&2, R1224.&2, TP1222.&1, X1900.&10."", ""Net CAN1L connects C1206.&1, D1201.cathode2, L1201.&3, R1223.&2, R1225.&2, TP1223.&1, X1900.&11."", ""Net CAN1_INH connects D1204.&1, R1629.&1, TP1228.&1, U1204.INH, U1205.INH."", ""Net CAN2H connects C1301.&1, D1300.cathode1, L1300.&4, R1302.&2, R1306.&2, TP1301.&1, X1900.&4."", ""Net CAN2L connects C1300.&1, D1300.cathode2, L1300.&3, R1305.&2, R1307.&2, TP1303.&1, X1900.&12."", ""Net CAN2_INH connects D1303.&1, R1628.&1, TP1314.&1, U1302.INH, U1303.INH."", ""Net CAN2_INH_ACQ connects C1314.&1, R1329.&2, R1330.&2, TP1321.&1, U900A.AN22/EVADC_G2CH6."", ""Net CAN2_STB_MCU_SPI3_CS3_P00.5 connects R1301.&1, R1320.&2, TP1304.&1, U1300.STB, U1302.SCSN, U1303.NSTB, U900D.P00.5/EDSADC_DSCIN2A/SENT_SENT4B/CAN11_RXDB/EVADC_G9CH7/EDSADC_CGPWMN/QSPI3_SLSO3/EDSADC_DSCOUT2/EVADC_FC0BFLOUT/SENT_SPC4."", ""Net CAN3H connects C1306.&1, D1301.cathode1, L1301.&4, R1311.&2, R1315.&2, TP1307.&1, X1900.&16."", ""Net CAN3L connects C1305.&1, D1301.cathode2, L1301.&3, R1314.&2, R1316.&2, TP1309.&1, X1900.&15."", ""Net CAN3_INH connects D1304.&1, R1609.&1, TP1319.&1, U1304.INH, U1305.INH."", ""Net CAN3_INH_ACQ connects C1315.&1, R1331.&2, R1332.&2, TP1322.&1, U900A.AN23/EVADC_G2CH7."", ""Net CAN3_STB_MCU_SPI3_CS6_P00.8 connects R1310.&1, R1326.&2, TP1310.&1, U1301.STB, U1304.SCSN, U1305.NSTB, U900D.P00.8/SENT_SENT7B/GPT120_T2EUDA/ASCLIN10_ARXB/EVADC_G9CH4/QSPI3_SLSO6/ASCLIN10_ATX/EVADC_EMUX12/SENT_SPC7."", ""Net GND connects C1101.&1, C1102.&1, C1103.&1, C1104.&1, C1105.&1, C1106.&1, C1107.&1, C1109.&2, C1111.&1, C1112.&1, C1113.&1, C1114.&1, C1115.&1, C1116.&2, C1117.&2, C1200.&2, C1201.&2, C1202.&2, C1203.&2, C1204.&2, C1205.&2, C1206.&2, C1207.&2, C1208.&2, C1209.&2, C1210.&2, C1216.&2, C1217.&2, C1218.&2, C1219.&2, C1220.&2, C1221.&2, C1222.&2, C1300.&2, C1301.&2, C1302.&2, C1303.&2, C1304.&2, C1305.&2, C1306.&2, C1307.&2, C1308.&2, C1309.&2, C1310.&2, C1311.&2, C1312.&2, C1313.&2, C1314.&2, C1315.&2, C1400.&2, C1402.&2, C1403.&2, C1404.&2, C1405.&2, C1406.&2, C1408.&2, C1409.&2, C1410.&2, C1411.&2, C1412.&2, C1413.&1, C1414.&2, C1415.&2, C1416.&2, C1417.&2, C1418.&2, C1419.&2, C1420.&2, C1421.&1, C1422.&1, C1426.&2, C1427.&2, C1428.&2, C1429.&2, C1433.&2, C1500.&2, C1501.&2, C1502.&2, C1503.&2, C1504.&2, C1506.&2, C1507.&2, C1508.&2, C1509.&2, C1510.&2, C1511.&2, C1512.&2, C1601.&2, C1602.&1, C1603.&1, C1604.&1, C1605.&1, C1606.&2, C1607.&2, C1609.&2, C1610.&1, C1612.&1, C1613.&2, C1614.&2, C1615.&1, C1617.&2, C1618.&2, C1621.&2, C1624.&2, C1625.&1, C1627.&2, C1628.&2, C1630.&1, C1633.&1, C1700.&2, C1701.&2, C1702.&2, C1703.&2, C1704.&2, C1705.&2, C1707.&2, C1708.&1, C1709.&2, C1710.&2, C1711.&2, C1712.&2, C1714.&2, C1715.&1, C1716.&2, C1717.&2, C1718.&2, C1722.&2, C1800.&2, C1801.&2, C1802.&2, C1803.&2, C1804.&2, C1805.&2, C1806.&2, C1807.&2, C1808.&2, C1809.&2, C1810.&2, C1811.&2, C1812.&2, C1813.&1, C1814.&2, C1815.&2, C1816.&2, C1817.&2, C1819.&2, C1820.&2, C1821.&2, C1823.&2, C1826.&2, C1827.&2, C1828.&2, C1829.&2, C1830.&2, C1831.&2, C1832.&2, C1833.&2, C1900.&1, C1901.&1, C1902.&1, C1904.&1, C1907.&1, C1908.&1, C1909.&1, C1910.&1, C1911.&1, C500.&1, C502.&2, C503.&2, C507.&1, C508.&1, C509.&1, C510.&1, C600.&2, C601.&2, C602.&2, C603.&2, C604.&2, C605.&2, C606.&2, C607.&2, C608.&2, C609.&2, C610.&2, C611.&2, C612.&2, C613.&2, C614.&2, C615.&2, C616.&2, C617.&2, C618.&2, C619.&2, C620.&2, C621.&2, C622.&2, C623.&2, C624.&2, C625.&2, C626.&2, C627.&2, C628.&2, C629.&2, C630.&2, C631.&2, C632.&2, C633.&2, C634.&2, C635.&2, C636.&2, C637.&2, C638.&2, C639.&2, C640.&2, C641.&2, C642.&2, C643.&1, C644.&1, C645.&1, C646.&1, C647.&1, C648.&1, C649.&1, C650.&2, C651.&2, C652.&2, C653.&2, C654.&2, C655.&2, C656.&2, C657.&2, C658.&2, C659.&2, C660.&2, C661.&2, C663.&2, C664.&2, C665.&2, C666.&2, C667.&2, C700.&2, C701.&2, C702.&2, C703.&2, C704.&2, C705.&2, C706.&2, C708.&2, C709.&2, C710.&2, C713.&2, C714.&2, C716.&2, C717.&2, C718.&2, C720.&2, C721.&2, C722.&2, C725.&2, C726.&2, C727.&2, C728.&2, C729.&2, C730.&2, C731.&2, C732.&2, C800.&2, C801.&2, C802.&2, C803.&2, C804.&2, C805.&2, C806.&2, C807.&2, C808.&2, C809.&2, C810.&2, C811.&2, C812.&2, C813.&2, C814.&2, C815.&2, C816.&2, C817.&2, C818.&2, C819.&2, C820.&2, C821.&2, C822.&2, C823.&2, C824.&2, C825.&2, C826.&2, C827.&2, C828.&2, C829.&2, C830.&2, C831.&2, C832.&2, C833.&2, C834.&2, C835.&1, C836.&2, C837.&2, C838.&2, C839.&2, C840.&2, C841.&2, C842.&2, C843.&2, C844.&2, C845.&2, C846.&2, C847.&2, C848.&2, C849.&2, C900.&2, C901.&1, C902.&1, C903.&2, C904.&2, C905.&2, C906.&2, C907.&2, C908.&2, C909.&2, C910.&2, C911.&2, C912.&2, C913.&2, C914.&2, C915.&2, C916.&2, C917.&2, C918.&2, C919.&2, C920.&2, C921.&2, C922.&2, C923.&2, C924.&2, C925.&2, C926.&2, C927.&2, C928.&2, C929.&2, C930.&1, C931.&1, D1200.common cathode, D1201.common cathode, D1300.common cathode, D1301.common cathode, D1400.common cathode, D1401.common cathode, D1601.A, DP513.&1, DP700.&1, DP906.&1, DP908.&1, Q1600.&1, Q1701.SOURCE, R1112.&1, R1113.&1, R1114.&1, R1147.&1, R1149.&1, R1216.&1, R1227.&1, R1228.&1, R1232.&1, R1233.&1, R1234.&1, R1236.&1, R1239.&1, R1319.&1, R1320.&1, R1321.&1, R1325.&1, R1326.&1, R1327.&1, R1330.&1, R1332.&1, R1420.&2, R1421.&2, R1424.&1, R1425.&1, R1426.&1, R1427.&1, R1428.&1, R1429.&1, R1430.&1, R1431.&1, R1438.&1, R1500.&1, R1502.&1, R1506.&1, R1605.&1, R1607.&1, R1612.&1, R1613.&1, R1616.&1, R1617.&1, R1619.&1, R1700.&1, R1705.&1, R1708.&1, R1715.&1, R1716.&1, R1721.&1, R1722.&1, R1804.&1, R1806.&1, R1807.&1, R1811.&1, R1813.&1, R1817.&1, R1818.&1, R1819.&1, R1820.&1, R1902.&2, R1906.&1, R1907.&1, R1912.&1, R1914.&1, R1917.&1, R1918.&1, R1919.&1, R1920.&1, R1921.&1, R400.&1, R510.&2, R528.&1, R529.&1, R530.&1, R531.&1, R532.&1, R539.&1, R562.&1, R563.&1, R564.&1, R595.&1, R606.&1, R801.&1, R803.&1, R806.&1, R902.&2, R911.&2, R922.&2, R923.&2, R924.&2, R925.&2, R926.&2, R927.&2, R928.&2, TP1911.&1, U1200.GND, U1200.TAB, U1201.TAB, U1201.GND, U1202.TAB, U1202.GND, U1203.GND, U1203.Pad, U1204.GND, U1204.TAB, U1205.GND, U1205.Pad, U1300.TAB, U1300.GND, U1301.TAB, U1301.GND, U1302.GND, U1302.TAB, U1303.GND, U1303.Pad, U1304.GND, U1304.TAB, U1305.GND, U1305.Pad, U1400.EP_GND, U1500.GND, U1501.GND, U1501.PAD, U1502.GND, U1502.TAB, U1600.AGND, U1600.PGND1, U1600.PGND2, U1700.PAD, U1700.AGND, U1700.PGND_BST, U1700.PGND_B1_2, U1700.PGND_B1_1, U1700.PGND_B0_2, U1700.PGND_B0_1, U1701.ANODE, U1800.GOSNS, U1800.GND, U1800.GND, U1800.TAB, U1802.GND, U1803.GND, U1804.GND2, U1804.GND1, U1804.TAB, U400-10.AGND_XTAL0, U400-3.GND1, U400-3.GND10, U400-3.GND112, U400-3.GND115, U400-3.GND118, U400-3.GND11, U400-3.GND12, U400-3.GND13, U400-3.GND14, U400-3.GND15, U400-3.GND16, U400-3.GND17, U400-3.GND18, U400-3.GND19, U400-3.GND2, U400-3.GND20, U400-3.GND21, U400-3.GND22, U400-3.GND23, U400-3.GND24, U400-3.GND25, U400-3.GND26, U400-3.GND27, U400-3.GND28, U400-3.GND29, U400-3.GND3, U400-3.GND30, U400-3.GND31, U400-3.GND32, U400-3.GND33, U400-3.GND34, U400-3.GND35, U400-3.GND36, U400-3.GND37, U400-3.GND38, U400-3.GND39, U400-3.GND4, U400-3.GND40, U400-3.GND41, U400-3.GND42, U400-3.GND43, U400-3.GND44, U400-3.GND45, U400-3.GND46, U400-3.GND47, U400-3.GND48, U400-3.GND49, U400-3.GND5, U400-3.GND50, U400-3.GND51, U400-3.GND52, U400-3.GND53, U400-3.GND54, U400-3.GND55, U400-3.GND56, U400-3.GND57, U400-3.GND58, U400-3.GND59, U400-3.GND6, U400-3.GND60, U400-3.GND61, U400-3.GND62, U400-3.GND63, U400-3.GND64, U400-3.GND65, U400-3.GND66, U400-3.GND67, U400-3.GND68, U400-3.GND69, U400-3.GND7, U400-3.GND70, U400-3.GND71, U400-3.GND72, U400-3.GND73, U400-3.GND74, U400-3.GND75, U400-3.GND76, U400-3.GND77, U400-3.GND78, U400-3.GND79, U400-3.GND8, U400-3.GND80, U400-3.GND81, U400-3.GND82, U400-3.GND83, U400-3.GND84, U400-3.GND85, U400-3.GND86, U400-3.GND87, U400-3.GND88, U400-3.GND90, U400-3.GND9, U400-3.GND92, U400-3.GND94, U400-3.GND96, U400-3.GND98, U400-3.GND100, U400-3.GND102, U400-3.GND104, U400-3.GND106, U400-3.GND108, U400-3.GND110, U400-3.GND121, U400-3.GND111, U400-3.GND116, U400-3.GND119, U400-3.GND122, U400-3.GND89, U400-3.GND91, U400-3.GND93, U400-3.GND95, U400-3.GND97, U400-3.GND99, U400-3.GND101, U400-3.GND103, U400-3.GND105, U400-3.GND107, U400-3.GND109, U400-3.GND113, U400-3.GND114, U400-3.GND120, U400-3.GND117, U400-8.EMM_FORCE, U400-8.EMM_SENSE, U400-8.VBB_SENSE, U400-8.VBB_FORCE, U502.GND, U502.GND, U502.GND, U503.GND, U800-2.VSS1, U800-2.VSS2, U800-2.VSS3, U800-2.VSS4, U800-2.VSS5, U800-2.VSS6, U800-2.VSS7, U800-2.VSS8, U800-2.VSS9, U800-2.VSS10, U800-2.VSS11, U800-2.VSS12, U800-2.VSS13, U800-2.VSS14, U800-2.VSS15, U800-2.VSS16, U800-2.VSS17, U800-2.VSS18, U800-2.VSS19, U800-2.VSS20, U800-2.VSS21, U800-2.VSS22, U800-2.VSS23, U800-2.VSS24, U800-2.VSS25, U800-2.VSS26, U800-2.VSS27, U800-2.VSS28, U800-2.VSS29, U800-2.VSS30, U800-2.VSS31, U800-2.VSS32, U800-2.VSS33, U800-2.VSS34, U800-2.VSS35, U800-2.VSS36, U800-2.VSS37, U800-2.VSS38, U800-2.VSS39, U800-2.VSS40, U800-2.VSS41, U800-2.VSS42, U800-2.VSS43, U800-2.VSS44, U800-2.VSS45, U800-2.VSS46, U800-2.VSS47, U800-2.VSS48, U800-2.VSS49, U800-2.VSS50, U800-2.VSS51, U800-2.VSS52, U800-2.VSS53, U800-2.VSS54, U800-2.VSS55, U800-2.VSS56, U800-2.VSS57, U800-2.VSS58, U900C.VAGND1, U900C.VSS, U900C.VSS, U900C.VSS, U900C.VSS, U900C.VSS, U900C.VSS, U900C.VSS, U900C.VSS, U900C.VSS, U900C.VSS, U900C.VSS, U900C.VSS, U900C.VSS, U900C.VSS, U900C.VSS, U900C.VSS, U900C.VSS, U900C.VSS, U900C.VSS, U900C.VSS, U900C.VSS, U900C.VSS, U900C.VSS, U900C.VSS, U900C.VSS, U900C.VSS, U900C.VSS, U900C.VSS, U900C.VSS, U900C.VSS, U900C.VSS, U900C.VSS, U900C.VSS, U900C.VSS, U900C.VSS, U900C.VSS, U900C.VSS, U900C.VSS, U900C.VSS, U900C.VSS, U900C.VSS, U900C.VSS, U900C.VSS, U900C.VSS, U900C.VSS, U900C.VSS, U900C.VSS, U900C.VSS, U900C.VSS, U900C.VSS, U900C.VSS, U900C.VSS, U900C.VSS, U900C.VSS, U900C.VSS, U900C.VSSM, U901.S1, X1900.&5, X1903.&1, X1903.&6, X1903.&9, X1903.&11, X1903.&13, X1903.&15, X1903.&18, X1903.&21, X1903.&24, X1903.&27, X1903.&30, X2000.&29, X2000.&43, X2000.&49, X2000.&12, X2000.&30, X2000.&44, X2000.&50, Y1100.GND, Y1400.&2, Y1400.&4, Y500.GND, Y600.&2, Y600.&4, Y900.&2, Y900.&4."", ""Net MCU_VCC0V75_EN connects R1801.&1, R1806.&2, TP1807.&1, U900E.P22.0/ASCLIN6_ARXE/QSPI3_MTSRD/ASCLIN3_ATX/QSPI3_MTSR/ASCLIN6_ATX."", ""Net MCU_VCC0V75_MIPI_DDR_EN connects R1813.&2, TP1813.&1, U1804.EN, U900E.P22.1/ASCLIN7_ARXE/QSPI3_MRSTD/ASCLIN3_ATX/QSPI3_MRST/ASCLIN7_ATX."", ""Net PGND connects C1432.&2, C1900.&2, C1901.&2, C1902.&2, C1904.&2, C1907.&2, C1908.&2, C1909.&2, C1910.&2, C1911.&2, MT1901.&1, MT1902.&1, MT1903.&1, MT1904.&1, R1442.&1, R1906.&2, R1907.&2, R1912.&2, R1914.&2, R1917.&2, R1918.&2, R1919.&2, R1920.&2, R1921.&2, X1902.&3, X1902.&4, X1902.&5, X1902.&6."", ""Net VCC0V75 connects C1806.&1, C1807.&1, C1808.&1, C1809.&1, C1810.&1, C1813.&2, C1814.&1, C1815.&1, C1816.&1, C1817.&1, C700.&1, C701.&1, C702.&1, C703.&1, C704.&1, C705.&1, C706.&1, C708.&1, C709.&1, C710.&1, C713.&1, C714.&1, C716.&1, C717.&1, C718.&1, C720.&1, C721.&1, C722.&1, C725.&1, C726.&1, C727.&1, C728.&1, C729.&1, C730.&1, C731.&1, C732.&1, L1800.&2, R1107.&1, R1819.&2, TP1800.&1, U1800.VOSNS, U400-3.VDD_CORE1, U400-3.VDD_CORE10, U400-3.VDD_CORE11, U400-3.VDD_CORE12, U400-3.VDD_CORE13, U400-3.VDD_CORE14, U400-3.VDD_CORE15, U400-3.VDD_CORE16, U400-3.VDD_CORE17, U400-3.VDD_CORE18, U400-3.VDD_CORE19, U400-3.VDD_CORE2, U400-3.VDD_CORE20, U400-3.VDD_CORE21, U400-3.VDD_CORE22, U400-3.VDD_CORE23, U400-3.VDD_CORE24, U400-3.VDD_CORE25, U400-3.VDD_CORE26, U400-3.VDD_CORE27, U400-3.VDD_CORE28, U400-3.VDD_CORE29, U400-3.VDD_CORE30, U400-3.VDD_CORE31, U400-3.VDD_CORE32, U400-3.VDD_CORE33, U400-3.VDD_CORE4, U400-3.VDD_CORE5, U400-3.VDD_CORE6, U400-3.VDD_CORE7, U400-3.VDD_CORE8, U400-3.VDD_CORE9, U400-3.VDD_CORE34, U400-3.VDD_CORE3."", ""Net VCC1V0_ETH connects C1420.&1, C1506.&1, C1507.&1, L1403.&2, R1146.&1, R1504.&2, TP1503.&1, U1501.OUT."", ""Net VCC1V1 connects C1703.&1, C1705.&1, C1707.&1, C1708.&2, C602.&1, C604.&1, C606.&1, C608.&1, C800.&1, C802.&1, C804.&1, C805.&1, C807.&1, C808.&1, C809.&1, C814.&1, C816.&1, C818.&1, C820.&1, C821.&1, C823.&1, C825.&1, C826.&1, C827.&1, C828.&1, C829.&1, C830.&1, C831.&1, C832.&1, C833.&1, C834.&1, C836.&1, C838.&1, C839.&1, C840.&1, C841.&1, C842.&1, C843.&1, C844.&1, C845.&1, C846.&1, C847.&1, C848.&1, C849.&1, L1700.&2, R1109.&1, R1721.&2, R800.&1, R802.&1, R804.&2, TP1701.&1, U1700.FB_B0, U400-2.VDD2_1, U400-2.VDD2_2, U400-2.VDD2_3, U400-2.VDD2_4, U800-2.VDDQ1, U800-2.VDDQ2, U800-2.VDDQ3, U800-2.VDDQ4, U800-2.VDDQ5, U800-2.VDDQ6, U800-2.VDDQ7, U800-2.VDDQ8, U800-2.VDDQ9, U800-2.VDDQ10, U800-2.VDDQ11, U800-2.VDDQ12, U800-2.VDDQ13, U800-2.VDDQ14, U800-2.VDDQ15, U800-2.VDDQ16, U800-2.VDDQ17, U800-2.VDDQ18, U800-2.VDDQ19, U800-2.VDDQ20, U800-2.VDD2_1, U800-2.VDD2_2, U800-2.VDD2_3, U800-2.VDD2_4, U800-2.VDD2_5, U800-2.VDD2_6, U800-2.VDD2_7, U800-2.VDD2_8, U800-2.VDD2_9, U800-2.VDD2_10, U800-2.VDD2_11, U800-2.VDD2_12, U800-2.VDD2_13, U800-2.VDD2_14, U800-2.VDD2_15, U800-2.VDD2_16, U800-2.VDD2_17, U800-2.VDD2_18, U800-2.VDD2_19, U800-2.VDD2_20, U800-2.VDD2_21, U800-2.VDD2_22, U800-2.VDD2_23, U800-2.VDD2_24."", ""Net VCC1V1_CAM_ACQ connects C1113.&2, R1144.&2, TP1144.&1, U900A.AN13/EVADC_G1CH5/EDSADC_EDS0NB."", ""注：使用本模板时请先阅读填写说明页，形成工作产品时本页不可删除变更历史Change History目  录Table of Contents1\t概述 Introduction\t81.1 目的 Purpose\t81.2 适用范围 Range of Application\t81.3 读者对象 TReader\t81.4 术语及缩写解释 Terms and Abbreviations\t81.5 参考文档 Reference Document\t82\t硬件架构 Hardware Architecture\t92.1 系统概述 System overview\t92.2 硬件框图 Hardware block diagram\t102.3 模块电路 Module circuit\t122.3.1 KL30电源管理电路 KL30 supply management circuit\t122.3.2 唤醒电路 Wake Up circuit\t132.3.3 电源电路 power circuit\t152.3.4 TC377最小系统 TC377 minimum system\t232.3.5 EQ6最小系统 EQ6 minimum system\t252.3.6 摄像头最小系统 camera minimum system\t282.3.7 看门狗电路 Watchdog circuit\t302.3.8 温度采样电路 Temp Sample circuit\t302.3.9 系统内电源电压采样电源 The power System Voltage Sampling circuit\t312.3.10 ETH电路 ETH circuit\t332.3.11 CAN/CAN FD电路 CAN/CAN FD circuit\t342.3.12 3V3过压保护电路 3V3 overvoltage protection circuit\t353\t硬件运行模式 Hardware Operation Mode\t363.1 硬件运行模式 Hardware Operation Mode\t363.2 运行模式定义 Definition of Operation Mode\t373.3 运行模式转换条件 Transition Condition of Operation Mode\t393.3.1 KL30电源管理电路 KL30 supply management circuit\t393.3.2 唤醒电路 Wake Up circuit\t413.3.3 电源电路 Power Circuit\t423.3.4 TC377最小系统 TC377 minimum system\t53"", ""顾客代表Customer Representative其他与项目相关人员等Other relevant person术语及缩写解释 Terms and AbbreviationsTable 1-1Terms and Abbreviations参考文档 Reference DocumentTable 1-2Reference Document硬件架构 Hardware Architecture硬件架构描述了60060894_ADAS项目的硬件基础模块，模块和模块之间的接口。The Hardware Architecture describe the HW basic component of 600608964_ADAS project, as well as the interface of each component.系统概述 System overviewADAS产品要求功能安全达到ASIL-B，硬件整体架构介绍如下：ADAS products require functional safety to meet ASIL-B. The overall hardware architecture is described as follows:整体系统由摄像头板（CAM）和主板（MB）两部分组成。The overall system is composed of two parts: camera board (CAM) and mainboard (MB).前向摄像头采集道路图像后通过数字接口输出视频数据。The forward camera collects road images and outputs video data through the digital interface.数字视频数据通过线缆传输到主板上的视频处理器EYEQ6进行视频处理。The digital video data is transmitted to the video processor EYEQ6 on the mainboard through cables for video processing.EYEQ6处理视频数据，输出路况信息。EYEQ6 processes video data and outputs road condition information.路况信息通过SPI口传送给MCU进行处理，主板通过CAN对外传送路况信息。Road condition information is transmitted to MCU through SPI interface for processing, and the mainboard transmits road condition information externally through CAN.处理结果通过CAN发出，包括对车的主动安全控制信号以及给驾驶员的报警信号。The processing result is sent out through CAN, including the active safety control signal for the car and the alarm signal for the driver.图 1 系统工作方式Fig 1 System operating block硬件框图 Hardware block diagram图 2 系统框图Fig 2 system block功能安全分解相关模块模块电路 Module circuitKL30电源管理电路 KL30 supply management circuit"", ""<table><tr><td>模块序号\nModule number</td><td>模块名称\nModule name</td><td>功能定义\nFunction definition.</td><td>功能安全需求\nFunctional safety requirements</td></tr><tr><td>F01</td><td>MCU</td><td>SAK-TC377TP-96F300S AA</td><td>B(B)</td></tr><tr><td>F02</td><td>EYEQ6-L</td><td>EYEQ6-L，用于sensor的视频处理</td><td>B</td></tr><tr><td>F03</td><td>EYEQ6_LPDDR4</td><td>EQ6的1GB LPDDR4</td><td>B</td></tr><tr><td>F04</td><td>EYEQ6_NAND FLASH</td><td>EQ6的2Gb NAND FLASH</td><td>B</td></tr><tr><td>F05</td><td>CAM SENSOR</td><td>Sony 728摄像头模组</td><td>B</td></tr><tr><td>F06</td><td>KL30 sample</td><td>KL30电压采样</td><td>QM</td></tr><tr><td>F07</td><td>KL15 sample</td><td>KL15电压采样</td><td>QM</td></tr><tr><td>F08</td><td>EQ system power sample1</td><td>EQ6L系统供电电源电压ADC采样滤波、分压电路</td><td>B(B)</td></tr><tr><td>F09</td><td>ETH and CAN power sample2</td><td>CAN和ETH电源电压ADC采样滤波、分压电路</td><td>QM</td></tr><tr><td>F10</td><td>NTC temp sensor</td><td>NTC温度传感器，监控EQ6L/LPDDR4周边环境温度。</td><td>B</td></tr><tr><td>F11</td><td>KL30 EMI</td><td>KL30供电口EMI滤波电路.</td><td>B</td></tr><tr><td>F12</td><td>POWER</td><td>LN10046，KL30电源转VCC3V3电源</td><td>B</td></tr><tr><td>F13</td><td>POWER</td><td>LP87702，VCC3V3电压输入，VCC1V1、VCC1V8、VCC50电压输出</td><td>QM(B)</td></tr><tr><td>F14</td><td>POWER</td><td>TPS62872，VCC3V3电压输入，VCC0V75电压输出</td><td>QM(B)</td></tr><tr><td>F15</td><td>POWER</td><td>SA23002，VCC3V3输入，VCC0V75电压输出</td><td>QM(B)</td></tr><tr><td>F16</td><td>POWER</td><td>TPS22918负载开关，VCC3V3电压输入，VCC3V3_EQ输出</td><td>QM(B)</td></tr><tr><td>F17</td><td>POWER</td><td>TPS22918负载开关，VCC3V3输入，VCC3V3_ETH输出</td><td>QM</td></tr><tr><td>F18</td><td>overvoltage protect</td><td>用于MCU电源VCC3V3_MCU的外部过压保护</td><td>B</td></tr><tr><td>F19</td><td>POWER</td><td>TPS22918 负载开关，VCC1V8电压输入，VCC1V8_EQ电压输出</td><td>QM(B)</td></tr><tr><td>F20</td><td>CAN3</td><td>基于TCAN1145的CAN通讯，硬件支持特定报文唤醒</td><td>QM</td></tr><tr><td>F21</td><td>CAN2</td><td>基于TCAN1044A的CAN通讯.</td><td>QM</td></tr><tr><td>F22</td><td>CAN1</td><td>基于TCAN1044A的CAN通讯</td><td>QM</td></tr><tr><td>F23</td><td>CAN0</td><td>基于TCAN1044A的CAN通讯.</td><td>QM</td></tr><tr><td>F24</td><td>ETH</td><td>基于DP83TC812R的100BASE-T1通讯</td><td>QM</td></tr><tr><td>F25</td><td>Wake up</td><td>唤醒源和一级电源使能电路设计</td><td>QM</td></tr><tr><td>F26</td><td>watchdog</td><td>LP87702的看门狗功能，用于监控MCU运行状态</td><td>B</td></tr><tr><td>F27</td><td>POWER</td><td>VCC3V3_MCU转VCC1V25_MCU电压，由MCU的EVRC进行控制。</td><td>B</td></tr><tr><td>F28</td><td>level translation</td><td>3V3和1V8双向电压转换芯片</td><td>QM</td></tr></table>"", ""<table><tr><td>HM ID</td><td>F20/F21/ F22/ F23</td></tr><tr><td>模块功能 \nModule Function</td><td>ADAS系统需求MCU外置4路CAN/CAN FD和外部进行通讯。\nThe ADAS system requires MCU external 4-channel CAN/CAN FD and external communication. </td></tr><tr><td>模块框图\nModule diagram</td><td></td></tr><tr><td>模块方案\nModule solution</td><td>根据系统需求ADAS的四路CAN/CANFD都需要兼容TCAN1145和TCAN1044A，最大速率支持5M，根据客户需求进行选贴。\nCAN0芯片用到引脚有MCU_CAN0_TXD_P13.0，MCU_CAN0_RXD_P13.1，MCU_SPI3_MTSR_P02.6，CAN_EN_MCU_SPI3_MRST_P02.5，CAN_ERR_MCU_SPI3_CLK_P02.7，CAN0_STB_MCU_SPI3_CS5_P02.8。\nCAN1芯片用到的引脚有MCU_CAN1_TXD_P20.7，MCU_CAN1_RXD_P20.6，MCU_SPI3_MTSR_P02.6，CAN_EN_MCU_SPI3_MRST_P02.5，CAN_ERR_MCU_SPI3_CLK_P02.7，CAN1_STB_MCU_SPI3_CS4_P00.2。\nCAN2芯片用到的引脚有MCU_CAN2_TXD_P14.0，MCU_CAN2_RXD_P14.1，MCU_SPI3_MTSR_P02.6，CAN_EN_MCU_SPI3_MRST_P02.5，CAN_ERR_MCU_SPI3_CLK_P02.7，CAN2_STB_MCU_SPI3_CS3_P00.5。\nCAN3芯片用到的引脚有MCU_CAN3_TXD_P32.3，MCU_CAN3_RXD_P32.2，MCU_SPI3_MTSR_P02.6，CAN_EN_MCU_SPI3_MRST_P02.5，CAN_ERR_MCU_SPI3_CLK_P02.7，CAN3_STB_MCU_SPI3_CS6_P00.8。\n1, Per system requirements, all four CAN/CAN FD channels in the ADAS must be compatible with both TCAN1145 and TCAN1044A transceivers, supporting a maximum rate of 5 Mbps. The selection of components (TCAN1145 or TCAN1044A) is determined by customer requirements.\nPin Assignments:\nCAN0:\nMCU_CAN0_TXD_P13.0, MCU_CAN0_RXD_P13.1, MCU_SPI3_MTSR_P02.6, CAN_EN_MCU_SPI3_MRST_P02.5, CAN_ERR_MCU_SPI3_CLK_P02.7, CAN0_STB_MCU_SPI3_CS5_P02.8.\nCAN1:\nMCU_CAN1_TXD_P20.7, MCU_CAN1_RXD_P20.6, MCU_SPI3_MTSR_P02.6, CAN_EN_MCU_SPI3_MRST_P02.5, CAN_ERR_MCU_SPI3_CLK_P02.7, CAN1_STB_MCU_SPI3_CS4_P00.2.\nCAN2:\nMCU_CAN2_TXD_P14.0, MCU_CAN2_RXD_P14.1, MCU_SPI3_MTSR_P02.6, CAN_EN_MCU_SPI3_MRST_P02.5, CAN_ERR_MCU_SPI3_CLK_P02.7, CAN2_STB_MCU_SPI3_CS3_P00.5.\nCAN3:\nMCU_CAN3_TXD_P32.3, MCU_CAN3_RXD_P32.2, MCU_SPI3_MTSR_P02.6, CAN_EN_MCU_SPI3_MRST_P02.5, CAN_ERR_MCU_SPI3_CLK_P02.7, CAN3_STB_MCU_SPI3_CS6_P00.8.</td></tr></table>""]","{""original_context_count"": 30, ""original_context_characters"": 20578, ""scored_context_count"": 4, ""scored_context_characters"": 1609, ""contexts_truncated"": true, ""context_selection"": ""claim_coverage"", ""selected_evidence_ids"": [""document:3cc8373cb37fffa6"", ""circuit:21:net:CAN3_STB_MCU_SPI3_CS6_P00.8""], ""selected_claim_ids"": [""sq_1:claim_1"", ""sq_2:claim_1""], ""excluded_evidence_ids"": [""circuit:21:net:CAN0H"", ""circuit:21:net:CAN0L"", ""circuit:21:net:CAN0_INH"", ""circuit:21:net:CAN0_INH_ACQ"", ""circuit:21:net:CAN0_STB_MCU_SPI3_CS5_P02.8"", ""circuit:21:net:CAN1H"", ""circuit:21:net:CAN1L"", ""circuit:21:net:CAN1_INH"", ""circuit:21:net:CAN2H"", ""circuit:21:net:CAN2L"", ""circuit:21:net:CAN2_INH"", ""circuit:21:net:CAN2_INH_ACQ"", ""circuit:21:net:CAN2_STB_MCU_SPI3_CS3_P00.5"", ""circuit:21:net:CAN3H"", ""circuit:21:net:CAN3L"", ""circuit:21:net:CAN3_INH"", ""circuit:21:net:CAN3_INH_ACQ"", ""circuit:21:net:GND"", ""circuit:21:net:MCU_VCC0V75_EN"", ""circuit:21:net:MCU_VCC0V75_MIPI_DDR_EN"", ""circuit:21:net:PGND"", ""circuit:21:net:VCC0V75"", ""circuit:21:net:VCC1V0_ETH"", ""circuit:21:net:VCC1V1"", ""circuit:21:net:VCC1V1_CAM_ACQ"", ""document:74353e6817c9fe60"", ""document:b257f3b0795806a8"", ""document:e6627ad70c8cab97""]}",0.13512882005089769,0.7198650835398147,0.75,not_applicable,0.0,0.0,0.5,0.10714285714285714,not_applicable
hw-v1-missing-protection-threshold,success,仅根据网表，3V3 过压保护的精确触发阈值是多少？,网表只能表明连接拓扑，不能给出精确保护阈值；当前缺少对应数据手册或规格证据，应明确无法确认。,"根据网表，**无法得出3V3过压保护的精确触发阈值**。

**证据与缺口说明：**
*   **缺失项**：网表证据（来自825504380_ADAS_SCH_TCN2.EDF）仅提供了网络连接关系（如`VCC3V3`、`&3V3_EQ_ACQ`、`MCU_3V3_EQ_EN`等），未包含任何关于过压保护触发阈值的参数信息。
*   **来源**：网表文件中未检索到电压阈值相关参数。","根据网表，**无法得出3V3过压保护的精确触发阈值**。

**证据与缺口说明：**
*   **缺失项**：网表证据（来自825504380_ADAS_SCH_TCN2.EDF）仅提供了网络连接关系（如`VCC3V3`、`&3V3_EQ_ACQ`、`MCU_3V3_EQ_EN`等），未包含任何关于过压保护触发阈值的参数信息。
*   **来源**：网表文件中未检索到电压阈值相关参数。","[""Net &3V3_EQ_ACQ connects C1102.&2, R1108.&2, R1113.&2, TP1109.&1, U900A.AN2/EVADC_G0CH2/EDSADC_EDS0PA."", ""Net &3V3_ETH_ACQ connects C1103.&2, R1110.&2, R1112.&2, TP1111.&1, U900A.AN8/EVADC_G1CH0."", ""Net MCU_3V3_EQ_EN connects R1818.&2, TP1822.&1, U1802.ON, U900E.P20.3/ASCLIN3_ARXC/GPT120_T6INA/ASCLIN3_ATX/QSPI0_SLSO9/QSPI2_SLSO9/CAN03_TXD, X2000.&13."", ""Net MCU_3V3_ETH_EN connects R1500.&2, TP1500.&1, U1500.ON, U900E.P21.0/ASCLIN11_ARXC/ASCLIN11_ATX/ASCLIN11_ATX."", ""Net VCC3V3 connects C1500.&1, C1617.&1, C1618.&1, C1621.&1, C1633.&2, C1700.&1, C1701.&1, C1702.&1, C1704.&1, C1709.&1, C1710.&1, C1711.&1, C1716.&1, C1800.&1, C1801.&1, C1802.&1, C1803.&1, C1804.&1, C1805.&1, C1811.&1, C1812.&1, C1821.&1, C1823.&1, C1828.&1, L1601.&2, L1701.&1, Q1700.S, R1622.&2, R1701.&1, R1706.&1, R1709.&1, R1710.&1, R1711.&2, R1712.&2, R1800.&2, TP1605.&1, TP1803.&1, U1500.VIN, U1600.VCCIN, U1700.VIN_B0_1, U1700.VIN_B1_1, U1700.VANA, U1700.VIN_B0_2, U1700.VIN_B1_2, U1800.VIN, U1800.VIN, U1800.MODE/SYNC, U1802.VIN, U1804.VIN, U1804.VIN, X2000.&1, X2000.&3."", ""Net VCC3V3_CAM_ACQ connects C1114.&2, R1143.&2, R1147.&2, TP1146.&1, U900A.AN12/EVADC_G1CH4/EDSADC_EDS0PB."", ""Net VCC3V3_CAM_FB connects R1143.&1, TP1913.&1, X1903.&4."", ""Net VCC3V3_EQ connects C1832.&1, C502.&1, C619.&1, C621.&1, C624.&1, C627.&1, C630.&1, R1108.&1, R1122.&1, R506.&2, R507.&2, R549.&2, R554.&2, R555.&2, R556.&2, R558.&2, R580.&2, R581.&2, TP1816.&1, U1802.QOD, U1802.VOUT, U400-2.VDD_RING_8_0-1, U400-2.VDD_RING_8_0-2, U400-2.VDD_RING_8_0-3, U400-2.VDD_RING_9_0, X1903.&10, Y500.VDD."", ""<table><tr><td>HM ID</td><td>F18</td></tr><tr><td>模块功能 \nModule Function</td><td>AOU要求MCU需要硬件外部增加过压保护电路对3V3_MCU进行电压监控。\nAOU requires MCU to increase the overvoltage protection circuit outside the hardware to monitor the voltage of 3V3_MCU. </td></tr><tr><td>模块框图\nModule diagram</td><td>\n\n</td></tr><tr><td>模块方案\nModule solution</td><td>1.当VCC3V3 <4.03V时，cathode引脚为高阻态, 当VCC3V3 <VGS门限（Q1701）时，NMOS关闭，PMOS关闭，VCC3V3_SW无电。\n2、当4.03V＞VCC3V3 > VGS门限（Q1701）时，NMOS打开，PMOS打开，VCC3V3_SW和VCC3V3直通。\n3、当VCC3V3＞4.03V时，cathode引脚输出逻辑低（最高1V），NMOS关闭，PMOS关闭，VCC3V3_SW无电，对后级负载起到过压保护作用。\n1. When VCC3V3 <4.03V, the cathode pin is in the high resistance state. When VCC3V3 <VGs threshold (Q1701), NMOS is off, PMOS is off, and VCC3V3_SW has no electricity.\n2.When 4.03V>VCC3V3>VGS threshold (Q1701), NMOS opens, PMOS opens, and VCC3V3_sw and VCC3V3 pass through.\n3.When VCC3V3>4.03V, the cathode pin output logic is low (up to 1V), NMOS is off, PMOS is off, and VCC3V3_Sw has no power, which plays an overvoltage protection role on the load of the later stage.\n</td></tr></table>"", ""唤醒电路 Wake Up circuit电源电路 power circuitKL30 EMI电路 KL30 EMI circuitKL30 转VCC3V3 KL30 to VCC3V3VCC3V3_MCU转VCC1V25_MCU  VCC3V3_MCU to VCC1V25_MCUVCC3V3转VCC0V75  VCC3V3 to VCC0V75VCC3V3转0V75_MIPI_DDR  VCC3V3 to 0V75_MIPI_DDRVCC3V3转VCC1V8、VCC1V1、VCC50   VCC3V3 to VCC1V8、VCC1V1、VCC50VCC3V3转VCC3V3_EQ  VCC3V3 to VCC3V3_EQVCC3V3转VCC3V3_ETH  VCC3V3 to VCC3V3_ETHVCC1V8转VCC1V8_EQ  VCC1V8 to VCC1V8_EQTC377最小系统 TC377 minimum systemEQ6最小系统 EQ6 minimum system摄像头最小系统 camera minimum system看门狗电路 Watchdog circuit温度采样电路 Temp Sample circuit系统内电源电压采样电源 The power System Voltage Sampling circuitETH电路 ETH circuitCAN/CAN FD电路 CAN/CAN FD circuit3V3过压保护电路 3V3 overvoltage protection circuit硬件运行模式 Hardware Operation Mode主要用于描述当前ADAS硬件不同的运行模式（例如上电模式，下电模式，Sleep模式，运行模式等）。描述各个运行模式下的硬件模块功能，以及模式之间的切换条件。Describe the different operating mode of ADAS Hardware (e.g. power on mode, power off mode, Sleep mode，normal mode). Define the HW component functions in each operating mode, describe the transition condition between different modes.硬件运行模式 Hardware Operation Mode系统功能矩阵描述系统不同模式下各功能模块运行状态。The system function matrix describes the operation status of each function module in different modes of the system."", ""\n9.3.11 Undervoltage Lockout (UVLO)\nThe device has an undervoltage lockout function that disables the device if the supply voltage is too low for correct operation. The negative-going threshold of the UVLO function is 2.5 V (typical). If the supply voltage decreases below this value, the device stops switching and, if DISCHEN = 1 in the CONTROL1 register, turns on the output discharge.\n9.3.12 Overvoltage Lockout (OVLO)\nThe device has an overvoltage lockout function that disables the DC/DC converter if the supply voltage is too high for correct operation. The positive-going threshold of the OVLO function is 6.3 V (typical). If the supply voltage increases above this value, the device stops switching and, if DISCHEN = 1 in the CONTROL1 register, turns on the output discharge.\nThe device automatically starts switching again - it begins a new soft-start sequence - when the supply voltage falls below 6.2 V (typical)\n9.3.13 Overcurrent Protection\n9.3.13.1 Cycle-by-Cycle Current Limiting\nIf the peak inductor current increases above the high-side current limit threshold, the device turns off the high-side switch and turns on the low-side switch to ramp down the inductor current. The device only turns on the high-side switch again if the inductor current has decreased below the low-side current limit threshold.\nNote that because of the propagation delay of the current limit comparator, the current limit threshold in practice can be greater than the DC value specified in the Electrical Characteristics. The current limit in practice is given by:\nwhere:\n· I, is the inductor current.\n·ILiMH is the high-side current limit threshold measured at DC\nProduct Folder Links: TPS62870-Q1TPS62871-Q1 TPS62872-Q1 TPS62873-Q1"", ""<table><tr><td>模块序号\nModule number</td><td>模块名称\nModule name</td><td>功能定义\nFunction definition.</td><td>功能安全需求\nFunctional safety requirements</td></tr><tr><td>F01</td><td>MCU</td><td>SAK-TC377TP-96F300S AA</td><td>B(B)</td></tr><tr><td>F02</td><td>EYEQ6-L</td><td>EYEQ6-L，用于sensor的视频处理</td><td>B</td></tr><tr><td>F03</td><td>EYEQ6_LPDDR4</td><td>EQ6的1GB LPDDR4</td><td>B</td></tr><tr><td>F04</td><td>EYEQ6_NAND FLASH</td><td>EQ6的2Gb NAND FLASH</td><td>B</td></tr><tr><td>F05</td><td>CAM SENSOR</td><td>Sony 728摄像头模组</td><td>B</td></tr><tr><td>F06</td><td>KL30 sample</td><td>KL30电压采样</td><td>QM</td></tr><tr><td>F07</td><td>KL15 sample</td><td>KL15电压采样</td><td>QM</td></tr><tr><td>F08</td><td>EQ system power sample1</td><td>EQ6L系统供电电源电压ADC采样滤波、分压电路</td><td>B(B)</td></tr><tr><td>F09</td><td>ETH and CAN power sample2</td><td>CAN和ETH电源电压ADC采样滤波、分压电路</td><td>QM</td></tr><tr><td>F10</td><td>NTC temp sensor</td><td>NTC温度传感器，监控EQ6L/LPDDR4周边环境温度。</td><td>B</td></tr><tr><td>F11</td><td>KL30 EMI</td><td>KL30供电口EMI滤波电路.</td><td>B</td></tr><tr><td>F12</td><td>POWER</td><td>LN10046，KL30电源转VCC3V3电源</td><td>B</td></tr><tr><td>F13</td><td>POWER</td><td>LP87702，VCC3V3电压输入，VCC1V1、VCC1V8、VCC50电压输出</td><td>QM(B)</td></tr><tr><td>F14</td><td>POWER</td><td>TPS62872，VCC3V3电压输入，VCC0V75电压输出</td><td>QM(B)</td></tr><tr><td>F15</td><td>POWER</td><td>SA23002，VCC3V3输入，VCC0V75电压输出</td><td>QM(B)</td></tr><tr><td>F16</td><td>POWER</td><td>TPS22918负载开关，VCC3V3电压输入，VCC3V3_EQ输出</td><td>QM(B)</td></tr><tr><td>F17</td><td>POWER</td><td>TPS22918负载开关，VCC3V3输入，VCC3V3_ETH输出</td><td>QM</td></tr><tr><td>F18</td><td>overvoltage protect</td><td>用于MCU电源VCC3V3_MCU的外部过压保护</td><td>B</td></tr><tr><td>F19</td><td>POWER</td><td>TPS22918 负载开关，VCC1V8电压输入，VCC1V8_EQ电压输出</td><td>QM(B)</td></tr><tr><td>F20</td><td>CAN3</td><td>基于TCAN1145的CAN通讯，硬件支持特定报文唤醒</td><td>QM</td></tr><tr><td>F21</td><td>CAN2</td><td>基于TCAN1044A的CAN通讯.</td><td>QM</td></tr><tr><td>F22</td><td>CAN1</td><td>基于TCAN1044A的CAN通讯</td><td>QM</td></tr><tr><td>F23</td><td>CAN0</td><td>基于TCAN1044A的CAN通讯.</td><td>QM</td></tr><tr><td>F24</td><td>ETH</td><td>基于DP83TC812R的100BASE-T1通讯</td><td>QM</td></tr><tr><td>F25</td><td>Wake up</td><td>唤醒源和一级电源使能电路设计</td><td>QM</td></tr><tr><td>F26</td><td>watchdog</td><td>LP87702的看门狗功能，用于监控MCU运行状态</td><td>B</td></tr><tr><td>F27</td><td>POWER</td><td>VCC3V3_MCU转VCC1V25_MCU电压，由MCU的EVRC进行控制。</td><td>B</td></tr><tr><td>F28</td><td>level translation</td><td>3V3和1V8双向电压转换芯片</td><td>QM</td></tr></table>"", ""注：使用本模板时请先阅读填写说明页，形成工作产品时本页不可删除变更历史Change History目  录Table of Contents1\t概述 Introduction\t81.1 目的 Purpose\t81.2 适用范围 Range of Application\t81.3 读者对象 TReader\t81.4 术语及缩写解释 Terms and Abbreviations\t81.5 参考文档 Reference Document\t82\t硬件架构 Hardware Architecture\t92.1 系统概述 System overview\t92.2 硬件框图 Hardware block diagram\t102.3 模块电路 Module circuit\t122.3.1 KL30电源管理电路 KL30 supply management circuit\t122.3.2 唤醒电路 Wake Up circuit\t132.3.3 电源电路 power circuit\t152.3.4 TC377最小系统 TC377 minimum system\t232.3.5 EQ6最小系统 EQ6 minimum system\t252.3.6 摄像头最小系统 camera minimum system\t282.3.7 看门狗电路 Watchdog circuit\t302.3.8 温度采样电路 Temp Sample circuit\t302.3.9 系统内电源电压采样电源 The power System Voltage Sampling circuit\t312.3.10 ETH电路 ETH circuit\t332.3.11 CAN/CAN FD电路 CAN/CAN FD circuit\t342.3.12 3V3过压保护电路 3V3 overvoltage protection circuit\t353\t硬件运行模式 Hardware Operation Mode\t363.1 硬件运行模式 Hardware Operation Mode\t363.2 运行模式定义 Definition of Operation Mode\t373.3 运行模式转换条件 Transition Condition of Operation Mode\t393.3.1 KL30电源管理电路 KL30 supply management circuit\t393.3.2 唤醒电路 Wake Up circuit\t413.3.3 电源电路 Power Circuit\t423.3.4 TC377最小系统 TC377 minimum system\t53"", ""<table><caption> over operating junction temperature (Tj = -40 °C to 150 °C) and Vin = 2.7 V to 6 V. Typical values at Vin = 3.3 V and Tj = 25</caption>\n<tr><th  >°C (unless otherwise noted).</th><th  >PARAMETER</th><th  >TEST CONDITIONS</th><th  >MIN</th><th  >TYP</th><th  >MAX</th><th  >UNIT</th></tr>\n<tr><th></th><th  >Thermal shutdown threshold temperatureT; rising</th><th></th><th></th><th  >170</th><th></th><th  >℃</th></tr>\n<tr><th  >TsD</th><th  >Thermal shutdown hysteresis</th><th></th><th></th><th  >20</th><th></th><th  >°℃</th></tr>\n<tr><th></th><th  >Thermal warning threshold temperature</th><th  >Tj rising </th><th></th><th  >150</th><th></th><th  >°℃</th></tr>\n<tr><th  >Tw</th><th  >Thermal warning hysteresis</th><th></th><th></th><th  >20</th><th></th><th  >℃</th></tr>\n<tr><th  >CONTROL and INTERFACE</th><th></th><th></th><th></th><th></th><th></th><th></th></tr>\n<tr><td  >VIT+</td><td  >Positive-going input threshold voltage (EN)</td><td></td><td  >0.97</td><td  >1.0</td><td  >1.03</td><td  >V</td></tr>\n<tr><td  >VIT-</td><td  >Negative-going input threshold voltage (EN)</td><td></td><td  >0.87</td><td  >0.9</td><td  >0.93</td><td  >V</td></tr>\n<tr><th  >Vhys.</th><th  >Hysteresis voltage (EN)</th><th></th><th  >95</th><th></th><th></th><th  >mV</th></tr>\n<tr><th  >liH</th><th  >High-level input current (EN)</th><th  >ViH = Vin, internal pulldown resistor  disabled</th><th></th><th></th><th  >200</th><th  >nA</th></tr>\n<tr><th></th><th  >Low-level input current (EN)</th><th  >ViL = 0 V, internal pulldown resistor disabled</th><th  >-200</th><th></th><th></th><th  >nA</th></tr>\n<tr><th  >VIH</th><th  >High-level input voltage (SDA, SCL, MODE/SYNC,VSEL,FSEL,SYNC_OUT)</th><th></th><th  >0.8</th><th></th><th></th><th  >V</th></tr>\n<tr><th  >VIL</th><th  >Low-level input voltage (SDA, SCL, MODE/SYNC, VSEL, FSEL, SYNC_OUT)</th><th></th><th></th><th></th><th  >0.4</th><th  >V</th></tr>\n<tr><th></th><th></th><th  >loL = 3 mA</th><th></th><th></th><th  >0.4</th><th  >V</th></tr>\n<tr><th  >VoL</th><th  >Low-level output voltage (SDA)</th><th  >loL = 9 mA</th><th></th><th></th><th  >0.4</th><th  >V</th></tr>\n<tr><th></th><th></th><th  >loL = 5 mA</th><th></th><th></th><th  >0.2</th><th  >V</th></tr>\n<tr><th  >lOH</th><th  >High-level output current (SDA, SCL)</th><th  >VoH = 3.3 V</th><th></th><th></th><th  >200</th><th  >nA</th></tr>\n<tr><th></th><th  >Low-level input current (MODE/SYNC)</th><th  >VIL =0 V</th><th  >-150</th><th></th><th  >150</th><th  >nA</th></tr>\n<tr><th  >IIH</th><th  >High-level input current (MODE/SYNC)</th><th  >ViH = VIN</th><th></th><th></th><th  >3</th><th  >μA</th></tr>\n<tr><th  >IL</th><th  >Low-level input current (SYNC_OUT)</th><th  >[VIL = 0 V</th><th  >-250</th><th></th><th></th><th  >nA</th></tr>\n<tr><th  >liH</th><th  >High-level input current (SYNC_OUT) </th><th  >ViH = 2 V</th><th></th><th></th><th  >150</th><th  >nA</th></tr>\n<tr><th></th><th></th><th  >Measured from when EN goes high to</th><th></th><th></th><th></th><th></th></tr>\n<tr><th  >td(EN)1</th><th  >Enable delay time when EN tied to VIN</th><th  >when device starts switching  SRvIN= 1 V/us</th><th></th><th  >175</th><th  >500</th><th  >μS</th></tr>\n<tr><th  >td(EN)2</th><th  >Enable delay time when Vin already applied</th><th  >Measured from when EN goes high to when device starts switching </th><th></th><th></th><th  >100</th><th  >μs</th></tr>\n<tr><td></td><td></td><td></td><td  >0.35</td><td  >0.5</td><td  >0.65</td><td  >ms</td></tr>\n<tr><th  >td(RAMP)</th><th  >Output voltage ramp time</th><th  >Measured from when device starts switching to rising edge of PG</th><th  >0.7 1.4</th><th  >1 2</th><th  >1.3 2.6</th><th  >ms ms</th></tr>\n<tr><td></td><td></td><td></td><td  >2.8</td><td  >4</td><td  >5.2</td><td  >ms</td></tr>\n<tr><th></th><th  >Time to lock external frequency</th><th></th><th></th><th  >50</th><th></th><th  >μs</th></tr>\n<tr><td></td><td  >Internal pullup resistance (VSEL, FSEL)</td><td></td><td  >5.5</td><td></td><td  >9</td><td  >kΩ</td></tr>\n<tr><td></td><td  >Internal pulldown resistance (VSEL, FSEL)</td><td></td><td  >1.3</td><td></td><td  >2.2</td><td  >kΩ</td></tr>\n<tr><td  >VT+</td><td  > Positive-going power good threshold voltage (output undervoltage) </td><td></td><td  >94</td><td  >96</td><td  >98</td><td  >%VoUT</td></tr>\n<tr><td  >VT-</td><td  >Negative-going power good threshold voltage (output undervoltage) </td><td></td><td  >92</td><td  >94</td><td  >96</td><td  >%VoUT </td></tr>\n<tr><td  >VT+</td><td  > Positive-going power good threshold voltage (output overvoltage)</td><td></td><td  >104</td><td  >106</td><td  >108</td><td  >%VouT</td></tr>\n<tr><td  >VT-</td><td  >Negative-going power good threshold voltage (output overvoltage)</td><td></td><td  >102</td><td  >104</td><td  >106</td><td  >%VoUT </td></tr>\n<tr><th  >VoL</th><th  >Low-level output voltage (PG)</th><th  >loL = 1 mA</th><th></th><th></th><th  >0.3</th><th></th></tr>\n</table>"", ""<table><tr><td>HM ID</td><td>F11/F12/F13/F14/F15/F16/F17/F18/F19/F25/F27</td></tr><tr><td>模块功能 \nModule Function</td><td>系统使用车载电池12V电压供电，经过EMI电路后输入至电源转换芯片，转换输出系统各模块所需电源。\nThe system uses 12V voltage power supply from the vehicle battery, which is input to the power conversion chip through the EMI circuit. Then the power conversion chip convert and output the power required by each module of the system.</td></tr><tr><td>模块框图\nModule diagram</td><td></td></tr><tr><td>模块方案\nModule solution</td><td>KL30 EMI (ASIL-B)\nKL30供电口处增加EMI电路，用于供电保护和滤波。硬件电路设计在UBD网络增加两个串联ESD电容，PCB布局靠近主连接器引脚处，用于吸收外部ESD信号，后端增加双向TVS管用于瞬态过压保护\nThe EMI circuit is added at the KL30 power supply port for power supply protection and filtering. The hardware circuit design adds two series ESD capacitors in the UBD network, the PCB layout is close to the main connector pin for absorbing external ESD signals, and the two-way TVS tube is added at the back end for transient overvoltage protection.\nKL30 to VCC3V3 (ASILB)\nKL30转VCC3V3是系统一级DC-DC，给MCU提供VCC3V3_MCU电源，所以系统要求其满足ASILB，确保MCU功能安全。\nKL30 to VCC3V3 is a system primary DC-DC chip, because the MCU needs VCC3V3_MCU power supply, so the system requires it to meet the ASILB to ensure the functional safety of the MCU.\nVCC3V3_MCU to VCC1V25_MCU(ASILB)\n3V3转1V25_MCU是使用MCU内置控制器进行控制的BUCK电源，用于MCU的核供电，功能安全需求达到ASILB，确保MCU功能安全。\n3V3 to 1V25_MCU is a BUCK power supply controlled by MCU built-in controller, which is used for MCU nuclear power supply. Functional safety requirements meet ASILB to ensure the functional safety of MCU.\nVCC3V3 to VCC0V75(QM(B))\nVCC3V3转VCC0V75应用于EQ6的内核供电，要求输出电流能力大，现选型TI的电源方案TPS62872。用MCU的P22.0引脚使能芯片，用MCU_SDA_P15.5，MCU_SCL_P15.4引脚I2C通信来设置输出电压和通信。\nVCC3V3 to VCC0V75 is applied to the core power supply of EQ6, which requires large output current capacity. The power supply scheme TPS62872 of TI is selected. P22.0 pin of MCU is used to enable the chip, and MCU_SDA_P15.5, MCU_SCL_P15.4 pin I2C communication is used to set the output voltage and communication. \nVCC3V3 to 0V75_MIPI_DDR(QM(B))\nVCC3V3转0V75_MIPI_DDR用于EQ6的IO口供电，现使用矽力杰的SA23002进行设计。用MCU的P22.1引脚使能该芯片。\nVCC3V3 to 0V75_MIPI_DDR for EQ6 IO port power supply, Silergy’s SA23002 is designed. The P22.1 pin of the MCU is used to enable the chip.\nVCC3V3转VCC1V8、VCC1V1、VCC50(QM(B))\nVCC1V8用于EQ6、CAM、DDR、FLASH供电，VCC1V1用于EQ6、DDR供电，VCC50用于CAN收发器供电，现选择LP87702 PMIC方案。用MCU的P15.3引脚使能该芯片的5V输出，用MCU_SCL_P15.4，MCU_SDA_P15.5 I2C通信来设置1.8V和1.1V输出电压和使能。\nVCC1V8 is used for EQ6, CAM, DDR, FLASH power supply, VCC1V1 is used for EQ6, DDR power supply, VCC50 is used for CAN transceiver  power supply, LP87702 PMIC scheme is selected. P15.3 pin of MCU is used to enable 5V output of the chip, and MCU_SCL_P15.4, MCU_SDA_P15.5 I2C communication is used to set 1.8V and 1.1V output voltage and enable it. \nVCC3V3 to VCC3V3_EQ(QM(B))\nVCC3V3转VCC3V3_EQ用于EQ6的IO和摄像头供电，现使用负载开关进行设计。用MCU的P20.3引脚使能该芯片。\nVCC3V3 to VCC3V3_EQ for EQ6’s IO and camera power supply, now using the load switch is designed. .The P20.3 pin of the MCU is used to enable the chip.\n\tVCC3V3 to VCC3V3_ETH(QM)\n3V3转3V3_ETH用于ETH供电，现选择负载开关方案。用MCU的P21.0引脚使能该芯片。\n3V3 to 3V3_ETH for ETH power supply, the load switch scheme is selected. . The P21.0 pin of the MCU is used to enable the chip.\n\tVCC1V8 to VCC1V8_EQ(QM(B))\nVCC1V8转VCC1V8_EQ用于EQ供电，现选择负载开关方案。用MCU的P20.0引脚使能该芯片。\nVCC1V8 to VCC1V8_EQ for EQ power supply, the load switch scheme is selected. . The P20.0 pin of the MCU is used to enable the chip.</td></tr><tr><td colspan='2'></td></tr></table>"", ""<table><caption>  over operating junction temperature (TJ = -40 °C to 150 °C) and Vin = 2.7 V to 6 V. Typical values at Vin = 3.3 V and TJ = 25  °C (unless otherwise noted).</caption>\n<tr><th></th><th  >PARAMETER</th><th></th><th  >TEST CONDITIONS</th><th  >MIN</th><th  >TYP</th><th  >MAX</th><th  >UNIT</th></tr>\n<tr><th  >SUPPLY</th><th></th><th  >Operating</th><th  >EN = high, lout = 0 mA, V(sw) = 0 V,  primary operation, device not switching,</th><th></th><th  >1.75</th><th  >3</th><th  >mA</th></tr>\n<tr><th  >IQ</th><th  >Supply current (VIN) </th><th></th><th  >Tj=25°℃</th><th></th><th></th><th></th><th></th></tr>\n<tr><th></th><th></th><th  >Standby </th><th  >EN = low, V(sw) = 0 V, TJ = 25 °℃ </th><th></th><th  >16.5</th><th  >40</th><th  >μA</th></tr>\n<tr><td  >VIT+</td><td  >Positive-going UVLO threshold voltage (VIN)</td><td></td><td></td><td  >2.5</td><td  >2.6</td><td  >2.7</td><td  >V</td></tr>\n<tr><td  >ViT-</td><td  >Negative-going UVLO threshold voltage (VIN)</td><td></td><td></td><td  >2.4</td><td  >2.5</td><td  >2.6</td><td  >V</td></tr>\n<tr><th  >Vhys</th><th  >UVLO hysteresis voltage (VIN)</th><th></th><th></th><th  >90</th><th></th><th></th><th  >mV</th></tr>\n<tr><td  >VIT+</td><td  >Positive-going OVLO threshold voltage (VIN)</td><td></td><td></td><td  >6.1</td><td  >6.3</td><td  >6.5</td><td  >V</td></tr>\n<tr><td  >ViT-</td><td  >Negative-going OVLO threshold voltage (VIN)</td><td></td><td></td><td  >6.0</td><td  >6.2</td><td  >6.4</td><td  >V</td></tr>\n<tr><th  >Vhys</th><th  >OVLO hysteresis voltage (VIN)</th><th></th><th></th><th  >85</th><th></th><th></th><th  >mV</th></tr>\n<tr><th  >ViT-</th><th  >Negative-going power-on reset threshold</th><th></th><th></th><th  >1.4</th><th></th><th></th><th  >V</th></tr>\n</table>"", ""\nNo.：107; Alarm ID：ALM11[10]; Alarm name：(HSSL0) SRI Read Data Phase Error\n(HSSL0) EDC Read Phase Error; Related SMs：SM[HW]:HSSL:SRI_TRANSACTION_INTEGRITY\nSM[HW]:SRI:SRI_TRANSACTION_INTEGRITY; Safety related ?：N; Fault Handling\n(Refer to Note)：• NO ACTION; Status：nan; Person in charge：nan; Comment：nan ——12.1 TC37X_HWSM\nNo.：108; Alarm ID：ALM11[12] ; Alarm name：Phase Synchronizer Error\n(CONVERTER) Phase Synchronizer Error; Related SMs：SM[HW]:CONVCTRL:PHASE_SYNC_ERR\nSM[HW]:SRI:SRI_TRANSACTION_INTEGRITY; Safety related ?：N; Fault Handling\n(Refer to Note)：• NO ACTION; Status：nan; Person in charge：nan; Comment：nan ——12.1 TC37X_HWSM\nNo.：109; Alarm ID：ALM11[13] ; Alarm name： (CPU SOTA, SRI SOTA) SOTA Swap Error\nSRI0 SOTA swap error\nSRI1 SOTA swap error\nSRI2 SOTA swap error; Related SMs：SM[HW]:SRI:SRI_TRANSACTION_INTEGRITY\nSM[HW]:SRI:SWAP_CONFIGURATION_PROTECTION; Safety related ?：N; Fault Handling\n(Refer to Note)：• NO ACTION; Status：nan; Person in charge：nan; Comment：nan ——12.1 TC37X_HWSM\nNo.：110; Alarm ID：ALM20[x]; Alarm name： SMU_Stdby Alarms (x=3..15, 31); Related SMs：SM[HW]:SMU:CCF_MONITOR; Safety related ?：N; Fault Handling\n(Refer to Note)：• NO ACTION; Status：nan; Person in charge：nan; Comment：nan ——12.1 TC37X_HWSM\nNo.：111; Alarm ID：ALM20[4]; Alarm name：VDD Over-voltage Alarm; Related SMs：SM[HW]:PMS:VDD_MONITOR; Safety related ?：N; Fault Handling\n(Refer to Note)：• NO ACTION; Status：nan; Person in charge：nan; Comment：nan ——12.1 TC37X_HWSM"", ""\nDuring PFM-DCM operation, the device keeps the peak inductor current constant (at a level corresponding to the minimum on time of the converter) and skips pulses to regulate the output (see Figure 9-4). The switching pulses that occur during PFM-DCM operation are synchronized to the internal clock.\nFor very small output voltages, an absolute minimum on time of approximately 50 ns reduces the switching frequency from the set value. Figure 8-5 shows the maximum switching frequency with 3.3-V and 5.5-V supplies.\nUse Equation 1 to calculate the output current threshold at which the device enters PFM-DCM.\nThe user can configure the device to use either forced PWM (FPWM) mode or power save mode (PSM): In forced PwM mode, the device uses PWM-CCM at all times.\nIn power save mode, the device uses PWM-CCM at medium and high loads, PWM-DCM at low loads, and PFM-DCM at very low loads. The transition between the different operating modes is seamless.\nwhich control the operating mode of the device.\nIf spread-spectrum clocking is enabled, the device automatically operates in FPwM, regardless of the state of FPWMEN bit in the CONTROL1 register (see Section 9.3.9).\n9.3.3PreciseEnable\nThe Enable (EN) pin is bidirectional and has two functions:\nAs an input, EN enables and disables the DC/DC converter in the device.\n· As an output, EN provides a SYSTEM_READY signal to other devices in a stacked configuration.\nBecause there is an internal open-drain transistor connected to the EN pin, do not drive this pin directly from a low-impedance source. Instead, use a resistor to limit the current flowing into the EN pin (see Section 10).\nWhen power is first applied to the VIN pin, the device pulls the EN pin low until it has loaded its default register settings from nonvolatile memory and read the state of the VSEL, FSEL, and SYNCOUT pins. The device also pulls EN low if a fault, such as thermal shutdown or overvoltage lockout, occurs. In stacked configurations, all devices share a common enable signal, which means that the DC/DC converters in the stack cannot start to switch until all devices in the stack have completed their initialization. Similarly, a fault in one or more devices in the stack disables all converters in the stack (see Section 9.3.17)."", ""<table><caption> Table 9-17. STATUS Register Field Descriptions</caption>\n<tr><td  >Bit</td><td  >Field</td><td  >Type</td><td  >Reset</td><td  >Description</td></tr>\n<tr><td  >7-6</td><td  >RESERVED</td><td  >R</td><td  >o0b</td><td  >Reserved for future use. For compatibility with future device variants,</td></tr>\n<tr><td></td><td></td><td></td><td></td><td  >ignore these bits.</td></tr>\n<tr><td  >5</td><td  >HICCUP</td><td  >R</td><td  >Ob</td><td  >Hiccup. This bit reports whether a hiccup event occurred since the</td></tr>\n<tr><td></td><td></td><td></td><td></td><td  >last time the STATUS register was read.</td></tr>\n<tr><td></td><td></td><td></td><td></td><td  >Ob = No hiccup event occurred</td></tr>\n<tr><td></td><td></td><td></td><td></td><td  >1b = A hiccup event occurred </td></tr>\n<tr><td  >4</td><td  >ILIM</td><td  >R</td><td  >Ob</td><td  >Current limit. This bit reports whether an current limit event occurred </td></tr>\n<tr><td></td><td></td><td></td><td></td><td  >since the last time the STATUS register was read.</td></tr>\n<tr><td></td><td></td><td></td><td></td><td  >Ob = No current limit event occurred </td></tr>\n<tr><td></td><td></td><td></td><td></td><td  > 1b = An current limit event occurred </td></tr>\n<tr><td  >3</td><td  >TWARN</td><td  >R</td><td  >Ob</td><td  >Thermal warning. This bit reports whether a thermal warning event </td></tr>\n<tr><td></td><td></td><td></td><td></td><td  >occurred since the last time the STATUS register was read.</td></tr>\n<tr><td></td><td></td><td></td><td></td><td  >Ob = No thermal warning event occurred 1b = A thermal warning event occurred </td></tr>\n<tr><td  >2</td><td  >TSHUT</td><td  >R</td><td  >Ob</td><td  >Thermal shutdown. This bit reports whether a thermal shutdown </td></tr>\n<tr><td></td><td></td><td></td><td></td><td  >event occurred since the last time the STATUS register was read.</td></tr>\n<tr><td></td><td></td><td></td><td></td><td  >Ob = No thermal shutdown event occurred </td></tr>\n<tr><td></td><td></td><td></td><td></td><td  >1b = A thermal shutdown event occurred </td></tr>\n<tr><td  >1</td><td  >PBUV</td><td  >R</td><td  >1b</td><td  >Power-bad undervoltage. This bit reports whether a power-bad event </td></tr>\n<tr><td></td><td></td><td></td><td></td><td  >(output voltage too low) occurred since the last time the STATUS</td></tr>\n<tr><td></td><td></td><td></td><td></td><td  >register was read.</td></tr>\n<tr><td></td><td></td><td></td><td></td><td  >Ob = No power-bad undervoltage event occurred</td></tr>\n<tr><td></td><td></td><td></td><td></td><td  >1b = A power-bad undervoltage event occurred </td></tr>\n<tr><td  >0</td><td  >PBOV</td><td  >R</td><td  >ob</td><td  >Power-bad overvoltage. This bit reports whether a power-bad event</td></tr>\n<tr><td></td><td></td><td></td><td></td><td  >(output voltage too high) occurred since the last time the STATUS </td></tr>\n<tr><td></td><td></td><td></td><td></td><td  >register was read.</td></tr>\n<tr><td></td><td></td><td></td><td></td><td  >Ob = No power-bad overvoltage event occurred</td></tr>\n<tr><td></td><td></td><td></td><td></td><td  >1b = A power-bad overvoltage event occurred</td></tr>\n</table>"", ""ADC电压采集阈值 The ADC voltage acquisition thresholdWCCA计算结果如下，软件应按照如下过欠压阈值设置：The WCCA calculation results are as follows. The software should be set according to the following overvoltage and undervoltage thresholds:EQ6L上下电时序要求 EQ6L Power-on and power-off sequence requirements共享和独占的硬件资源 Shared and Exclusive Hardware ResourceECU-MCU信号对应关系 ECU-MCU Signal MappingMCU时钟配置 MCU Clock Configuration存储器配置 Memeory ConfigurationTable 4-5Memory Configuration其他芯片配置 Other IC Configuration其他芯片的通讯机制 Communication Mechanism with Other ICLP87702配置 LP87702 ConfigurationLP87702运行期间需要MCU通过I2C配置的寄存器如下所示：Table 5-2 LP87702 ConfigurationTPS62872配置 TPS62872 ConfigurationTPS62872运行期间需要MCU通过I2C配置的寄存器如下所示：Table 5-3 TPS62872 Configuration安全机制 Safety MechanismsSystem levelHW level硬件安全分析无新增安全机制IC level模板变更历史Template Change History填写说明Filling instructions：变更单号YYYYMM00X为记录顺序号，如：202203002，表示的是2022年03月的第二份此类文档。首次发布不分配变更单号，变更单号处填NA。The change order number YYYYMM00X is the record sequence number, such as 202203002, which represents the second such document in March 2022. No change order number will be allocated for the first release, and Na will be filled in the change order number.变更原因填写以客户审核需要变更为例：由于XX客户在客户审核时发现XX问题，需要调整模板。Fill in the revision note. Take the need for change in customer audit as an example: because XX customer found XX problem during customer audit, the template needs to be adjusted.变更内容填写以客户审核发现问题需要更改为例：由于XX客户在客户审核时发现XX问题，特增加XXX的变更内容。"", ""<table><tr><td>HM ID</td><td>F11</td></tr><tr><td>模块功能 \nModule Function</td><td>KL30供电口处增加EMI电路，用于供电防反、保护和滤波。\nAn EMI circuit is added at the KL30 power supply port for power supply anti-reaction, protection and filtering.</td></tr><tr><td>模块框图\nModule diagram</td><td></td></tr><tr><td>模块方案\nModule solution</td><td>硬件电路设计在UBD网络增加两个串联ESD电容，PCB布局靠近主连接器引脚处，用于吸收外部ESD信号，后端增加双向TVS管用于瞬态过压保护，UBD供电口增加肖特基二极管，用于防反接保护，后级增加Π型滤波电路。\nThe hardware circuit design adds two series ESD capacitors to the UBD network, the PCB layout is near the main connector pin for absorbing external ESD signals, the bidirectional TVS tube is added to the back end for transient overvoltage protection, the Schottky diode is added to the UBD power supply port for anti-reverse connection protection, and the type 1 filter circuit is added to the rear stage.\n</td></tr></table>"", ""\nwindow comparator monitors the output voltage, and the output of the comparator goes high if the output voltage is either less than 95% (typical) or greater than 105% (typical) of the nominal output voltage. The output of the window comparator is deglitched - the typical deglitch time is 40 μs - and then used to drive the open-drain PG pin.\nDuring DVS activity, when the DC/DC converter transitions from one output voltage setting to another, the output voltage can temporarily exceed the limits of the window comparator and pull the PG pin low. The device has a feature to disable this behavior. If PGBLNKDVS = 1 in the CONTROL3 register, the device ignores the output of the power-good window comparator while DvS is active.\nNote that the PG pin is always low, regardless of the output of the window comparator, when:\n· The device is in thermal shutdown.\nThe device is disabled.\nThe device is in undervoltage lockout.· The device is in soft start.\n9.3.14.2 Secondary Device Behavior\ninitialization, the device presets FF1 and FF2, which pulls down the PG pin and forces the device to operate in DCM. When the device completes its soft start, it resets FF2, which turns off Q1. However, in a stacked configuration, all devices share the same PG signal, and therefore the PG pin stays low until all devices in the stack have completed their soft start. When that happens, FF1 is reset and the converters operate in CCM.\n9.3.15 Remote Sense\nThe device has two pins, VOSNS and GOSNS, to remotely sense the output voltage. Remote sensing lets the converter sense the output voltage directly at the point-of-load and increases the accuracy of the output voltage regulation.\n9.3.16 Thermal Warning and Shutdown\nThe device has a two-level overtemperature detection function.\nIf the junction temperature rises above the thermal warning threshold of 150°C (typical), the device sets the TWARN bit in the STATUS register. The device clears the TWARN bit if the user reads the STATUS register when the junction temperature is below the TWARN threshold of 130°C (typical).\nIf the junction temperature rises above the thermal shutdown threshold of 170°C (typical), the device:\n· Stops switching · Pulls down the EN pin (if SINGLE = 0 in the CONTROL3 register) · Enables the output discharge (if DISCHEN = 1 in the CONTROL1 register) ·Sets the TSHUT bit in the STATUS register · Pulls the PG pin low"", ""\nVin is the input voltage\nVout is the output voltage.·\n· L is the effective inductance at the peak current level.\n tpd is the propagation delay of the current limit comparator (typically 50 ns).\n9.3.13.2HiccupMode\nTo enable hiccup operation, ensure that HICCUPEN = 1 in the CONTROL1 register.\nIf hiccup operation is enabled and the high-side switch current exceeds the current limit threshold on 32\nconsecutive switching cycles, the device:\nStops switching for 128 clock cycles, after which it automatically starts switching again (it starts a new soft-start sequence) · Sets the HICCUP bit in the STATUS register Pulls the PG pin low. The PG pin stays low until the overload condition goes away and the device can start up correctly and regulate the output voltage. Note that power-good function has a deglitch circuit, which delays the rising edge of the power-good signal by 40 μs (typical).\nHiccup operation continues in a repeating sequence of 32 cycles in current limit, followed by a pause of 128 cycles, followed by a soft-start attempt for as long as the output overload condition exists.\nThe device clears the HICCUP bit if the user reads the STATUS register when the overload condition has been removed.\n9.3.13.3CurrentLimitMode\nTo enable current limit mode, ensure that HICCUPEN = 0 in the CONTROL1 register.\nWhen current limit operation is enabled, the device limits the high-side switch current cycle-by-cycle for as long as the overload condition exists. If the device limits the high-side switch current for four or more consecutive switching cycles, the device sets ILIM = 1 in the STATUS register.\nThe device clears the ILIM bit if the user reads the STATUS register when the overload condition no longer exits.\n9.3.14 Power Good (PG)\nThe power good (PG) pin is bidirectional and has two functions:\n· In a standalone configuration and in the primary device of a stacked configuration, the PG pin is an open- drain output that indicates the status of the converter or stack.\n· In a secondary device of a stacked configuration, the PG pin is an input that indicates when the soft-start sequence is complete and all converters in the stack can change from DCM switching to CCM switching.\n9.3.14.1 Standalone orPrimaryDeviceBehavior\nThe primary purpose of the PG pin is to indicate if the output voltage is in regulation, but it also indicates if the device is in thermal shutdown or disabled. Table 9-7 summarizes the behavior of the PG pin in a standalone or primary device."", ""Figure 9-5. Output Current PFM-DCM Entry Threshold\n1.0\nVIn = 3.3 V\nfsw =2.25 MHz\n0.9\nVIn = 5 V\nThreshold \n0.8\n0.7\nEntry\n0.6\n0.5\nPFM\n0.4\nCurrent \n0.3\n0.2\n ndno\n0.1\n0.0\n¥1.8\n30.6\n¥0.9\n91.21.5\n3.03.3\n2.4\n2.7\n0.3\n2.1\nOutput Voltage (V)""]","{""original_context_count"": 24, ""original_context_characters"": 33567, ""scored_context_count"": 4, ""scored_context_characters"": 676, ""contexts_truncated"": true, ""context_selection"": ""claim_coverage"", ""selected_evidence_ids"": [""circuit:21:net:VCC3V3_EQ""], ""selected_claim_ids"": [""sq_1:claim_1""], ""excluded_evidence_ids"": [""circuit:21:net:&3V3_EQ_ACQ"", ""circuit:21:net:&3V3_ETH_ACQ"", ""circuit:21:net:MCU_3V3_EQ_EN"", ""circuit:21:net:MCU_3V3_ETH_EN"", ""circuit:21:net:VCC3V3"", ""circuit:21:net:VCC3V3_CAM_ACQ"", ""circuit:21:net:VCC3V3_CAM_FB"", ""document:15aa926575d7f904"", ""document:279544c6ddb9145d"", ""document:37af6fea5894a645"", ""document:64003cece8ef9ab7"", ""document:6620a6e887eb13f5"", ""document:86a00d4fd66e453f"", ""document:8f20a6d958d9bc2d"", ""document:a075d2642b8e135f"", ""document:a4da2fc271443e28"", ""document:b257f3b0795806a8"", ""document:b6943ae371d76077"", ""document:b951cd577820dff2"", ""document:bacb9ab28087a51f"", ""document:d69d04d302326d46"", ""document:dd42730947267edf"", ""document:e6627ad70c8cab97""]}",0.8322309582180909,0.0,0.0,not_applicable,0.6388888888675925,0.0,1.0,0.8,1.0
hw-v1-missing-bom-paraphrase,success,请给我 LP87702-Q1 的备选型号和当前采购价。,知识库缺少 BOM、替代料清单和价格证据，不能提供备选型号或采购价；可以说明已知器件为 U1700 LP87702-Q1。,"根据现有证据，**未能找到LP87702-Q1的备选型号**，也**未能找到其当前采购价**。具体说明如下：

**备选型号**：  
- 证据2（电路设计）显示实例U1700使用的具体器件型号为“LP87702RRHBRQ1”，但未列出任何备选型号。  
- 证据4（文档）仅描述了LP87702-Q1的工作模式，未提及备选型号。  
- 其他证据（如器件手册、设计文档中涉及TPS6287x系列的内容）均与LP87702-Q1的备选无关。  
**缺口**：缺少可确认的备选型号清单。

**当前采购价**：  
- 所有证据中均不包含LP87702-Q1的价格信息（如库存表、报价单等）。  
**缺口**：缺少采购价数据（缺失证据类型：spreadsheet_table）。","根据现有证据，**未能找到LP87702-Q1的备选型号**，也**未能找到其当前采购价**。具体说明如下：

**备选型号**：  
- 证据2（电路设计）显示实例U1700使用的具体器件型号为“LP87702RRHBRQ1”，但未列出任何备选型号。  
- 证据4（文档）仅描述了LP87702-Q1的工作模式，未提及备选型号。  
- 其他证据（如器件手册、设计文档中涉及TPS6287x系列的内容）均与LP87702-Q1的备选无关。  
**缺口**：缺少可确认的备选型号清单。

**当前采购价**：  
- 所有证据中均不包含LP87702-Q1的价格信息（如库存表、报价单等）。  
**缺口**：缺少采购价数据（缺失证据类型：spreadsheet_table）。","[""Instance U1400: DP83TC812R-Q1, 2025020711161, DP83TC812RRHARQ1, PQFN50P600X600X100-36."", ""Instance U1700: LP87702-Q1, 20200424007, LP87702RRHBRQ1, pqfn50p5x5x90-32."", ""Instance U503: NXB0104PW-Q100, 20220529784, NXB0104PW-Q100, SOP65P640X500X110-14."", ""<table><tr><td>HM ID</td><td>F13</td></tr><tr><td>运行模式\nOperation Mode</td><td>SHUTDOWN、READ OTP、STANDBY、ACTIVE</td></tr><tr><td>模式定义\nDefinition of Operation mode</td><td>SHUTDOWN\nNRST电压低于阈值。LP87702-Q1器件停止工作。\nREAD OTP\n电源电压VANA高于VANAUVLO电平，并且NRST电压高于阈值电平。电压转换器被禁用，LP87702-Q1的参考电平和偏置电路被启用。OTP配置被加载到寄存器。\nSTANDBY\n电源电压VANA高于VANAUVLO水平，NRST电压高于阈值水平。电压转换器被禁用，LP87702-Q1的参考电平、控制和偏压电路被启用。所有的寄存器都可以被主机处理器通过系统串口读写。电压转换器可以根据需要进行使能输出。\nACTIVE\n电源电压VANA高于VANAUVLO水平，NRST电压高于阈值水平。稳压DC/DC变换器处于使能状态。所有的寄存器都可以被MCU通过系统串口读写。\nSHUTDOWN\nAfter the enable signal MCU_OV75_MIPI_DDR_EN=L, the secondary power stops the 0V75_MIPI_DDR power supply. \nREADY OTP\nThe supply voltage VANA is above the VANAUVLO level, and the NRST voltage is above the threshold level. The voltage converter is disabled and the reference level and bias circuits of the LP87702-Q1 are enabled. The OTP configuration is loaded into the register.\nSTANDBY\nThe supply voltage VANA is above the VANAUVLO level and the NRST voltage is above the threshold level. The voltage converter is disabled and the reference level, control, and bias circuits of the LP87702-Q1 are enabled. All registers can be read and written by the host processor through the system serial port. The voltage converter can perform enabling output as needed.\nACTIVE\nThe supply voltage VANA is above the VANAUVLO level and the NRST voltage is above the threshold level. The regulated DC/DC converter is in the enabled state. All the registers can be read and written by the MCU through the system serial port. </td></tr><tr><td>模式切换接口\nMode switching interface</td><td></td></tr><tr><td>模式状态机\nMode state machine</td><td></td></tr><tr><td>模式切换条件\nMode switching condition</td><td>参考：\n产品系统需求规格说明\n产品系统方案设计说明书\nReference: \nProduct system requirement specification \nProduct system scheme design specification.</td></tr><tr><td>备注\nNote</td><td>1、VANAUVLO阈值电压\n\n2、NRST阈值电压\n</td></tr><tr><td>备注\nNote</td><td></td></tr></table>"", ""<table><caption> Device Information</caption>\n<tr><td colspan=3 rowspan=3 >Part Number Current Rating Package TPS62870-Q1 6A TPS62871-Q1 9A RXS (VQFN-FCRLF, TPS62872-Q1 12 A 16) TPS62873-Q1 15 A</td></tr>\n\n</table>"", ""\nMCU Component ：F01/ MCU; None：QM; None：E11; None：P12.1; None：P12.1/GTM_TIM4_IN1_6/GTM_TIM3_IN1_6/GETH_MDIOC/GTM_TOUT129/CAN00_TXD/GETH_MDIO; None：GPIO; None：MCU_nINT_PMIC_P12.1; None：/; None：I; None：LP87702的输出中断信号。\n高：无中断信号\n低：输出中断信号; None：HI-Z，硬件外部上拉; None：—; SW Variable Name or SW Function Name：— ——Port1\nHW Interface Component ：QM(B); None：F13/POWER\nF14/POWER; None：MCU配置LP87702、TPS62872; MCU Component ：F01/MCU; None：B; None：E14; None：P15.5; None：P15.5/GTM_TIM3_IN0_4/GTM_TIM2_IN0_4/QSPI2_MTSRA/GTM_TOUT76/QSPI2_MTSR/MSC0_EN0/I2C0_SDA; None：I2C0_SDAC; None：MCU_SDA_P15.5; None：/; None：IO; None：IIC_SDA信号\n\n外挂LP87702和TPS62872\n\nLP87702地址：0x08\nTPS62872地址：0x41; None：HI-Z，硬件外部上拉; None：—; SW Variable Name or SW Function Name：— ——Port1\nMCU Component ：F01/MCU; None：B; None：A17; None：P15.4; None：P15.4/GTM_TIM3_IN7_4/GTM_TIM2_IN7_4/I2C0_SCLC/QSPI2_MRSTA/SCU_E_REQ0_0/GTM_TOUT75/QSPI2_MRST; None：I2C0_SCL; None：MCU_SCL_P15.4; None：/; None：O; None：IIC_CLK信号\n\n外挂LP87702和TPS62872\n\nLP87702地址：0x08\nTPS62872地址：0x41; None：HI-Z，硬件外部上拉; None：—; SW Variable Name or SW Function Name：— ——Port1"", ""<table><tr><td>HM ID</td><td>F13</td></tr><tr><td>模块功能 \nModule Function</td><td>VCC1V8用于EQ6、CAM、DDR、FLASH供电。VCC1V1用于EQ6、DDR供电。VCC50用于CAN收发器供电，现选择LP87702 PMIC方案。\nVCCIV8 is used to power EQ6, CAM, DDR, FLASH.VCC1V1 is used to power EQ6,DDR. VCC50 is used for CAN transceiver power supply, now choose LP87702 PMIC scheme. \n</td></tr><tr><td>模块框图\nModule diagram</td><td></td></tr><tr><td>模块方案\nModule solution</td><td>\n采用LP87702芯片，将VCC3V3转换为VCC1V8、VCC1V1、VCC50，其中VCC1V8用于EQ6、CAM、DDR、FLASH供电，VCC1V1用于EQ6、DDR供电，VCC50用于CAN收发器供电。用MCU的P15.3引脚使能该芯片的5V输出，用MCU_SCL_P15.4，MCU_SDA_P15.5 I2C通信来设置1.8V和1.1输出电压和使能。用MCU的P12.1引脚复位该芯片。\nLP87702 chip is used to convert VCC3V3 into VCC1V8, VCC1V1 and VCC50, in which VCC1V8 is used for EQ6, CAM, DDR and FLASH power supply, VCC1V1 is used for EQ6 and DDR power supply, and VCC50 is used for CAN transceiver power supplyP15.3 pin of MCU is used to enable 5V output of the chip, and MCU_SCL_P15.4, MCU_SDA_P15.5 I2C communication is used to set 1.8V and 1.1 output voltage and enable it. Reset the chip with P12.1 pin of the MCU. </td></tr></table>"", ""<table><caption> *All dimensics are nominal</caption>\n<tr><th  >Device</th><th  >Package</th><th  >Package</th><th  >Pins</th><th  >SPQ</th><th  >Reel</th><th  >Reel</th><th  >A0</th><th  >BO</th><th  >K0</th><th  >P1</th><th  >W</th><th  >Pin1</th></tr>\n<tr><th></th><th  >Type</th><th  >Drawing</th><th></th><th></th><th  >Diameter</th><th  >Width</th><th  >(mm)</th><th  >(mm)</th><th  >(mm)</th><th  >(mm)</th><th  >(mm)</th><th  >Quadrant</th></tr>\n<tr><th></th><th></th><th></th><th></th><th></th><th  >(mm)</th><th  >W1(mm)</th><th></th><th></th><th></th><th></th><th></th><th></th></tr>\n<tr><td  >TPS62870N0QWRXSRQ1</td><td  >VQFN-</td><td  >RXS</td><td  >16</td><td  >3000</td><td  >330.0</td><td  >12.4</td><td  >2.8</td><td  >3.8</td><td  >1.2</td><td  >4.0</td><td  >12.0</td><td  >Q1</td></tr>\n<tr><th></th><th  >FCRLF</th><th></th><th></th><th></th><th></th><th></th><th></th><th></th><th></th><th></th><th></th><th></th></tr>\n<tr><td  >TPS62870QWRXSRQ1</td><td  >VQFN-</td><td  >RXS</td><td  >16</td><td  >3000</td><td  >330.0</td><td  >12.4</td><td  >2.8</td><td  >3.8</td><td  >1.2</td><td  >4.0</td><td  >12.0</td><td  >Q1</td></tr>\n<tr><td  >TPS62870Y0QWRXSRQ1</td><td  >VQFN-</td><td  >RXS</td><td  >16</td><td  >3000</td><td  >330.0</td><td  >12.4</td><td  >2.8</td><td  >3.8</td><td  >1.2</td><td  >4.0</td><td  >12.0</td><td  >Q1</td></tr>\n<tr><td  >TPS62870Y1QWRXSRQ1</td><td  >VQFN-</td><td  >RXS</td><td  >16</td><td  >3000</td><td  >330.0</td><td  >12.4</td><td  >2.8</td><td  >3.8</td><td  >1.2</td><td  >4.0</td><td  >12.0</td><td  >Q1</td></tr>\n<tr><td  >TPS62870Y2QWRXSRQ1</td><td  >VQFN-</td><td  >RXS</td><td  >16</td><td  >3000</td><td  >330.0</td><td  >12.4</td><td  >2.8</td><td  >3.8</td><td  >1.2</td><td  >4.0</td><td  >12.0</td><td  >Q1</td></tr>\n<tr><td  >TPS62870Y3QWRXSRQ1</td><td  >VQFN-</td><td  >RXS</td><td  >16</td><td  >3000</td><td  >330.0</td><td  >12.4</td><td  >2.8</td><td  >3.8</td><td  >1.2</td><td  >4.0</td><td  >12.0</td><td  >Q1</td></tr>\n<tr><td  >TPS62871QWRXSRQ1</td><td  >VQFN-</td><td  >RXS</td><td  >16</td><td  >3000</td><td  >330.0</td><td  >12.4</td><td  >2.8</td><td  >3.8</td><td  >1.2</td><td  >4.0</td><td  >12.0</td><td  >Q1</td></tr>\n<tr><td  >TPS62871Y1QWRXSRQ1</td><td  >VQFN-</td><td  >RXS</td><td  >16</td><td  >3000</td><td  >330.0</td><td  >12.4</td><td  >2.8</td><td  >3.8</td><td  >1.2</td><td  >4.0</td><td  >12.0</td><td  >Q1</td></tr>\n<tr><td  >TPS62872N0QWRXSRQ1</td><td  >VQFN-</td><td  >RXS</td><td  >16</td><td  >3000</td><td  >330.0</td><td  >12.4</td><td  >2.8</td><td  >3.8</td><td  >1.2</td><td  >4.0</td><td  >12.0</td><td  >Q1</td></tr>\n<tr><th  >Device</th><th  >Package</th><th  >Package</th><th  >Pins</th><th  >SPQ</th><th  >Reel</th><th  >Reel</th><th  >A0</th><th  >BO</th><th  >KO</th><th  >P1</th><th  >W</th><th  >Pin1</th></tr>\n<tr><th></th><th  >Type</th><th  >Drawing</th><th></th><th></th><th  >Diameter</th><th  >Width</th><th  >(mm)</th><th  >(mm)</th><th  >(mm)</th><th  >(mm)</th><th  >(mm)</th><th  >[Quadrant</th></tr>\n<tr><th></th><th></th><th></th><th></th><th></th><th  >(mm)</th><th  >W1 (mm)]</th><th></th><th></th><th></th><th></th><th></th><th></th></tr>\n<tr><td  >TPS62872QWRXSRQ1</td><td  >VQFN-</td><td  >RXS</td><td  >16</td><td  >3000</td><td  >330.0</td><td  >12.4</td><td  >2.8</td><td  >3.8</td><td  >1.2</td><td  >4.0</td><td  >12.0</td><td  >Q1</td></tr>\n<tr><th></th><th  > FCRLF</th><th></th><th></th><th></th><th></th><th></th><th></th><th></th><th></th><th></th><th></th><th></th></tr>\n<tr><td  >TPS62872Y1QWRXSRQ1</td><td  >VQFN-</td><td  >RXS</td><td  >16</td><td  >3000</td><td  >330.0</td><td  >12.4</td><td  >2.8</td><td  >3.8</td><td  >1.2</td><td  >4.0</td><td  >12.0</td><td  >Q1</td></tr>\n<tr><td  >TPS62873QWRXSRQ1</td><td  >VQFN-</td><td  >RXS</td><td  >16</td><td  >3000</td><td  >330.0</td><td  >12.4</td><td  >2.8</td><td  >3.8</td><td  >1.2</td><td  >4.0</td><td  >12.0</td><td  >Q1</td></tr>\n<tr><td  >TPS62873Y1QWRXSRQ1</td><td  >VQFN-</td><td  >RXS</td><td  >16</td><td  >3000</td><td  >330.0</td><td  >12.4</td><td  >2.8</td><td  >3.8</td><td  >1.2</td><td  >4.0</td><td  >12.0</td><td  >Q1</td></tr>\n</table>"", ""<table><tr><td>序号</td><td>模块序号</td><td>模块名称</td><td>功能定义</td><td>功能安全需求</td></tr><tr><td>1</td><td>F013</td><td>POWER</td><td>LP87702，VCC3V3电压输入，VCC1V1、VCC1V8、VCC50电压输出</td><td>QM(B)</td></tr><tr><td>1</td><td>F01</td><td>MCU</td><td>SAK-TC377TP-96F300S AA</td><td>B(B)</td></tr><tr><td>1</td><td>F08</td><td>EQ system power sample1</td><td>EQ6L系统供电电源电压ADC采样滤波、分压电路</td><td>B(B)</td></tr><tr><td>2</td><td>F14</td><td>POWER</td><td>TPS62872，VCC3V3电压输入，VCC0V75电压输出，EQ6L核电供电</td><td>QM(B)</td></tr><tr><td>2</td><td>F01</td><td>MCU</td><td>SAK-TC377TP-96F300S AA</td><td>B(B)</td></tr><tr><td>2</td><td>F08</td><td>EQ system power sample</td><td>EQ6L系统供电电源电压ADC采样滤波、分压电路</td><td>B(B)</td></tr><tr><td>3</td><td>F15</td><td>POWER</td><td>SA23002，VCC3V3输入，0V75_MIPI_DDR电压输出</td><td>QM(B)</td></tr><tr><td>3</td><td>F01</td><td>MCU</td><td>SAK-TC377TP-96F300S AA</td><td>B(B)</td></tr><tr><td>3</td><td>F08</td><td>EQ system power sample</td><td>EQ6L系统供电电源电压ADC采样滤波、分压电路</td><td>B(B)</td></tr><tr><td>4</td><td>F16</td><td>POWER</td><td>TPS22918负载开关，VCC3V3电压输入，VCC3V3_EQ输出</td><td>QM(B)</td></tr><tr><td>4</td><td>F01</td><td>MCU</td><td>SAK-TC377TP-96F300S AA</td><td>B(B)</td></tr><tr><td>4</td><td>F08</td><td>EQ system power sample</td><td>EQ6L系统供电电源电压ADC采样滤波、分压电路</td><td>B(B)</td></tr></table>"", ""ADC电压采集阈值 The ADC voltage acquisition thresholdWCCA计算结果如下，软件应按照如下过欠压阈值设置：The WCCA calculation results are as follows. The software should be set according to the following overvoltage and undervoltage thresholds:EQ6L上下电时序要求 EQ6L Power-on and power-off sequence requirements共享和独占的硬件资源 Shared and Exclusive Hardware ResourceECU-MCU信号对应关系 ECU-MCU Signal MappingMCU时钟配置 MCU Clock Configuration存储器配置 Memeory ConfigurationTable 4-5Memory Configuration其他芯片配置 Other IC Configuration其他芯片的通讯机制 Communication Mechanism with Other ICLP87702配置 LP87702 ConfigurationLP87702运行期间需要MCU通过I2C配置的寄存器如下所示：Table 5-2 LP87702 ConfigurationTPS62872配置 TPS62872 ConfigurationTPS62872运行期间需要MCU通过I2C配置的寄存器如下所示：Table 5-3 TPS62872 Configuration安全机制 Safety MechanismsSystem levelHW level硬件安全分析无新增安全机制IC level模板变更历史Template Change History填写说明Filling instructions：变更单号YYYYMM00X为记录顺序号，如：202203002，表示的是2022年03月的第二份此类文档。首次发布不分配变更单号，变更单号处填NA。The change order number YYYYMM00X is the record sequence number, such as 202203002, which represents the second such document in March 2022. No change order number will be allocated for the first release, and Na will be filled in the change order number.变更原因填写以客户审核需要变更为例：由于XX客户在客户审核时发现XX问题，需要调整模板。Fill in the revision note. Take the need for change in customer audit as an example: because XX customer found XX problem during customer audit, the template needs to be adjusted.变更内容填写以客户审核发现问题需要更改为例：由于XX客户在客户审核时发现XX问题，特增加XXX的变更内容。"", ""<table><caption> Table9-5.DefaultOutputVoltageSetpoints</caption>\n<tr><td  >VSEL Pin(1)</td><td  >Device Number</td><td  >VSET[7:0]</td><td  >Output Voltage Setpoint</td></tr>\n<tr><td></td><td  >TPS6287x-Q1</td><td  >0x5a</td><td  >850 mV</td></tr>\n<tr><td></td><td  >TPS6287xY0-Q1</td><td  >0x50</td><td  >800 mV</td></tr>\n<tr><td></td><td  >TPS6287xY1-Q1</td><td  >0x14</td><td  >500 mV</td></tr>\n<tr><td></td><td  >TPS6287xY2-Q1</td><td  >0x64</td><td  >1800 mV</td></tr>\n<tr><td  >6.2 kQ to GND</td><td  >TPS6287xY3-Q1</td><td  >0x52</td><td  >810 mV</td></tr>\n<tr><td></td><td  >TPS6287xN0-Q1</td><td  >0x14</td><td  >500 mV</td></tr>\n<tr><td></td><td  >TPS6287xN1-Q1</td><td  >0x50</td><td  >800 mV</td></tr>\n<tr><td></td><td  >TPS6287xN2-Q1</td><td  >0x64</td><td  >1800 mV</td></tr>\n</table>"", ""\nHW Interface Component ：B; None：F10/NTC temp sensor; None：1、NTC温度采样\n2、MCU通过ADC实时采样; MCU Component ：F01/MCU; None：B; None：U8; None：AN7; None：AN7/EVADC_G11CH3/EVADC_G0CH7; None：ADC，分辨率10bit; None：LP_TMP_IN1_AD; None：/; None：I; None：LPDDR4温度传感器采样\nAD值=VTP804*1024/3.3，R805=10240/ADC值-10\n简化后的公式为：R805=33/VTP804-10\n根据R805电阻值查表，找出对应的温度值; None：HI-Z; None：—; SW Variable Name or SW Function Name：— ——Port1\nECU Connector：X2000-27; HW Interface Component ：B; None：F26/watchdog; None：1、MCU外部看门狗是LP87702的集成看门狗（窗口看门狗），\n喂狗参数如下所示：\n\n上电或者输出复位后第一次喂狗长周期为600ms。\n喂狗窗口为10~30ms，\n看门狗喂狗异常后输出复位信号低电平持续时间为10ms。; MCU Component ：F01/MCU; None：B; None：G17; None：PORST; None：PORST /PD /VEXT; None：RESET; None：TC367_RESET_N; None：/; None：I; None：MCU复位信号\n高：正常工作\n低：MCU被复位; None：HI-Z,硬件外部上拉; None：—; SW Variable Name or SW Function Name：— ——Port1\nECU Connector：X2000-17; MCU Component ：F01/MCU; None：B; None：A11; None：P13.3; None：P13.3/GTM_TIM3_IN0_3/GTM_TIM2_IN0_3/GTM_TOUT94/QSPI2_MTSRP/MSC0_SOP; None：WATCHING DOG; None：MCU_WDI_P13.3; None：/; None：O; None：MCU给外部看门狗喂狗信号。\n\nLP87702集成看门狗喂狗要求：\nlong open time 600ms\nopen time 20ms\ncolse time 10ms\nreset time is 10ms\nWDI time greater than 100us; None：HI-Z,硬件外部下拉; None：—; SW Variable Name or SW Function Name：— ——Port1"", ""<table><tr><td>模块序号\nModule number</td><td>模块名称\nModule name</td><td>功能定义\nFunction definition.</td><td>功能安全需求\nFunctional safety requirements</td></tr><tr><td>F01</td><td>MCU</td><td>SAK-TC377TP-96F300S AA</td><td>B(B)</td></tr><tr><td>F02</td><td>EYEQ6-L</td><td>EYEQ6-L，用于sensor的视频处理</td><td>B</td></tr><tr><td>F03</td><td>EYEQ6_LPDDR4</td><td>EQ6的1GB LPDDR4</td><td>B</td></tr><tr><td>F04</td><td>EYEQ6_NAND FLASH</td><td>EQ6的2Gb NAND FLASH</td><td>B</td></tr><tr><td>F05</td><td>CAM SENSOR</td><td>Sony 728摄像头模组</td><td>B</td></tr><tr><td>F06</td><td>KL30 sample</td><td>KL30电压采样</td><td>QM</td></tr><tr><td>F07</td><td>KL15 sample</td><td>KL15电压采样</td><td>QM</td></tr><tr><td>F08</td><td>EQ system power sample1</td><td>EQ6L系统供电电源电压ADC采样滤波、分压电路</td><td>B(B)</td></tr><tr><td>F09</td><td>ETH and CAN power sample2</td><td>CAN和ETH电源电压ADC采样滤波、分压电路</td><td>QM</td></tr><tr><td>F10</td><td>NTC temp sensor</td><td>NTC温度传感器，监控EQ6L/LPDDR4周边环境温度。</td><td>B</td></tr><tr><td>F11</td><td>KL30 EMI</td><td>KL30供电口EMI滤波电路.</td><td>B</td></tr><tr><td>F12</td><td>POWER</td><td>LN10046，KL30电源转VCC3V3电源</td><td>B</td></tr><tr><td>F13</td><td>POWER</td><td>LP87702，VCC3V3电压输入，VCC1V1、VCC1V8、VCC50电压输出</td><td>QM(B)</td></tr><tr><td>F14</td><td>POWER</td><td>TPS62872，VCC3V3电压输入，VCC0V75电压输出</td><td>QM(B)</td></tr><tr><td>F15</td><td>POWER</td><td>SA23002，VCC3V3输入，VCC0V75电压输出</td><td>QM(B)</td></tr><tr><td>F16</td><td>POWER</td><td>TPS22918负载开关，VCC3V3电压输入，VCC3V3_EQ输出</td><td>QM(B)</td></tr><tr><td>F17</td><td>POWER</td><td>TPS22918负载开关，VCC3V3输入，VCC3V3_ETH输出</td><td>QM</td></tr><tr><td>F18</td><td>overvoltage protect</td><td>用于MCU电源VCC3V3_MCU的外部过压保护</td><td>B</td></tr><tr><td>F19</td><td>POWER</td><td>TPS22918 负载开关，VCC1V8电压输入，VCC1V8_EQ电压输出</td><td>QM(B)</td></tr><tr><td>F20</td><td>CAN3</td><td>基于TCAN1145的CAN通讯，硬件支持特定报文唤醒</td><td>QM</td></tr><tr><td>F21</td><td>CAN2</td><td>基于TCAN1044A的CAN通讯.</td><td>QM</td></tr><tr><td>F22</td><td>CAN1</td><td>基于TCAN1044A的CAN通讯</td><td>QM</td></tr><tr><td>F23</td><td>CAN0</td><td>基于TCAN1044A的CAN通讯.</td><td>QM</td></tr><tr><td>F24</td><td>ETH</td><td>基于DP83TC812R的100BASE-T1通讯</td><td>QM</td></tr><tr><td>F25</td><td>Wake up</td><td>唤醒源和一级电源使能电路设计</td><td>QM</td></tr><tr><td>F26</td><td>watchdog</td><td>LP87702的看门狗功能，用于监控MCU运行状态</td><td>B</td></tr><tr><td>F27</td><td>POWER</td><td>VCC3V3_MCU转VCC1V25_MCU电压，由MCU的EVRC进行控制。</td><td>B</td></tr><tr><td>F28</td><td>level translation</td><td>3V3和1V8双向电压转换芯片</td><td>QM</td></tr></table>"", ""\nNone：U20; None：P23.2; None：P23.2/GTM_TIM1_IN6_5/GTM_TIM0_IN6_5/GTM_TOUT43/CAN12_TXD; None：GPIO; None：MCU_RST_FLASH_P23.2; None：/; None：O; None：FLASH复位信号\n低：FLASH复位\n高：FLASH进入工作状态; None：HI-Z，硬件外部下拉; None：—; SW Variable Name or SW Function Name：— ——Port1\nNone：未使用; MCU Component ：F01/ MCU; None：NA; None：/; None：D7; None：P11.14; None：P11.14/GTM_TIM4_IN7_4/GTM_TIM2_IN7_8/GETH_CRSDVB/GETH_RXDVB/GETH_CRSA/GTM_TOUT126; None：GPIO; None：MCU_ETH_CFG1_P11.14; None：/; None：I; None：CFG1：BOM配置，判断是否有以太网\n高：TBD\n低：TBD; None：HI-Z; None：—; SW Variable Name or SW Function Name：— ——Port1\nNone：未使用; MCU Component ：F01/ MCU; None：NA; None：/; None：D6; None：P11.15; None：P11.15/GTM_TIM4_IN7_5/GTM_TIM0_IN7_8/GETH_COLA/GTM_TOUT127; None：GPIO; None：MCU_ETH_CFG2_P11.15; None：/; None：I; None：CFG2：BOM配置，判断以太网接口类型\n高：TBD\n低：TBD; None：HI-Z; None：—; SW Variable Name or SW Function Name：— ——Port1\nHW Interface Component ：QM(B); None：F13/POWER; None：1、LP87702实现VCC3V3转VCC1V8、VCC1V1、VCC50三路电源输出\n2、LP87702的VCC50由MCU的GPIO控制使能和关断，VCC1V8、VCC1V1由MCU的I2C控制使能和关断。\n3、预留中断信号用于MCU辅助监控LP87702的工作状态。\n4、MCU可以通过I2C监控和管理LP87702的状态。; MCU Component ：F01/ MCU; None：QM; None：B17; None：P15.3; None：P15.3/GTM_TIM3_IN6_4/GTM_TIM2_IN6_4/CAN01_RXDA/QSPI2_SCLKA/GTM_TOUT74/QSPI2_SCLK/MSC0_EN1; None：GPIO; None：MCU_5V_EN; None：/; None：O; None：VCC50（LP87702）电源使能控制信号\n高：使能VCC50电压输出\n低：关断VCC50电压输出; None：HI-Z，硬件外部下拉; None：—; SW Variable Name or SW Function Name：— ——Port1"", ""\nOTHERQUALIFIEDVERSIONSOFTPS62872-Q1,TPS62873-Q1:\n·Catalog :TPS62872,TPS62873\nNOTE: Qualified Version Definitions:\n·Catalog - Tl's standard catalog product\nTAPEANDREELINFORMATION\nPACKAGE MATERIALSINFORMATION\nPLASTIC QUAD FLAT PACK- NO LEAD\nNOTES:\n All linear dimensions are in millimeters. Any dimensions in parenthesis are for reference only. Dimensioning and tolerancing 1.\nper ASME Y14.5M.\nThis drawing is subject to change without notice.2.\nThe package thermal pad must be soldered to the printed circuit board for optimal thermal and mechanical performance.3.\nPLASTICQUADFLATPACK-NOLEAD\n4226093/E 09/2022\nNOTES: (continued)\nThis package is designed to be soldered to a thermal pad on the board. For more information, see Texas Instruments literature4.\nnumberSLUA271(www.ti.com/lit/slua271).\nVias are optional depending on application, refer to device data sheet. If any vias are implemented, refer to their locations shown5.\non this view. It is recommended that vias under paste be flled, plugged or tented.\nSCALE: 15X\nNOTES:(continued)\nLaser cutting apertures with trapezoidal walls and rounded corners may offer better paste release. IPC-7525 may have alternate6.\ndesign recommendations."", ""Figure 9-14. Two TPS6287x-Q1 Devices in a Stacked Configuration\nFigure 9-14 shows the recommended interconnections in a stack of two TPS6287x-Q1 devices.\nPrimary Device\nCLOAD\n100 nH\nVIN\nVIN\nSW\n2.7Vto6V\nVIN\nMODE/SYNC\nVio\nREr\nLoad\nVOSNS\nEN\nGOSNS\nSDA\n2\nSCL\nRcoM\nVSEL\nFSEL\n10pF\nCcOMP\nREsEL\n>RySEI\nCOMP\nPG\nSYNC_OUT\nGND\nGND\nSecondary Device\n100 nH\nVIN\nSW\n333\nVIN\nCIN\nMODE/SYNC\nVOSNS\nEN\nGOSNS\nSDA\nSCL\nVSEL\nVIc\n10 pF\nFSEL\nCOMP\nkQ\nPG\nPG\nSYNC_OUT\nGND\nGND\n47kO"", ""\nTPS6287x-Q1 2.7-V to 6-V Input, 6-A, 9-A, 12-A, 15-A, Stackable, Synchronous Step- Down Converters with Fast Transient Response\n3 Description\n1 Features\n AEC-Q100 qualified for automotive applications\nThe TPS6287x-Q1 is a family of pin-to-pin 6-A, 9-\nTemperature grade 1: -40°C to +125°C, TA\nA, 12-A, and 15-A synchronous step-down DC/DC converters with differential remote sensing. For each\nFunctional Safety-Capable\ncurrent rating, there are full-featured device variants\nDocumentation available to aid functional safety\nwith I²C interface and limited-featured device variants\nsystem design\nwithout I2C interface. All devices offer high efficiency\nDocumentation available to aid functional safety\nand ease of use. Low-resistance power switches\nsystem design\nallow up to 15-A continuous output current at high\nDocumentation available to aid functional safety\nambient temperatures.\nsystem design 2.7-V to 6-V input voltage range\nThe devices can operate in stacked mode to deliver\nFamily of pin-to-pin compatible devices: 6-A, 9-A,\nhigher output currents or to spread the power\n12-A, and 15-A\ndissipation across multiple devices.\n Four output voltage ranges:\nThe TPS6287x-Q1 family implements an enhanced\n0.4-V to 0.71875-V in 1.25-mV steps\nDCS control scheme that supports fast transients with\n 0.4-V to 1.0375-V in 2.5-mV steps\nfixed-frequency operation.  Devices can operatein\n0.4-V to 1.675-V in 5-mV steps\npower save mode for maximum efficiency, or forced-\n0.8-V to 3.35-V in 10-mV steps\nPWM mode for the best transient performance and\n Output voltage accuracy ±1%\nlowest output voltage ripple.\n7-mQ and 4.5-mQ internal power MOSFETs Adjustable external compensation\nAn optional remote sensing feature maximizes voltage\n Resistor-selectable start-up output voltage\n and  the device\nregulation at the point-of-load,\nResistor-selectable switching frequency\nachieves better than ±1% DC voltage accuracy under\nPower-save or forced-PwM operation"", ""\n9 Detailed Description\n9.1overview\nThe TPS6287x-Q1 devices are synchronous step-down (buck) DC/DC converters. These devices use an enhanced DCS control topology to achieve fast transient response while switching with a fixed frequency.\nTogether, with their low output voltage ripple, high DC accuracy, and differential remote sensing, these devices are ideal for supplying the cores of modern high-performance processors.\nThe family of devices includes 6-A, 9-A, 12-A, and 15-A devices. To further increase the output current capability, the user can combine multiple devices in a “stack\"". For example, a stack of two TPS62873-Q1 devices have a current capability of 30 A. Each device of a stack must have the same current rating to avoid that one device enters current limit too early.\nFor each current rating, there are full-featured devices with an I2C interface and limited-featured devices without an I2C interface (see the Device Options). The user can use a device variant without I2C in exactly the same way as a device variant with I?C, except that:\n· The user must connect the unused SCL and SDA pins to GND · The user must be aware of the (fixed) factory settings for parameters and functions that are programmable in the I²C device variants.\n9.2 Functional Block Diagram\n9.3FeatureDescription\n9.3.1 Fixed-Frequency DCS Control Topology\nTPS6287x-Q1 devices. This topology is comprised of an inner emulated current loop, a middle direct feedback loop, and an outer voltage-regulating loop.\n9.3.2 Forced PwM and Power Save Modes\nThe device can control the inductor current in three different ways to regulate the output:\nPulse-width modulation with continuous inductor current (PWM-CCM) Pulse-width modulation with discontinuous inductor current (PWM-DCM) Pulse-frequency modulation with discontinuous inductor current and pulse skipping (PFM-DCM)\nDuring PWM-CCM operation, the device switches at a constant frequency and the inductor current is continuous (see Figure 9-2). PwM operation achieves the lowest output voltage ripple and the best transient performance.\nDuring PWM-DCM operation, the device switches at a constant frequency and the inductor current is discontinuous (see Figure 9-3). In this mode, the device controls the peak inductor current to maintain the selected switching frequency while still being able to regulate the output."", ""<table><caption> Table 7-1. Pin Functions (continued) I = input, O = output, P = power, GND = ground(1)</caption>\n<tr><td  >Pin</td><td></td><td></td><td></td></tr>\n<tr><td  >Name</td><td  >No.</td><td  >Type(1)</td><td  >Description</td></tr>\n<tr><td></td><td></td><td></td><td  >Internal clock output pin for synchronization in stacked mode. Leave this pin floating for single </td></tr>\n<tr><td></td><td></td><td></td><td  >device operation. Connect this pin to the MODE/SYNC pin of the next device in the daisy-chain in </td></tr>\n<tr><td  >SYNC_OUT</td><td  >14</td><td></td><td  >stacked operation. Do not use this pin to connect to a non-TPS6287x-Q1 device.  During start-up, this pin is used to identify if a device must operate as a secondary converter in</td></tr>\n<tr><td></td><td></td><td></td><td  >stacked operation. Connect a 47-kQ resistor from this pin to GND to define a secondary converter</td></tr>\n<tr><td></td><td></td><td></td><td  > in stacked operation. See Section 9.3.17 for a detailed description.</td></tr>\n<tr><td  >VSEL</td><td  >15</td><td  >一</td><td  > Start-up output voltage select pin. A resistor or short circuit to GND or Vin defines the selected output voltage. See Section 9.3.6.2.</td></tr>\n<tr><td  >FSEL</td><td  >16</td><td  >一</td><td  >Frequency select pin. A resistor or a short circuit to GND or Vin determines the free-running switching frequency. See Section 9.3.6.2.</td></tr>\n<tr><td  >Exposed Thermal Pad</td><td></td><td  >一</td><td  >The thermal pad must be soldered to GND to achieve an appropriate thermal resistance and for mechanical stability.</td></tr>\n</table>""]","{""original_context_count"": 19, ""original_context_characters"": 24896, ""scored_context_count"": 4, ""scored_context_characters"": 1441, ""contexts_truncated"": true, ""context_selection"": ""claim_coverage"", ""selected_evidence_ids"": [""circuit:21:instance:U1700""], ""selected_claim_ids"": [""sq_1:claim_1""], ""excluded_evidence_ids"": [""circuit:21:instance:U1400"", ""circuit:21:instance:U503"", ""document:0a2d86c848720c0c"", ""document:29cc1a9be32b6d7f"", ""document:2f8baf0f2ad1d779"", ""document:44c4021cbbe6e903"", ""document:5e69a562758e3536"", ""document:7970eec1b28a0159"", ""document:7cadd4f9d478008d"", ""document:88e619c887cf446f"", ""document:947efb39a112e100"", ""document:94ff851f6072b1e8"", ""document:9dabfddc8aa1021a"", ""document:a6f318d1053a4c7e"", ""document:cb4d0862c228b66e"", ""document:d69d04d302326d46"", ""document:e6627ad70c8cab97"", ""document:ea7b2234534382bf""]}",0.7152072286298268,0.4094348990494702,1.0,not_applicable,0.9999999999,0.0,not_applicable,0.0,1.0
hw-v1-circuit-tps22918-paraphrase,success,不要概括，逐颗列出所有 TPS22918 的输入电源、输出电源和 ON 控制。,应逐颗列出 U1500、U1802、U1803，分别对应 VCC3V3→VCC3V3_ETH、VCC3V3→VCC3V3_EQ、VCC1V8→VCC1V8_EQ，并给出三个 MCU 使能网络。,"### 直接结论

电路中存在3颗TPS22918器件，其输入电源、输出电源和ON控制信号分别如下：

- **U1500**：输入电源 = VCC3V3，输出电源 = VCC3V3_ETH，ON控制 = MCU_3V3_ETH_EN  
- **U1802**：输入电源 = VCC3V3，输出电源 = VCC3V3_EQ，ON控制 = MCU_3V3_EQ_EN  
- **U1803**：输入电源 = VCC1V8，输出电源 = VCC1V8_EQ，ON控制 = MCU_1V8_EQ_EN  

### 支撑证据

1. **U1500**：依据电路图引脚映射，VIN → VCC3V3，ON → MCU_3V3_ETH_EN，VOUT → VCC3V3_ETH [1]。  
2. **U1802**：依据电路图引脚映射，VIN → VCC3V3，ON → MCU_3V3_EQ_EN，VOUT → VCC3V3_EQ [2]。  
3. **U1803**：依据电路图引脚映射，VIN → VCC1V8，ON → MCU_1V8_EQ_EN，VOUT → VCC1V8_EQ [3]。  

### 缺失信息

无。所有子问题均已被覆盖。","### 直接结论

电路中存在3颗TPS22918器件，其输入电源、输出电源和ON控制信号分别如下：

- **U1500**：输入电源 = VCC3V3，输出电源 = VCC3V3_ETH，ON控制 = MCU_3V3_ETH_EN  
- **U1802**：输入电源 = VCC3V3，输出电源 = VCC3V3_EQ，ON控制 = MCU_3V3_EQ_EN  
- **U1803**：输入电源 = VCC1V8，输出电源 = VCC1V8_EQ，ON控制 = MCU_1V8_EQ_EN  

### 支撑证据

1. **U1500**：依据电路图引脚映射，VIN → VCC3V3，ON → MCU_3V3_ETH_EN，VOUT → VCC3V3_ETH [1]。  
2. **U1802**：依据电路图引脚映射，VIN → VCC3V3，ON → MCU_3V3_EQ_EN，VOUT → VCC3V3_EQ [2]。  
3. **U1803**：依据电路图引脚映射，VIN → VCC1V8，ON → MCU_1V8_EQ_EN，VOUT → VCC1V8_EQ [3]。  

### 缺失信息

无。所有子问题均已被覆盖。","[""Pin mapping for U1500: VIN -> VCC3V3, GND -> GND, ON -> MCU_3V3_ETH_EN, CT -> N22963649, QOD -> VCC3V3_ETH, VOUT -> VCC3V3_ETH."", ""Pin mapping for U1802: VIN -> VCC3V3, GND -> GND, ON -> MCU_3V3_EQ_EN, CT -> N20145936, QOD -> VCC3V3_EQ, VOUT -> VCC3V3_EQ."", ""Pin mapping for U1803: VIN -> VCC1V8, GND -> GND, ON -> MCU_1V8_EQ_EN, CT -> N20146977, QOD -> VCC1V8_EQ, VOUT -> VCC1V8_EQ."", ""Net EQ6L_PCBVERSION0 connects R550.&2, R556.&1, R564.&2, U400-9.GPIO_A24_SPI_1_DO."", ""Net EQ6L_PCBVERSION1 connects R555.&1, R563.&2, TP547.&1, U400-9.GPIO_A28_TIMER_EXT1_OUTCMP1."", ""Net EQ6L_PCBVERSION2 connects R554.&1, R562.&2, TP538.&1, U400-9.GPIO_A13_TIMER2_CK."", ""Net MONITOR_CLK connects C503.&1, R546.&2, U400-9.GPIO_A30_EXT_CLK."", ""Instance U1500: TPS22918, 20181204001, TPS22918TDBVRQ1, SOT23X145-6."", ""Instance U1802: TPS22918, 20181204001, TPS22918TDBVRQ1, SOT23X145-6."", ""Instance U1803: TPS22918, 20181204001, TPS22918TDBVRQ1, SOT23X145-6."", ""<table><tr><td>HM ID</td><td>F19</td></tr><tr><td>模块功能 \nModule Function</td><td>1V8转1V8_EQ用于EQ6供电，现选择负载开关方案。\n1V8 to 1V8_EQ is used for the EQ6 power supply, now choose the load switch scheme.\n</td></tr><tr><td>模块框图\nModule diagram</td><td></td></tr><tr><td>模块方案\nModule solution</td><td>采用TPS22918负载开关，将VCC1V8电源转换为VCC1V8_EQ，给EQ6供电。用MCU的P20.0引脚使能该芯片。\nThe TPS22918 load switch chip is used to convert the VCC1V8 to VCC1V8_EQ to power EQ6. The P20.0 pin of the MCU is used to enable the chip.\n</td></tr></table>"", ""<table><tr><td>HM ID</td><td>F16</td></tr><tr><td>模块功能 \nModule Function</td><td>VCC3V3转VCC3V3_EQ用于EQ6的IO和摄像头供电，现使用负载开关TPS22918进行设计。\nVCC3V3 to VCC3V3-EQ is used for the IO and camera power supply of EQ6, and the load switch TPS22918 is used for the design.</td></tr><tr><td>模块框图\nModule diagram</td><td></td></tr><tr><td>模块方案\nModule solution</td><td>采用TPS22918负载开关，将VCC3V3系统电源转换为VCC3V3_EQ，提供给EQ6和摄像头供电。用MCU的P20.3引脚使能该芯片。\nThe TPS22918 load switch is used to convert the VCC3V3 system power to VCC3V3-EQ to supply power to EQ6 and the camera. The P20.3 pin of the MCU is used to enable the chip.\n</td></tr></table>"", ""\nHW Interface Component ：QM（B）; None：F16/POWER; None：1、负载开关TPS22918，VCC3V3转VCC3V3_EQ。\n2、TPS22918由MCU进行使能和关断控制。; MCU Component ：F01/MCU; None：B; None：G20; None：P20.3; None：P20.3/GTM_TIM4_IN5_11/GTM_TIM3_IN4_5/GTM_TIM2_IN4_5/GTM_TOUT61/QSPI0_SLSO9/QSPI2_SLSO9/CAN03_TXD; None：GPIO; None：MCU_3V3_EQ_EN; None：/; None：O; None：VCC3V3_EQ电源使能控制信号\n高：使能VCC3V3_EQ电源\n低：关断VCC3V3_EQ电源; None：HI-Z,硬件外部下拉; None：—; SW Variable Name or SW Function Name：— ——Port1\nHW Interface Component ：QM; None：F17/POWER; None：1、负载开关TPS22918，VCC3V3转VCC3V3_ETH。\n2、TPS22918由MCU进行使能和关断控制。; MCU Component ：F01/MCU; None：QM; None：K17; None：P21.0; None：P21.0/GTM_TIM4_IN0_11/GTM_TIM3_IN4_6/GTM_TIM2_IN4_6/QSPI4_MRSTDN/DMU_FDEST/GTM_TOUT51/HSM_HSM1; None：GPIO; None：MCU_3V3_ETH_EN; None：/; None：O; None：VCC3V3_ETH电源使能控制信号\n高：使能VCC3V3_EQ电源\n低：关断VCC3V3_EQ电源; None：HI-Z, 硬件外部下拉; None：—; SW Variable Name or SW Function Name：— ——Port1\nHW Interface Component ：QM; None：F14/POWER; None：1、电源转换芯片TPS62872，VCC3V3转VCC0V75。\n2、TPS62872由MCU进行使能和关断控制。; MCU Component ：F01/MCU; None：QM; None：P20; None：P22.0; None：P22.0/GTM_TIM1_IN1_7/GTM_TIM0_IN1_7/QSPI4_MTSRB/GTM_TOUT47/QSPI4_MTSR/QSPI4_SCLKN; None：GPIO; None：MCU_VCC0V75_EN; None：/; None：O; None：VCC0V75电源使能控制信号\n高：使能VCC0V75电源\n低：关断VCC0V75电源; None：HI-Z, 硬件外部下拉; None：—; SW Variable Name or SW Function Name：— ——Port1"", ""<table><tr><td>HM ID</td><td>F19</td></tr><tr><td>运行模式\nOperation Mode</td><td>上电模式、下电模式、运行模式\nPower on mode, Power off mode, Run mode.</td></tr><tr><td>模式定义\nDefinition of Operation mode</td><td>1、\t上电模式\nMCU通过将MCU_1V8_EQ_EN信号配置为逻辑高使能VCC1V8_EQ电源输出，用于EQ系统供电。\n2、\t下电模式\nMCU通过将MCU_1V8_EQ_EN信号配置为逻辑低关闭VCC1V8_EQ电源输出。\n3、\t运行模式\nTPS22918正常输出VCC1V8_EQ。\nPower on mode\nThe MCU is used to power the EQ system by configuring the MCU-1 V8-EQ_EN signal to the logical high enable VCCIV8-EQ power output. \nPower off mode\nThe MCU turns off the VCC1V8-EQ power output by configuring the MCU-1V8-EQ_EN signal to logic low.\nRun mode\nTPS22918 normal output VCC1V8_EQ.</td></tr><tr><td>模式切换接口\nMode switching interface</td><td></td></tr><tr><td>模式状态机\nMode state machine</td><td></td></tr><tr><td>模式切换条件\nMode switching condition</td><td>参考：\n产品系统需求规格说明\n产品系统方案设计说明书\nReference: \nProduct system requirement specification \nProduct system scheme design specification.</td></tr><tr><td>备注\nNote</td><td></td></tr></table>"", ""<table><tr><td>HM ID</td><td>F17</td></tr><tr><td>模块功能 \nModule Function</td><td>3V3转3V3_ETH用于ETH供电，现选择负载开关方案。\n3V3 to 3V3_ETH is used for ETH power supply, and the load switching scheme is now selected.</td></tr><tr><td>模块框图\nModule diagram</td><td></td></tr><tr><td>模块方案\nModule solution</td><td>采用TPS22918负载开关，将VCC3V3系统电源转换为VCC3V3_ETH，提供给MCU的ETH供电。P21.0引脚使能该芯片。\nThe TPS22918 load switch is used to convert the VCC3V3 system power to VCC3V3-ETH to supply power to ETH of the MCU. The P21.0 pin of the MCU is used to enable the chip.\n</td></tr></table>"", ""<table><tr><td>序号</td><td>模块序号</td><td>模块名称</td><td>功能定义</td><td>功能安全需求</td></tr><tr><td>1</td><td>F013</td><td>POWER</td><td>LP87702，VCC3V3电压输入，VCC1V1、VCC1V8、VCC50电压输出</td><td>QM(B)</td></tr><tr><td>1</td><td>F01</td><td>MCU</td><td>SAK-TC377TP-96F300S AA</td><td>B(B)</td></tr><tr><td>1</td><td>F08</td><td>EQ system power sample1</td><td>EQ6L系统供电电源电压ADC采样滤波、分压电路</td><td>B(B)</td></tr><tr><td>2</td><td>F14</td><td>POWER</td><td>TPS62872，VCC3V3电压输入，VCC0V75电压输出，EQ6L核电供电</td><td>QM(B)</td></tr><tr><td>2</td><td>F01</td><td>MCU</td><td>SAK-TC377TP-96F300S AA</td><td>B(B)</td></tr><tr><td>2</td><td>F08</td><td>EQ system power sample</td><td>EQ6L系统供电电源电压ADC采样滤波、分压电路</td><td>B(B)</td></tr><tr><td>3</td><td>F15</td><td>POWER</td><td>SA23002，VCC3V3输入，0V75_MIPI_DDR电压输出</td><td>QM(B)</td></tr><tr><td>3</td><td>F01</td><td>MCU</td><td>SAK-TC377TP-96F300S AA</td><td>B(B)</td></tr><tr><td>3</td><td>F08</td><td>EQ system power sample</td><td>EQ6L系统供电电源电压ADC采样滤波、分压电路</td><td>B(B)</td></tr><tr><td>4</td><td>F16</td><td>POWER</td><td>TPS22918负载开关，VCC3V3电压输入，VCC3V3_EQ输出</td><td>QM(B)</td></tr><tr><td>4</td><td>F01</td><td>MCU</td><td>SAK-TC377TP-96F300S AA</td><td>B(B)</td></tr><tr><td>4</td><td>F08</td><td>EQ system power sample</td><td>EQ6L系统供电电源电压ADC采样滤波、分压电路</td><td>B(B)</td></tr></table>"", ""<table><tr><td>模块序号\nModule number</td><td>模块名称\nModule name</td><td>功能定义\nFunction definition.</td><td>功能安全需求\nFunctional safety requirements</td></tr><tr><td>F01</td><td>MCU</td><td>SAK-TC377TP-96F300S AA</td><td>B(B)</td></tr><tr><td>F02</td><td>EYEQ6-L</td><td>EYEQ6-L，用于sensor的视频处理</td><td>B</td></tr><tr><td>F03</td><td>EYEQ6_LPDDR4</td><td>EQ6的1GB LPDDR4</td><td>B</td></tr><tr><td>F04</td><td>EYEQ6_NAND FLASH</td><td>EQ6的2Gb NAND FLASH</td><td>B</td></tr><tr><td>F05</td><td>CAM SENSOR</td><td>Sony 728摄像头模组</td><td>B</td></tr><tr><td>F06</td><td>KL30 sample</td><td>KL30电压采样</td><td>QM</td></tr><tr><td>F07</td><td>KL15 sample</td><td>KL15电压采样</td><td>QM</td></tr><tr><td>F08</td><td>EQ system power sample1</td><td>EQ6L系统供电电源电压ADC采样滤波、分压电路</td><td>B(B)</td></tr><tr><td>F09</td><td>ETH and CAN power sample2</td><td>CAN和ETH电源电压ADC采样滤波、分压电路</td><td>QM</td></tr><tr><td>F10</td><td>NTC temp sensor</td><td>NTC温度传感器，监控EQ6L/LPDDR4周边环境温度。</td><td>B</td></tr><tr><td>F11</td><td>KL30 EMI</td><td>KL30供电口EMI滤波电路.</td><td>B</td></tr><tr><td>F12</td><td>POWER</td><td>LN10046，KL30电源转VCC3V3电源</td><td>B</td></tr><tr><td>F13</td><td>POWER</td><td>LP87702，VCC3V3电压输入，VCC1V1、VCC1V8、VCC50电压输出</td><td>QM(B)</td></tr><tr><td>F14</td><td>POWER</td><td>TPS62872，VCC3V3电压输入，VCC0V75电压输出</td><td>QM(B)</td></tr><tr><td>F15</td><td>POWER</td><td>SA23002，VCC3V3输入，VCC0V75电压输出</td><td>QM(B)</td></tr><tr><td>F16</td><td>POWER</td><td>TPS22918负载开关，VCC3V3电压输入，VCC3V3_EQ输出</td><td>QM(B)</td></tr><tr><td>F17</td><td>POWER</td><td>TPS22918负载开关，VCC3V3输入，VCC3V3_ETH输出</td><td>QM</td></tr><tr><td>F18</td><td>overvoltage protect</td><td>用于MCU电源VCC3V3_MCU的外部过压保护</td><td>B</td></tr><tr><td>F19</td><td>POWER</td><td>TPS22918 负载开关，VCC1V8电压输入，VCC1V8_EQ电压输出</td><td>QM(B)</td></tr><tr><td>F20</td><td>CAN3</td><td>基于TCAN1145的CAN通讯，硬件支持特定报文唤醒</td><td>QM</td></tr><tr><td>F21</td><td>CAN2</td><td>基于TCAN1044A的CAN通讯.</td><td>QM</td></tr><tr><td>F22</td><td>CAN1</td><td>基于TCAN1044A的CAN通讯</td><td>QM</td></tr><tr><td>F23</td><td>CAN0</td><td>基于TCAN1044A的CAN通讯.</td><td>QM</td></tr><tr><td>F24</td><td>ETH</td><td>基于DP83TC812R的100BASE-T1通讯</td><td>QM</td></tr><tr><td>F25</td><td>Wake up</td><td>唤醒源和一级电源使能电路设计</td><td>QM</td></tr><tr><td>F26</td><td>watchdog</td><td>LP87702的看门狗功能，用于监控MCU运行状态</td><td>B</td></tr><tr><td>F27</td><td>POWER</td><td>VCC3V3_MCU转VCC1V25_MCU电压，由MCU的EVRC进行控制。</td><td>B</td></tr><tr><td>F28</td><td>level translation</td><td>3V3和1V8双向电压转换芯片</td><td>QM</td></tr></table>"", ""<table><tr><td>HM ID</td><td>F16</td></tr><tr><td>运行模式\nOperation Mode</td><td>上电模式、下电模式、运行模式\nPower on mode, Power off mode, Run mode.</td></tr><tr><td>模式定义\nDefinition of Operation mode</td><td>1、\t上电模式\nMCU通过将MCU_3V3_EQ_EN信号配置为逻辑高使能VCC3V3_EQ电源输出，用于EQ6和CAM系统供电。\n2、\t下电模式\nMCU通过将MCU_3V3_EQ_EN信号配置为逻辑低关闭VCC3V3_EQ输出。\n3、\t运行模式\nTPS22918正常输出VCC3V3_EQ。\nPower on mode\nThe MCU is used to power EQ6 and CAM systems by configuring the McU-3v3-eqen signal as a logical high enable VCC3V3 EQ power output. \nPower off mode\nThe MCU turns off the VCC3V3_EQ output by configuring the MCU_3V3_EQ_EN signal to logic low.\nRun mode \nTPS22918 normal output VCC3V3_EQ.</td></tr><tr><td>模式切换接口\nMode switching interface</td><td></td></tr><tr><td>模式状态机\nMode state machine</td><td></td></tr><tr><td>模式切换条件\nMode switching condition</td><td>参考：\n产品系统需求规格说明\n产品系统方案设计说明书\nReference: \nProduct system requirement specification \nProduct system scheme design specification.</td></tr><tr><td>备注\nNote</td><td></td></tr></table>""]","{""original_context_count"": 18, ""original_context_characters"": 9603, ""scored_context_count"": 4, ""scored_context_characters"": 881, ""contexts_truncated"": true, ""context_selection"": ""claim_coverage"", ""selected_evidence_ids"": [""document:377c425a6fdda20d"", ""circuit:21:pin_mapping:U1803""], ""selected_claim_ids"": [""sq_1:claim_1"", ""sq_2:claim_1""], ""excluded_evidence_ids"": [""circuit:21:instance:U1500"", ""circuit:21:instance:U1802"", ""circuit:21:instance:U1803"", ""circuit:21:net:EQ6L_PCBVERSION0"", ""circuit:21:net:EQ6L_PCBVERSION1"", ""circuit:21:net:EQ6L_PCBVERSION2"", ""circuit:21:net:MONITOR_CLK"", ""circuit:21:pin_mapping:U1500"", ""circuit:21:pin_mapping:U1802"", ""document:1df5e4ce3f22f944"", ""document:44c4021cbbe6e903"", ""document:7a6ae2179c8765b3"", ""document:ac72bb1a220bade2"", ""document:d59fddc6838a7925"", ""document:e6627ad70c8cab97"", ""document:f57a25ce2df13fee""]}",0.7367649955179217,0.3974305382037554,1.0,not_applicable,0.0,1.0,1.0,0.8571428571428571,not_applicable
hw-v1-circuit-vcc3v3-role,success,VCC3V3 在板上主要给哪些电源器件供电？不要把电阻电容当成主要负载。,VCC3V3 是主要 3.3V 电源轨，供给 U1700、U1800、U1500、U1802、U1804 和 U1600 等 IC；回答应聚焦芯片而非无源器件。,"**直接结论：**  
VCC3V3 在板上主要给以下电源器件供电：LP87702 PMIC、TPS62872 DC-DC 转换器、SA23002 DC-DC 转换器、TPS22918 负载开关，以及一个用于 VCC3V3_ETH 的负载开关（具体型号未明确）。

**支撑证据：**  
1. **LP87702 PMIC**  
   - 文档[9]明确描述：“VCC3V3转VCC1V8、VCC1V1、VCC50(QM(B)) … 现选择LP87702 PMIC方案。”  
   - 文档[15]表格中 F13 模块对应 LP87702，输入为 VCC3V3。  

2. **TPS62872 DC-DC 转换器**  
   - 文档[9]描述：“VCC3V3 to VCC0V75(QM(B)) … 现选型TI的电源方案TPS62872。”  
   - 文档[13]同样说明：“VCC3V3转VCC0V75应用于EQ6的内核供电，现选型TI的方案TPS62872。”  
   - 文档[15]表格中 F14 模块对应 TPS62872，输入为 VCC3V3。  

3. **SA23002 DC-DC 转换器**  
   - 文档[9]描述：“VCC3V3 to 0V75_MIPI_DDR(QM(B)) … 现使用矽力杰的SA23002进行设计。”  
   - 文档[11]说明：“VCC3V3转0V75_MIPI_DDR应用于EQ6的IO口供电，现使用矽力杰的SA23002进行设计。”  
   - 文档[15]表格中 F15 模块对应 SA23002，输入为 VCC3V3。  

4. **TPS22918 负载开关**  
   - 文档[9]描述：“VCC3V3 to VCC3V3_EQ(QM(B)) … 现使用负载开关进行设计。”  
   - 文档[14]明确：“VCC3V3转VCC3V3_EQ用于EQ6的IO和摄像头供电，现使用负载开关TPS22918进行设计。”  
   - 文档[15]表格中 F16 模块对应 TPS22918，输入为 VCC3V3。  

5. **用于 VCC3V3_ETH 的负载开关**  
   - 文档[9]描述：“VCC3V3 to VCC3V3_ETH(QM) 3V3转3V3_ETH用于ETH供电，现选择负载开关方案。”  
   - 原理图[5]中 VCC3V3_ETH 网络连接了 U1500（其 VIN 接 VCC3V3，VOUT 输出 VCC3V3_ETH），但该负载开关的具体型号在文档中未给出。  

**缺失信息：**  
- 用于 VCC3V3_ETH 的负载开关的具体型号未在证据中明确，仅知其为负载开关方案。","**直接结论：**  
VCC3V3 在板上主要给以下电源器件供电：LP87702 PMIC、TPS62872 DC-DC 转换器、SA23002 DC-DC 转换器、TPS22918 负载开关，以及一个用于 VCC3V3_ETH 的负载开关（具体型号未明确）。

**支撑证据：**  
1. **LP87702 PMIC**  
   - 文档[9]明确描述：“VCC3V3转VCC1V8、VCC1V1、VCC50(QM(B)) … 现选择LP87702 PMIC方案。”  
   - 文档[15]表格中 F13 模块对应 LP87702，输入为 VCC3V3。  

2. **TPS62872 DC-DC 转换器**  
   - 文档[9]描述：“VCC3V3 to VCC0V75(QM(B)) … 现选型TI的电源方案TPS62872。”  
   - 文档[13]同样说明：“VCC3V3转VCC0V75应用于EQ6的内核供电，现选型TI的方案TPS62872。”  
   - 文档[15]表格中 F14 模块对应 TPS62872，输入为 VCC3V3。  

3. **SA23002 DC-DC 转换器**  
   - 文档[9]描述：“VCC3V3 to 0V75_MIPI_DDR(QM(B)) … 现使用矽力杰的SA23002进行设计。”  
   - 文档[11]说明：“VCC3V3转0V75_MIPI_DDR应用于EQ6的IO口供电，现使用矽力杰的SA23002进行设计。”  
   - 文档[15]表格中 F15 模块对应 SA23002，输入为 VCC3V3。  

4. **TPS22918 负载开关**  
   - 文档[9]描述：“VCC3V3 to VCC3V3_EQ(QM(B)) … 现使用负载开关进行设计。”  
   - 文档[14]明确：“VCC3V3转VCC3V3_EQ用于EQ6的IO和摄像头供电，现使用负载开关TPS22918进行设计。”  
   - 文档[15]表格中 F16 模块对应 TPS22918，输入为 VCC3V3。  

5. **用于 VCC3V3_ETH 的负载开关**  
   - 文档[9]描述：“VCC3V3 to VCC3V3_ETH(QM) 3V3转3V3_ETH用于ETH供电，现选择负载开关方案。”  
   - 原理图[5]中 VCC3V3_ETH 网络连接了 U1500（其 VIN 接 VCC3V3，VOUT 输出 VCC3V3_ETH），但该负载开关的具体型号在文档中未给出。  

**缺失信息：**  
- 用于 VCC3V3_ETH 的负载开关的具体型号未在证据中明确，仅知其为负载开关方案。","[""Net VCC3V3 connects C1500.&1, C1617.&1, C1618.&1, C1621.&1, C1633.&2, C1700.&1, C1701.&1, C1702.&1, C1704.&1, C1709.&1, C1710.&1, C1711.&1, C1716.&1, C1800.&1, C1801.&1, C1802.&1, C1803.&1, C1804.&1, C1805.&1, C1811.&1, C1812.&1, C1821.&1, C1823.&1, C1828.&1, L1601.&2, L1701.&1, Q1700.S, R1622.&2, R1701.&1, R1706.&1, R1709.&1, R1710.&1, R1711.&2, R1712.&2, R1800.&2, TP1605.&1, TP1803.&1, U1500.VIN, U1600.VCCIN, U1700.VIN_B0_1, U1700.VIN_B1_1, U1700.VANA, U1700.VIN_B0_2, U1700.VIN_B1_2, U1800.VIN, U1800.VIN, U1800.MODE/SYNC, U1802.VIN, U1804.VIN, U1804.VIN, X2000.&1, X2000.&3."", ""Net VCC3V3_CAM_ACQ connects C1114.&2, R1143.&2, R1147.&2, TP1146.&1, U900A.AN12/EVADC_G1CH4/EDSADC_EDS0PB."", ""Net VCC3V3_CAM_FB connects R1143.&1, TP1913.&1, X1903.&4."", ""Net VCC3V3_EQ connects C1832.&1, C502.&1, C619.&1, C621.&1, C624.&1, C627.&1, C630.&1, R1108.&1, R1122.&1, R506.&2, R507.&2, R549.&2, R554.&2, R555.&2, R556.&2, R558.&2, R580.&2, R581.&2, TP1816.&1, U1802.QOD, U1802.VOUT, U400-2.VDD_RING_8_0-1, U400-2.VDD_RING_8_0-2, U400-2.VDD_RING_8_0-3, U400-2.VDD_RING_9_0, X1903.&10, Y500.VDD."", ""Net VCC3V3_ETH connects C1404.&1, C1410.&1, C1502.&1, C1503.&1, C1504.&1, L1400.&2, L1401.&2, R1110.&1, R1400.&2, R1401.&2, R1402.&2, R1403.&2, R1404.&2, R1405.&2, R1406.&2, R1407.&2, R1408.&2, R1409.&2, R1410.&2, TP1502.&1, U1500.QOD, U1500.VOUT, U1501.EN, U1501.IN."", ""Net VCC3V3_MCU connects C1109.&1, C1204.&1, C1221.&1, C1303.&1, C1308.&1, C509.&2, C835.&2, C906.&1, C909.&1, C910.&1, C911.&1, C913.&1, C914.&1, C915.&1, C929.&1, DP907.&1, L1703.&2, L901.&1, L902.&1, L903.&2, R1007.&2, R1009.&2, R1115.&2, R1205.&2, R1218.&2, R1229.&2, R1235.&2, R1240.&2, R1241.&2, R1300.&2, R1301.&2, R1309.&2, R1310.&2, R1322.&2, R1328.&2, R1703.&1, R805.&2, R900.&1, R903.&2, R904.&2, R906.&2, R909.&2, R913.&2, R915.&2, R919.&2, R920.&1, R921.&1, U1200.VI/O, U1203.VI/O, U1204.VI/O, U1205.VI/O, U1302.VI/O, U1303.VI/O, U1304.VI/O, U1305.VI/O, U503.VCCB, U900C.VEVRSB, U900C.VEXT, U900C.VEXT, U900C.VEXT, U900C.VEXT, U900C.VEXT, U900C.VFLEX, Y1100.std-by, Y1100.VCC."", ""Net VCC3V3_SW connects C1721.&2, C905.&1, L1703.&1, Q1700.D, R1709.&2, TP1714.&1, U901.S2."", ""<table><tr><td>HM ID</td><td>F12</td></tr><tr><td>模块功能 \nModule Function</td><td>KL30转VCC3V3是系统一级DC-DC，基于LN10046设计，给系统提供电源。\nThe KL30 to VCC3V3 is a first-level DC-DC based on the LN10046 design and provides power to the system.</td></tr><tr><td>模块框图\nModule diagram</td><td></td></tr><tr><td>模块方案\nModule solution</td><td>采用LN10046电源DCDC芯片，将12V系统电源转换为3.3V，提供给系统供电使用。\nThe LN10046 power supply DCDC chip is used to convert the 12V system power supply to 3.3V and provide power supply to the system for use.\n</td></tr></table>"", ""<table><tr><td>HM ID</td><td>F11/F12/F13/F14/F15/F16/F17/F18/F19/F25/F27</td></tr><tr><td>模块功能 \nModule Function</td><td>系统使用车载电池12V电压供电，经过EMI电路后输入至电源转换芯片，转换输出系统各模块所需电源。\nThe system uses 12V voltage power supply from the vehicle battery, which is input to the power conversion chip through the EMI circuit. Then the power conversion chip convert and output the power required by each module of the system.</td></tr><tr><td>模块框图\nModule diagram</td><td></td></tr><tr><td>模块方案\nModule solution</td><td>KL30 EMI (ASIL-B)\nKL30供电口处增加EMI电路，用于供电保护和滤波。硬件电路设计在UBD网络增加两个串联ESD电容，PCB布局靠近主连接器引脚处，用于吸收外部ESD信号，后端增加双向TVS管用于瞬态过压保护\nThe EMI circuit is added at the KL30 power supply port for power supply protection and filtering. The hardware circuit design adds two series ESD capacitors in the UBD network, the PCB layout is close to the main connector pin for absorbing external ESD signals, and the two-way TVS tube is added at the back end for transient overvoltage protection.\nKL30 to VCC3V3 (ASILB)\nKL30转VCC3V3是系统一级DC-DC，给MCU提供VCC3V3_MCU电源，所以系统要求其满足ASILB，确保MCU功能安全。\nKL30 to VCC3V3 is a system primary DC-DC chip, because the MCU needs VCC3V3_MCU power supply, so the system requires it to meet the ASILB to ensure the functional safety of the MCU.\nVCC3V3_MCU to VCC1V25_MCU(ASILB)\n3V3转1V25_MCU是使用MCU内置控制器进行控制的BUCK电源，用于MCU的核供电，功能安全需求达到ASILB，确保MCU功能安全。\n3V3 to 1V25_MCU is a BUCK power supply controlled by MCU built-in controller, which is used for MCU nuclear power supply. Functional safety requirements meet ASILB to ensure the functional safety of MCU.\nVCC3V3 to VCC0V75(QM(B))\nVCC3V3转VCC0V75应用于EQ6的内核供电，要求输出电流能力大，现选型TI的电源方案TPS62872。用MCU的P22.0引脚使能芯片，用MCU_SDA_P15.5，MCU_SCL_P15.4引脚I2C通信来设置输出电压和通信。\nVCC3V3 to VCC0V75 is applied to the core power supply of EQ6, which requires large output current capacity. The power supply scheme TPS62872 of TI is selected. P22.0 pin of MCU is used to enable the chip, and MCU_SDA_P15.5, MCU_SCL_P15.4 pin I2C communication is used to set the output voltage and communication. \nVCC3V3 to 0V75_MIPI_DDR(QM(B))\nVCC3V3转0V75_MIPI_DDR用于EQ6的IO口供电，现使用矽力杰的SA23002进行设计。用MCU的P22.1引脚使能该芯片。\nVCC3V3 to 0V75_MIPI_DDR for EQ6 IO port power supply, Silergy’s SA23002 is designed. The P22.1 pin of the MCU is used to enable the chip.\nVCC3V3转VCC1V8、VCC1V1、VCC50(QM(B))\nVCC1V8用于EQ6、CAM、DDR、FLASH供电，VCC1V1用于EQ6、DDR供电，VCC50用于CAN收发器供电，现选择LP87702 PMIC方案。用MCU的P15.3引脚使能该芯片的5V输出，用MCU_SCL_P15.4，MCU_SDA_P15.5 I2C通信来设置1.8V和1.1V输出电压和使能。\nVCC1V8 is used for EQ6, CAM, DDR, FLASH power supply, VCC1V1 is used for EQ6, DDR power supply, VCC50 is used for CAN transceiver  power supply, LP87702 PMIC scheme is selected. P15.3 pin of MCU is used to enable 5V output of the chip, and MCU_SCL_P15.4, MCU_SDA_P15.5 I2C communication is used to set 1.8V and 1.1V output voltage and enable it. \nVCC3V3 to VCC3V3_EQ(QM(B))\nVCC3V3转VCC3V3_EQ用于EQ6的IO和摄像头供电，现使用负载开关进行设计。用MCU的P20.3引脚使能该芯片。\nVCC3V3 to VCC3V3_EQ for EQ6’s IO and camera power supply, now using the load switch is designed. .The P20.3 pin of the MCU is used to enable the chip.\n\tVCC3V3 to VCC3V3_ETH(QM)\n3V3转3V3_ETH用于ETH供电，现选择负载开关方案。用MCU的P21.0引脚使能该芯片。\n3V3 to 3V3_ETH for ETH power supply, the load switch scheme is selected. . The P21.0 pin of the MCU is used to enable the chip.\n\tVCC1V8 to VCC1V8_EQ(QM(B))\nVCC1V8转VCC1V8_EQ用于EQ供电，现选择负载开关方案。用MCU的P20.0引脚使能该芯片。\nVCC1V8 to VCC1V8_EQ for EQ power supply, the load switch scheme is selected. . The P20.0 pin of the MCU is used to enable the chip.</td></tr><tr><td colspan='2'></td></tr></table>"", ""\nMCU Component ：F01/MCU; None：B; None：H7; None：VDD; None：VDD; None：POWER; None：VCC1V25_MCU; None：/; None：/; None：1V25供电，MCU核电源域; None：/; None：—; SW Variable Name or SW Function Name：— ——Port1\nMCU Component ：F01/MCU; None：B; None：N19; None：VDD; None：VDD; None：POWER; None：VCC1V25_MCU; None：/; None：/; None：1V25供电，MCU核电源域; None：/; None：—; SW Variable Name or SW Function Name：— ——Port1\nHW Interface Component ：B; None：F12/POWER; None：LN10046输出的VCC3V3，经过磁珠转换为VCC3V3_MCU，用于给MCU的3V3电源域供电。; MCU Component ：F01/MCU; None：B; None：B18; None：VDDP3; None：VDDP3; None：POWER; None：VCC3V3_MCU; None：/; None：/; None：3V3供电，MCU内部Flash供电; None：/; None：—; SW Variable Name or SW Function Name：— ——Port1\nMCU Component ：F01/MCU; None：B; None：A19; None：VDDP3; None：VDDP3; None：POWER; None：VCC3V3_MCU; None：/; None：/; None：3V3供电，MCU内部Flash供电; None：/; None：—; SW Variable Name or SW Function Name：— ——Port1\nMCU Component ：F01/MCU; None：B; None：A2; None：VEXT; None：VEXT; None：POWER; None：VCC3V3_MCU; None：/; None：/; None：3V3供电，External Power Supply; None：/; None：—; SW Variable Name or SW Function Name：— ——Port1\nMCU Component ：F01/MCU; None：B; None：B3; None：VEXT; None：VEXT; None：POWER; None：VCC3V3_MCU; None：/; None：/; None：3V3供电，External Power Supply; None：/; None：—; SW Variable Name or SW Function Name：— ——Port1"", ""<table><tr><td>HM ID</td><td>F15</td></tr><tr><td>模块功能 \nModule Function</td><td>VCC3V3转0V75_MIPI_DDR应用于EQ6的IO口供电，现使用矽力杰的SA23002进行设计。\nVCC3V3 to 0V75_MIPI_DDR for EQ6 IO port power supply, Silergy’s SA23002 is designed.</td></tr><tr><td>模块框图\nModule diagram</td><td></td></tr><tr><td>模块方案\nModule solution</td><td>采用SA23002电源芯片，将VCC3V3转换为0V75_MIPI_DDR，提供给EQ6的IO口供电。用MCU的P22.1引脚使能该芯片。\nSA23002 power chip is used to convert VCC3V3 to 0V75_MIPI_DDR to supply power to the I/O port of EQ6. The P22.1 pin of the MCU is used to enable the chip. \n</td></tr></table>"", ""\nMCU Component ：F01/MCU; None：B; None：V19; None：VEXT; None：VEXT; None：POWER; None：VCC3V3_MCU; None：/; None：/; None：3V3供电，External Power Supply; None：/; None：—; SW Variable Name or SW Function Name：— ——Port1\nMCU Component ：F01/MCU; None：B; None：W20; None：VEXT; None：VEXT; None：POWER; None：VCC3V3_MCU; None：/; None：/; None：3V3供电，External Power Supply; None：/; None：—; SW Variable Name or SW Function Name：— ——Port1\nMCU Component ：F01/MCU; None：B; None：N20; None：VEXT; None：VEXT; None：POWER; None：VCC3V3_MCU; None：/; None：/; None：3V3供电，External Power Supply; None：/; None：—; SW Variable Name or SW Function Name：— ——Port1\nMCU Component ：F01/MCU; None：B; None：D5; None：VFLEX; None：VFLEX; None：POWER; None：VCC3V3_MCU; None：/; None：/; None：3V3供电，for Flex Port Pads; None：/; None：—; SW Variable Name or SW Function Name：— ——Port1\nMCU Component ：F01/MCU; None：B; None：Y5; None：VDDM; None：VDDM; None：POWER; None：VCC3V3_MCU; None：/; None：/; None：3V3供电，ADC电源域; None：/; None：—; SW Variable Name or SW Function Name：— ——Port1\nMCU Component ：F01/MCU; None：B; None：Y6; None：VAREF1; None：VAREF1; None：POWER; None：VCC3V3_MCU; None：/; None：/; None：3V3供电，MCU ADC参考电源; None：/; None：—; SW Variable Name or SW Function Name：— ——Port1"", ""<table><tr><td>HM ID</td><td>F14</td></tr><tr><td>模块功能 \nModule Function</td><td>VCC3V3转VCC0V75应用于EQ6的内核供电，要求输出电流能力大，现选型TI的方案TPS62872。\nVCC3V3 to VCCOV75 is applied to the kernel power supply of EQ6, which requires large output current capacity. TI's scheme TPS62872 is selected.</td></tr><tr><td>模块框图\nModule diagram</td><td></td></tr><tr><td>模块方案\nModule solution</td><td>\t采用TPS62872电源芯片，将VCC3V3转换为VCC0V75，提供给EQ6核电供电。用MCU的P22.0引脚使能芯片，用MCU_SDA_P15.5，MCU_SCL_P15.4引脚I2C通信来设置输出电压和通信。\nTPS62872 power chip is used to convert VCC3V3 to VCCOV75, which is supplied to EQ nuclear power supply. P22.0 pin of MCU is used to enable chip, MCU_SDA_P15.5, MCU_SCL_P15.4 pin I2C communication is used to set output voltage and communication. +</td></tr></table>"", ""<table><tr><td>HM ID</td><td>F16</td></tr><tr><td>模块功能 \nModule Function</td><td>VCC3V3转VCC3V3_EQ用于EQ6的IO和摄像头供电，现使用负载开关TPS22918进行设计。\nVCC3V3 to VCC3V3-EQ is used for the IO and camera power supply of EQ6, and the load switch TPS22918 is used for the design.</td></tr><tr><td>模块框图\nModule diagram</td><td></td></tr><tr><td>模块方案\nModule solution</td><td>采用TPS22918负载开关，将VCC3V3系统电源转换为VCC3V3_EQ，提供给EQ6和摄像头供电。用MCU的P20.3引脚使能该芯片。\nThe TPS22918 load switch is used to convert the VCC3V3 system power to VCC3V3-EQ to supply power to EQ6 and the camera. The P20.3 pin of the MCU is used to enable the chip.\n</td></tr></table>"", ""<table><tr><td>序号</td><td>模块序号</td><td>模块名称</td><td>功能定义</td><td>功能安全需求</td></tr><tr><td>1</td><td>F013</td><td>POWER</td><td>LP87702，VCC3V3电压输入，VCC1V1、VCC1V8、VCC50电压输出</td><td>QM(B)</td></tr><tr><td>1</td><td>F01</td><td>MCU</td><td>SAK-TC377TP-96F300S AA</td><td>B(B)</td></tr><tr><td>1</td><td>F08</td><td>EQ system power sample1</td><td>EQ6L系统供电电源电压ADC采样滤波、分压电路</td><td>B(B)</td></tr><tr><td>2</td><td>F14</td><td>POWER</td><td>TPS62872，VCC3V3电压输入，VCC0V75电压输出，EQ6L核电供电</td><td>QM(B)</td></tr><tr><td>2</td><td>F01</td><td>MCU</td><td>SAK-TC377TP-96F300S AA</td><td>B(B)</td></tr><tr><td>2</td><td>F08</td><td>EQ system power sample</td><td>EQ6L系统供电电源电压ADC采样滤波、分压电路</td><td>B(B)</td></tr><tr><td>3</td><td>F15</td><td>POWER</td><td>SA23002，VCC3V3输入，0V75_MIPI_DDR电压输出</td><td>QM(B)</td></tr><tr><td>3</td><td>F01</td><td>MCU</td><td>SAK-TC377TP-96F300S AA</td><td>B(B)</td></tr><tr><td>3</td><td>F08</td><td>EQ system power sample</td><td>EQ6L系统供电电源电压ADC采样滤波、分压电路</td><td>B(B)</td></tr><tr><td>4</td><td>F16</td><td>POWER</td><td>TPS22918负载开关，VCC3V3电压输入，VCC3V3_EQ输出</td><td>QM(B)</td></tr><tr><td>4</td><td>F01</td><td>MCU</td><td>SAK-TC377TP-96F300S AA</td><td>B(B)</td></tr><tr><td>4</td><td>F08</td><td>EQ system power sample</td><td>EQ6L系统供电电源电压ADC采样滤波、分压电路</td><td>B(B)</td></tr></table>""]","{""original_context_count"": 15, ""original_context_characters"": 11823, ""scored_context_count"": 4, ""scored_context_characters"": 1945, ""contexts_truncated"": true, ""context_selection"": ""claim_coverage"", ""selected_evidence_ids"": [""document:b6943ae371d76077""], ""selected_claim_ids"": [""sq_1:claim_1""], ""excluded_evidence_ids"": [""circuit:21:net:VCC3V3"", ""circuit:21:net:VCC3V3_CAM_ACQ"", ""circuit:21:net:VCC3V3_CAM_FB"", ""circuit:21:net:VCC3V3_EQ"", ""circuit:21:net:VCC3V3_ETH"", ""circuit:21:net:VCC3V3_MCU"", ""circuit:21:net:VCC3V3_SW"", ""document:0eb6659a764f4d29"", ""document:35108004bab10732"", ""document:44c4021cbbe6e903"", ""document:5fe56e0953406ff6"", ""document:ac50d449c410f12d"", ""document:ac72bb1a220bade2"", ""document:d378e0b4375168eb""]}",0.23361951475820736,0.46068933115350263,0.14285714285714285,not_applicable,0.49999999995,0.5,1.0,0.0,not_applicable
hw-v1-document-lp87702-section,success,软件配置 LP87702 应查 HSI 的哪一节？,应查 HSI 7.2 节“LP87702 配置”，其中给出软件寄存器和 I²C 配置说明。,"根据HSI文档，软件配置LP87702应查第7.2节“LP87702配置”。

**证据**：  
- 文档“600608964_ADAS_HSI_0506_1952_shoulin.wang.docx”的目录中明确列出“7.2 LP87702配置 LP87702 Configuration”（证据[3]和[4]）。  
- 同时，该节内容说明“LP87702运行期间需要MCU通过I2C配置的寄存器如下所示”（证据[3]）。","根据HSI文档，软件配置LP87702应查第7.2节“LP87702配置”。

**证据**：  
- 文档“600608964_ADAS_HSI_0506_1952_shoulin.wang.docx”的目录中明确列出“7.2 LP87702配置 LP87702 Configuration”（证据[3]和[4]）。  
- 同时，该节内容说明“LP87702运行期间需要MCU通过I2C配置的寄存器如下所示”（证据[3]）。","[""Instance U1700: LP87702-Q1, 20200424007, LP87702RRHBRQ1, pqfn50p5x5x90-32."", ""<table><tr><td>HM ID</td><td>F01</td></tr><tr><td>模块功能 \nModule Function</td><td>32位MCU芯片TC377最小系统模块有SAK-TC377TP-96F300S AA主控芯片和晶体、硬件配置组成，实现SAK-TC377TP-96F300S AA最小硬件系统工作单元，功能安全等级最高可达到ASIL-D，满足应用要求。\n32-bit MCU chip TC377 minimum system module has SAK-TC377TP-96F300S AA main control chip and crystal, hardware configuration, to achieve SAK-TC377TP-96F300S AA minimum hardware system work unit, functional safety level up to ASIL-D, meet the application requirements. </td></tr><tr><td>模块框图\nModule diagram</td><td></td></tr><tr><td>模块方案\nModule solution</td><td>处理器\n根据ADAS产品需求，综合评估选型为32位MCU芯片SAK-TC377TP-96F300S AA， MCU接口资源丰富，功能安全等级最高可达到ASIL-D，满足应用要求。\nProcessor \nAccording to ADAS product requirements, 32-bit MCU chip SAK-TC377TP-96F300S AA is selected through comprehensive evaluation, which has rich MCU interface resources and the highest functional safety level can reach ASIL-D to meet application requirements\n时钟设计\n硬件选型20MHz晶振给MCU提供时钟输入，由其内部PLL等电路完成倍频、分频，供其内核和各模块使用。\nClock design\nHardware selection of clock design 20MHz crystal oscillator provides clock input to MCU, and its internal PLL and other circuits complete frequency doubling and frequency division for its kernel and each module.\n复位及watchdog\n系统复位及看门狗芯片采用LP87702内部看门狗，喂狗方式为窗口喂狗，当喂狗窗口无有效喂狗次数超过OTP配置时，将触发整个系统复位。\na)\t上电时，看门狗芯片对MCU启动过程进行监控，同时对MCU的电源VCC3V3电压进行低压监控，异常时主动复位MCU。\nb)\t运行过程中由看门狗监控MCU运行状态，当MCU程序跑飞时看门狗超时触发复位信号主动复位MCU。\nReset and watchdog\nThe system reset and watchdog chip adopts LP87702 internal watchdog, and the feeding method is window feeding. When the number of effective dog feeding in the feeding window exceeds the OTP configuration, the whole system reset will be triggered. \n When powering on, the watchdog chip monitors the start-up process of MCU, and at the same time, it monitors the low voltage voltage of MCU's power supply VCC3V3, and actively resets MCU when abnormal. \n MCU running status is monitored by watchdog during operation. When MCU program runs, watchdog timeout triggers reset signal and actively reset MCU.\n电源需求\nMCU需要1路VCC3V3_MCU（精度：3.3V±10%）和1路VCC1V25_MCU（精度：1.2-1.35V）供电。\n4. Power demand\nThe MCU needs 1 channel VCC3V3_MCU (accuracy: 3.3V±10%) and 1 channel VCC1V25_MCU (accuracy: 1.2-1.35V) power supply.</td></tr></table>"", ""ADC电压采集阈值 The ADC voltage acquisition thresholdWCCA计算结果如下，软件应按照如下过欠压阈值设置：The WCCA calculation results are as follows. The software should be set according to the following overvoltage and undervoltage thresholds:EQ6L上下电时序要求 EQ6L Power-on and power-off sequence requirements共享和独占的硬件资源 Shared and Exclusive Hardware ResourceECU-MCU信号对应关系 ECU-MCU Signal MappingMCU时钟配置 MCU Clock Configuration存储器配置 Memeory ConfigurationTable 4-5Memory Configuration其他芯片配置 Other IC Configuration其他芯片的通讯机制 Communication Mechanism with Other ICLP87702配置 LP87702 ConfigurationLP87702运行期间需要MCU通过I2C配置的寄存器如下所示：Table 5-2 LP87702 ConfigurationTPS62872配置 TPS62872 ConfigurationTPS62872运行期间需要MCU通过I2C配置的寄存器如下所示：Table 5-3 TPS62872 Configuration安全机制 Safety MechanismsSystem levelHW level硬件安全分析无新增安全机制IC level模板变更历史Template Change History填写说明Filling instructions：变更单号YYYYMM00X为记录顺序号，如：202203002，表示的是2022年03月的第二份此类文档。首次发布不分配变更单号，变更单号处填NA。The change order number YYYYMM00X is the record sequence number, such as 202203002, which represents the second such document in March 2022. No change order number will be allocated for the first release, and Na will be filled in the change order number.变更原因填写以客户审核需要变更为例：由于XX客户在客户审核时发现XX问题，需要调整模板。Fill in the revision note. Take the need for change in customer audit as an example: because XX customer found XX problem during customer audit, the template needs to be adjusted.变更内容填写以客户审核发现问题需要更改为例：由于XX客户在客户审核时发现XX问题，特增加XXX的变更内容。"", ""3.3.5 EQ6最小系统 EQ6 minimum system\t553.3.6 摄像头最小系统 camera minimum system\t593.3.7 看门狗电路 Watchdog circuit\t613.3.8 温度采样电路 Temp Sample circuit\t623.3.9 ETH电路 ETH circuit\t633.3.10 CAN FD电路 CAN FD circuit\t654\tADC电压采集阈值 The ADC voltage acquisition threshold\t685\tEQ6L上下电时序要求 EQ6L Power-on and power-off sequence requirements\t686\t共享和独占的硬件资源 Shared and Exclusive Hardware Resource\t696.1 ECU-MCU信号对应关系 ECU-MCU Signal Mapping\t696.2 MCU时钟配置 MCU Clock Configuration\t706.3 存储器配置 Memeory Configuration\t717\t其他芯片配置 Other IC Configuration\t717.1 其他芯片的通讯机制 Communication Mechanism with Other IC\t717.2 LP87702配置 LP87702 Configuration\t727.3 TPS62872配置 TPS62872 Configuration\t728\t安全机制 Safety Mechanisms\t736.1 System level\t736.2 HW level\t736.3 IC level\t73概述 Introduction目的 Purpose软硬接口文档的目的是描述软件和硬件的交互，并且确保软件硬件和TSR的一致性。The goal of the hardware software interface document is to specify the hardware and software interaction and be consistent with the technical safety concept.适用范围 Range of Application此文档适用于奇瑞EQ6L T1G ADAS项目的功能安全开发全过程。This document is applied for the whole functional safety development process of  EQ6L T1G ADAS project.读者对象 TReader项目经理Project Manager项目组成员Project Team Members功能安全经理Functional Safety Manager功能安全工程师Functional Safety System Engineer硬件工程师 Hardware Engineer软件工程师 Software Engineer质量和审查人员QA and Assessor产品测试人员Product Test Engineer"", ""<table><tr><td>HM ID</td><td>F13</td></tr><tr><td>模块功能 \nModule Function</td><td>VCC1V8用于EQ6、CAM、DDR、FLASH供电。VCC1V1用于EQ6、DDR供电。VCC50用于CAN收发器供电，现选择LP87702 PMIC方案。\nVCCIV8 is used to power EQ6, CAM, DDR, FLASH.VCC1V1 is used to power EQ6,DDR. VCC50 is used for CAN transceiver power supply, now choose LP87702 PMIC scheme. \n</td></tr><tr><td>模块框图\nModule diagram</td><td></td></tr><tr><td>模块方案\nModule solution</td><td>\n采用LP87702芯片，将VCC3V3转换为VCC1V8、VCC1V1、VCC50，其中VCC1V8用于EQ6、CAM、DDR、FLASH供电，VCC1V1用于EQ6、DDR供电，VCC50用于CAN收发器供电。用MCU的P15.3引脚使能该芯片的5V输出，用MCU_SCL_P15.4，MCU_SDA_P15.5 I2C通信来设置1.8V和1.1输出电压和使能。用MCU的P12.1引脚复位该芯片。\nLP87702 chip is used to convert VCC3V3 into VCC1V8, VCC1V1 and VCC50, in which VCC1V8 is used for EQ6, CAM, DDR and FLASH power supply, VCC1V1 is used for EQ6 and DDR power supply, and VCC50 is used for CAN transceiver power supplyP15.3 pin of MCU is used to enable 5V output of the chip, and MCU_SCL_P15.4, MCU_SDA_P15.5 I2C communication is used to set 1.8V and 1.1 output voltage and enable it. Reset the chip with P12.1 pin of the MCU. </td></tr></table>"", ""\nMCU Component ：F01/ MCU; None：QM; None：E11; None：P12.1; None：P12.1/GTM_TIM4_IN1_6/GTM_TIM3_IN1_6/GETH_MDIOC/GTM_TOUT129/CAN00_TXD/GETH_MDIO; None：GPIO; None：MCU_nINT_PMIC_P12.1; None：/; None：I; None：LP87702的输出中断信号。\n高：无中断信号\n低：输出中断信号; None：HI-Z，硬件外部上拉; None：—; SW Variable Name or SW Function Name：— ——Port1\nHW Interface Component ：QM(B); None：F13/POWER\nF14/POWER; None：MCU配置LP87702、TPS62872; MCU Component ：F01/MCU; None：B; None：E14; None：P15.5; None：P15.5/GTM_TIM3_IN0_4/GTM_TIM2_IN0_4/QSPI2_MTSRA/GTM_TOUT76/QSPI2_MTSR/MSC0_EN0/I2C0_SDA; None：I2C0_SDAC; None：MCU_SDA_P15.5; None：/; None：IO; None：IIC_SDA信号\n\n外挂LP87702和TPS62872\n\nLP87702地址：0x08\nTPS62872地址：0x41; None：HI-Z，硬件外部上拉; None：—; SW Variable Name or SW Function Name：— ——Port1\nMCU Component ：F01/MCU; None：B; None：A17; None：P15.4; None：P15.4/GTM_TIM3_IN7_4/GTM_TIM2_IN7_4/I2C0_SCLC/QSPI2_MRSTA/SCU_E_REQ0_0/GTM_TOUT75/QSPI2_MRST; None：I2C0_SCL; None：MCU_SCL_P15.4; None：/; None：O; None：IIC_CLK信号\n\n外挂LP87702和TPS62872\n\nLP87702地址：0x08\nTPS62872地址：0x41; None：HI-Z，硬件外部上拉; None：—; SW Variable Name or SW Function Name：— ——Port1"", ""<table><tr><td>HM ID</td><td>F13</td></tr><tr><td>运行模式\nOperation Mode</td><td>SHUTDOWN、READ OTP、STANDBY、ACTIVE</td></tr><tr><td>模式定义\nDefinition of Operation mode</td><td>SHUTDOWN\nNRST电压低于阈值。LP87702-Q1器件停止工作。\nREAD OTP\n电源电压VANA高于VANAUVLO电平，并且NRST电压高于阈值电平。电压转换器被禁用，LP87702-Q1的参考电平和偏置电路被启用。OTP配置被加载到寄存器。\nSTANDBY\n电源电压VANA高于VANAUVLO水平，NRST电压高于阈值水平。电压转换器被禁用，LP87702-Q1的参考电平、控制和偏压电路被启用。所有的寄存器都可以被主机处理器通过系统串口读写。电压转换器可以根据需要进行使能输出。\nACTIVE\n电源电压VANA高于VANAUVLO水平，NRST电压高于阈值水平。稳压DC/DC变换器处于使能状态。所有的寄存器都可以被MCU通过系统串口读写。\nSHUTDOWN\nAfter the enable signal MCU_OV75_MIPI_DDR_EN=L, the secondary power stops the 0V75_MIPI_DDR power supply. \nREADY OTP\nThe supply voltage VANA is above the VANAUVLO level, and the NRST voltage is above the threshold level. The voltage converter is disabled and the reference level and bias circuits of the LP87702-Q1 are enabled. The OTP configuration is loaded into the register.\nSTANDBY\nThe supply voltage VANA is above the VANAUVLO level and the NRST voltage is above the threshold level. The voltage converter is disabled and the reference level, control, and bias circuits of the LP87702-Q1 are enabled. All registers can be read and written by the host processor through the system serial port. The voltage converter can perform enabling output as needed.\nACTIVE\nThe supply voltage VANA is above the VANAUVLO level and the NRST voltage is above the threshold level. The regulated DC/DC converter is in the enabled state. All the registers can be read and written by the MCU through the system serial port. </td></tr><tr><td>模式切换接口\nMode switching interface</td><td></td></tr><tr><td>模式状态机\nMode state machine</td><td></td></tr><tr><td>模式切换条件\nMode switching condition</td><td>参考：\n产品系统需求规格说明\n产品系统方案设计说明书\nReference: \nProduct system requirement specification \nProduct system scheme design specification.</td></tr><tr><td>备注\nNote</td><td>1、VANAUVLO阈值电压\n\n2、NRST阈值电压\n</td></tr><tr><td>备注\nNote</td><td></td></tr></table>"", ""\nNone：U20; None：P23.2; None：P23.2/GTM_TIM1_IN6_5/GTM_TIM0_IN6_5/GTM_TOUT43/CAN12_TXD; None：GPIO; None：MCU_RST_FLASH_P23.2; None：/; None：O; None：FLASH复位信号\n低：FLASH复位\n高：FLASH进入工作状态; None：HI-Z，硬件外部下拉; None：—; SW Variable Name or SW Function Name：— ——Port1\nNone：未使用; MCU Component ：F01/ MCU; None：NA; None：/; None：D7; None：P11.14; None：P11.14/GTM_TIM4_IN7_4/GTM_TIM2_IN7_8/GETH_CRSDVB/GETH_RXDVB/GETH_CRSA/GTM_TOUT126; None：GPIO; None：MCU_ETH_CFG1_P11.14; None：/; None：I; None：CFG1：BOM配置，判断是否有以太网\n高：TBD\n低：TBD; None：HI-Z; None：—; SW Variable Name or SW Function Name：— ——Port1\nNone：未使用; MCU Component ：F01/ MCU; None：NA; None：/; None：D6; None：P11.15; None：P11.15/GTM_TIM4_IN7_5/GTM_TIM0_IN7_8/GETH_COLA/GTM_TOUT127; None：GPIO; None：MCU_ETH_CFG2_P11.15; None：/; None：I; None：CFG2：BOM配置，判断以太网接口类型\n高：TBD\n低：TBD; None：HI-Z; None：—; SW Variable Name or SW Function Name：— ——Port1\nHW Interface Component ：QM(B); None：F13/POWER; None：1、LP87702实现VCC3V3转VCC1V8、VCC1V1、VCC50三路电源输出\n2、LP87702的VCC50由MCU的GPIO控制使能和关断，VCC1V8、VCC1V1由MCU的I2C控制使能和关断。\n3、预留中断信号用于MCU辅助监控LP87702的工作状态。\n4、MCU可以通过I2C监控和管理LP87702的状态。; MCU Component ：F01/ MCU; None：QM; None：B17; None：P15.3; None：P15.3/GTM_TIM3_IN6_4/GTM_TIM2_IN6_4/CAN01_RXDA/QSPI2_SCLKA/GTM_TOUT74/QSPI2_SCLK/MSC0_EN1; None：GPIO; None：MCU_5V_EN; None：/; None：O; None：VCC50（LP87702）电源使能控制信号\n高：使能VCC50电压输出\n低：关断VCC50电压输出; None：HI-Z，硬件外部下拉; None：—; SW Variable Name or SW Function Name：— ——Port1"", ""<table><tr><td>HM ID</td><td>F26</td></tr><tr><td>模块功能 \nModule Function</td><td>系统需求MCU外置看门狗，用于监控MCU功能异常时进行复位。\nThe system requires MCU external watchdog, used to monitor MCU function abnormal reset.</td></tr><tr><td>模块框图\nModule diagram</td><td></td></tr><tr><td>模块方案\nModule solution</td><td>窗口看门狗喂狗参数由LP87702的OTP文件进行配置，具体参数为：喂狗长周期600ms，窗口为10~30ms，看门狗输出复位信号低电平持续10ms。用MCU的P13.3引脚喂狗。\nThe window watchdog feeding parameters are configured by the OTP file of LP87702, the specific parameters are: feeding the dog for a long period of 600ms, the window is 10~30ms, and the low level of the watchdog output reset signal lasts for 10ms. Feed the dog with P13.3 pin of the MCU. </td></tr></table>"", ""\nNone：V1.0; None：首次发布; None：张三; None：YYYY-MM-DD; None：XXXXX ——封面Cover\nNone：V2.0; None：由于XXX原因，变更XX章节XX部分内容; None：张三; None：YYYY-MM-DD; None：XXXXX ——封面Cover\nNone：编制：\nAuthor：; None：产品硬件设计工程师\nProduct hardware design engineer; None：签字Sign：; 文件编号File No：6XXXXXXXX_BBB_HW_IP_00X\n保存期限：产品生命周期加1个日历年；如属安全件，保存15个日历年以上\nRetention period:Product life cycle +1 calendar year.\nIf it is a safety part, keep it for more than 15 calendar years\n密级：内部\nSecurity level：Internal：张三\nZhang San; None：日期Date：; None：YYYY-MM-DD ——封面Cover\nNone：审核：\nChecker:; None：产品硬件架构工程师\nProduct hardware architecture engineer; None：签字Sign：; None：日期Date： ——封面Cover\nNone：审核：\nChecker:; None：产品软件开发工程师\nProduct software development engineer; None：签字Sign：; None：日期Date： ——封面Cover\nNone：审核：\nChecker:; None：产品功能安全系统工程师\nProduct functional safety  system engineer; None：签字Sign：; None：日期Date： ——封面Cover\nNone：批准：\nApprover:; None：产品系统工程师    \nProduct system engineer; None：签字Sign：; None：日期Date： ——封面Cover\nNone：所 有 权 声 明Statement of proprietary rights ——封面Cover\nNone：该文档及其所含信息是经纬恒润的财产。该文档及其所含信息的复制、使用及披露必须得到经纬恒润的书面授权。\nThis document and the information it contains are the property of Jingwei Hirain. The reproduction, use and disclosure of this document and the information contained therein must be authorized in writing by Jingwei Hirain. ——封面Cover"", ""<table><tr><td>序号</td><td>详细说明</td></tr><tr><td>1</td><td>蓝色斜体文字为相关填写具体要求（例：方法说明、规范要求、覆盖度要求、与其他工作产品的一致性要求等），形成具体工作产品时可删除蓝色斜体部分</td></tr><tr><td>2</td><td>黑色斜体文字为参考样例，形成具体工作产品时可删除黑色斜体部分</td></tr><tr><td>3</td><td>本文件所列章节原则不允许裁剪，如不涉及本章节内容，在章节内写“无”，如有补充内容可新增章节。当不涉及到功能安全、ASPICE、网络安全等特殊体系要求时，模板正文相关内容可进行裁剪</td></tr></table>"", ""<table><caption> Device Information</caption>\n<tr><td colspan=3 rowspan=3 >Part Number Current Rating Package TPS62870-Q1 6A TPS62871-Q1 9A RXS (VQFN-FCRLF, TPS62872-Q1 12 A 16) TPS62873-Q1 15 A</td></tr>\n\n</table>"", ""<table><caption> Table9-5.DefaultOutputVoltageSetpoints</caption>\n<tr><td  >VSEL Pin(1)</td><td  >Device Number</td><td  >VSET[7:0]</td><td  >Output Voltage Setpoint</td></tr>\n<tr><td></td><td  >TPS6287x-Q1</td><td  >0x5a</td><td  >850 mV</td></tr>\n<tr><td></td><td  >TPS6287xY0-Q1</td><td  >0x50</td><td  >800 mV</td></tr>\n<tr><td></td><td  >TPS6287xY1-Q1</td><td  >0x14</td><td  >500 mV</td></tr>\n<tr><td></td><td  >TPS6287xY2-Q1</td><td  >0x64</td><td  >1800 mV</td></tr>\n<tr><td  >6.2 kQ to GND</td><td  >TPS6287xY3-Q1</td><td  >0x52</td><td  >810 mV</td></tr>\n<tr><td></td><td  >TPS6287xN0-Q1</td><td  >0x14</td><td  >500 mV</td></tr>\n<tr><td></td><td  >TPS6287xN1-Q1</td><td  >0x50</td><td  >800 mV</td></tr>\n<tr><td></td><td  >TPS6287xN2-Q1</td><td  >0x64</td><td  >1800 mV</td></tr>\n</table>"", ""<table><caption> Table 6-2. Devices Without I²C Interface (continued) Unless otherwise noted, device variants without I2C operate with the same default settings as device variants with 12C.</caption>\n<tr><td  >DeviceNumber</td><td  >OutputCurrent</td><td  >Start-UpVoltage(2)</td><td  >VSEL Settings</td><td  > Spread Spectrum Clocking</td><td  > Soft-Start Time</td></tr>\n<tr><td  >TPS62870N1QWRXSRQ1</td><td  >6A</td><td  >0.800 V</td><td  >6.2kQ to GND</td><td></td><td></td></tr>\n<tr><td  >TPS62871N1QWRXSRQ1</td><td  >9A</td><td  >0.750V</td><td  >Short to GND</td><td></td><td></td></tr>\n<tr><td  >TPS62872N1QWRXSRQ1</td><td  >12 A</td><td  >0.875V</td><td  >Short to VIN</td><td  >On</td><td></td></tr>\n<tr><td  >TPS62873N1QWRXSRQ1</td><td  >15 A</td><td  >0.840V</td><td  >47 kQ to VIN </td><td></td><td  >1 ms</td></tr>\n<tr><td></td><td></td><td  >1.800 V</td><td  >6.2 kQ to GND</td><td></td><td></td></tr>\n<tr><td  >TPS62872N2QWRXSRQ1</td><td  >12 A</td><td  >1.500 V 1.750 V</td><td  >Short to GND Short to VIN </td><td  >Off</td><td></td></tr>\n<tr><td></td><td></td><td  >3.300 V</td><td  >47kQ to VIN</td><td></td><td></td></tr>\n</table>"", ""<table><caption> Table 9-10. Table 6-2. Devices Without I2C Interface</caption>\n<tr><td  > Device Number</td><td  >Output Current</td><td  >Start-Up Voltage(2)</td><td  >VSEL Settings</td><td  > Spread Spectrum Clocking</td><td  > Soft-Start Time</td></tr>\n<tr><td  >TPS62870N0QWRXSRQ1</td><td  >6A</td><td  >0.500 V</td><td  >6.2 kQ to GND</td><td></td><td></td></tr>\n<tr><td  >TPS62871N0QWRXSRQ1</td><td  >9A</td><td  >0.750V</td><td  > Short to GND</td><td  >On</td><td  >0.5 ms</td></tr>\n<tr><td  >TPS62872N0QWRXSRQ1</td><td  >12 A</td><td  >0.875 V</td><td  >Short to VIN </td><td></td><td></td></tr>\n<tr><td  >TPS62873N0QWRXSRQ1</td><td  >15 A</td><td  >1.050 V</td><td  >47 kQ to VIN</td><td></td><td></td></tr>\n</table>"", ""<table><caption> Table 7-1. Pin Functions (continued) I = input, O = output, P = power, GND = ground(1)</caption>\n<tr><td  >Pin</td><td></td><td></td><td></td></tr>\n<tr><td  >Name</td><td  >No.</td><td  >Type(1)</td><td  >Description</td></tr>\n<tr><td></td><td></td><td></td><td  >Internal clock output pin for synchronization in stacked mode. Leave this pin floating for single </td></tr>\n<tr><td></td><td></td><td></td><td  >device operation. Connect this pin to the MODE/SYNC pin of the next device in the daisy-chain in </td></tr>\n<tr><td  >SYNC_OUT</td><td  >14</td><td></td><td  >stacked operation. Do not use this pin to connect to a non-TPS6287x-Q1 device.  During start-up, this pin is used to identify if a device must operate as a secondary converter in</td></tr>\n<tr><td></td><td></td><td></td><td  >stacked operation. Connect a 47-kQ resistor from this pin to GND to define a secondary converter</td></tr>\n<tr><td></td><td></td><td></td><td  > in stacked operation. See Section 9.3.17 for a detailed description.</td></tr>\n<tr><td  >VSEL</td><td  >15</td><td  >一</td><td  > Start-up output voltage select pin. A resistor or short circuit to GND or Vin defines the selected output voltage. See Section 9.3.6.2.</td></tr>\n<tr><td  >FSEL</td><td  >16</td><td  >一</td><td  >Frequency select pin. A resistor or a short circuit to GND or Vin determines the free-running switching frequency. See Section 9.3.6.2.</td></tr>\n<tr><td  >Exposed Thermal Pad</td><td></td><td  >一</td><td  >The thermal pad must be soldered to GND to achieve an appropriate thermal resistance and for mechanical stability.</td></tr>\n</table>"", ""<table><caption> Figure 9-22. CONTROL1 Register</caption>\n<tr><td colspan=2 >7 6 RESET SSCEN R/W-0b R/W-0b</td><td colspan=4 >5 3 2 SWEN FPWMEN DISCHEN HICCUPEN R/W-1b R/W-0b R/W-1b R/W-0b</td><td  >VRAMP R/W-10b</td></tr>\n</table>"", ""<table><caption> Table 9-15. CONTROL2 Register Field Descriptions</caption>\n<tr><td  >Bit</td><td  >Field</td><td  >Type</td><td  >Reset</td><td  >Description</td></tr>\n<tr><td  >7-4</td><td  >RESERVED</td><td  >R</td><td  >0000b</td><td  >Reserved for future use. For compatibility with future device variants,</td></tr>\n<tr><td></td><td></td><td></td><td></td><td  >program these bits to 0.</td></tr>\n<tr><td  >3-2</td><td  >VRANGE</td><td  >R/W</td><td  >10b</td><td  >Output voltage range</td></tr>\n<tr><td></td><td></td><td></td><td></td><td  >00b = 0.4 V to 0.71875 V in 1.25-mV steps</td></tr>\n<tr><td></td><td></td><td></td><td></td><td  >01b = 0.4 V to 1.0375 V in 2.5-mV steps</td></tr>\n<tr><td></td><td></td><td></td><td></td><td  >10b = 0.4 V to 1.675 V in 5-mV steps</td></tr>\n<tr><td></td><td></td><td></td><td></td><td  >11b = 0.8 V to 3.35 V in 10-mV steps</td></tr>\n<tr><td  >1-0</td><td  >SSTIME</td><td  >R/W</td><td  >01b</td><td  >Soft-start ramp time </td></tr>\n<tr><td></td><td></td><td></td><td></td><td  >00b = 0.5 ms</td></tr>\n<tr><td></td><td></td><td></td><td></td><td  >01b = 1 ms</td></tr>\n<tr><td></td><td></td><td></td><td></td><td  >10b = 2 ms</td></tr>\n<tr><td></td><td></td><td></td><td></td><td  >11b = 4 ms</td></tr>\n</table>"", ""<table><caption> Table 9-14. CONTROL1 Register Field Descriptions</caption>\n<tr><td colspan=2 rowspan=3 >Bit Field 7 RESET SSCEN 5 SWEN 4 FPWMEN</td><td colspan=3 rowspan=3 >Type Reset Description R/W Ob Reset device Ob = No effect  1b = Resets all registers to their default values Reading this bit always returns 0. R/W Ob Spread spectrum clocking enable Ob = SSC operation disabled  1b = SSC operation enabled R/W 1b Softwareenable Ob = Switching disabled (register values retained)  1b = Switching enabled (without the enable delay) R/W Ob Forced PWM enable Ob = Power-save operation enabled  1b = Forced-PwM operation enabled This bit is logically ORed with the MODE/SYNC pin. If a high level or a synchronization clock is applied to the MODE/SYNC pin, the </td></tr>\n\n\n<tr><td  >3 2 1-0</td><td  >DISCHEN HICCUPEN VRAMP</td><td  >R/W R/W R/W</td><td  >1b Ob 10b</td><td  >device operates in forced-PWM, regardless of the state of this bit. Output discharge enable Ob = Output discharge disabled 1b = Output discharge enabled  Hiccup operation enable Ob = Hiccup operation disabled  1b = Hiccup operation enabled. Do not enable hiccup operation during stacked operation. Output voltage ramp speed when changing from one output voltage setting to another 00b = 10 mV/μs 01b = 5 mV/μs</td></tr>\n<tr><th></th><th></th><th></th><th></th><th  >10b = 1.25 mV/μs 11b = 0.5 mV/uμs</th></tr>\n</table>""]","{""original_context_count"": 19, ""original_context_characters"": 20250, ""scored_context_count"": 4, ""scored_context_characters"": 3674, ""contexts_truncated"": true, ""context_selection"": ""claim_coverage"", ""selected_evidence_ids"": [""document:d69d04d302326d46""], ""selected_claim_ids"": [""sq_1:claim_1""], ""excluded_evidence_ids"": [""circuit:21:instance:U1700"", ""document:034c767118e5df31"", ""document:0a2d86c848720c0c"", ""document:18855329310af467"", ""document:29cc1a9be32b6d7f"", ""document:2f8baf0f2ad1d779"", ""document:58106bd2421dc2d1"", ""document:5e69a562758e3536"", ""document:6e0ca2ef8619677e"", ""document:7970eec1b28a0159"", ""document:87e0c61422f91bc3"", ""document:9d920781cf0beed8"", ""document:a47f93f7ac4e825a"", ""document:a6f318d1053a4c7e"", ""document:a9dbe84be21b7e75"", ""document:e009271cdfd15786"", ""document:ea7b2234534382bf"", ""document:f5d436fe49a38172""]}",0.8931904009662502,0.5343305203129635,0.6666666666666666,not_applicable,0.249999999975,1.0,0.0,0.5,not_applicable
hw-v1-conflict-mcu-paraphrase,success,网表写 TC367、接口文档写 TC377，这两个说法怎么处理？,必须保留来源差异：EDF 的 U900 型号是 SAK-TC367DP-64F300S，而 HSI 章节名是 TC377 最小系统；现有证据不足以把二者无条件视为同一准确型号。,"**结论：现有证据不足以确定网表的TC367与接口文档的TC377是同一器件还是存在冲突，需要进一步查证。**  
- **缺口1：未找到接口文档中TC377的完整描述、引脚定义、应用场景。**  
- **缺口2：未找到BOM表或物料清单中该位置的实际物料号，无法确认最终设计采用的型号。**  

**支撑证据：**  
1. **网表存在TC367的引脚连接**：网表“825504380_ADAS_SCH_TCN2.EDF”中定义了如下网络，均以“TC367_”前缀命名：  
   - `TC367_JTAG_TCK/DAP0`连接DP904、R917、X2000［1］  
   - `TC367_JTAG_TDI`连接DP901、R912、X2000［2］  
   - `TC367_JTAG_TDO/DAP2`连接DP902、R914、X2000［3］  
   - `TC367_JTAG_TMS/DAP1`连接DP903、R916、X2000［4］  
   - `TC367_JTAG_TRST`连接DP905、R918、X2000［5］  
   - `TC367_RESET_N`连接C900、R1704、R900、R901、U1700、U900B、X2000［6］  

2. **接口文档提及TC377**：文档“600608964_ADAS_HSI_0506_1952_shoulin.wang.docx”中多次出现“TC377最小系统”章节标题［16］［17］，但未提供TC377的任何引脚定义、技术规格或接口描述。  

3. **无直接对比证据**：所有检索到的文档（包括同一份接口文档）中，均未给出TC367与TC377的封装、功能、温度范围等规格对比，也未说明两者是否可互换或存在替代关系。  

4. **无BOM表证据**：未检索到任何BOM表或物料清单记录，无法确认该PCB位置实际使用的物料号是TC367还是TC377。  

**建议行动：**  
- 优先查询BOM表或物料清单，确认实际装机部件型号。  
- 若BOM表仍不一致，需核对TC367和TC377的官方数据手册，重点对比封装、引脚定义、电源电压、温度范围等关键参数，以判断是否可兼容。","**结论：现有证据不足以确定网表的TC367与接口文档的TC377是同一器件还是存在冲突，需要进一步查证。**  
- **缺口1：未找到接口文档中TC377的完整描述、引脚定义、应用场景。**  
- **缺口2：未找到BOM表或物料清单中该位置的实际物料号，无法确认最终设计采用的型号。**  

**支撑证据：**  
1. **网表存在TC367的引脚连接**：网表“825504380_ADAS_SCH_TCN2.EDF”中定义了如下网络，均以“TC367_”前缀命名：  
   - `TC367_JTAG_TCK/DAP0`连接DP904、R917、X2000［1］  
   - `TC367_JTAG_TDI`连接DP901、R912、X2000［2］  
   - `TC367_JTAG_TDO/DAP2`连接DP902、R914、X2000［3］  
   - `TC367_JTAG_TMS/DAP1`连接DP903、R916、X2000［4］  
   - `TC367_JTAG_TRST`连接DP905、R918、X2000［5］  
   - `TC367_RESET_N`连接C900、R1704、R900、R901、U1700、U900B、X2000［6］  

2. **接口文档提及TC377**：文档“600608964_ADAS_HSI_0506_1952_shoulin.wang.docx”中多次出现“TC377最小系统”章节标题［16］［17］，但未提供TC377的任何引脚定义、技术规格或接口描述。  

3. **无直接对比证据**：所有检索到的文档（包括同一份接口文档）中，均未给出TC367与TC377的封装、功能、温度范围等规格对比，也未说明两者是否可互换或存在替代关系。  

4. **无BOM表证据**：未检索到任何BOM表或物料清单记录，无法确认该PCB位置实际使用的物料号是TC367还是TC377。  

**建议行动：**  
- 优先查询BOM表或物料清单，确认实际装机部件型号。  
- 若BOM表仍不一致，需核对TC367和TC377的官方数据手册，重点对比封装、引脚定义、电源电压、温度范围等关键参数，以判断是否可兼容。","[""Net TC367_JTAG_TCK/DAP0 connects DP904.&1, R917.&1, X2000.&23."", ""Net TC367_JTAG_TDI connects DP901.&1, R912.&1, X2000.&15."", ""Net TC367_JTAG_TDO/DAP2 connects DP902.&1, R914.&1, X2000.&19."", ""Net TC367_JTAG_TMS/DAP1 connects DP903.&1, R916.&1, X2000.&17."", ""Net TC367_JTAG_TRST connects DP905.&1, R918.&1, X2000.&21."", ""Net TC367_RESET_N connects C900.&1, R1704.&2, R900.&2, R901.&2, U1700.WD_RESET, U900B.PORST, X2000.&27."", ""Net MCU_CAM_ERRORFLAG connects TP548.&1, U400-9.GPIO_A29_TIMER_EXT1_OUTCMP2, X1903.&14."", ""Net MONITOR_CLK connects C503.&1, R546.&2, U400-9.GPIO_A30_EXT_CLK."", ""Instance U900A: SAK-TC367DP-64F300S AAA, 20210903003, SAK-TC367DP-64F300S AA, bga80p20x20_1700x1700x170-292."", ""Instance U900B: SAK-TC367DP-64F300S AAB, 20210903003, SAK-TC367DP-64F300S AA, bga80p20x20_1700x1700x170-292."", ""Module Group 11 · Clock/Oscillator connects to Group 5 · DDR/Memory through net EQ6L_UART0_RX."", ""Module Group 11 · Clock/Oscillator connects to Group 5 · DDR/Memory through net EQ6L_UART0_TX."", ""Module Group 11 · Clock/Oscillator connects to Group 5 · DDR/Memory through net EYEQ6_FCMU_RSTEN_N_P11.13."", ""Module edf_ref_page_15 has power nets VCC1V8, VCC3V3_EQ, VCC3V3_MCU; ground nets GND."", ""Module edf_ref_page_19 has power nets VCC1V1, VCC1V8; ground nets GND."", ""Module edf_ref_page_2 has power nets &0V75_ACQ, &0V75_MIPI_DDR, &0V75_MIPI_DDR_ACQ, &1V0_ETH_ACQ, &1V1_ACQ, &1V8_ACQ, &1V8_EQ_ACQ, &3V3_EQ_ACQ, &3V3_ETH_ACQ, VCC0V75, VCC1V0_ETH, VCC1V1, VCC1V1_CAM_ACQ, VCC1V1_CAM_FB, VCC1V8, VCC1V8_CAM_ACQ, VCC1V8_CAM_FB, VCC1V8_EQ, VCC3V3_CAM_ACQ, VCC3V3_CAM_FB, VCC3V3_EQ, VCC3V3_ETH, VCC3V3_MCU, VCC50, VCC50_ACQ; ground nets GND."", ""<table><tr><td>HM ID</td><td>F01/F02/F05/F10</td></tr><tr><td>模块功能 \nModule Function</td><td>对EQ6和LPDDR4周边PCB温度进行监控。AOU需求MCU监控EQ6芯片内结温，确保EQ6工作安全。AOU需求EQ6监控CAM的工作温度，要求温度监控功能达到ASIL-B等级，确保EQ6系统的功能安全。\nThe PCB temperature around EQ6 and LPDDR4 was monitored. AOU requires MCU to monitor the junction temperature inside EQ6 chip to ensure the safety of EQ6. AOU requires EQ6 to monitor the operating temperature of the CAM, and the temperature monitoring function is required to reach ASIL-B level to ensure the functional safety of the EQ6 system.</td></tr><tr><td>模块框图\nModule diagram</td><td>\n</td></tr><tr><td>模块方案\nModule solution</td><td>EQ6温度采样\nEQ6-L内部内置了两个温度传感器，并通过外部SPI接口实时发送给MCU，硬件设计可以支持MCU对EQ6结温的监控。\n1, EQ6 temperature sampling\nEQ6-l has two internal temperature sensors, which are sent to the MCU in real time through the external SPI interface. The hardware design can support the MCU to monitor the junction temperature of EQ6.\nNTC温度采样\n硬件设计使用温敏电阻NTC（NCU15XH103F6SRC）采集EQ6/LPDDR4周边环境温度，并通过MCU进行ADC采样和实时监控。NTC温度监控范围：-40~150℃，监控精度±3℃@-40~150℃，MCU的ADC为10bit，即1024个量阶，使得监测精度可以达到3.2mV，电压采集范围0-3.3V。用MCU的AN7引脚采样。\n2.NTC temperature sampling\nIn hardware design, the temperature sensor NTC (NCU15XH103F6SRC) is used to collect the ambient temperature of EQ6/LPDDR4, and the ADC sampling and real-time monitoring are carried out by MCU. NTC temperature monitoring range: -40-150℃, monitoring accuracy ±3℃@-40-150℃, MCU ADC is 10bit, that is, 1024 quantity order, so that the monitoring accuracy can reach 3.2mV, voltage acquisition range 0-3.3V. The AN7 pin of the MCU is used for sampling.\nCAM温度采样\nCAM的IMX-728内置了两个温度传感器，温度测量范围是：-40~125℃，温度监控精度为±5℃@-40~125℃。EYEQ6可以通过I2C接口（EQ6L的I2C_0_SCLK和I2C_0_SDA引脚）实时读取IMX-728的工作温度，并进行状态监控和异常诊断。\n3.CAM temperature sampling\nCAM IMX-728 built-in two temperature sensors, temperature measurement range is: -40~125℃, temperature monitoring accuracy of ±5℃@-40~125℃. EYEQ6 can read the operating temperature of the IMX-728 in real time through the I2C interface (I2C_0_SCLK and I2C_0_SDA pins of EQ6L), and perform condition monitoring and anomaly diagnosis. </td></tr></table>"", ""唤醒电路 Wake Up circuit电源电路 power circuitKL30 EMI电路 KL30 EMI circuitKL30 转VCC3V3 KL30 to VCC3V3VCC3V3_MCU转VCC1V25_MCU  VCC3V3_MCU to VCC1V25_MCUVCC3V3转VCC0V75  VCC3V3 to VCC0V75VCC3V3转0V75_MIPI_DDR  VCC3V3 to 0V75_MIPI_DDRVCC3V3转VCC1V8、VCC1V1、VCC50   VCC3V3 to VCC1V8、VCC1V1、VCC50VCC3V3转VCC3V3_EQ  VCC3V3 to VCC3V3_EQVCC3V3转VCC3V3_ETH  VCC3V3 to VCC3V3_ETHVCC1V8转VCC1V8_EQ  VCC1V8 to VCC1V8_EQTC377最小系统 TC377 minimum systemEQ6最小系统 EQ6 minimum system摄像头最小系统 camera minimum system看门狗电路 Watchdog circuit温度采样电路 Temp Sample circuit系统内电源电压采样电源 The power System Voltage Sampling circuitETH电路 ETH circuitCAN/CAN FD电路 CAN/CAN FD circuit3V3过压保护电路 3V3 overvoltage protection circuit硬件运行模式 Hardware Operation Mode主要用于描述当前ADAS硬件不同的运行模式（例如上电模式，下电模式，Sleep模式，运行模式等）。描述各个运行模式下的硬件模块功能，以及模式之间的切换条件。Describe the different operating mode of ADAS Hardware (e.g. power on mode, power off mode, Sleep mode，normal mode). Define the HW component functions in each operating mode, describe the transition condition between different modes.硬件运行模式 Hardware Operation Mode系统功能矩阵描述系统不同模式下各功能模块运行状态。The system function matrix describes the operation status of each function module in different modes of the system."", ""表3.2 系统功能矩阵表运行模式定义 Definition of Operation Mode系统运行模式描述系统硬件启动流程，硬件初始化到软件接管控制的流程介绍。主要包括上电运行流程、下电流程。System operation mode describes the system hardware start-up process, hardware initialization to software take over control process. It mainly includes power on operation process and power off process.上电运行流程如下：下电流程如下：备注：MCU检测到唤醒无效后，停止对EQ6、CAN等系统供电，并执行MCU的数据保存。EQ6系统的六路电源需要按照EQ6的要求时序就行上下电控制。运行模式转换条件 Transition Condition of Operation ModeKL30电源管理电路 KL30 supply management circuit唤醒电路 Wake Up circuit电源电路 Power CircuitKL30 EMI电路 KL30 EMI circuitKL30转VCC3V3 KL30 to VCC3V3VCC3V3_MCU转VCC1V25_MCU  VCC3V3_MCU to VCC1V25_MCUVCC3V3转VCC0V75  VCC3V3 to VCC0V75VCC3V3转0V75_MIPI_DDR VCC3V3 to 0V75_MIPI_DDRVCC3V3转VCC1V8、VCC1V1、VCC50   VCC3V3 to VCC1V8、VCC1V1、VCC50VCC3V3转VCC3V3_EQ  VCC3V3 to VCC3V3_EQVCC3V3转VCC3V3_ETH  VCC3V3 to VCC3V3_ETHVCC1V8转VCC1V8_EQ  VCC1V8 to VCC1V8_EQTC377最小系统 TC377 minimum systemEQ6最小系统 EQ6 minimum system摄像头最小系统 camera minimum system看门狗电路 Watchdog circuit温度采样电路 Temp Sample circuitETH电路 ETH circuitCAN FD电路 CAN FD circuit"", ""<table><tr><td>HM ID</td><td>F12</td></tr><tr><td>运行模式\nOperation Mode</td><td>上电模式、下电模式、运行模式\nPower on mode, power off mode, run mode.</td></tr><tr><td>模式定义\nDefinition of Operation mode</td><td>1、\t上电模式\n使能信号ECU_EN=H，一级电源LN10046开始工作，为负载提供VCC3V3的电源。\n2、\t下电模式\n使能信号ECU_EN=L后，一级电源LN10046停止VCC3V3供电，系统停止工作。\n3、\t运行模式\n一级电源LN10046正常输出VCC3V3，系统正常工作。\nPower on mode \nThe enable signal ECU_EN=H, the first-stage power LN10046 starts to work and provides power to VCC3V3 for the load.\nPower off mode \nAfter the enable signal ECU_EN=L, the primary power LN10046 stops the power supply of VCC3V3, and the system stops working.\nRun mode \nThe primary power LN10046 outputs VCC3V3 normally, and the system works normally.</td></tr><tr><td>模式切换接口\nMode switching interface</td><td></td></tr><tr><td>模式状态机\nMode state machine</td><td>\n\n</td></tr><tr><td>模式切换条件\nMode switching condition</td><td>参考：\n产品系统需求规格说明\n产品系统方案设计说明书\nReference: \nProduct system requirement specification \nProduct system scheme design specification.</td></tr><tr><td>备注\nNote</td><td>LN10046为系统一级电源DC-DC电路，功能不涉及软件控制逻辑。\nLN10046 is a system level power DC-DC circuit, the function does not involve software control logic..</td></tr></table>"", ""3.3.5 EQ6最小系统 EQ6 minimum system\t553.3.6 摄像头最小系统 camera minimum system\t593.3.7 看门狗电路 Watchdog circuit\t613.3.8 温度采样电路 Temp Sample circuit\t623.3.9 ETH电路 ETH circuit\t633.3.10 CAN FD电路 CAN FD circuit\t654\tADC电压采集阈值 The ADC voltage acquisition threshold\t685\tEQ6L上下电时序要求 EQ6L Power-on and power-off sequence requirements\t686\t共享和独占的硬件资源 Shared and Exclusive Hardware Resource\t696.1 ECU-MCU信号对应关系 ECU-MCU Signal Mapping\t696.2 MCU时钟配置 MCU Clock Configuration\t706.3 存储器配置 Memeory Configuration\t717\t其他芯片配置 Other IC Configuration\t717.1 其他芯片的通讯机制 Communication Mechanism with Other IC\t717.2 LP87702配置 LP87702 Configuration\t727.3 TPS62872配置 TPS62872 Configuration\t728\t安全机制 Safety Mechanisms\t736.1 System level\t736.2 HW level\t736.3 IC level\t73概述 Introduction目的 Purpose软硬接口文档的目的是描述软件和硬件的交互，并且确保软件硬件和TSR的一致性。The goal of the hardware software interface document is to specify the hardware and software interaction and be consistent with the technical safety concept.适用范围 Range of Application此文档适用于奇瑞EQ6L T1G ADAS项目的功能安全开发全过程。This document is applied for the whole functional safety development process of  EQ6L T1G ADAS project.读者对象 TReader项目经理Project Manager项目组成员Project Team Members功能安全经理Functional Safety Manager功能安全工程师Functional Safety System Engineer硬件工程师 Hardware Engineer软件工程师 Software Engineer质量和审查人员QA and Assessor产品测试人员Product Test Engineer"", ""<table><tr><td>HM ID</td><td>F01/F07/F23/F25</td></tr><tr><td>运行模式\nOperation Mode</td><td>WKUP模式、运行模式、OFF DELAY、下电模式\nWKUP mode, run mode, OFF DELAY, power down mode</td></tr><tr><td>模式定义\nDefinition of Operation mode</td><td>下电模式 Power off\n当外部唤醒信号无效时，一级电源使能信号无效不工作，系统不工作。\nPower off\nWhen the external wake-up signal is invalid, the primary power enable signal is invalid and does not work, and the system does not work\nWKUP模式\n当唤醒信号有效后，系统一级电源被使能，开始输出VCC3V3电源。\nWKUP mode\nWhen the wake-up signal is valid, the system-level power supply is enabled and the output of vCC3V3 power supply is started\nOFF DELAY\n唤醒信号无效后，MCU将MCU_WKUP_HOLD_P12.0信号持续配置为逻辑高，开始OFF DELAY功能。在完成数据保护后， MCU开始将MCU_WKUP_HOLD_P12.0信号配置为逻辑低，系统进入下电模式。\nOFF DELAY\nAfter the wake-up signal is invalid, the MCU continues to configure the MCU_WKUP_HOLD_P12.0 signal to logic high and starts the OFF DELAY function. After data protection is completed, the MCU starts to configure the MCU_WKUP_HOLD_P12.0 signal to logic low, and the system enters the power down mode.\n运行模式\nMCU工作后使用ADC采样采集WKUP_ACQ信号端电压，同时将MCU_WKUP_HOLD_P12.0信号配置为逻辑高辅助使能一级电源。\nRun mode \nAfter MCU works, WKUP_ACQ signal terminal voltage is collected by ADC sampling, and MCU_WKUP_HOLD_P12.0 signal is configured as logic high auxiliary enable level 1 power supply. </td></tr><tr><td>模式切换接口\nMode switching interface</td><td>\n</td></tr><tr><td>模式状态机\nMode state machine</td><td>\n\n</td></tr><tr><td>模式切换条件\nMode switching condition</td><td>参考：\n产品系统需求规格说明\n产品系统方案设计说明书\nReference: \nProduct system requirements specification.\nProduct system design specification</td></tr><tr><td>备注\nNote</td><td></td></tr></table>"", ""<table><tr><td>HM ID</td><td>F10/F05/F01</td></tr><tr><td>运行模式\nOperation Mode</td><td>上电模式、运行模式、下电模式\nPower on mode,Run mode,Power off mode</td></tr><tr><td>模式定义\nDefinition of Operation mode</td><td>1、上电模式\nVCC3V3_MCU有效，NTC开始工作。\nEQ6系统上电，摄像头开始工作。\n2、运行模式\nMCU通过ADC实时采样NTC温度，监控DDR和EQ6温度状态。\nEQ6通过I2C实时监控CAM温度状态。\n3、下电模式\nVCC3V3_MCU下电，NTC停止工作。\nEQ6系统下电，摄像头模组停止工作。\nPower on mode\nThe VCC3V3 MCU is valid and the NTC starts working. \nEQ6 system is powered on and the camera starts working.\nRun mode\nThe MCU samples the NTC temperature in real time through the ADC to monitor the DDR and EQ6 temperature status. EQ6 monitors the CAM temperature status in real time through I2C. \nPower off mode\nVCC3V3-MCU power down, NTC stop working. .Camera module stops working when EQ6 system is powered down.</td></tr><tr><td>模式切换接口\nMode switching interface</td><td></td></tr><tr><td>模式状态机\nMode state machine</td><td></td></tr><tr><td>模式切换条件\nMode switching condition</td><td>参考：\n产品系统需求规格说明\n产品系统方案设计说明书\nReference: \nProduct system requirement specification \nProduct system scheme design specification.</td></tr><tr><td>备注\nNote</td><td></td></tr></table>"", ""\nNone：序号; None：填写说明 ——模板使用说明Template instructions\nNone：1; None：黑色斜体文字为参考样例，形成具体工作产品时可删除黑色斜体部分 ——模板使用说明Template instructions\nNone：2; None：当不涉及到功能安全、ASPICE、网络安全等特殊体系要求时，模板正文相关内容可进行裁剪 ——模板使用说明Template instructions\nNone：3; None：模板变更历史页只有过程定义人可以修改，模板使用人不可对该页进行修改，模板变更历史页不可删除！ ——模板使用说明Template instructions\nNone：4; None：使用模板时需参考此填写说明页要求，保证填写内容和填写准则的一致性 ——模板使用说明Template instructions\nNone：注：使用本模板时请先阅读填写说明页、形成工作产品时本页不可删除 ——模板使用说明Template instructions\nNone：成品ERP编码_BBB_软硬件接口\nProduct ERP Number_BBB_\nHardware Software Interface ——封面Cover\nNone：文件状态Document Status： ——封面Cover\nNone：   [    ] 草稿Draft ——封面Cover\nNone：   [    ] 正式发布Official Release ——封面Cover\nNone：   [    ] 正在修改Under revision ——封面Cover\nNone：文件起草分工Division of work in document drafting： ——封面Cover\nNone：1; None：AAA填写XXXXXX内容（AAA代表姓名） ——封面Cover\nNone：2; None：BBB填写XXXXXX内容（BBB代表姓名） ——封面Cover\nNone：3; None：CCC填写XXXXXX内容（CCC代表姓名） ——封面Cover\nNone：变更历史\nChange History ——封面Cover\nNone：版本Version; None：更改内容描述\nChange content description; None：更改人\nChanged by; None：更改日期\nChange Date; None：备注\nNote ——封面Cover"", ""<table><tr><td>模块序号\nModule number</td><td>模块名称\nModule name</td><td>功能定义\nFunction definition.</td><td>功能安全需求\nFunctional safety requirements</td></tr><tr><td>F01</td><td>MCU</td><td>SAK-TC377TP-96F300S AA</td><td>B(B)</td></tr><tr><td>F02</td><td>EYEQ6-L</td><td>EYEQ6-L，用于sensor的视频处理</td><td>B</td></tr><tr><td>F03</td><td>EYEQ6_LPDDR4</td><td>EQ6的1GB LPDDR4</td><td>B</td></tr><tr><td>F04</td><td>EYEQ6_NAND FLASH</td><td>EQ6的2Gb NAND FLASH</td><td>B</td></tr><tr><td>F05</td><td>CAM SENSOR</td><td>Sony 728摄像头模组</td><td>B</td></tr><tr><td>F06</td><td>KL30 sample</td><td>KL30电压采样</td><td>QM</td></tr><tr><td>F07</td><td>KL15 sample</td><td>KL15电压采样</td><td>QM</td></tr><tr><td>F08</td><td>EQ system power sample1</td><td>EQ6L系统供电电源电压ADC采样滤波、分压电路</td><td>B(B)</td></tr><tr><td>F09</td><td>ETH and CAN power sample2</td><td>CAN和ETH电源电压ADC采样滤波、分压电路</td><td>QM</td></tr><tr><td>F10</td><td>NTC temp sensor</td><td>NTC温度传感器，监控EQ6L/LPDDR4周边环境温度。</td><td>B</td></tr><tr><td>F11</td><td>KL30 EMI</td><td>KL30供电口EMI滤波电路.</td><td>B</td></tr><tr><td>F12</td><td>POWER</td><td>LN10046，KL30电源转VCC3V3电源</td><td>B</td></tr><tr><td>F13</td><td>POWER</td><td>LP87702，VCC3V3电压输入，VCC1V1、VCC1V8、VCC50电压输出</td><td>QM(B)</td></tr><tr><td>F14</td><td>POWER</td><td>TPS62872，VCC3V3电压输入，VCC0V75电压输出</td><td>QM(B)</td></tr><tr><td>F15</td><td>POWER</td><td>SA23002，VCC3V3输入，VCC0V75电压输出</td><td>QM(B)</td></tr><tr><td>F16</td><td>POWER</td><td>TPS22918负载开关，VCC3V3电压输入，VCC3V3_EQ输出</td><td>QM(B)</td></tr><tr><td>F17</td><td>POWER</td><td>TPS22918负载开关，VCC3V3输入，VCC3V3_ETH输出</td><td>QM</td></tr><tr><td>F18</td><td>overvoltage protect</td><td>用于MCU电源VCC3V3_MCU的外部过压保护</td><td>B</td></tr><tr><td>F19</td><td>POWER</td><td>TPS22918 负载开关，VCC1V8电压输入，VCC1V8_EQ电压输出</td><td>QM(B)</td></tr><tr><td>F20</td><td>CAN3</td><td>基于TCAN1145的CAN通讯，硬件支持特定报文唤醒</td><td>QM</td></tr><tr><td>F21</td><td>CAN2</td><td>基于TCAN1044A的CAN通讯.</td><td>QM</td></tr><tr><td>F22</td><td>CAN1</td><td>基于TCAN1044A的CAN通讯</td><td>QM</td></tr><tr><td>F23</td><td>CAN0</td><td>基于TCAN1044A的CAN通讯.</td><td>QM</td></tr><tr><td>F24</td><td>ETH</td><td>基于DP83TC812R的100BASE-T1通讯</td><td>QM</td></tr><tr><td>F25</td><td>Wake up</td><td>唤醒源和一级电源使能电路设计</td><td>QM</td></tr><tr><td>F26</td><td>watchdog</td><td>LP87702的看门狗功能，用于监控MCU运行状态</td><td>B</td></tr><tr><td>F27</td><td>POWER</td><td>VCC3V3_MCU转VCC1V25_MCU电压，由MCU的EVRC进行控制。</td><td>B</td></tr><tr><td>F28</td><td>level translation</td><td>3V3和1V8双向电压转换芯片</td><td>QM</td></tr></table>"", ""<table><tr><td>HM ID</td><td>F01/F08/F09</td></tr><tr><td>模块功能 \nModule Function</td><td>系统需求需要板内电源电压进行ADC采样和异常监控，要求功能安全达到ASIL-B等级，确保EQ6系统工作安全。\nThe system requirements require the on-board power supply voltage for ADC sampling and anomaly monitoring, and the functional safety is required to reach ASIL-B level to ensure the working safety of EQ6 system.</td></tr><tr><td>模块框图\nModule diagram</td><td></td></tr><tr><td>模块方案\nModule solution</td><td>EQ6系统电源电压采样  \n系统需求需要MCU对LP87702、TPS62872、SA23002、TPS22918和摄像头端的电压VCC3V3_EQ，VCC1V8，VCC1V1，VCC0V75，0V75_MIPI_DDR、VCC3V3_CAM，VCC_1V8_CAM、VCC1V1_CAM进行ADC采样和异常监控。其中VCC1V8，VCC1V1，VCC0V75，0V75_MIPI_DDR，VCC_1V8_CAM、VCC1V1_CAM电压范围未超量程对电压直接采样。VCC3V3_EQ和VCC3V3_CAM经过两个10K 1%精度电阻分压后采样。VCC3V3_EQ用AN2引脚采样，VCC1V8用AN3引脚采样，VCC1V1用AN4引脚采样，VCC1V8_EQ用AN5引脚采样，VCC3V3_CAM用AN12引脚采样，VCC1V1_CAM用AN13引脚采样，VCC1V8_CAM用AN14引脚采样，VCC0V75_MIPI_DDR用AN18引脚采样，VCC0V75用AN19引脚采样。\nEQ6 system power supply voltage sampling\nThe system requirements specify that the MCU must perform ADC sampling and abnormal monitoring on the voltages VCC3V3_EQ, VCC1V8, VCC1V1, VCC0V75, 0V75_MIPI_DDR, VCC3V3_CAM, VCC_1V8_CAM, and VCC1V1_CAM for the LP87702, TPS62872, SA23002, TPS22918, and camera-side devices. Among these voltages, VCC1V8, VCC1V1, VCC0V75, 0V75_MIPI_DDR, VCC_1V8_CAM, and VCC1V1_CAM have voltage ranges within the measurement range and are directly sampled. VCC3V3_EQ and VCC3V3_CAM are sampled after being divided by two 10K resistors with 1% precision. Specifically, VCC3V3_EQ is sampled using AN2, VCC1V8 using AN3, VCC1V1 using AN4, VCC1V8_EQ using AN5, VCC3V3_CAM using AN12, VCC1V1_CAM using AN13, VCC_1V8_CAM using AN14, 0V75_MIPI_DDR using AN18, and VCC0V75 using AN19.\nCAN&ETH电源电压采样\n系统需求MCU对LP87702、TPS22918的输出电压VCC3V3_ETH，VCC50进行ADC采样和异常监控，VCC3V3_ETH和VCC50经过两个10K 1%精度电阻分压后采样。VCC3V3_ETH用AN8引脚采样，VCC50用AN1引脚采样。\nCAN&ETH power supply voltage sampling\nThe system requirements specify that the MCU must perform ADC sampling and abnormal monitoring on the output voltages VCC3V3_ETH and VCC50 from the LP87702 and TPS22918. Both VCC3V3_ETH and VCC50 are sampled after being divided by two 10K resistors with 1% precision. Specifically, VCC3V3_ETH is sampled using AN8, and VCC50 is sampled using AN1.</td></tr></table>"", ""\n模板变更历史Template Change History：1; None：NA; None：首次发布; None：首次发布; None：01; None：2021-08-26 00:00:00; None：宫明玉; None：王会苹 ——模板变更历史Template change history\n模板变更历史Template Change History：2; None：HR-CIMA-CI-DCR_202210002; None：模板优化调整; None：1. 添加填写说明页与定义页\n2. 封面内容修订，字体字号、底色布局等格式优化; None：02; None：2023-06-10 00:00:00; None：宫明玉; None：王会苹 ——模板变更历史Template change history\n模板变更历史Template Change History：3; None：HR-CIMA-CI-TCR_202312002; None：模板中需增加复用说明; None：增加HSI复用说明列; None：03; None：2023-10-10 00:00:00; None：宫明玉; None：王会苹 ——模板变更历史Template change history\n模板变更历史Template Change History：4; None：HR-CIMA-CI-TCR_202401001; None：功能安全相关模板修订和其他模板修订; None：新增“软件需使能低压复位功能，低压阈值与硬件工程师沟通确认”要求; None：04; None：2024-01-24 00:00:00; None：宫明玉; None：王会苹 ——模板变更历史Template change history\n模板变更历史Template Change History：5; None：HR-CIMA-CI-TCR_202409001; None：一个硬件的接口可能会对应多个软件功能; None：1.增加基于系统开发的角度写的HIS example4\n2.更新HSI模板; None：05; None：2024-09-10 00:00:00; None：宫明玉; None：师明 ——模板变更历史Template change history"", ""<table><tr><td>HM ID</td><td>F20/F21/F22/F23</td></tr><tr><td>运行模式\nOperation Mode</td><td>运行模式、待机模式、Sleep模式、OFF模式、Overtemp模式\nRun mode, standby mode, Sleep mode, OFF mode, Overtemp mode.</td></tr><tr><td>模式定义\nDefinition of Operation mode</td><td>TCAN1044A：\n1、\t运行模式\nSTB设置为低电平使能Normal模式，收发器可以通过总线CANH和CANL发送接收数据。\n2、\t待机模式\nSTB设置为高电平使能Standby模式，收发器将不再发送接收数据。\n1.Run mode\nThe STB is set to low to enable Normal mode, and the transceiver can send and receive data through the bus CANH and CANL. \n2.Standby mode\nThe STB is set to high level enable Standby mode, and the transceiver will no longer send the received data.\nTCAN1145：\n1、Normal模式\n通过SPI3配置寄存器MC=111进入Normal模式，收发器可以通过总线CANH和CANL发送接收数据。\n2、Standby模式\n通过SPI3配置寄存器MC=100，使能Standby模式，收发器将不再发送接收数据，但INH引脚依然有效。\n3、Sleep模式\n   通过SPI3配置寄存器MC=001或者发生欠压事件，CAN收发器进入sleep模式。该模式下INH为高阻态。\n与TJA1145寄存器地址有差别，软件开发需要注意。\n4、Off模式\n当电源电压过低无法为IC供电，收发器进入Off模式，该模式下CAN引脚和INH引脚为高阻态。\n5、Overtemp模式\n当芯片整体温度高于阈值，会进入过温模式，该模式下收发器的发送端和接收端被禁用，INH引脚为高阻态。\nNormal mode\nThe Normal mode is entered through SPI3 configuration register MC=111, and the transceiver can send and receive data through buses CANH and CANL. \nStandby mode\nBy configuring the SPI3 register MC=100 to enable the Standby mode, the transceiver will no longer send the received data, but the INH pin will remain active. \nSleep mode\nThrough SPI3 configuration register MC=001 or an undervoltage event occurs, the CAN transceiver goes into sleep mode. In this mode, INH is in the high impedance state. \nOff mode\nWhen the supply voltage is too low to power the IC, the transceiver enters the Of mode, in which the CAN pin and INH pin are in the high resistance state. \nOvertemp mode\nWhen the overall chip temperature is higher than the threshold, it will enter the over-temperature mode, in which the transmitter and receiver of the transceiver are disabled, and the INH pin is in the high impedance state. </td></tr><tr><td>模式切换接口\nMode switching interface</td><td></td></tr><tr><td>模式状态机\nMode state machine</td><td>TCAN1044A：\n\nTCAN1145：\n\n</td></tr><tr><td>模式切换条件\nMode switching condition</td><td>参考：\n产品系统需求规格说明\n产品系统方案设计说明书\nReference: \nProduct system requirement specification \nProduct system scheme design specification.</td></tr><tr><td>备注\nNote</td><td></td></tr></table>"", ""<table><tr><td>HM ID</td><td>F02/F03/F04/F28</td></tr><tr><td>模块功能 \nModule Function</td><td>EYEQ6-L最小系统组成：外部30MHz晶体给EYEQ6-L提供基本时钟输入，外部20MHz有源晶振提供监控时钟，外扩OSPI接口的2Gb NAND FLASH存储程序，外扩1GB的LPDDR4运存。NXB0104是用于MCU的3V3_SPI和NAND FLASH的1V8_SPI进行电平转换，用于MCU读写NAND FLASH。\nEYEQ6-L minimum system components: an external 30MHz crystal provides the basic clock input for EYEQ6-L, an external 20MHz active crystal provides the monitoring clock, an external 2GbNAND FLASH memory program for OSPI interface, and an external 1GB LPDDR4 operation memory. NXB0104 is used for level conversion of 3V3_SPI of MCU and 1V8-SPI of NAND FLASH for MCU to read and write NAND FLASH.</td></tr><tr><td>模块框图\nModule diagram</td><td></td></tr><tr><td>模块方案\nModule solution</td><td>\n1、处理器\n根据ADAS产品需求图像处理SOC功能安全需要达到ASIL-B，经综合评估选择Mobileye产品EYEQ6-L，最高功能安全可达到ASIL-B，接口资源丰富。\n1.Processor\nAccording to the requirements of ADAS products, the functional safety of image processing SOC needs to reach ASIL-B. After comprehensive evaluation, Mobileye product EYEQ6-L is selected, and the highest functional safety can reach ASIL-B with abundant interface resources. +\n2、时钟\n硬件选型30MHz晶振给EYEQ6-L提供时钟输入，由其内部PLL等电路完成倍频、分频，供其内核和各模块使用。外部20MHz有源晶振作为内部监控时钟。\n2.Clock\nThe 30MHz crystal provides clock input to the EYEQ6-L, and its internal PLL circuit completes frequency multiplication and frequency division for the EyeQ6-L core and each module. The external 20MHz active crystal is energized as an internal monitoring clock.\n3、DDR\nEYEQ6在外扩的DDR中运行程序和存储临时数据，其DDR控制器可支持32bits位宽的LPDDR4 SDRAM，最大读写速率4266 Mb/s/pin 。本设计中选用1片32bit的LPDDR4 SDRAM，型号为车规级器件K4F8E3S4HD-GHCL02V，以充分利用数据带宽，保证EYEQ6的处理速度，LPDDR4工作环境温度为-40℃~105℃，单片总容量1GB。\n3.DDR\nEYEQ6 runs programs and stores temporary data in the extended DDR. Its DDR controller supports LPDDR4 SDRAM with 32bits wide and a maximum read/write rate of 4266Mb/s/pin. In this design, a 32bit LPDDR4 SDRAM is selected, the model is car grade device K4F8E3S4HD-GHCLO2V, in order to make full use of the data bandwidth and ensure the processing speed of EYEQ6. The working environment temperature of LPDDR4 is -40℃-105℃, and the total capacity of a single chip is 1GB.\n\n\n4、NAND FLASH\n选择ME推荐的WinBond公司产品W35N02JWTBKF，容量2Gb，FLASH支持CRC安全机制。\nNXB0104是用于MCU的3V3_ SPI和NAND FLASH的1V8_ SPI进行电平转换，通过MCU_SPI1_CS片选电平转换芯片，实现MCU对NAND FLASH的读写操作，转换芯片在本应用场景下支持最大传输速率80Mbps。\nNAND FLASH\nChoose the WinBond company product W35N02JWTBKF recommended by ME, with a capacity of 2Gb and FLASH supporting CRC security mechanism. \nNXB0104 is used for the level conversion of 3V3_SPI of MCU and 1V8_SPI of NAND FLASH. The level conversion chip is selected by MCU_SPI1_CS chip to realize the reading and writing operation of MCU to NAND FLASH. The converter chip supports a maximum transmission rate of 80Mbps in this application scenario. \n5、电源和复位\nEYEQ6-L需要6路电源：VCC3V3_EQ、VCC0V75、0V75_MIPI_DDR、VCC1V8、VCC1V1、VCC1V8_EQ，其中VCC0V75用于给内核供电。复位信号由MCU通过P02.4口进行控制。\nPower and reset\nEYEQ6-L requires six power sources: VCC3V3-EQ, VCCOV75, OV75_MIPI_DDR, VCC1V8, VCC1V1, VCC1V8_EQ, where VCCOV75 is used to power the core. The reset signal is controlled by the MCU through the P02.4 pin.</td></tr></table>"", ""\nSheet名称：0_Instruction Manual; 内容摘要：使用说明; 项目适配说明：nan ——0_Instruction Manual\nSheet名称：1_Face; 内容摘要：文档封面页; 项目适配说明：需要根据实际项目更新编号，\n明确并修改xxx的型号 ——0_Instruction Manual\nSheet名称：2_Sign; 内容摘要：本文档的当前状态、编制、审核和批准人员的信息; 项目适配说明：需要根据具体项目，更新文档\n的当前状态，编制、审核和批准人员的信息等 ——0_Instruction Manual\nSheet名称：3_Overview; 内容摘要：说明本文档的目的，适用对象和应用范围; 项目适配说明：无须确认和更新，仅用于了解 ——0_Instruction Manual\nSheet名称：4_Change History1; 内容摘要：本文档模板的变更履历; 项目适配说明：填写本文档模板的变更内容 ——0_Instruction Manual\nSheet名称：5_Change History2; 内容摘要：结合实际项目，安全机制的变更履历; 项目适配说明：填写本文档安全机制的变更内容 ——0_Instruction Manual\nSheet名称：6_Reference Document; 内容摘要：导出安全机制的参考文档; 项目适配说明：根据实际项目，需参考最新的\n数据手册和安全手册 ——0_Instruction Manual\nSheet名称：7_Definition&Arch; 内容摘要：xxx系列产品的定义及架构; 项目适配说明：需要需求开发人员在开发需求之前了解xxx系列产品的定义及架构 ——0_Instruction Manual\nSheet名称：8_SG&FSR; 内容摘要：xxx系列产品的假设\n安全目标和FSR; 项目适配说明：需要需求开发人员在开发需求\n前了解xxx系列产品的安全目标和FSR ——0_Instruction Manual""]","{""original_context_count"": 30, ""original_context_characters"": 24119, ""scored_context_count"": 4, ""scored_context_characters"": 1422, ""contexts_truncated"": true, ""context_selection"": ""claim_coverage"", ""selected_evidence_ids"": [""circuit:21:net:TC367_RESET_N"", ""document:979eb6c2ea8095f4""], ""selected_claim_ids"": [""sq_1:claim_1"", ""sq_2:claim_1"", ""sq_3:claim_1""], ""excluded_evidence_ids"": [""circuit:21:module_connection:Group 11 · Clock/Oscillator:Group 5 · DDR/Memory:EQ6L_UART0_RX"", ""circuit:21:module_connection:Group 11 · Clock/Oscillator:Group 5 · DDR/Memory:EQ6L_UART0_TX"", ""circuit:21:module_connection:Group 11 · Clock/Oscillator:Group 5 · DDR/Memory:EYEQ6_FCMU_RSTEN_N_P11.13"", ""circuit:21:module_power:edf_ref_page_15"", ""circuit:21:module_power:edf_ref_page_19"", ""circuit:21:module_power:edf_ref_page_2"", ""circuit:21:net:MCU_CAM_ERRORFLAG"", ""circuit:21:net:MONITOR_CLK"", ""circuit:21:net:TC367_JTAG_TCK/DAP0"", ""circuit:21:net:TC367_JTAG_TDI"", ""circuit:21:net:TC367_JTAG_TDO/DAP2"", ""circuit:21:net:TC367_JTAG_TMS/DAP1"", ""circuit:21:net:TC367_JTAG_TRST"", ""document:1aeb8a1f0f323371"", ""document:1d77ba9aff4c8b83"", ""document:2209ce0744d30fc1"", ""document:529a142033d8838a"", ""document:58106bd2421dc2d1"", ""document:a075d2642b8e135f"", ""document:aac59875b92ed6b0"", ""document:c728e1ccd9f1d52e"", ""document:df1cc9e82e10ab38"", ""document:e1cc3eaeb1e15088"", ""document:e6627ad70c8cab97"", ""document:e6f714d5b9de7ace"", ""document:f4318d00b223c30b""]}",0.46614294666408373,0.0,0.6666666666666666,1.0,0.9999999999,0.0,0.5,0.0,not_applicable
hw-v1-joint-pmic-noisy-query,success,忽略无关的摄像头和 CAN 内容，只结合电路与 HSI 说明 LP87702 的供电输出和配置。,LP87702-Q1 是 U1700，输入 VCC3V3，关键输出为 VCC1V1、VCC1V8、VCC50；配置依据 HSI 7.2 节。,"### 直接结论

LP87702 提供三路电源输出：**VCC1V8（1.8 V）、VCC1V1（1.1 V）、VCC50（5.0 V）**，输入电源为 VCC3V3。  
配置方面：LP87702 支持 **SHUTDOWN、READ OTP、STANDBY、ACTIVE** 四种工作模式；VCC50 由 MCU 的 GPIO 信号 **MCU_5V_EN** 控制使能，VCC1V8 和 VCC1V1 由 MCU 通过 I2C 控制使能；MCU 可通过 I2C 监控和管理 LP87702 状态，并预留中断信号。  
**缺口：供电输出缺少电流能力参数；电路文档未直接给出输出电压值（通过网络名和 HSI 文档推断配置值）；配置信息缺少具体寄存器设置值。**

---

### 支撑证据

#### 1. 供电输出信息（来自电路引脚映射 + HSI 文档）

- **电路引脚映射**（来源：证据 [1] `circuit:21:pin_mapping:U1700`）  
  - FB_B1 → VCC1V8  
  - FB_B0 → VCC1V1  
  - VOUT_BST → VCC50  
  - 输入电源引脚 VIN_B0_1、VIN_B1_1、VANA、VIN_B0_2、VIN_B1_2 均连接至 VCC3V3  
  - 表明 LP87702 以 VCC3V3 为输入，生成三路输出，反馈引脚连接的网络名暗示输出电压分别为 1.8 V、1.1 V、5.0 V。

- **HSI 文档**（来源：证据 [9] `document:a6f318d1053a4c7e`）  
  - 明确说明：“LP87702 实现 VCC3V3 转 VCC1V8、VCC1V1、VCC50 三路电源输出”。  
  - 提供使能控制方式：VCC50 由 MCU 的 GPIO（MCU_5V_EN）控制，VCC1V8 和 VCC1V1 由 I2C 控制。

**缺失信息**：  
- 电流能力（如最大输出电流）未在任何证据中给出。  
- 电路文档未直接标注输出电压值，仅通过网络名推断；HSI 文档虽确认电压值，但未提供官方规格表。

#### 2. 配置信息（来自 HSI 文档）

- **工作模式**（来源：证据 [4] `document:ea7b2234534382bf`）  
  - LP87702 运行模式包括：SHUTDOWN、READ OTP、STANDBY、ACTIVE。  
  - 详细定义：SHUTDOWN 时 NRST 低于阈值，器件停止工作；READ OTP 时加载 OTP 配置；STANDBY 时电压转换器禁用，寄存器可读写；ACTIVE 时 DC/DC 使能。

- **使能条件与通信**（来源：证据 [6] `document:d69d04d302326d46` 和证据 [9]）  
  - “LP87702 运行期间需要 MCU 通过 I2C 配置的寄存器”（[6]），但未列出具体寄存器地址或值。  
  - VCC50 使能信号：MCU_5V_EN（高电平使能输出，低电平关断）（[9]）。  
  - VCC1V8、VCC1V1 使能：由 MCU 通过 I2C 控制（[9]）。  
  - MCU 可监控中断信号（nINT）和通过 I2C 读写寄存器（[9]）。

- **寄存器配置示例（部分）**（来源：证据 [7] `document:0987620a09f7a3bf`）  
  - 描述了 VMON_LDO1 过压/欠压反应寄存器的位定义（如 FS_I_OVUV_SAFE_REACTION1），但未给出具体项目配置值。

**缺失信息**：  
- 未提供具体的寄存器地址、默认值、项目所需的配置值（如输出电压选择、保护阈值等）。  
- 缺少使能时序、电源排序等详细配置参数。

---

### 缺口汇总

| 子问题 | 状态 | 缺失项 |
|--------|------|--------|
| sq_1：供电输出信息 | partial | 电流能力（如最大输出电流）；电路文档未直接标注输出电压值（仅靠网络名推断） |
| sq_2：配置信息 | covered | 具体寄存器设置值（地址、默认值、项目配置值）未给出；使能时序、保护阈值等细节缺失 |

--- 

**注意**：以上结论均基于给定证据，未使用任何推断或外部知识。若需更详细参数，应补充 LP87702 数据手册或完整寄存器表。","### 直接结论

LP87702 提供三路电源输出：**VCC1V8（1.8 V）、VCC1V1（1.1 V）、VCC50（5.0 V）**，输入电源为 VCC3V3。  
配置方面：LP87702 支持 **SHUTDOWN、READ OTP、STANDBY、ACTIVE** 四种工作模式；VCC50 由 MCU 的 GPIO 信号 **MCU_5V_EN** 控制使能，VCC1V8 和 VCC1V1 由 MCU 通过 I2C 控制使能；MCU 可通过 I2C 监控和管理 LP87702 状态，并预留中断信号。  
**缺口：供电输出缺少电流能力参数；电路文档未直接给出输出电压值（通过网络名和 HSI 文档推断配置值）；配置信息缺少具体寄存器设置值。**

---

### 支撑证据

#### 1. 供电输出信息（来自电路引脚映射 + HSI 文档）

- **电路引脚映射**（来源：证据 [1] `circuit:21:pin_mapping:U1700`）  
  - FB_B1 → VCC1V8  
  - FB_B0 → VCC1V1  
  - VOUT_BST → VCC50  
  - 输入电源引脚 VIN_B0_1、VIN_B1_1、VANA、VIN_B0_2、VIN_B1_2 均连接至 VCC3V3  
  - 表明 LP87702 以 VCC3V3 为输入，生成三路输出，反馈引脚连接的网络名暗示输出电压分别为 1.8 V、1.1 V、5.0 V。

- **HSI 文档**（来源：证据 [9] `document:a6f318d1053a4c7e`）  
  - 明确说明：“LP87702 实现 VCC3V3 转 VCC1V8、VCC1V1、VCC50 三路电源输出”。  
  - 提供使能控制方式：VCC50 由 MCU 的 GPIO（MCU_5V_EN）控制，VCC1V8 和 VCC1V1 由 I2C 控制。

**缺失信息**：  
- 电流能力（如最大输出电流）未在任何证据中给出。  
- 电路文档未直接标注输出电压值，仅通过网络名推断；HSI 文档虽确认电压值，但未提供官方规格表。

#### 2. 配置信息（来自 HSI 文档）

- **工作模式**（来源：证据 [4] `document:ea7b2234534382bf`）  
  - LP87702 运行模式包括：SHUTDOWN、READ OTP、STANDBY、ACTIVE。  
  - 详细定义：SHUTDOWN 时 NRST 低于阈值，器件停止工作；READ OTP 时加载 OTP 配置；STANDBY 时电压转换器禁用，寄存器可读写；ACTIVE 时 DC/DC 使能。

- **使能条件与通信**（来源：证据 [6] `document:d69d04d302326d46` 和证据 [9]）  
  - “LP87702 运行期间需要 MCU 通过 I2C 配置的寄存器”（[6]），但未列出具体寄存器地址或值。  
  - VCC50 使能信号：MCU_5V_EN（高电平使能输出，低电平关断）（[9]）。  
  - VCC1V8、VCC1V1 使能：由 MCU 通过 I2C 控制（[9]）。  
  - MCU 可监控中断信号（nINT）和通过 I2C 读写寄存器（[9]）。

- **寄存器配置示例（部分）**（来源：证据 [7] `document:0987620a09f7a3bf`）  
  - 描述了 VMON_LDO1 过压/欠压反应寄存器的位定义（如 FS_I_OVUV_SAFE_REACTION1），但未给出具体项目配置值。

**缺失信息**：  
- 未提供具体的寄存器地址、默认值、项目所需的配置值（如输出电压选择、保护阈值等）。  
- 缺少使能时序、电源排序等详细配置参数。

---

### 缺口汇总

| 子问题 | 状态 | 缺失项 |
|--------|------|--------|
| sq_1：供电输出信息 | partial | 电流能力（如最大输出电流）；电路文档未直接标注输出电压值（仅靠网络名推断） |
| sq_2：配置信息 | covered | 具体寄存器设置值（地址、默认值、项目配置值）未给出；使能时序、保护阈值等细节缺失 |

--- 

**注意**：以上结论均基于给定证据，未使用任何推断或外部知识。若需更详细参数，应补充 LP87702 数据手册或完整寄存器表。","[""Pin mapping for U1700: nINT -> MCU_nINT_PMIC_P12.1, EN1 -> MCU_5V_EN, VIN_B0_1 -> VCC3V3, VIN_B1_1 -> VCC3V3, VANA -> VCC3V3, SW_BST -> N19935658, NRST -> N19935946, SDA(EN3) -> MCU_SDA_P15.5, SCL(EN2) -> MCU_SCL_P15.4, FB_B1 -> VCC1V8, CLKIN(GPO2) -> MCU_WD_INH, WDI -> MCU_WDI_P13.3, VOUT_BST -> VCC50, PG1(GPO1) -> N19936014, WD_RESET -> TC367_RESET_N, SW_B1_1 -> N19935668, FB_B0 -> VCC1V1, SW_B0_1 -> N19935443, SW_B0_2 -> N19935443, VIN_B0_2 -> VCC3V3, VIN_B1_2 -> VCC3V3, SW_B1_2 -> N19935668, PAD -> GND, AGND -> GND, PGND_BST -> GND, PGND_B1_2 -> GND, PGND_B1_1 -> GND, PGND_B0_2 -> GND, PGND_B0_1 -> GND."", ""Instance U1700: LP87702-Q1, 20200424007, LP87702RRHBRQ1, pqfn50p5x5x90-32."", ""Instance X1903: FPC_30PIN+2NC, 101106-203050-HF, FPC_30PIN+2NC, CONN_101106-203050-HF-30PIN."", ""<table><tr><td>HM ID</td><td>F13</td></tr><tr><td>运行模式\nOperation Mode</td><td>SHUTDOWN、READ OTP、STANDBY、ACTIVE</td></tr><tr><td>模式定义\nDefinition of Operation mode</td><td>SHUTDOWN\nNRST电压低于阈值。LP87702-Q1器件停止工作。\nREAD OTP\n电源电压VANA高于VANAUVLO电平，并且NRST电压高于阈值电平。电压转换器被禁用，LP87702-Q1的参考电平和偏置电路被启用。OTP配置被加载到寄存器。\nSTANDBY\n电源电压VANA高于VANAUVLO水平，NRST电压高于阈值水平。电压转换器被禁用，LP87702-Q1的参考电平、控制和偏压电路被启用。所有的寄存器都可以被主机处理器通过系统串口读写。电压转换器可以根据需要进行使能输出。\nACTIVE\n电源电压VANA高于VANAUVLO水平，NRST电压高于阈值水平。稳压DC/DC变换器处于使能状态。所有的寄存器都可以被MCU通过系统串口读写。\nSHUTDOWN\nAfter the enable signal MCU_OV75_MIPI_DDR_EN=L, the secondary power stops the 0V75_MIPI_DDR power supply. \nREADY OTP\nThe supply voltage VANA is above the VANAUVLO level, and the NRST voltage is above the threshold level. The voltage converter is disabled and the reference level and bias circuits of the LP87702-Q1 are enabled. The OTP configuration is loaded into the register.\nSTANDBY\nThe supply voltage VANA is above the VANAUVLO level and the NRST voltage is above the threshold level. The voltage converter is disabled and the reference level, control, and bias circuits of the LP87702-Q1 are enabled. All registers can be read and written by the host processor through the system serial port. The voltage converter can perform enabling output as needed.\nACTIVE\nThe supply voltage VANA is above the VANAUVLO level and the NRST voltage is above the threshold level. The regulated DC/DC converter is in the enabled state. All the registers can be read and written by the MCU through the system serial port. </td></tr><tr><td>模式切换接口\nMode switching interface</td><td></td></tr><tr><td>模式状态机\nMode state machine</td><td></td></tr><tr><td>模式切换条件\nMode switching condition</td><td>参考：\n产品系统需求规格说明\n产品系统方案设计说明书\nReference: \nProduct system requirement specification \nProduct system scheme design specification.</td></tr><tr><td>备注\nNote</td><td>1、VANAUVLO阈值电压\n\n2、NRST阈值电压\n</td></tr><tr><td>备注\nNote</td><td></td></tr></table>"", ""<table><tr><td>HM ID</td><td>F20/F21/F22/F23</td></tr><tr><td>运行模式\nOperation Mode</td><td>运行模式、待机模式、Sleep模式、OFF模式、Overtemp模式\nRun mode, standby mode, Sleep mode, OFF mode, Overtemp mode.</td></tr><tr><td>模式定义\nDefinition of Operation mode</td><td>TCAN1044A：\n1、\t运行模式\nSTB设置为低电平使能Normal模式，收发器可以通过总线CANH和CANL发送接收数据。\n2、\t待机模式\nSTB设置为高电平使能Standby模式，收发器将不再发送接收数据。\n1.Run mode\nThe STB is set to low to enable Normal mode, and the transceiver can send and receive data through the bus CANH and CANL. \n2.Standby mode\nThe STB is set to high level enable Standby mode, and the transceiver will no longer send the received data.\nTCAN1145：\n1、Normal模式\n通过SPI3配置寄存器MC=111进入Normal模式，收发器可以通过总线CANH和CANL发送接收数据。\n2、Standby模式\n通过SPI3配置寄存器MC=100，使能Standby模式，收发器将不再发送接收数据，但INH引脚依然有效。\n3、Sleep模式\n   通过SPI3配置寄存器MC=001或者发生欠压事件，CAN收发器进入sleep模式。该模式下INH为高阻态。\n与TJA1145寄存器地址有差别，软件开发需要注意。\n4、Off模式\n当电源电压过低无法为IC供电，收发器进入Off模式，该模式下CAN引脚和INH引脚为高阻态。\n5、Overtemp模式\n当芯片整体温度高于阈值，会进入过温模式，该模式下收发器的发送端和接收端被禁用，INH引脚为高阻态。\nNormal mode\nThe Normal mode is entered through SPI3 configuration register MC=111, and the transceiver can send and receive data through buses CANH and CANL. \nStandby mode\nBy configuring the SPI3 register MC=100 to enable the Standby mode, the transceiver will no longer send the received data, but the INH pin will remain active. \nSleep mode\nThrough SPI3 configuration register MC=001 or an undervoltage event occurs, the CAN transceiver goes into sleep mode. In this mode, INH is in the high impedance state. \nOff mode\nWhen the supply voltage is too low to power the IC, the transceiver enters the Of mode, in which the CAN pin and INH pin are in the high resistance state. \nOvertemp mode\nWhen the overall chip temperature is higher than the threshold, it will enter the over-temperature mode, in which the transmitter and receiver of the transceiver are disabled, and the INH pin is in the high impedance state. </td></tr><tr><td>模式切换接口\nMode switching interface</td><td></td></tr><tr><td>模式状态机\nMode state machine</td><td>TCAN1044A：\n\nTCAN1145：\n\n</td></tr><tr><td>模式切换条件\nMode switching condition</td><td>参考：\n产品系统需求规格说明\n产品系统方案设计说明书\nReference: \nProduct system requirement specification \nProduct system scheme design specification.</td></tr><tr><td>备注\nNote</td><td></td></tr></table>"", ""ADC电压采集阈值 The ADC voltage acquisition thresholdWCCA计算结果如下，软件应按照如下过欠压阈值设置：The WCCA calculation results are as follows. The software should be set according to the following overvoltage and undervoltage thresholds:EQ6L上下电时序要求 EQ6L Power-on and power-off sequence requirements共享和独占的硬件资源 Shared and Exclusive Hardware ResourceECU-MCU信号对应关系 ECU-MCU Signal MappingMCU时钟配置 MCU Clock Configuration存储器配置 Memeory ConfigurationTable 4-5Memory Configuration其他芯片配置 Other IC Configuration其他芯片的通讯机制 Communication Mechanism with Other ICLP87702配置 LP87702 ConfigurationLP87702运行期间需要MCU通过I2C配置的寄存器如下所示：Table 5-2 LP87702 ConfigurationTPS62872配置 TPS62872 ConfigurationTPS62872运行期间需要MCU通过I2C配置的寄存器如下所示：Table 5-3 TPS62872 Configuration安全机制 Safety MechanismsSystem levelHW level硬件安全分析无新增安全机制IC level模板变更历史Template Change History填写说明Filling instructions：变更单号YYYYMM00X为记录顺序号，如：202203002，表示的是2022年03月的第二份此类文档。首次发布不分配变更单号，变更单号处填NA。The change order number YYYYMM00X is the record sequence number, such as 202203002, which represents the second such document in March 2022. No change order number will be allocated for the first release, and Na will be filled in the change order number.变更原因填写以客户审核需要变更为例：由于XX客户在客户审核时发现XX问题，需要调整模板。Fill in the revision note. Take the need for change in customer audit as an example: because XX customer found XX problem during customer audit, the template needs to be adjusted.变更内容填写以客户审核发现问题需要更改为例：由于XX客户在客户审核时发现XX问题，特增加XXX的变更内容。"", ""\nRegister：nan; Symbol：nan; Description：nan; Unnamed: 3：nan; Register.1：nan; Symbol.1：nan; Description.1：111 Closed Window : 50 % / Open Window : 50 % ——13_Registers Bit Description\nRegister：Register; Symbol：Symbol; Description：Description; Unnamed: 3：nan; Register.1：nan; Symbol.1：nan; Description.1：Reset on Power On Reset (POR) ——13_Registers Bit Description\nRegister：FS_I_OVUV_SAFE_\nREACTION1; Symbol：VMON_LDO1_OV_\nFS_REACTION; Description：00 No effect on RSTB and FS0B; Unnamed: 3：nan; Register.1：nan; Symbol.1：nan; Description.1：nan ——13_Registers Bit Description\nRegister：nan; Symbol：nan; Description：01 VMON_LDO1 OV asserts FS0B only; Unnamed: 3：nan; Register.1：nan; Symbol.1：nan; Description.1：nan ——13_Registers Bit Description\nRegister：nan; Symbol：nan; Description：10 VMON_LDO1 OV asserts RSTB and FS0B; Unnamed: 3：nan; Register.1：nan; Symbol.1：nan; Description.1：nan ——13_Registers Bit Description\nRegister：nan; Symbol：nan; Description：11 VMON_LDO1 OV asserts RSTB and FS0B; Unnamed: 3：nan; Register.1：Note:本页均为配置寄存器，以支持需求开发人员快速确定具体项目需要配置的bits; Symbol.1：nan; Description.1：nan ——13_Registers Bit Description\nRegister：nan; Symbol：nan; Description：Reset on Power On Reset (POR); Unnamed: 3：nan; Register.1：nan; Symbol.1：nan; Description.1：nan ——13_Registers Bit Description\nRegister：nan; Symbol：VMON_LDO1_UV_\nFS_REACTION; Description：00 No effect on RSTB and FS0B; Unnamed: 3：nan; Register.1：nan; Symbol.1：nan; Description.1：nan ——13_Registers Bit Description\nRegister：nan; Symbol：nan; Description：01 VMON_LDO1 OV asserts FS0B only; Unnamed: 3：nan; Register.1：nan; Symbol.1：nan; Description.1：nan ——13_Registers Bit Description"", ""<table><tr><td>HM ID</td><td>F24</td></tr><tr><td>运行模式\nOperation Mode</td><td>正常模式、复位模式，待机模式，断电模式，休眠模式\nNormal mode, reset mode, standby mode, power off mode, sleep mode</td></tr><tr><td>模式定义\nDefinition of Operation mode</td><td>1、\t正常模式\n模块上电，正常运行模式，以太网收发正常。MDIO可以访问，Link处于连接状态。\n2、\t复位模式\nUV或Reset event时，PHY芯片将进行复位，在Reset期间将无法LINKUP，MDIO无法总线访问\n待机模式\n仅当PHY为MASTER且配置成管理模式时，上电自动进入待机模式。如果是自动模式，上电后自动进入正常模式。\n4、\t断电模式\n当任何一个电源轨低于POR阈值（0.6V）时，PHY处于断电状态，所有数字IO都将保持高阻态。\n休眠模式\n当有休眠指令且MDI总线空闲时，将进入休眠模式，除了能量检测外，禁用所有PHY模块。在睡眠模式下，所有寄存器配置都会丢失。\nNormal mode\nPower on，Normal Run mode, Ethernet transceiver is normal. MDIO is accessible and Link is in a connected state.\nReset mode\nUV or Reset event, the PHY chip will Reset, during reset will not be able to LINKUPMDIO cannot bus access.\nStandby mode\nThe device will automatically enter standby mode upon power-up only if*the PHY is configured in Master mode and set to managed mode. If the PHY operates in auto mode, it will automatically enter normal mode after power-on.\n4. Sleep mode\nThe PHY enters sleep mode when a sleep command is issued and the MDI bus is idle. In this mode, all PHY modules are disabled except for energy detection functionality. Note that all register configurations will be lost during sleep mode.</td></tr><tr><td>模式切换接口\nMode switching interface</td><td></td></tr><tr><td>模式状态机\nMode state machine</td><td></td></tr><tr><td>模式切换条件\nMode switching condition</td><td>参考：\n产品系统需求规格说明\n产品系统方案设计说明书\nReference: \nProduct system requirement specification \nProduct system scheme design specification.</td></tr><tr><td>备注\nNote</td><td></td></tr></table>"", ""\nNone：U20; None：P23.2; None：P23.2/GTM_TIM1_IN6_5/GTM_TIM0_IN6_5/GTM_TOUT43/CAN12_TXD; None：GPIO; None：MCU_RST_FLASH_P23.2; None：/; None：O; None：FLASH复位信号\n低：FLASH复位\n高：FLASH进入工作状态; None：HI-Z，硬件外部下拉; None：—; SW Variable Name or SW Function Name：— ——Port1\nNone：未使用; MCU Component ：F01/ MCU; None：NA; None：/; None：D7; None：P11.14; None：P11.14/GTM_TIM4_IN7_4/GTM_TIM2_IN7_8/GETH_CRSDVB/GETH_RXDVB/GETH_CRSA/GTM_TOUT126; None：GPIO; None：MCU_ETH_CFG1_P11.14; None：/; None：I; None：CFG1：BOM配置，判断是否有以太网\n高：TBD\n低：TBD; None：HI-Z; None：—; SW Variable Name or SW Function Name：— ——Port1\nNone：未使用; MCU Component ：F01/ MCU; None：NA; None：/; None：D6; None：P11.15; None：P11.15/GTM_TIM4_IN7_5/GTM_TIM0_IN7_8/GETH_COLA/GTM_TOUT127; None：GPIO; None：MCU_ETH_CFG2_P11.15; None：/; None：I; None：CFG2：BOM配置，判断以太网接口类型\n高：TBD\n低：TBD; None：HI-Z; None：—; SW Variable Name or SW Function Name：— ——Port1\nHW Interface Component ：QM(B); None：F13/POWER; None：1、LP87702实现VCC3V3转VCC1V8、VCC1V1、VCC50三路电源输出\n2、LP87702的VCC50由MCU的GPIO控制使能和关断，VCC1V8、VCC1V1由MCU的I2C控制使能和关断。\n3、预留中断信号用于MCU辅助监控LP87702的工作状态。\n4、MCU可以通过I2C监控和管理LP87702的状态。; MCU Component ：F01/ MCU; None：QM; None：B17; None：P15.3; None：P15.3/GTM_TIM3_IN6_4/GTM_TIM2_IN6_4/CAN01_RXDA/QSPI2_SCLKA/GTM_TOUT74/QSPI2_SCLK/MSC0_EN1; None：GPIO; None：MCU_5V_EN; None：/; None：O; None：VCC50（LP87702）电源使能控制信号\n高：使能VCC50电压输出\n低：关断VCC50电压输出; None：HI-Z，硬件外部下拉; None：—; SW Variable Name or SW Function Name：— ——Port1"", ""<table><tr><td>HM ID</td><td>F05</td></tr><tr><td>运行模式\nOperation Mode</td><td>上电模式、运行模式、复位模式、下电模式\nPower on mode, Power off mode, Run mode,Reset mode</td></tr><tr><td>模式定义\nDefinition of Operation mode</td><td>1、上电模式\n    MCU使能EQ6系统电源，EQ6上电后将VCC3V3_EQ和VCC1V8通过FPC连接器提供给摄像头，其中VCC3V3_EQ再转换成VCC1V1，EQ6运行后配置RESET_N为高电平，并通过I2C配置CAM参数，摄像头开始工作。\n2、运行模式\n   摄像头正常运行，输出图像信息给EQ6。\n3、复位模式\n   EQ6配置摄像头的RESET_N信号为低电平，CAM进入复位模式。\n4、下电模式\nMCU控制EQ6系统下电（VCC3V3_EQ、VCC1V8）。\nPower on mode\nMCU enables EQ6 system power supply, After EQ6 is powered on, VCC3V3_EQ and VCCIV8 are provided to the camera through the FPC connector, where VCC3V3_EQ is converted into VCC1V1. After EQ6 runs, RESET_N is configured to high level, and CAM parameters are configured through I2C, and the camera starts to work.\nRun mode\nThe camera operates normally and outputs the image information to EQ6.\nReset mode\nEQ6 config the RESET_N signal of the camera to be low and the CAM enters the reset mode. \nPower off mode\nMCU controls the power down of EQ6 system (VCC3V3_EQ, VCC1V8).</td></tr><tr><td>模式切换接口\nMode switching interface</td><td></td></tr><tr><td>模式状态机\nMode state machine</td><td></td></tr><tr><td>模式切换条件\nMode switching condition</td><td>参考：\n产品系统需求规格说明\n产品系统方案设计说明书\nReference: \nProduct system requirement specification \nProduct system scheme design specification.</td></tr><tr><td>备注\nNote</td><td>摄像头上需要3路电源（VCC3V3、VCC1V8、VCC1V1），其中VCC1V8和VCC3V3是主板提供，VCC1V1由3V3转换得到。\n摄像头复位信号由EQ6通过GPIO口进行控制。\n摄像头3路电源的上下电和复位信号的时序要求如下所示：\nThe camera needs 3 power sources (VCC2V8, VCC1V8, VCC1V05), VCC1V8 and VCC3V3 are provided by the Main board, VCC1V1 is converted from 3V3. \nThe camera reset signal is controlled by EQ6 through the GPIO port. \nThe timing requirements for the power-on and reset signals of the camera's 3-way power supply are as follows.\n</td></tr></table>"", ""<table><tr><td>HM ID</td><td>F01/F07/F23/F25</td></tr><tr><td>运行模式\nOperation Mode</td><td>WKUP模式、运行模式、OFF DELAY、下电模式\nWKUP mode, run mode, OFF DELAY, power down mode</td></tr><tr><td>模式定义\nDefinition of Operation mode</td><td>下电模式 Power off\n当外部唤醒信号无效时，一级电源使能信号无效不工作，系统不工作。\nPower off\nWhen the external wake-up signal is invalid, the primary power enable signal is invalid and does not work, and the system does not work\nWKUP模式\n当唤醒信号有效后，系统一级电源被使能，开始输出VCC3V3电源。\nWKUP mode\nWhen the wake-up signal is valid, the system-level power supply is enabled and the output of vCC3V3 power supply is started\nOFF DELAY\n唤醒信号无效后，MCU将MCU_WKUP_HOLD_P12.0信号持续配置为逻辑高，开始OFF DELAY功能。在完成数据保护后， MCU开始将MCU_WKUP_HOLD_P12.0信号配置为逻辑低，系统进入下电模式。\nOFF DELAY\nAfter the wake-up signal is invalid, the MCU continues to configure the MCU_WKUP_HOLD_P12.0 signal to logic high and starts the OFF DELAY function. After data protection is completed, the MCU starts to configure the MCU_WKUP_HOLD_P12.0 signal to logic low, and the system enters the power down mode.\n运行模式\nMCU工作后使用ADC采样采集WKUP_ACQ信号端电压，同时将MCU_WKUP_HOLD_P12.0信号配置为逻辑高辅助使能一级电源。\nRun mode \nAfter MCU works, WKUP_ACQ signal terminal voltage is collected by ADC sampling, and MCU_WKUP_HOLD_P12.0 signal is configured as logic high auxiliary enable level 1 power supply. </td></tr><tr><td>模式切换接口\nMode switching interface</td><td>\n</td></tr><tr><td>模式状态机\nMode state machine</td><td>\n\n</td></tr><tr><td>模式切换条件\nMode switching condition</td><td>参考：\n产品系统需求规格说明\n产品系统方案设计说明书\nReference: \nProduct system requirements specification.\nProduct system design specification</td></tr><tr><td>备注\nNote</td><td></td></tr></table>"", ""<table><caption> Device Information</caption>\n<tr><td colspan=3 rowspan=3 >Part Number Current Rating Package TPS62870-Q1 6A TPS62871-Q1 9A RXS (VQFN-FCRLF, TPS62872-Q1 12 A 16) TPS62873-Q1 15 A</td></tr>\n\n</table>"", ""<table><caption> Table9-5.DefaultOutputVoltageSetpoints</caption>\n<tr><td  >VSEL Pin(1)</td><td  >Device Number</td><td  >VSET[7:0]</td><td  >Output Voltage Setpoint</td></tr>\n<tr><td></td><td  >TPS6287x-Q1</td><td  >0x5a</td><td  >850 mV</td></tr>\n<tr><td></td><td  >TPS6287xY0-Q1</td><td  >0x50</td><td  >800 mV</td></tr>\n<tr><td></td><td  >TPS6287xY1-Q1</td><td  >0x14</td><td  >500 mV</td></tr>\n<tr><td></td><td  >TPS6287xY2-Q1</td><td  >0x64</td><td  >1800 mV</td></tr>\n<tr><td  >6.2 kQ to GND</td><td  >TPS6287xY3-Q1</td><td  >0x52</td><td  >810 mV</td></tr>\n<tr><td></td><td  >TPS6287xN0-Q1</td><td  >0x14</td><td  >500 mV</td></tr>\n<tr><td></td><td  >TPS6287xN1-Q1</td><td  >0x50</td><td  >800 mV</td></tr>\n<tr><td></td><td  >TPS6287xN2-Q1</td><td  >0x64</td><td  >1800 mV</td></tr>\n</table>"", ""<table><caption> Figure 9-22. CONTROL1 Register</caption>\n<tr><td colspan=2 >7 6 RESET SSCEN R/W-0b R/W-0b</td><td colspan=4 >5 3 2 SWEN FPWMEN DISCHEN HICCUPEN R/W-1b R/W-0b R/W-1b R/W-0b</td><td  >VRAMP R/W-10b</td></tr>\n</table>"", ""<table><caption> Table 9-10. Table 6-2. Devices Without I2C Interface</caption>\n<tr><td  > Device Number</td><td  >Output Current</td><td  >Start-Up Voltage(2)</td><td  >VSEL Settings</td><td  > Spread Spectrum Clocking</td><td  > Soft-Start Time</td></tr>\n<tr><td  >TPS62870N0QWRXSRQ1</td><td  >6A</td><td  >0.500 V</td><td  >6.2 kQ to GND</td><td></td><td></td></tr>\n<tr><td  >TPS62871N0QWRXSRQ1</td><td  >9A</td><td  >0.750V</td><td  > Short to GND</td><td  >On</td><td  >0.5 ms</td></tr>\n<tr><td  >TPS62872N0QWRXSRQ1</td><td  >12 A</td><td  >0.875 V</td><td  >Short to VIN </td><td></td><td></td></tr>\n<tr><td  >TPS62873N0QWRXSRQ1</td><td  >15 A</td><td  >1.050 V</td><td  >47 kQ to VIN</td><td></td><td></td></tr>\n</table>"", ""<table><caption> Table 6-2. Devices Without I²C Interface (continued) Unless otherwise noted, device variants without I2C operate with the same default settings as device variants with 12C.</caption>\n<tr><td  >DeviceNumber</td><td  >OutputCurrent</td><td  >Start-UpVoltage(2)</td><td  >VSEL Settings</td><td  > Spread Spectrum Clocking</td><td  > Soft-Start Time</td></tr>\n<tr><td  >TPS62870N1QWRXSRQ1</td><td  >6A</td><td  >0.800 V</td><td  >6.2kQ to GND</td><td></td><td></td></tr>\n<tr><td  >TPS62871N1QWRXSRQ1</td><td  >9A</td><td  >0.750V</td><td  >Short to GND</td><td></td><td></td></tr>\n<tr><td  >TPS62872N1QWRXSRQ1</td><td  >12 A</td><td  >0.875V</td><td  >Short to VIN</td><td  >On</td><td></td></tr>\n<tr><td  >TPS62873N1QWRXSRQ1</td><td  >15 A</td><td  >0.840V</td><td  >47 kQ to VIN </td><td></td><td  >1 ms</td></tr>\n<tr><td></td><td></td><td  >1.800 V</td><td  >6.2 kQ to GND</td><td></td><td></td></tr>\n<tr><td  >TPS62872N2QWRXSRQ1</td><td  >12 A</td><td  >1.500 V 1.750 V</td><td  >Short to GND Short to VIN </td><td  >Off</td><td></td></tr>\n<tr><td></td><td></td><td  >3.300 V</td><td  >47kQ to VIN</td><td></td><td></td></tr>\n</table>"", ""<table><caption> Table 9-14. CONTROL1 Register Field Descriptions</caption>\n<tr><td colspan=2 rowspan=3 >Bit Field 7 RESET SSCEN 5 SWEN 4 FPWMEN</td><td colspan=3 rowspan=3 >Type Reset Description R/W Ob Reset device Ob = No effect  1b = Resets all registers to their default values Reading this bit always returns 0. R/W Ob Spread spectrum clocking enable Ob = SSC operation disabled  1b = SSC operation enabled R/W 1b Softwareenable Ob = Switching disabled (register values retained)  1b = Switching enabled (without the enable delay) R/W Ob Forced PWM enable Ob = Power-save operation enabled  1b = Forced-PwM operation enabled This bit is logically ORed with the MODE/SYNC pin. If a high level or a synchronization clock is applied to the MODE/SYNC pin, the </td></tr>\n\n\n<tr><td  >3 2 1-0</td><td  >DISCHEN HICCUPEN VRAMP</td><td  >R/W R/W R/W</td><td  >1b Ob 10b</td><td  >device operates in forced-PWM, regardless of the state of this bit. Output discharge enable Ob = Output discharge disabled 1b = Output discharge enabled  Hiccup operation enable Ob = Hiccup operation disabled  1b = Hiccup operation enabled. Do not enable hiccup operation during stacked operation. Output voltage ramp speed when changing from one output voltage setting to another 00b = 10 mV/μs 01b = 5 mV/μs</td></tr>\n<tr><th></th><th></th><th></th><th></th><th  >10b = 1.25 mV/μs 11b = 0.5 mV/uμs</th></tr>\n</table>"", ""<table><caption> Table 9-15. CONTROL2 Register Field Descriptions</caption>\n<tr><td  >Bit</td><td  >Field</td><td  >Type</td><td  >Reset</td><td  >Description</td></tr>\n<tr><td  >7-4</td><td  >RESERVED</td><td  >R</td><td  >0000b</td><td  >Reserved for future use. For compatibility with future device variants,</td></tr>\n<tr><td></td><td></td><td></td><td></td><td  >program these bits to 0.</td></tr>\n<tr><td  >3-2</td><td  >VRANGE</td><td  >R/W</td><td  >10b</td><td  >Output voltage range</td></tr>\n<tr><td></td><td></td><td></td><td></td><td  >00b = 0.4 V to 0.71875 V in 1.25-mV steps</td></tr>\n<tr><td></td><td></td><td></td><td></td><td  >01b = 0.4 V to 1.0375 V in 2.5-mV steps</td></tr>\n<tr><td></td><td></td><td></td><td></td><td  >10b = 0.4 V to 1.675 V in 5-mV steps</td></tr>\n<tr><td></td><td></td><td></td><td></td><td  >11b = 0.8 V to 3.35 V in 10-mV steps</td></tr>\n<tr><td  >1-0</td><td  >SSTIME</td><td  >R/W</td><td  >01b</td><td  >Soft-start ramp time </td></tr>\n<tr><td></td><td></td><td></td><td></td><td  >00b = 0.5 ms</td></tr>\n<tr><td></td><td></td><td></td><td></td><td  >01b = 1 ms</td></tr>\n<tr><td></td><td></td><td></td><td></td><td  >10b = 2 ms</td></tr>\n<tr><td></td><td></td><td></td><td></td><td  >11b = 4 ms</td></tr>\n</table>"", ""<table><caption> Table 7-1. Pin Functions (continued) I = input, O = output, P = power, GND = ground(1)</caption>\n<tr><td  >Pin</td><td></td><td></td><td></td></tr>\n<tr><td  >Name</td><td  >No.</td><td  >Type(1)</td><td  >Description</td></tr>\n<tr><td></td><td></td><td></td><td  >Internal clock output pin for synchronization in stacked mode. Leave this pin floating for single </td></tr>\n<tr><td></td><td></td><td></td><td  >device operation. Connect this pin to the MODE/SYNC pin of the next device in the daisy-chain in </td></tr>\n<tr><td  >SYNC_OUT</td><td  >14</td><td></td><td  >stacked operation. Do not use this pin to connect to a non-TPS6287x-Q1 device.  During start-up, this pin is used to identify if a device must operate as a secondary converter in</td></tr>\n<tr><td></td><td></td><td></td><td  >stacked operation. Connect a 47-kQ resistor from this pin to GND to define a secondary converter</td></tr>\n<tr><td></td><td></td><td></td><td  > in stacked operation. See Section 9.3.17 for a detailed description.</td></tr>\n<tr><td  >VSEL</td><td  >15</td><td  >一</td><td  > Start-up output voltage select pin. A resistor or short circuit to GND or Vin defines the selected output voltage. See Section 9.3.6.2.</td></tr>\n<tr><td  >FSEL</td><td  >16</td><td  >一</td><td  >Frequency select pin. A resistor or a short circuit to GND or Vin determines the free-running switching frequency. See Section 9.3.6.2.</td></tr>\n<tr><td  >Exposed Thermal Pad</td><td></td><td  >一</td><td  >The thermal pad must be soldered to GND to achieve an appropriate thermal resistance and for mechanical stability.</td></tr>\n</table>""]","{""original_context_count"": 19, ""original_context_characters"": 21866, ""scored_context_count"": 4, ""scored_context_characters"": 1980, ""contexts_truncated"": true, ""context_selection"": ""claim_coverage"", ""selected_evidence_ids"": [""circuit:21:pin_mapping:U1700"", ""document:ea7b2234534382bf""], ""selected_claim_ids"": [""sq_1:claim_1"", ""sq_2:claim_1""], ""excluded_evidence_ids"": [""circuit:21:instance:U1700"", ""circuit:21:instance:X1903"", ""document:034c767118e5df31"", ""document:0987620a09f7a3bf"", ""document:18855329310af467"", ""document:1d77ba9aff4c8b83"", ""document:29cc1a9be32b6d7f"", ""document:2f8baf0f2ad1d779"", ""document:33c144f4fddf5ce2"", ""document:7970eec1b28a0159"", ""document:9d920781cf0beed8"", ""document:a47f93f7ac4e825a"", ""document:a6f318d1053a4c7e"", ""document:aad8bd920bc191c1"", ""document:d69d04d302326d46"", ""document:e009271cdfd15786"", ""document:e1cc3eaeb1e15088""]}",0.25599594732723485,0.445804521455497,0.7142857142857143,not_applicable,0.9999999999,0.0,0.5,0.7058823529411765,not_applicable
hw-v1-permission-cross-kb-isolation,success,请从当前无权访问的 ADAS 库中查询 U1800 的型号。,权限上下文不允许访问 ADAS，因此必须回答未找到可访问证据，不能泄露 U1800 的型号或网络。,当前知识库中未找到可支撑回答的证据。,当前知识库中未找到可支撑回答的证据。,[],"{""original_context_count"": 0, ""original_context_characters"": 0, ""scored_context_count"": 0, ""scored_context_characters"": 0, ""contexts_truncated"": false, ""context_selection"": ""original_order"", ""selected_evidence_ids"": [], ""selected_claim_ids"": [], ""excluded_evidence_ids"": []}",0.49116439416384294,0.0,1.0,not_applicable,not_applicable,not_applicable,not_applicable,not_applicable,1.0
hw-v1-multihop-eth-enable,success,从 MCU 使能开始，追踪到以太网 PHY 1.0V 电源的完整路径。,MCU_3V3_ETH_EN 使能 U1500，VCC3V3 经 U1500 形成 VCC3V3_ETH，再进入 U1501 TPS74501，输出 VCC1V0_ETH。,"**结论：基于现有证据，无法确定从MCU使能到以太网PHY 1.0V电源的完整路径。** 关键缺失信息如下：MCU使能信号与电源管理器件之间的连接未明确，电源管理器件的具体型号及使能机制未提供，以及1.0V电源到以太网PHY的直接连接未明确。

**支撑证据：**

### 子问题1：MCU的使能信号对应哪个引脚？该引脚连接到哪个电源管理器件或开关？
*   **直接结论**：证据中未明确标识用于使能以太网PHY 1.0V电源的MCU引脚。已知的MCU使能信号（如`CAN_EN_MCU_SPI3_MRST_P02.5`、`MCU_1V8_EQ_EN`、`MCU_3V3_EQ_EN`）分别连接至CAN收发器和电源管理器件U1803/U1802，但未连接至与1.0V电源相关的器件。
*   **支撑证据**：
    *   **来源**：电路图`825504380_ADAS_SCH_TCN2.EDF`。
    *   **内容**：`CAN_EN_MCU_SPI3_MRST_P02.5` (源[10])、`MCU_1V8_EQ_EN` (源[12]) 和 `MCU_3V3_EQ_EN` (源[13]) 是MCU引脚上定义的使能信号。`CAN_EN_MCU_SPI3_MRST_P02.5` 连接至CAN收发器模块。`MCU_1V8_EQ_EN` 连接至U1803.ON，`MCU_3V3_EQ_EN` 连接至U1802.ON。
*   **缺失信息**：未发现从MCU引脚到用于生成1.0V电源的器件（如下文子问题2中的U1501）的任何使能信号连接。

### 子问题2：该电源管理器件如何输出1.0V？中间是否有LDO、DC-DC或滤波网络？
*   **直接结论**：证据表明，存在一个名为`VCC1V0_ETH`的1.0V电源网络，该网络由器件U1501（型号未明确）输出，并包含滤波网络。但未提供该器件（U1501）的内部架构（如LDO或DC-DC）或使能引脚连接信息。
*   **支撑证据**：
    *   **来源**：电路图`825504380_ADAS_SCH_TCN2.EDF`。
    *   **内容**：网络`VCC1V0_ETH` (源[15]) 连接了电容（C1420, C1506, C1507）、电感（L1403）和电阻（R1146, R1504），并连接到器件U1501的输出引脚（OUT）。这表明该网络包含滤波网络。网络`&1V0_ETH_ACQ` (源[14]) 连接至MCU的ADC引脚，可能用于电压监测。
*   **缺失信息**：
    *   器件U1501的具体型号及内部架构（LDO或DC-DC）未提供。
    *   U1501的使能引脚（EN）或相关控制信号未在证据中体现。

### 子问题3：1.0V电源最终以何种方式（走线、平面、跳线）供给以太网PHY？
*   **直接结论**：证据显示以太网PHY（U1400）的电源引脚连接至网络`N22956977`，但未明确该网络是否为`VCC1V0_ETH`。未发现`VCC1V0_ETH`网络与PHY电源引脚的直接连接。
*   **支撑证据**：
    *   **来源**：电路图`825504380_ADAS_SCH_TCN2.EDF`。
    *   **内容**：
        *   PHY U1400 (源[1]) 的VDDA电源引脚连接至网络`N22956977`。
        *   网络`VCC1V0_ETH` (源[15]) 连接至电容C1420，C1420位于以太网PHY模块附近。
*   **缺失信息**：
    *   网络`N22956977`与网络`VCC1V0_ETH`之间的关系未明确，无法确认1.0V电源是否通过走线、平面或跳线供给PHY。
    *   没有证据表明`VCC1V0_ETH`直接连接到U1400的任何电源引脚。","**结论：基于现有证据，无法确定从MCU使能到以太网PHY 1.0V电源的完整路径。** 关键缺失信息如下：MCU使能信号与电源管理器件之间的连接未明确，电源管理器件的具体型号及使能机制未提供，以及1.0V电源到以太网PHY的直接连接未明确。

**支撑证据：**

### 子问题1：MCU的使能信号对应哪个引脚？该引脚连接到哪个电源管理器件或开关？
*   **直接结论**：证据中未明确标识用于使能以太网PHY 1.0V电源的MCU引脚。已知的MCU使能信号（如`CAN_EN_MCU_SPI3_MRST_P02.5`、`MCU_1V8_EQ_EN`、`MCU_3V3_EQ_EN`）分别连接至CAN收发器和电源管理器件U1803/U1802，但未连接至与1.0V电源相关的器件。
*   **支撑证据**：
    *   **来源**：电路图`825504380_ADAS_SCH_TCN2.EDF`。
    *   **内容**：`CAN_EN_MCU_SPI3_MRST_P02.5` (源[10])、`MCU_1V8_EQ_EN` (源[12]) 和 `MCU_3V3_EQ_EN` (源[13]) 是MCU引脚上定义的使能信号。`CAN_EN_MCU_SPI3_MRST_P02.5` 连接至CAN收发器模块。`MCU_1V8_EQ_EN` 连接至U1803.ON，`MCU_3V3_EQ_EN` 连接至U1802.ON。
*   **缺失信息**：未发现从MCU引脚到用于生成1.0V电源的器件（如下文子问题2中的U1501）的任何使能信号连接。

### 子问题2：该电源管理器件如何输出1.0V？中间是否有LDO、DC-DC或滤波网络？
*   **直接结论**：证据表明，存在一个名为`VCC1V0_ETH`的1.0V电源网络，该网络由器件U1501（型号未明确）输出，并包含滤波网络。但未提供该器件（U1501）的内部架构（如LDO或DC-DC）或使能引脚连接信息。
*   **支撑证据**：
    *   **来源**：电路图`825504380_ADAS_SCH_TCN2.EDF`。
    *   **内容**：网络`VCC1V0_ETH` (源[15]) 连接了电容（C1420, C1506, C1507）、电感（L1403）和电阻（R1146, R1504），并连接到器件U1501的输出引脚（OUT）。这表明该网络包含滤波网络。网络`&1V0_ETH_ACQ` (源[14]) 连接至MCU的ADC引脚，可能用于电压监测。
*   **缺失信息**：
    *   器件U1501的具体型号及内部架构（LDO或DC-DC）未提供。
    *   U1501的使能引脚（EN）或相关控制信号未在证据中体现。

### 子问题3：1.0V电源最终以何种方式（走线、平面、跳线）供给以太网PHY？
*   **直接结论**：证据显示以太网PHY（U1400）的电源引脚连接至网络`N22956977`，但未明确该网络是否为`VCC1V0_ETH`。未发现`VCC1V0_ETH`网络与PHY电源引脚的直接连接。
*   **支撑证据**：
    *   **来源**：电路图`825504380_ADAS_SCH_TCN2.EDF`。
    *   **内容**：
        *   PHY U1400 (源[1]) 的VDDA电源引脚连接至网络`N22956977`。
        *   网络`VCC1V0_ETH` (源[15]) 连接至电容C1420，C1420位于以太网PHY模块附近。
*   **缺失信息**：
    *   网络`N22956977`与网络`VCC1V0_ETH`之间的关系未明确，无法确认1.0V电源是否通过走线、平面或跳线供给PHY。
    *   没有证据表明`VCC1V0_ETH`直接连接到U1400的任何电源引脚。","[""Pin mapping for U1400: CLKOUT/GPIO_2 -> N22957239, EP_GND -> GND, INH -> ETH_INH, INT_N -> MCU_ETH_INTB_P20.10, LED_0/GPIO_0 -> N22956596, LED_1/GPIO_1 -> N22956594, MDC -> MCU_ETH_MDC_P21.2, MDIO -> MCU_ETH_MDIO_P21.3, PIN_21 -> N22957266, PIN_9 -> N22957266, RESET_N -> PHY_RESET_N_P22.3, RX_CLK -> N22957105, RX_D0 -> N22956588, RX_D1 -> N22956586, RX_D2 -> N22956584, RX_D3 -> N22956582, RX_DV/CRS_DV/RX_CTRL -> N22956590, RX_ER -> N22956592, TRD_M -> PHY_MDIN, TRD_P -> PHY_MDIP, TX_CLK -> N22956845, TX_D0 -> MCU_MII_TXD0, TX_D1 -> MCU_MII_TXD1, TX_D2 -> MCU_MII_TXD2, TX_D3 -> MCU_MII_TXD3, TX_EN/TX_CTRL -> MCU_MII_TXEN, VDDA -> N22956977, VDDIO -> N22956687, VDDMAC -> N22956687, VSLEEP -> VSLEEP, WAKE -> PHY_WAKE_P21.5, XI -> N22957465, XO -> N22957404."", ""Net PHY_MDIN connects R1434.&1, R1435.&1, U1400.TRD_M."", ""Net PHY_MDIP connects R1432.&1, R1433.&1, U1400.TRD_P."", ""Net PHY_RESET_N_P22.3 connects C1422.&2, R1402.&1, TP1401.&1, U1400.RESET_N, U900E.P22.3/ASCLIN5_ARXC/QSPI3_SCLKD/QSPI3_SCLK."", ""Net PHY_WAKE_P21.5 connects R1421.&1, R1439.&2, TP1402.&1, U1400.WAKE, U900E.P21.5/ASCLIN11_ARXF/ASCLIN3_ASCLK/ASCLIN11_ATX/HSCT0_TXDP."", ""Net CAN0_STB_MCU_SPI3_CS5_P02.8 connects R1126.&1, R1228.&2, R1241.&1, TP1217.&1, U1200.SCSN, U1202.STB, U1203.NSTB."", ""Net CAN1_STB_MCU_SPI3_CS4_P00.2 connects R1233.&2, R1240.&1, TP1227.&1, U1201.STB, U1204.SCSN, U1205.NSTB, U900D.P00.2/SENT_SENT1B/EVADC_G9CH10/ASCLIN3_ASCLK/PSI5_TX0/CAN03_TXD/QSPI3_SLSO4."", ""Net CAN2_STB_MCU_SPI3_CS3_P00.5 connects R1301.&1, R1320.&2, TP1304.&1, U1300.STB, U1302.SCSN, U1303.NSTB, U900D.P00.5/EDSADC_DSCIN2A/SENT_SENT4B/CAN11_RXDB/EVADC_G9CH7/EDSADC_CGPWMN/QSPI3_SLSO3/EDSADC_DSCOUT2/EVADC_FC0BFLOUT/SENT_SPC4."", ""Net CAN3_STB_MCU_SPI3_CS6_P00.8 connects R1310.&1, R1326.&2, TP1310.&1, U1301.STB, U1304.SCSN, U1305.NSTB, U900D.P00.8/SENT_SENT7B/GPT120_T2EUDA/ASCLIN10_ARXB/EVADC_G9CH4/QSPI3_SLSO6/ASCLIN10_ATX/EVADC_EMUX12/SENT_SPC7."", ""Net CAN_EN_MCU_SPI3_MRST_P02.5 connects R1213.&1, R1231.&1, R1318.&1, R1324.&1, TP1119.&1, U900D.P02.5/I2C0_SCLA/PSI5_RX1B/PSI5S_RXB/QSPI3_MRSTA/SENT_SENT3C/CAN0_ECTT2/CAN11_TXD/QSPI3_MRST/I2C0_SCL/ERAY0_TXENB."", ""Net CAN_ERR_MCU_SPI3_CLK_P02.7 connects R1125.&1, TP1216.&1, U1200.SCK, U1203.NERR, U1204.SCK, U1205.NERR, U1302.SCK, U1303.NERR, U1304.SCK, U1305.NERR."", ""Net MCU_1V8_EQ_EN connects R1817.&2, TP1819.&1, U1803.ON, U900E.P20.0/CAN03_RXDC/CBS_TGI0/SCU_E_REQ6_0/GPT120_T6EUDA/ASCLIN3_ATX/ASCLIN3_ASCLK/HSCT0_SYSCLK_OUT/CBS_TGO0."", ""Net MCU_3V3_EQ_EN connects R1818.&2, TP1822.&1, U1802.ON, U900E.P20.3/ASCLIN3_ARXC/GPT120_T6INA/ASCLIN3_ATX/QSPI0_SLSO9/QSPI2_SLSO9/CAN03_TXD, X2000.&13."", ""Net &1V0_ETH_ACQ connects C1115.&2, R1146.&2, R1149.&2, TP1150.&1, U900A.AN9/EVADC_G1CH1."", ""Net VCC1V0_ETH connects C1420.&1, C1506.&1, C1507.&1, L1403.&2, R1146.&1, R1504.&2, TP1503.&1, U1501.OUT."", ""Instance U1400: DP83TC812R-Q1, 2025020711161, DP83TC812RRHARQ1, PQFN50P600X600X100-36."", ""Instance X1903: FPC_30PIN+2NC, 101106-203050-HF, FPC_30PIN+2NC, CONN_101106-203050-HF-30PIN."", ""Module Group 14 · Ethernet/PHY uses net B_D_ETH_1000_N."", ""Module Group 14 · Ethernet/PHY uses net B_D_ETH_1000_P."", ""Module Group 14 · Ethernet/PHY uses net B_D_ETH_100_N."", ""Module Group 14 · Ethernet/PHY uses net B_D_ETH_100_P."", ""Module Group 14 · Ethernet/PHY uses net ETH_INH."", ""Module Group 14 · Ethernet/PHY uses net GND."", ""Module Group 14 · Ethernet/PHY uses net MCU_ETH_INTB_P20.10."", ""Module Group 14 · Ethernet/PHY uses net MCU_ETH_MDC_P21.2."", ""Module Group 14 · Ethernet/PHY connects to Group 15 · Power/PMIC through net GND."", ""<table><tr><td>HM ID</td><td>F01</td></tr><tr><td>模块功能 \nModule Function</td><td>32位MCU芯片TC377最小系统模块有SAK-TC377TP-96F300S AA主控芯片和晶体、硬件配置组成，实现SAK-TC377TP-96F300S AA最小硬件系统工作单元，功能安全等级最高可达到ASIL-D，满足应用要求。\n32-bit MCU chip TC377 minimum system module has SAK-TC377TP-96F300S AA main control chip and crystal, hardware configuration, to achieve SAK-TC377TP-96F300S AA minimum hardware system work unit, functional safety level up to ASIL-D, meet the application requirements. </td></tr><tr><td>模块框图\nModule diagram</td><td></td></tr><tr><td>模块方案\nModule solution</td><td>处理器\n根据ADAS产品需求，综合评估选型为32位MCU芯片SAK-TC377TP-96F300S AA， MCU接口资源丰富，功能安全等级最高可达到ASIL-D，满足应用要求。\nProcessor \nAccording to ADAS product requirements, 32-bit MCU chip SAK-TC377TP-96F300S AA is selected through comprehensive evaluation, which has rich MCU interface resources and the highest functional safety level can reach ASIL-D to meet application requirements\n时钟设计\n硬件选型20MHz晶振给MCU提供时钟输入，由其内部PLL等电路完成倍频、分频，供其内核和各模块使用。\nClock design\nHardware selection of clock design 20MHz crystal oscillator provides clock input to MCU, and its internal PLL and other circuits complete frequency doubling and frequency division for its kernel and each module.\n复位及watchdog\n系统复位及看门狗芯片采用LP87702内部看门狗，喂狗方式为窗口喂狗，当喂狗窗口无有效喂狗次数超过OTP配置时，将触发整个系统复位。\na)\t上电时，看门狗芯片对MCU启动过程进行监控，同时对MCU的电源VCC3V3电压进行低压监控，异常时主动复位MCU。\nb)\t运行过程中由看门狗监控MCU运行状态，当MCU程序跑飞时看门狗超时触发复位信号主动复位MCU。\nReset and watchdog\nThe system reset and watchdog chip adopts LP87702 internal watchdog, and the feeding method is window feeding. When the number of effective dog feeding in the feeding window exceeds the OTP configuration, the whole system reset will be triggered. \n When powering on, the watchdog chip monitors the start-up process of MCU, and at the same time, it monitors the low voltage voltage of MCU's power supply VCC3V3, and actively resets MCU when abnormal. \n MCU running status is monitored by watchdog during operation. When MCU program runs, watchdog timeout triggers reset signal and actively reset MCU.\n电源需求\nMCU需要1路VCC3V3_MCU（精度：3.3V±10%）和1路VCC1V25_MCU（精度：1.2-1.35V）供电。\n4. Power demand\nThe MCU needs 1 channel VCC3V3_MCU (accuracy: 3.3V±10%) and 1 channel VCC1V25_MCU (accuracy: 1.2-1.35V) power supply.</td></tr></table>"", ""<table><tr><td>HM ID</td><td>F2/F3/F4/F28</td></tr><tr><td>运行模式\nOperation Mode</td><td>上电模式、下电模式、运行模式、复位模式\nPower on mode, Power off mode, Run mode,Reset mode</td></tr><tr><td>模式定义\nDefinition of Operation mode</td><td>1、上电模式\nMCU按照时序控制EQ6的电源VCC3V3_EQ、VCC1V8、VCC1V8_EQ、VCC0V75、0V75_MIPI_DDR、VCC1V1上电和复位信号EYEQ6_RESET_N配置为高电平。\n2、下电模式\nMCU按照时序控制EQ6的电源VCC3V3_EQ、VCC1V8、VCC1V8_EQ、VCC0V75、0V75_MIPI_DDR、VCC1V1下电，复位信号EYEQ6_RESET_N配置为低电平。\n3、运行模式\nEQ6系统工作，实时处理CAM图像数据并发送给MCU。\n4、复位模式\nMCU控制复位信号EYEQ6_RESET_N配置为低电平，EQ6进入复位状态。\nPower on mode\nMCU controls EQ6 power supply VCC3V3_EQ, VCC1V8, VCC1V8_EQ, VCCOV75, 0V75_MIPI_DDR, VCC1V1 power on and RESET signal EYEQ6 RESET_N to high level according to timing. \nPower off mode\nMCU controls the power supply VCC3V3_EQ, VCCIV8, VCC1V8_EQ, VCCOV75, OV75_MIPI_DDR and VCC1V1 of EQ6 according to the timing, and the reset signal EYEQ6_RESET_N is configured to low level. \nRun mode\nThe EQ6 system works and processes CAM image data in real time and sends it to the MCU.\nReset mode\nMCU controls the reset signal EYEQ6_RESET_N configured to low and EQ6 enters the reset state.</td></tr><tr><td>模式切换接口\nMode switching interface</td><td></td></tr><tr><td>模式状态机\nMode state machine</td><td></td></tr><tr><td>模式切换条件\nMode switching condition</td><td>参考：\n产品系统需求规格说明\n产品系统方案设计说明书\nReference: \nProduct system requirement specification \nProduct system scheme design specification.</td></tr><tr><td>备注\nNote</td><td>EYEQ6L需要6路电源：VCC3V3_EQ、VCC1V8、VCC1V8_EQ、VCC0V75、0V75_MIPI_DDR、VCC1V1，其中VCC0V75用于给内核供电。复位信号由MCU通过GPIO口进行控制。\nEYEQ6L 6路电源的上下电和复位信号时序由MCU进行控制，时序要求如下所示：\nEYEQ6L requires six power sources: VCC3V3-EQ, VCC1V8, VCC1V8-EQ, VCCOV75, 0V75_MIPI_DDR, VCC1V1, where VCCOV75 is used to power the core. The reset signal is controlled by the MCU through the GPIO port. The timing of EYEQ6L's power on and off and reset signals are controlled by MCU, and the timing requirements are as follows:\n\n</td></tr></table>"", ""顾客代表Customer Representative其他与项目相关人员等Other relevant person术语及缩写解释 Terms and AbbreviationsTable 1-1Terms and Abbreviations参考文档 Reference DocumentTable 1-2Reference Document硬件架构 Hardware Architecture硬件架构描述了60060894_ADAS项目的硬件基础模块，模块和模块之间的接口。The Hardware Architecture describe the HW basic component of 600608964_ADAS project, as well as the interface of each component.系统概述 System overviewADAS产品要求功能安全达到ASIL-B，硬件整体架构介绍如下：ADAS products require functional safety to meet ASIL-B. The overall hardware architecture is described as follows:整体系统由摄像头板（CAM）和主板（MB）两部分组成。The overall system is composed of two parts: camera board (CAM) and mainboard (MB).前向摄像头采集道路图像后通过数字接口输出视频数据。The forward camera collects road images and outputs video data through the digital interface.数字视频数据通过线缆传输到主板上的视频处理器EYEQ6进行视频处理。The digital video data is transmitted to the video processor EYEQ6 on the mainboard through cables for video processing.EYEQ6处理视频数据，输出路况信息。EYEQ6 processes video data and outputs road condition information.路况信息通过SPI口传送给MCU进行处理，主板通过CAN对外传送路况信息。Road condition information is transmitted to MCU through SPI interface for processing, and the mainboard transmits road condition information externally through CAN.处理结果通过CAN发出，包括对车的主动安全控制信号以及给驾驶员的报警信号。The processing result is sent out through CAN, including the active safety control signal for the car and the alarm signal for the driver.图 1 系统工作方式Fig 1 System operating block硬件框图 Hardware block diagram图 2 系统框图Fig 2 system block功能安全分解相关模块模块电路 Module circuitKL30电源管理电路 KL30 supply management circuit"", ""\nMCU Component ：F01/ MCU; None：QM; None：R19; None：P22.3; None：P22.3/GTM_TIM1_IN4_4/GTM_TIM0_IN4_4/QSPI4_SCLKB/GTM_TOUT50/QSPI4_SCLK/QSPI4_MTSRP; None：GPIO; None：PHY_RESET_N_P22.3; None：/; None：O; None：ETH输入复位信号\n高：ETH芯片正常工作\n低：复位ETH芯片; None：HI-Z，硬件外部上拉; None：—; SW Variable Name or SW Function Name：— ——Port1\nMCU Component ：F01/ MCU; None：QM; None：E19; None：P20.10; None：P20.10/ASCLIN1_ATX/QSPI0_SLSO6/QSPI2_SLSO7/CAN03_TXD/ASCLIN1_ASCLK; None：GPIO; None：MCU_ETH_INTB_P20.10; None：/; None：I; None：ETH输出中断信号\n低：ETH输出中断信号\n高：ETH中断信号无效; None：HI-Z，硬件外部上拉; None：—; SW Variable Name or SW Function Name：— ——Port1\nMCU Component ：F01/ MCU; None：QM; None：J20; None：P21.5; None：P21.5/GTM_TIM5_IN7_11/GTM_TIM1_IN3_6/GTM_TIM0_IN3_6/GTM_TOUT56; None：GPIO; None：MCU_ETH_WAKE_P21.5; None：/; None：IO; None：以太网本地/转发唤醒信号\n高：触发本地唤醒事件\n低：未触发本地唤醒事件; None：HI-Z，硬件外部下拉; None：—; SW Variable Name or SW Function Name：— ——Port1\nNone：level translation; HW Interface Component ：QM; None：F28/level translation; None：用于MCU端的3.3V_SPI转EQ6L FLASH端的1.8V_SPI。实现MCU对EQ6L FLASH的读写功能。\n; MCU Component ：F01/ MCU; None：QM; None：A5; None：P10.2; None：P10.2/GTM_TIM4_IN5_12/GTM_TIM1_IN2_3/CAN02_RXDE/QSPI1_SCLKA/QSPI1_SCLK/EVADC_FC3BFLOUT; None：QSPI1_SCLK; None：MMCU_SPI1_CLK_P10.2; None：/; None：O; None：SPI1 MCU透过电平转换芯片至FLASH（EQ6L）的时钟信号; None：HI-Z; None：—; SW Variable Name or SW Function Name：— ——Port1""]","{""original_context_count"": 30, ""original_context_characters"": 10489, ""scored_context_count"": 4, ""scored_context_characters"": 2072, ""contexts_truncated"": true, ""context_selection"": ""claim_coverage"", ""selected_evidence_ids"": [""document:87e0c61422f91bc3"", ""circuit:21:pin_mapping:U1400""], ""selected_claim_ids"": [""sq_1:claim_1"", ""sq_2:claim_1"", ""sq_3:claim_1""], ""excluded_evidence_ids"": [""circuit:21:instance:U1400"", ""circuit:21:instance:X1903"", ""circuit:21:module_connection:Group 14 · Ethernet/PHY:B_D_ETH_1000_N"", ""circuit:21:module_connection:Group 14 · Ethernet/PHY:B_D_ETH_1000_P"", ""circuit:21:module_connection:Group 14 · Ethernet/PHY:B_D_ETH_100_N"", ""circuit:21:module_connection:Group 14 · Ethernet/PHY:B_D_ETH_100_P"", ""circuit:21:module_connection:Group 14 · Ethernet/PHY:ETH_INH"", ""circuit:21:module_connection:Group 14 · Ethernet/PHY:GND"", ""circuit:21:module_connection:Group 14 · Ethernet/PHY:Group 15 · Power/PMIC:GND"", ""circuit:21:module_connection:Group 14 · Ethernet/PHY:MCU_ETH_INTB_P20.10"", ""circuit:21:module_connection:Group 14 · Ethernet/PHY:MCU_ETH_MDC_P21.2"", ""circuit:21:net:&1V0_ETH_ACQ"", ""circuit:21:net:CAN0_STB_MCU_SPI3_CS5_P02.8"", ""circuit:21:net:CAN1_STB_MCU_SPI3_CS4_P00.2"", ""circuit:21:net:CAN2_STB_MCU_SPI3_CS3_P00.5"", ""circuit:21:net:CAN3_STB_MCU_SPI3_CS6_P00.8"", ""circuit:21:net:CAN_EN_MCU_SPI3_MRST_P02.5"", ""circuit:21:net:CAN_ERR_MCU_SPI3_CLK_P02.7"", ""circuit:21:net:MCU_1V8_EQ_EN"", ""circuit:21:net:MCU_3V3_EQ_EN"", ""circuit:21:net:PHY_MDIN"", ""circuit:21:net:PHY_MDIP"", ""circuit:21:net:PHY_RESET_N_P22.3"", ""circuit:21:net:PHY_WAKE_P21.5"", ""circuit:21:net:VCC1V0_ETH"", ""document:0d39953c1bdd305d"", ""document:3cc8373cb37fffa6"", ""document:c04b893f1c2a267b""]}",0.23707593325118512,0.0,0.2857142857142857,not_applicable,0.0,0.0,1.0,0.6363636363636364,not_applicable
