sample_id,snapshot_status,question,reference_answer,response,scored_response,retrieved_contexts,ragas_scoring,answer_correctness,answer_relevancy,completeness,conflict_disclosure,context_precision,context_recall,evidence_consistency,faithfulness,missing_information_honesty
hw-v1-circuit-u1700-pins,success,U1700 的每个关键引脚分别连接到哪个网络？,U1700 是 LP87702-Q1；VIN_B0_1、VIN_B1_1、VANA、VIN_B0_2、VIN_B1_2 接 VCC3V3，FB_B0 接 VCC1V1，FB_B1 接 VCC1V8，VOUT_BST 接 VCC50，EN1 接 MCU_5V_EN。,"根据证据，U1700 的所有引脚连接网络如下，未区分“关键引脚”与其它引脚，因证据未定义关键性列表。

**直接结论：**
- nINT → MCU_nINT_PMIC_P12.1
- EN1 → MCU_5V_EN
- VIN_B0_1 → VCC3V3
- VIN_B1_1 → VCC3V3
- VANA → VCC3V3
- SW_BST → N19935658
- NRST → N19935946
- SDA(EN3) → MCU_SDA_P15.5
- SCL(EN2) → MCU_SCL_P15.4
- FB_B1 → VCC1V8
- CLKIN(GPO2) → MCU_WD_INH
- WDI → MCU_WDI_P13.3
- VOUT_BST → VCC50
- PG1(GPO1) → N19936014
- WD_RESET → TC367_RESET_N
- SW_B1_1 → N19935668
- FB_B0 → VCC1V1
- SW_B0_1 → N19935443
- SW_B0_2 → N19935443
- VIN_B0_2 → VCC3V3
- VIN_B1_2 → VCC3V3
- SW_B1_2 → N19935668
- PAD → GND
- AGND → GND
- PGND_BST → GND
- PGND_B1_2 → GND
- PGND_B1_1 → GND
- PGND_B0_2 → GND
- PGND_B0_1 → GND

**支撑证据：**
- 证据 [1]（`circuit:21:pin_mapping:U1700`）提供了上述全部引脚与网络的对应关系。
- 证据 [2]（`circuit:21:instance:U1700`）确认 U1700 为器件 LP87702-Q1。

**缺失信息：**  
证据未定义 U1700 的“关键引脚”列表，因此上述列表包含所有引脚。若用户需要特定分类（如电源、使能、复位、I2C 等），需额外说明。","根据证据，U1700 的所有引脚连接网络如下，未区分“关键引脚”与其它引脚，因证据未定义关键性列表。

**直接结论：**
- nINT → MCU_nINT_PMIC_P12.1
- EN1 → MCU_5V_EN
- VIN_B0_1 → VCC3V3
- VIN_B1_1 → VCC3V3
- VANA → VCC3V3
- SW_BST → N19935658
- NRST → N19935946
- SDA(EN3) → MCU_SDA_P15.5
- SCL(EN2) → MCU_SCL_P15.4
- FB_B1 → VCC1V8
- CLKIN(GPO2) → MCU_WD_INH
- WDI → MCU_WDI_P13.3
- VOUT_BST → VCC50
- PG1(GPO1) → N19936014
- WD_RESET → TC367_RESET_N
- SW_B1_1 → N19935668
- FB_B0 → VCC1V1
- SW_B0_1 → N19935443
- SW_B0_2 → N19935443
- VIN_B0_2 → VCC3V3
- VIN_B1_2 → VCC3V3
- SW_B1_2 → N19935668
- PAD → GND
- AGND → GND
- PGND_BST → GND
- PGND_B1_2 → GND
- PGND_B1_1 → GND
- PGND_B0_2 → GND
- PGND_B0_1 → GND

**支撑证据：**
- 证据 [1]（`circuit:21:pin_mapping:U1700`）提供了上述全部引脚与网络的对应关系。
- 证据 [2]（`circuit:21:instance:U1700`）确认 U1700 为器件 LP87702-Q1。

**缺失信息：**  
证据未定义 U1700 的“关键引脚”列表，因此上述列表包含所有引脚。若用户需要特定分类（如电源、使能、复位、I2C 等），需额外说明。","[""Pin mapping for U1700: nINT -> MCU_nINT_PMIC_P12.1, EN1 -> MCU_5V_EN, VIN_B0_1 -> VCC3V3, VIN_B1_1 -> VCC3V3, VANA -> VCC3V3, SW_BST -> N19935658, NRST -> N19935946, SDA(EN3) -> MCU_SDA_P15.5, SCL(EN2) -> MCU_SCL_P15.4, FB_B1 -> VCC1V8, CLKIN(GPO2) -> MCU_WD_INH, WDI -> MCU_WDI_P13.3, VOUT_BST -> VCC50, PG1(GPO1) -> N19936014, WD_RESET -> TC367_RESET_N, SW_B1_1 -> N19935668, FB_B0 -> VCC1V1, SW_B0_1 -> N19935443, SW_B0_2 -> N19935443, VIN_B0_2 -> VCC3V3, VIN_B1_2 -> VCC3V3, SW_B1_2 -> N19935668, PAD -> GND, AGND -> GND, PGND_BST -> GND, PGND_B1_2 -> GND, PGND_B1_1 -> GND, PGND_B0_2 -> GND, PGND_B0_1 -> GND."", ""Instance U1700: LP87702-Q1, 20200424007, LP87702RRHBRQ1, pqfn50p5x5x90-32."", ""Instance U1400: DP83TC812R-Q1, 2025020711161, DP83TC812RRHARQ1, PQFN50P600X600X100-36."", ""Instance U503: NXB0104PW-Q100, 20220529784, NXB0104PW-Q100, SOP65P640X500X110-14.""]","{""original_context_count"": 4, ""original_context_characters"": 855, ""scored_context_count"": 4, ""scored_context_characters"": 855, ""contexts_truncated"": false, ""context_selection"": ""claim_coverage"", ""selected_evidence_ids"": [""circuit:21:pin_mapping:U1700""], ""selected_claim_ids"": [""sq_1:claim_1"", ""sq_2:claim_1""], ""excluded_evidence_ids"": []}",0.5007422765395066,0.7680938126076182,1.0,not_applicable,0.9999999999,1.0,1.0,0.918918918918919,not_applicable
hw-v1-circuit-vcc3v3-loads,success,网络 VCC3V3 上连接了哪些主要芯片？,VCC3V3 有 52 个连接；主要 IC 至少包括 U1700、U1800、U1500、U1802、U1804 和 U1600。,"根据证据，网络 VCC3V3 直接连接的主要芯片（集成电路）有：U1500、U1600、U1700、U1800、U1802、U1804。

**支撑证据：**
- 电路原理图数据（来源：[1] 825504380_ADAS_SCH_TCN2.EDF）显示，网络 VCC3V3 直接连接了以下芯片的电源引脚：
  - U1500 (VIN)
  - U1600 (VCCIN)
  - U1700 (VIN_B0_1, VIN_B1_1, VANA, VIN_B0_2, VIN_B1_2)
  - U1800 (VIN, MODE/SYNC)
  - U1802 (VIN)
  - U1804 (VIN)","根据证据，网络 VCC3V3 直接连接的主要芯片（集成电路）有：U1500、U1600、U1700、U1800、U1802、U1804。

**支撑证据：**
- 电路原理图数据（来源：[1] 825504380_ADAS_SCH_TCN2.EDF）显示，网络 VCC3V3 直接连接了以下芯片的电源引脚：
  - U1500 (VIN)
  - U1600 (VCCIN)
  - U1700 (VIN_B0_1, VIN_B1_1, VANA, VIN_B0_2, VIN_B1_2)
  - U1800 (VIN, MODE/SYNC)
  - U1802 (VIN)
  - U1804 (VIN)","[""Net VCC3V3 connects C1500.&1, C1617.&1, C1618.&1, C1621.&1, C1633.&2, C1700.&1, C1701.&1, C1702.&1, C1704.&1, C1709.&1, C1710.&1, C1711.&1, C1716.&1, C1800.&1, C1801.&1, C1802.&1, C1803.&1, C1804.&1, C1805.&1, C1811.&1, C1812.&1, C1821.&1, C1823.&1, C1828.&1, L1601.&2, L1701.&1, Q1700.S, R1622.&2, R1701.&1, R1706.&1, R1709.&1, R1710.&1, R1711.&2, R1712.&2, R1800.&2, TP1605.&1, TP1803.&1, U1500.VIN, U1600.VCCIN, U1700.VIN_B0_1, U1700.VIN_B1_1, U1700.VANA, U1700.VIN_B0_2, U1700.VIN_B1_2, U1800.VIN, U1800.VIN, U1800.MODE/SYNC, U1802.VIN, U1804.VIN, U1804.VIN, X2000.&1, X2000.&3."", ""Net VCC3V3_CAM_ACQ connects C1114.&2, R1143.&2, R1147.&2, TP1146.&1, U900A.AN12/EVADC_G1CH4/EDSADC_EDS0PB."", ""Net VCC3V3_CAM_FB connects R1143.&1, TP1913.&1, X1903.&4."", ""Net VCC3V3_EQ connects C1832.&1, C502.&1, C619.&1, C621.&1, C624.&1, C627.&1, C630.&1, R1108.&1, R1122.&1, R506.&2, R507.&2, R549.&2, R554.&2, R555.&2, R556.&2, R558.&2, R580.&2, R581.&2, TP1816.&1, U1802.QOD, U1802.VOUT, U400-2.VDD_RING_8_0-1, U400-2.VDD_RING_8_0-2, U400-2.VDD_RING_8_0-3, U400-2.VDD_RING_9_0, X1903.&10, Y500.VDD."", ""Net VCC3V3_ETH connects C1404.&1, C1410.&1, C1502.&1, C1503.&1, C1504.&1, L1400.&2, L1401.&2, R1110.&1, R1400.&2, R1401.&2, R1402.&2, R1403.&2, R1404.&2, R1405.&2, R1406.&2, R1407.&2, R1408.&2, R1409.&2, R1410.&2, TP1502.&1, U1500.QOD, U1500.VOUT, U1501.EN, U1501.IN."", ""Net VCC3V3_MCU connects C1109.&1, C1204.&1, C1221.&1, C1303.&1, C1308.&1, C509.&2, C835.&2, C906.&1, C909.&1, C910.&1, C911.&1, C913.&1, C914.&1, C915.&1, C929.&1, DP907.&1, L1703.&2, L901.&1, L902.&1, L903.&2, R1007.&2, R1009.&2, R1115.&2, R1205.&2, R1218.&2, R1229.&2, R1235.&2, R1240.&2, R1241.&2, R1300.&2, R1301.&2, R1309.&2, R1310.&2, R1322.&2, R1328.&2, R1703.&1, R805.&2, R900.&1, R903.&2, R904.&2, R906.&2, R909.&2, R913.&2, R915.&2, R919.&2, R920.&1, R921.&1, U1200.VI/O, U1203.VI/O, U1204.VI/O, U1205.VI/O, U1302.VI/O, U1303.VI/O, U1304.VI/O, U1305.VI/O, U503.VCCB, U900C.VEVRSB, U900C.VEXT, U900C.VEXT, U900C.VEXT, U900C.VEXT, U900C.VEXT, U900C.VFLEX, Y1100.std-by, Y1100.VCC."", ""Net VCC3V3_SW connects C1721.&2, C905.&1, L1703.&1, Q1700.D, R1709.&2, TP1714.&1, U901.S2."", ""<table><tr><td>HM ID</td><td>F12</td></tr><tr><td>模块功能 \nModule Function</td><td>KL30转VCC3V3是系统一级DC-DC，基于LN10046设计，给系统提供电源。\nThe KL30 to VCC3V3 is a first-level DC-DC based on the LN10046 design and provides power to the system.</td></tr><tr><td>模块框图\nModule diagram</td><td></td></tr><tr><td>模块方案\nModule solution</td><td>采用LN10046电源DCDC芯片，将12V系统电源转换为3.3V，提供给系统供电使用。\nThe LN10046 power supply DCDC chip is used to convert the 12V system power supply to 3.3V and provide power supply to the system for use.\n</td></tr></table>"", ""<table><tr><td>HM ID</td><td>F15</td></tr><tr><td>模块功能 \nModule Function</td><td>VCC3V3转0V75_MIPI_DDR应用于EQ6的IO口供电，现使用矽力杰的SA23002进行设计。\nVCC3V3 to 0V75_MIPI_DDR for EQ6 IO port power supply, Silergy’s SA23002 is designed.</td></tr><tr><td>模块框图\nModule diagram</td><td></td></tr><tr><td>模块方案\nModule solution</td><td>采用SA23002电源芯片，将VCC3V3转换为0V75_MIPI_DDR，提供给EQ6的IO口供电。用MCU的P22.1引脚使能该芯片。\nSA23002 power chip is used to convert VCC3V3 to 0V75_MIPI_DDR to supply power to the I/O port of EQ6. The P22.1 pin of the MCU is used to enable the chip. \n</td></tr></table>"", ""<table><tr><td>HM ID</td><td>F11/F12/F13/F14/F15/F16/F17/F18/F19/F25/F27</td></tr><tr><td>模块功能 \nModule Function</td><td>系统使用车载电池12V电压供电，经过EMI电路后输入至电源转换芯片，转换输出系统各模块所需电源。\nThe system uses 12V voltage power supply from the vehicle battery, which is input to the power conversion chip through the EMI circuit. Then the power conversion chip convert and output the power required by each module of the system.</td></tr><tr><td>模块框图\nModule diagram</td><td></td></tr><tr><td>模块方案\nModule solution</td><td>KL30 EMI (ASIL-B)\nKL30供电口处增加EMI电路，用于供电保护和滤波。硬件电路设计在UBD网络增加两个串联ESD电容，PCB布局靠近主连接器引脚处，用于吸收外部ESD信号，后端增加双向TVS管用于瞬态过压保护\nThe EMI circuit is added at the KL30 power supply port for power supply protection and filtering. The hardware circuit design adds two series ESD capacitors in the UBD network, the PCB layout is close to the main connector pin for absorbing external ESD signals, and the two-way TVS tube is added at the back end for transient overvoltage protection.\nKL30 to VCC3V3 (ASILB)\nKL30转VCC3V3是系统一级DC-DC，给MCU提供VCC3V3_MCU电源，所以系统要求其满足ASILB，确保MCU功能安全。\nKL30 to VCC3V3 is a system primary DC-DC chip, because the MCU needs VCC3V3_MCU power supply, so the system requires it to meet the ASILB to ensure the functional safety of the MCU.\nVCC3V3_MCU to VCC1V25_MCU(ASILB)\n3V3转1V25_MCU是使用MCU内置控制器进行控制的BUCK电源，用于MCU的核供电，功能安全需求达到ASILB，确保MCU功能安全。\n3V3 to 1V25_MCU is a BUCK power supply controlled by MCU built-in controller, which is used for MCU nuclear power supply. Functional safety requirements meet ASILB to ensure the functional safety of MCU.\nVCC3V3 to VCC0V75(QM(B))\nVCC3V3转VCC0V75应用于EQ6的内核供电，要求输出电流能力大，现选型TI的电源方案TPS62872。用MCU的P22.0引脚使能芯片，用MCU_SDA_P15.5，MCU_SCL_P15.4引脚I2C通信来设置输出电压和通信。\nVCC3V3 to VCC0V75 is applied to the core power supply of EQ6, which requires large output current capacity. The power supply scheme TPS62872 of TI is selected. P22.0 pin of MCU is used to enable the chip, and MCU_SDA_P15.5, MCU_SCL_P15.4 pin I2C communication is used to set the output voltage and communication. \nVCC3V3 to 0V75_MIPI_DDR(QM(B))\nVCC3V3转0V75_MIPI_DDR用于EQ6的IO口供电，现使用矽力杰的SA23002进行设计。用MCU的P22.1引脚使能该芯片。\nVCC3V3 to 0V75_MIPI_DDR for EQ6 IO port power supply, Silergy’s SA23002 is designed. The P22.1 pin of the MCU is used to enable the chip.\nVCC3V3转VCC1V8、VCC1V1、VCC50(QM(B))\nVCC1V8用于EQ6、CAM、DDR、FLASH供电，VCC1V1用于EQ6、DDR供电，VCC50用于CAN收发器供电，现选择LP87702 PMIC方案。用MCU的P15.3引脚使能该芯片的5V输出，用MCU_SCL_P15.4，MCU_SDA_P15.5 I2C通信来设置1.8V和1.1V输出电压和使能。\nVCC1V8 is used for EQ6, CAM, DDR, FLASH power supply, VCC1V1 is used for EQ6, DDR power supply, VCC50 is used for CAN transceiver  power supply, LP87702 PMIC scheme is selected. P15.3 pin of MCU is used to enable 5V output of the chip, and MCU_SCL_P15.4, MCU_SDA_P15.5 I2C communication is used to set 1.8V and 1.1V output voltage and enable it. \nVCC3V3 to VCC3V3_EQ(QM(B))\nVCC3V3转VCC3V3_EQ用于EQ6的IO和摄像头供电，现使用负载开关进行设计。用MCU的P20.3引脚使能该芯片。\nVCC3V3 to VCC3V3_EQ for EQ6’s IO and camera power supply, now using the load switch is designed. .The P20.3 pin of the MCU is used to enable the chip.\n\tVCC3V3 to VCC3V3_ETH(QM)\n3V3转3V3_ETH用于ETH供电，现选择负载开关方案。用MCU的P21.0引脚使能该芯片。\n3V3 to 3V3_ETH for ETH power supply, the load switch scheme is selected. . The P21.0 pin of the MCU is used to enable the chip.\n\tVCC1V8 to VCC1V8_EQ(QM(B))\nVCC1V8转VCC1V8_EQ用于EQ供电，现选择负载开关方案。用MCU的P20.0引脚使能该芯片。\nVCC1V8 to VCC1V8_EQ for EQ power supply, the load switch scheme is selected. . The P20.0 pin of the MCU is used to enable the chip.</td></tr><tr><td colspan='2'></td></tr></table>"", ""\nHW Interface Component ：QM; None：F15/POWER; None：1、电源转换芯片SA23002，VCC3V3转VCC0V75_MIPI_DDR。\n2、SA23002由MCU进行使能和关断控制。; MCU Component ：F01/MCU; None：QM; None：P19; None：P22.1; None：P22.1/GTM_TIM1_IN0_8/GTM_TIM0_IN0_8/QSPI4_MRSTB/GTM_TOUT48/QSPI4_MRST/QSPI4_SCLKP; None：GPIO; None：MCU_VCC0V75_MIPI_DDR_EN; None：/; None：O; None：VCC0V75_MIPI_DDR电源使能控制信号\n高：使能VCC0V75_MIPI_DDR电源\n低：关断VCC0V75_MIPI_DDR电源; None：HI-Z, 硬件外部下拉; None：—; SW Variable Name or SW Function Name：— ——Port1\nECU Connector：X2000-54; None：SPI Communction; HW Interface Component ：B; None：F02/EYEQ6L; None：MCU_SPI0（slave）\nEQ6L_SPI0（master）\n速率：10Mbps; MCU Component ：F01/MCU; None：B; None：E20; None：P20.11; None：P20.11/GTM_TIM3_IN7_6/GTM_TIM2_IN7_6/QSPI0_SCLKA/GTM_TOUT67/QSPI0_SCLK; None：QSPI0_SCLKA; None：MCU_SPI0_CLK_P20.11; None：/; None：I; None：EQ发送SPI时钟信号到MCU\nMCU配置为内置下拉（SPI模式配置为：极性CPOL=0，相位CPHA=1）; None：HI-Z; None：—; SW Variable Name or SW Function Name：— ——Port1\nECU Connector：X2000-57; MCU Component ：F01/MCU; None：B; None：D20; None：P20.13; None：P20.13/GTM_TIM3_IN1_4/GTM_TIM2_IN1_4/QSPI0_SLSIA/GTM_TOUT69/QSPI0_SLSO2/QSPI1_SLSO2/QSPI0_SCLK; None：QSPI0_SLSIA; None：MCU_SPI0_CS_P20.13; None：/; None：I; None：EQ发送SPI片选信号到MCU\nMCU配置为内置上拉（SPI模式配置为：极性CPOL=0，相位CPHA=1）; None：HI-Z; None：—; SW Variable Name or SW Function Name：— ——Port1"", ""<table><tr><td>HM ID</td><td>F13</td></tr><tr><td>模块功能 \nModule Function</td><td>VCC1V8用于EQ6、CAM、DDR、FLASH供电。VCC1V1用于EQ6、DDR供电。VCC50用于CAN收发器供电，现选择LP87702 PMIC方案。\nVCCIV8 is used to power EQ6, CAM, DDR, FLASH.VCC1V1 is used to power EQ6,DDR. VCC50 is used for CAN transceiver power supply, now choose LP87702 PMIC scheme. \n</td></tr><tr><td>模块框图\nModule diagram</td><td></td></tr><tr><td>模块方案\nModule solution</td><td>\n采用LP87702芯片，将VCC3V3转换为VCC1V8、VCC1V1、VCC50，其中VCC1V8用于EQ6、CAM、DDR、FLASH供电，VCC1V1用于EQ6、DDR供电，VCC50用于CAN收发器供电。用MCU的P15.3引脚使能该芯片的5V输出，用MCU_SCL_P15.4，MCU_SDA_P15.5 I2C通信来设置1.8V和1.1输出电压和使能。用MCU的P12.1引脚复位该芯片。\nLP87702 chip is used to convert VCC3V3 into VCC1V8, VCC1V1 and VCC50, in which VCC1V8 is used for EQ6, CAM, DDR and FLASH power supply, VCC1V1 is used for EQ6 and DDR power supply, and VCC50 is used for CAN transceiver power supplyP15.3 pin of MCU is used to enable 5V output of the chip, and MCU_SCL_P15.4, MCU_SDA_P15.5 I2C communication is used to set 1.8V and 1.1 output voltage and enable it. Reset the chip with P12.1 pin of the MCU. </td></tr></table>"", ""\nHW Interface Component ：QM（B）; None：F16/POWER; None：1、负载开关TPS22918，VCC3V3转VCC3V3_EQ。\n2、TPS22918由MCU进行使能和关断控制。; MCU Component ：F01/MCU; None：B; None：G20; None：P20.3; None：P20.3/GTM_TIM4_IN5_11/GTM_TIM3_IN4_5/GTM_TIM2_IN4_5/GTM_TOUT61/QSPI0_SLSO9/QSPI2_SLSO9/CAN03_TXD; None：GPIO; None：MCU_3V3_EQ_EN; None：/; None：O; None：VCC3V3_EQ电源使能控制信号\n高：使能VCC3V3_EQ电源\n低：关断VCC3V3_EQ电源; None：HI-Z,硬件外部下拉; None：—; SW Variable Name or SW Function Name：— ——Port1\nHW Interface Component ：QM; None：F17/POWER; None：1、负载开关TPS22918，VCC3V3转VCC3V3_ETH。\n2、TPS22918由MCU进行使能和关断控制。; MCU Component ：F01/MCU; None：QM; None：K17; None：P21.0; None：P21.0/GTM_TIM4_IN0_11/GTM_TIM3_IN4_6/GTM_TIM2_IN4_6/QSPI4_MRSTDN/DMU_FDEST/GTM_TOUT51/HSM_HSM1; None：GPIO; None：MCU_3V3_ETH_EN; None：/; None：O; None：VCC3V3_ETH电源使能控制信号\n高：使能VCC3V3_EQ电源\n低：关断VCC3V3_EQ电源; None：HI-Z, 硬件外部下拉; None：—; SW Variable Name or SW Function Name：— ——Port1\nHW Interface Component ：QM; None：F14/POWER; None：1、电源转换芯片TPS62872，VCC3V3转VCC0V75。\n2、TPS62872由MCU进行使能和关断控制。; MCU Component ：F01/MCU; None：QM; None：P20; None：P22.0; None：P22.0/GTM_TIM1_IN1_7/GTM_TIM0_IN1_7/QSPI4_MTSRB/GTM_TOUT47/QSPI4_MTSR/QSPI4_SCLKN; None：GPIO; None：MCU_VCC0V75_EN; None：/; None：O; None：VCC0V75电源使能控制信号\n高：使能VCC0V75电源\n低：关断VCC0V75电源; None：HI-Z, 硬件外部下拉; None：—; SW Variable Name or SW Function Name：— ——Port1"", ""<table><tr><td>HM ID</td><td>F16</td></tr><tr><td>模块功能 \nModule Function</td><td>VCC3V3转VCC3V3_EQ用于EQ6的IO和摄像头供电，现使用负载开关TPS22918进行设计。\nVCC3V3 to VCC3V3-EQ is used for the IO and camera power supply of EQ6, and the load switch TPS22918 is used for the design.</td></tr><tr><td>模块框图\nModule diagram</td><td></td></tr><tr><td>模块方案\nModule solution</td><td>采用TPS22918负载开关，将VCC3V3系统电源转换为VCC3V3_EQ，提供给EQ6和摄像头供电。用MCU的P20.3引脚使能该芯片。\nThe TPS22918 load switch is used to convert the VCC3V3 system power to VCC3V3-EQ to supply power to EQ6 and the camera. The P20.3 pin of the MCU is used to enable the chip.\n</td></tr></table>"", ""<table><tr><td>HM ID</td><td>F17</td></tr><tr><td>模块功能 \nModule Function</td><td>3V3转3V3_ETH用于ETH供电，现选择负载开关方案。\n3V3 to 3V3_ETH is used for ETH power supply, and the load switching scheme is now selected.</td></tr><tr><td>模块框图\nModule diagram</td><td></td></tr><tr><td>模块方案\nModule solution</td><td>采用TPS22918负载开关，将VCC3V3系统电源转换为VCC3V3_ETH，提供给MCU的ETH供电。P21.0引脚使能该芯片。\nThe TPS22918 load switch is used to convert the VCC3V3 system power to VCC3V3-ETH to supply power to ETH of the MCU. The P21.0 pin of the MCU is used to enable the chip.\n</td></tr></table>"", ""Figure 7-1. 16-Pin RXS VQFN Package (Top View)\nOUT\nNC\n16\n5-\n4\nCOMP\n13\nSCL\n（1\n2二\nGOSNS\n(12\nSDA\n[3\nVOSNS\n(11\nMODE/SYNC\n47\nThermal\n0]\nEN\nPG\nPad\n[5\n(9\nVIN\nVIN\nGND\nGND\n-'6!\n!8'\nSW\nNot to scale"", ""\nThe diagram shows a circuit layout with two labeled latches: FF1 at the top and FF2 at the bottom. FF1 is connected to an “Input Buffer” block on its right, which has text below it reading “V_IL = < 0.4 V” and “V_IH = > 0.8 V”. The Input Buffer connects via a line to a square labeled “PG” at the far right. A vertical line extends downward from the connection between Input Buffer and PG, branching to connect to the gate of a transistor symbol labeled “Q1”, which points downward to a ground symbol. FF1 has an input arrow from the left labeled “FORCE DCM”. FF2 has an input arrow from the left labeled “SOFT START COMPLETE”. Between FF1 and FF2, a bidirectional arrow connects them vertically, intersecting a horizontal line labeled “SECONDARY DEVICE DETECTED” with a pulse waveform icon above the label. All blocks are enclosed within a single rectangular border.Figure 9-13. Power-Good Functional Block Diagram (Secondary Device)\nFF1\nInput\nLatch\nFORCEDCM\nPG\nBuffer\nVIL =< 0.4 V\nSECONDARYDEVICE\nViIH = >0.8 V\nDETECTED\nQ1\nSOFTSTART\nLatch\nCOMPLETE\nFF2"", ""<table><caption> Table 7-1. Pin Functions (continued) I = input, O = output, P = power, GND = ground(1)</caption>\n<tr><td  >Pin</td><td></td><td></td><td></td></tr>\n<tr><td  >Name</td><td  >No.</td><td  >Type(1)</td><td  >Description</td></tr>\n<tr><td></td><td></td><td></td><td  >Internal clock output pin for synchronization in stacked mode. Leave this pin floating for single </td></tr>\n<tr><td></td><td></td><td></td><td  >device operation. Connect this pin to the MODE/SYNC pin of the next device in the daisy-chain in </td></tr>\n<tr><td  >SYNC_OUT</td><td  >14</td><td></td><td  >stacked operation. Do not use this pin to connect to a non-TPS6287x-Q1 device.  During start-up, this pin is used to identify if a device must operate as a secondary converter in</td></tr>\n<tr><td></td><td></td><td></td><td  >stacked operation. Connect a 47-kQ resistor from this pin to GND to define a secondary converter</td></tr>\n<tr><td></td><td></td><td></td><td  > in stacked operation. See Section 9.3.17 for a detailed description.</td></tr>\n<tr><td  >VSEL</td><td  >15</td><td  >一</td><td  > Start-up output voltage select pin. A resistor or short circuit to GND or Vin defines the selected output voltage. See Section 9.3.6.2.</td></tr>\n<tr><td  >FSEL</td><td  >16</td><td  >一</td><td  >Frequency select pin. A resistor or a short circuit to GND or Vin determines the free-running switching frequency. See Section 9.3.6.2.</td></tr>\n<tr><td  >Exposed Thermal Pad</td><td></td><td  >一</td><td  >The thermal pad must be soldered to GND to achieve an appropriate thermal resistance and for mechanical stability.</td></tr>\n</table>"", ""Figure 10-1. Typical ApplicationSchematic\n110 nH±20%\n0.75V\nV\nVIN\nSW\n3.3V\nVIN\nMODE/SYNC\n20 kQ\nC\nC\nVoO\nLoad\nVOSNS\nEN\nGOSNS\nSDA\nSCL\n>Rz\nVSEL\nFSEL\n3.3V\nCc\n6.2 kQ\n[cc\nM10 kQ\nCOMP\n1kQ\nOPG\nPG\nSYNC_OUT\nGND\n10pF\nGND\n"", ""\nThe image displays an electronic circuit diagram centered around a rectangular integrated circuit (IC) component with multiple labeled pins on its left and right sides. On the left side of the IC, from top to bottom, are pins labeled: VIN, MODE/SYNC, EN, SDA, SCL, VSEL, FSEL, SYNC_OUT, and two GND pins at the bottom. The top-left corner shows a voltage input range labeled “2.7 V to 6 V” connected to VIN through a resistor R_EN and capacitor C_IN to ground. Below that, a pin labeled V_IO connects to a resistor network, and another pin labeled I²C connects to the same network. Further down, resistors R_VSEL and R_FSEL connect to VSEL and FSEL pins respectively, each leading to ground. A cross symbol appears near the SYNC_OUT pin.\n\nOn the right side of the IC, from top to bottom, are pins labeled: SW, VOSNS, GOSNS, COMP, PG, and another GND pin. The SW pin connects to an inductor L, which then connects to a capacitor C_OUT leading to ground and also to a block labeled “Load.” The VOSNS and GOSNS pins connect to a resistor R_Z and capacitor C_C2, both leading to ground. The COMP pin connects to the junction of R_Z and C_C2. The PG pin connects through a 1kΩ resistor and a 10pF capacitor to ground, with a node labeled “PG” between them. A separate V_IO label appears near the right side, connecting through a resistor R_PG to the junction before the 1kΩ resistor. All connections are represented by solid lines, with ground symbols shown as downward-pointing triangles. No numerical data points, axes, legends, or enumerable comparative units are present.2.7 V\nVIN\nCou\nDDE/SYNC\nC\nSCL\nC\nVSEL"", ""Figure 10-24. Layout Example\nFigure 10-24 shows the top layer of one of the evaluation modules for this device. It demonstrates the practical\nGND\nVIN\nVOUT\nVIN\nGND\n"", ""\n10.5.2Layout Example\nimplementation of the PCB layout principles previously listed. The user can find a complete set drawings of all the layers used in this PCB in the evaluation module's user guide.\n11 Device and Documentation Support\n11.1 Device Support\n11.1.1 Third-Party Products Disclaimer\nTI'SPUBLICATIONOFINFORMATION REGARDINGTHIRD-PARTYPRODUCTS ORSERVICESDOESNOT CONSTITUTEANENDORSEMENTREGARDING THESUITABILITY OF SUCHPRODUCTS ORSERVICES ORAWARRANTY,REPRESENTATIONORENDORSEMENTOFSUCHPRODUCTSORSERVICES,EITHER ALONEORINCOMBINATIONWITHANYTIPRODUCTORSERVICE\n11.2 Documentation Support\n11.2.1 Related Documentation\nFor related documentation see the following:\nTexas Instruments, Semiconductor and IC Package Thermal Metrics application report\n11.3 Receiving Notification of Documentation Updates\nTo receive notification of documentation updates, navigate to the device product folder on ti.com. Click on Subscribe to updates to register and receive a weekly digest of any product information that has changed. For change details, review the revision history included in any revised document.\n11.4 Support Resources\nTI E2E\""M support forums are an engineer's go-to source for fast, verified answers and design help — straight from the experts. Search existing answers or ask your own question to get the quick design help you need.\nLinked content is provided \""AS IS\"" by the respective contributors. They do not constitute TI specifications and do not necessarily reflect Tl's views; see Tl's Terms of Use.\n11.5 Trademarks\nTI E2E\""M is a trademark of Texas Instruments.\nAll trademarks are the property of their respective owners.\n11.6 ElectrostaticDischarge Caution\nThis integrated circuit can be damaged by ESD. Texas Instruments recommends that all integrated circuits be handled with appropriate precautions. Failure to observe proper handling and installation procedures can cause damage.\nESD damage can range from subtle performance degradation to complete device failure. Precision integrated circuits may be more susceptible to damage because very small parametric changes could cause the device not to meet its published specifications.\n11.7 Glossary\nTI Glossary\nThis glossary lists and explains terms, acronyms, and definitions.\n12 Mechanical, Packaging, and Orderable Information\nThe following pages include mechanical, packaging, and orderable information. This information is the most current data available for the designated devices. This data is subject to change without notice and revision of this document. For browser-based versions of this data sheet, refer to the left-hand navigation."", ""<table><caption> *All dimensioons are nominal</caption>\n<tr><th  >Device</th><th  >Package Type</th><th  >Package Drawing</th><th  >Pins</th><th  >SPQ</th><th  >Length (mm)</th><th  >Width (mm)</th><th  >Height (mm)</th></tr>\n<tr><td  >TPS62870N0QWRXSRQ1</td><td  >VQFN-FCRLF</td><td  >RXS</td><td  >16</td><td  >3000</td><td  >338.0</td><td  >355.0</td><td  >50.0</td></tr>\n<tr><td  >TPS62870QWRXSRQ1</td><td  >VQFN-FCRLF</td><td  >RXS</td><td  >16</td><td  >3000</td><td  >338.0</td><td  >355.0</td><td  >50.0</td></tr>\n<tr><td  >TPS62870Y0QWRXSRQ1</td><td  >VQFN-FCRLF</td><td  >RXS</td><td  >16</td><td  >3000</td><td  >338.0</td><td  >355.0</td><td  >50.0</td></tr>\n<tr><td  >TPS62870Y1QWRXSRQ1</td><td  >VQFN-FCRLF</td><td  >RXS</td><td  >16</td><td  >3000</td><td  >338.0</td><td  >355.0</td><td  >50.0</td></tr>\n<tr><td  >TPS62870Y2QWRXSRQ1</td><td  >VQFN-FCRLF</td><td  >RXS</td><td  >16</td><td  >3000</td><td  >338.0</td><td  >355.0</td><td  >50.0</td></tr>\n<tr><td  >TPS62870Y3QWRXSRQ1</td><td  >VQFN-FCRLF</td><td  > RXS</td><td  >16</td><td  >3000</td><td  >338.0</td><td  >355.0</td><td  >50.0</td></tr>\n<tr><td  >TPS62871QWRXSRQ1</td><td  >VQFN-FCRLF</td><td  >RXS</td><td  >16</td><td  >3000</td><td  >338.0</td><td  >355.0</td><td  >50.0</td></tr>\n<tr><td  >TPS62871Y1QWRXSRQ1</td><td  >VQFN-FCRLF</td><td  >RXS</td><td  >16</td><td  >3000</td><td  >338.0</td><td  >355.0</td><td  >50.0</td></tr>\n<tr><td  >TPS62872N0QWRXSRQ1</td><td  >VQFN-FCRLF</td><td  > RXS</td><td  >16</td><td  >3000</td><td  >338.0</td><td  >355.0</td><td  >50.0</td></tr>\n<tr><td  >TPS62872QWRXSRQ1</td><td  >VQFN-FCRLF</td><td  >RXS</td><td  >16</td><td  >3000</td><td  >338.0</td><td  >355.0</td><td  >50.0</td></tr>\n<tr><td  >TPS62872Y1QWRXSRQ1</td><td  >VQFN-FCRLF</td><td  >RXS</td><td  >16</td><td  >3000</td><td  >338.0</td><td  >355.0</td><td  >50.0</td></tr>\n<tr><td  >TPS62873QWRXSRQ1</td><td  >VQFN-FCRLF</td><td  >RXS</td><td  >16</td><td  >3000</td><td  >338.0</td><td  >355.0</td><td  >50.0</td></tr>\n<tr><td  >TPS62873Y1QWRXSRQ1</td><td  >VQFN-FCRLF</td><td  >RXS</td><td  >16</td><td  >3000</td><td  >338.0</td><td  >355.0</td><td  >50.0</td></tr>\n</table>""]","{""original_context_count"": 23, ""original_context_characters"": 21119, ""scored_context_count"": 8, ""scored_context_characters"": 2642, ""contexts_truncated"": true, ""context_selection"": ""claim_coverage"", ""selected_evidence_ids"": [""circuit:21:net:VCC3V3_SW""], ""selected_claim_ids"": [""sq_1:claim_1""], ""excluded_evidence_ids"": [""circuit:21:net:VCC3V3"", ""circuit:21:net:VCC3V3_CAM_ACQ"", ""circuit:21:net:VCC3V3_CAM_FB"", ""circuit:21:net:VCC3V3_EQ"", ""circuit:21:net:VCC3V3_ETH"", ""circuit:21:net:VCC3V3_MCU"", ""document:166c78abf834f10b"", ""document:2f8baf0f2ad1d779"", ""document:35108004bab10732"", ""document:579ac6324adfcfe0"", ""document:5e69a562758e3536"", ""document:5fe56e0953406ff6"", ""document:6fe0f75e90293675"", ""document:7a6ae2179c8765b3"", ""document:a266ee5764d45ab0"", ""document:ac72bb1a220bade2"", ""document:b6943ae371d76077"", ""document:ba992b551b800e56"", ""document:bf52768a2f9667cf"", ""document:d59fddc6838a7925"", ""document:e26a168e2958c940"", ""document:fb47bab03fe29655""]}",0.7915446455430349,0.28982736730138203,0.8571428571428571,not_applicable,0.49999999995,1.0,1.0,1.0,not_applicable
hw-v1-document-hardware-modules,success,ADAS 项目的软硬件接口文档中，硬件架构包含哪些模块电路？,HSI 2.3 节列出 KL30 电源管理、唤醒、电源、TC377 最小系统、EQ6 最小系统、摄像头最小系统、看门狗、温度采样、系统内电源电压采样、ETH、CAN/CAN FD 和 3V3 过压保护等电路。,"根据ADAS项目软硬件接口文档（600608964_ADAS_HSI_0506_1952_shoulin.wang.docx），硬件架构包含以下模块电路：

1. KL30电源管理电路
2. 唤醒电路
3. 电源电路
4. TC377最小系统
5. EQ6最小系统
6. 摄像头最小系统
7. 看门狗电路
8. 温度采样电路
9. 系统内电源电压采样电源
10. ETH电路
11. CAN/CAN FD电路
12. 3V3过压保护电路

**来源说明**：文档第2.3节“模块电路 Module circuit”的目录（证据[2]）列出了上述12个模块电路，证据[1]和[5]也提供了部分模块名称的印证，但完整列表以目录为准。

未发现证据冲突，所有子问题均已覆盖，无需补充缺失信息。","根据ADAS项目软硬件接口文档（600608964_ADAS_HSI_0506_1952_shoulin.wang.docx），硬件架构包含以下模块电路：

1. KL30电源管理电路
2. 唤醒电路
3. 电源电路
4. TC377最小系统
5. EQ6最小系统
6. 摄像头最小系统
7. 看门狗电路
8. 温度采样电路
9. 系统内电源电压采样电源
10. ETH电路
11. CAN/CAN FD电路
12. 3V3过压保护电路

**来源说明**：文档第2.3节“模块电路 Module circuit”的目录（证据[2]）列出了上述12个模块电路，证据[1]和[5]也提供了部分模块名称的印证，但完整列表以目录为准。

未发现证据冲突，所有子问题均已覆盖，无需补充缺失信息。","[""顾客代表Customer Representative其他与项目相关人员等Other relevant person术语及缩写解释 Terms and AbbreviationsTable 1-1Terms and Abbreviations参考文档 Reference DocumentTable 1-2Reference Document硬件架构 Hardware Architecture硬件架构描述了60060894_ADAS项目的硬件基础模块，模块和模块之间的接口。The Hardware Architecture describe the HW basic component of 600608964_ADAS project, as well as the interface of each component.系统概述 System overviewADAS产品要求功能安全达到ASIL-B，硬件整体架构介绍如下：ADAS products require functional safety to meet ASIL-B. The overall hardware architecture is described as follows:整体系统由摄像头板（CAM）和主板（MB）两部分组成。The overall system is composed of two parts: camera board (CAM) and mainboard (MB).前向摄像头采集道路图像后通过数字接口输出视频数据。The forward camera collects road images and outputs video data through the digital interface.数字视频数据通过线缆传输到主板上的视频处理器EYEQ6进行视频处理。The digital video data is transmitted to the video processor EYEQ6 on the mainboard through cables for video processing.EYEQ6处理视频数据，输出路况信息。EYEQ6 processes video data and outputs road condition information.路况信息通过SPI口传送给MCU进行处理，主板通过CAN对外传送路况信息。Road condition information is transmitted to MCU through SPI interface for processing, and the mainboard transmits road condition information externally through CAN.处理结果通过CAN发出，包括对车的主动安全控制信号以及给驾驶员的报警信号。The processing result is sent out through CAN, including the active safety control signal for the car and the alarm signal for the driver.图 1 系统工作方式Fig 1 System operating block硬件框图 Hardware block diagram图 2 系统框图Fig 2 system block功能安全分解相关模块模块电路 Module circuitKL30电源管理电路 KL30 supply management circuit"", ""注：使用本模板时请先阅读填写说明页，形成工作产品时本页不可删除变更历史Change History目  录Table of Contents1\t概述 Introduction\t81.1 目的 Purpose\t81.2 适用范围 Range of Application\t81.3 读者对象 TReader\t81.4 术语及缩写解释 Terms and Abbreviations\t81.5 参考文档 Reference Document\t82\t硬件架构 Hardware Architecture\t92.1 系统概述 System overview\t92.2 硬件框图 Hardware block diagram\t102.3 模块电路 Module circuit\t122.3.1 KL30电源管理电路 KL30 supply management circuit\t122.3.2 唤醒电路 Wake Up circuit\t132.3.3 电源电路 power circuit\t152.3.4 TC377最小系统 TC377 minimum system\t232.3.5 EQ6最小系统 EQ6 minimum system\t252.3.6 摄像头最小系统 camera minimum system\t282.3.7 看门狗电路 Watchdog circuit\t302.3.8 温度采样电路 Temp Sample circuit\t302.3.9 系统内电源电压采样电源 The power System Voltage Sampling circuit\t312.3.10 ETH电路 ETH circuit\t332.3.11 CAN/CAN FD电路 CAN/CAN FD circuit\t342.3.12 3V3过压保护电路 3V3 overvoltage protection circuit\t353\t硬件运行模式 Hardware Operation Mode\t363.1 硬件运行模式 Hardware Operation Mode\t363.2 运行模式定义 Definition of Operation Mode\t373.3 运行模式转换条件 Transition Condition of Operation Mode\t393.3.1 KL30电源管理电路 KL30 supply management circuit\t393.3.2 唤醒电路 Wake Up circuit\t413.3.3 电源电路 Power Circuit\t423.3.4 TC377最小系统 TC377 minimum system\t53"", ""3.3.5 EQ6最小系统 EQ6 minimum system\t553.3.6 摄像头最小系统 camera minimum system\t593.3.7 看门狗电路 Watchdog circuit\t613.3.8 温度采样电路 Temp Sample circuit\t623.3.9 ETH电路 ETH circuit\t633.3.10 CAN FD电路 CAN FD circuit\t654\tADC电压采集阈值 The ADC voltage acquisition threshold\t685\tEQ6L上下电时序要求 EQ6L Power-on and power-off sequence requirements\t686\t共享和独占的硬件资源 Shared and Exclusive Hardware Resource\t696.1 ECU-MCU信号对应关系 ECU-MCU Signal Mapping\t696.2 MCU时钟配置 MCU Clock Configuration\t706.3 存储器配置 Memeory Configuration\t717\t其他芯片配置 Other IC Configuration\t717.1 其他芯片的通讯机制 Communication Mechanism with Other IC\t717.2 LP87702配置 LP87702 Configuration\t727.3 TPS62872配置 TPS62872 Configuration\t728\t安全机制 Safety Mechanisms\t736.1 System level\t736.2 HW level\t736.3 IC level\t73概述 Introduction目的 Purpose软硬接口文档的目的是描述软件和硬件的交互，并且确保软件硬件和TSR的一致性。The goal of the hardware software interface document is to specify the hardware and software interaction and be consistent with the technical safety concept.适用范围 Range of Application此文档适用于奇瑞EQ6L T1G ADAS项目的功能安全开发全过程。This document is applied for the whole functional safety development process of  EQ6L T1G ADAS project.读者对象 TReader项目经理Project Manager项目组成员Project Team Members功能安全经理Functional Safety Manager功能安全工程师Functional Safety System Engineer硬件工程师 Hardware Engineer软件工程师 Software Engineer质量和审查人员QA and Assessor产品测试人员Product Test Engineer"", ""\nSheet名称：9_SA; 内容摘要：xxx系列产品系统层级假设; 项目适配说明：需要需求开发人员确认本sheet的\nD列是否被满足，并填写确认结果 ——0_Instruction Manual\nSheet名称：10_Recognition Unit; 内容摘要：xxx的硬件组件图; 项目适配说明：需要根据实际的项目需要，\n确认硬件架构图 ——0_Instruction Manual\nSheet名称：11_xxxxxB(D)_HWFMEA; 内容摘要：xxx的硬件FMEA; 项目适配说明：须要需求开发人员结合项目的硬件原理图和安全需求，完善FMEA内容，以判断xxx中的硬件组件在本项目中是否安全相关，并与TSR建立追溯关系 ——0_Instruction Manual\nSheet名称：12_xxxxxB(D)_SIR; 内容摘要：xxx的安全机制及分配给\n软硬件的需求; 项目适配说明：基于FMEA结果，在确认需求后，需要结合客户释放的安全需求和\""Registers Bit Description_13\""sheet页check需求，并明确本sheet中红色字体部分的内容 ——0_Instruction Manual\nSheet名称：13_Registers Bit Description; 内容摘要：需求确认中所需的相关寄存器信息汇总列表; 项目适配说明：需要需求开发人员在确认需求时\n了解相关寄存器 ——0_Instruction Manual\nSheet名称：14_xxxxxB(D)_DTCAndDID Table; 内容摘要：不同故障的DTC和DID; 项目适配说明：对于每一种故障，需要明确DTC和DID为多少 ——0_Instruction Manual\nUnnamed: 0：nan; Unnamed: 1：nan; Unnamed: 2：nan; 文件编号：：ID: ; APXXXXXX_XXX_FS_SM_XXX：APXXXXXX_XXX_FS_SM_XXX ——1_Face"", ""唤醒电路 Wake Up circuit电源电路 power circuitKL30 EMI电路 KL30 EMI circuitKL30 转VCC3V3 KL30 to VCC3V3VCC3V3_MCU转VCC1V25_MCU  VCC3V3_MCU to VCC1V25_MCUVCC3V3转VCC0V75  VCC3V3 to VCC0V75VCC3V3转0V75_MIPI_DDR  VCC3V3 to 0V75_MIPI_DDRVCC3V3转VCC1V8、VCC1V1、VCC50   VCC3V3 to VCC1V8、VCC1V1、VCC50VCC3V3转VCC3V3_EQ  VCC3V3 to VCC3V3_EQVCC3V3转VCC3V3_ETH  VCC3V3 to VCC3V3_ETHVCC1V8转VCC1V8_EQ  VCC1V8 to VCC1V8_EQTC377最小系统 TC377 minimum systemEQ6最小系统 EQ6 minimum system摄像头最小系统 camera minimum system看门狗电路 Watchdog circuit温度采样电路 Temp Sample circuit系统内电源电压采样电源 The power System Voltage Sampling circuitETH电路 ETH circuitCAN/CAN FD电路 CAN/CAN FD circuit3V3过压保护电路 3V3 overvoltage protection circuit硬件运行模式 Hardware Operation Mode主要用于描述当前ADAS硬件不同的运行模式（例如上电模式，下电模式，Sleep模式，运行模式等）。描述各个运行模式下的硬件模块功能，以及模式之间的切换条件。Describe the different operating mode of ADAS Hardware (e.g. power on mode, power off mode, Sleep mode，normal mode). Define the HW component functions in each operating mode, describe the transition condition between different modes.硬件运行模式 Hardware Operation Mode系统功能矩阵描述系统不同模式下各功能模块运行状态。The system function matrix describes the operation status of each function module in different modes of the system."", ""\nUnnamed: 0：nan; Unnamed: 1：nan; Unnamed: 2：nan; Unnamed: 3：nan ——3_Overview\nUnnamed: 0：nan; Unnamed: 1：nan; Unnamed: 2：nan; Unnamed: 3：nan ——3_Overview\nUnnamed: 0：nan; Unnamed: 1：nan; Unnamed: 2：nan; Unnamed: 3：nan ——3_Overview\nUnnamed: 0：nan; Unnamed: 1：nan; Unnamed: 2：nan; Unnamed: 3：nan ——3_Overview\nUnnamed: 0：nan; Unnamed: 1：nan; Unnamed: 2：nan; Unnamed: 3：nan ——3_Overview\nUnnamed: 0：nan; Unnamed: 1：nan; Unnamed: 2：目的：\npurpose; Unnamed: 3：本文档的目的是明确APXXXXXX项目采用的XXX芯片的安全需求假设，以便将其传递给产品软硬件工程师进行开发实现，进而满足功能安全的要求 ——3_Overview\nUnnamed: 0：nan; Unnamed: 1：nan; Unnamed: 2：适用范围：\nrange of application; Unnamed: 3：本文档适用于APXXXXXX项目产品功能安全开发系统、软件和硬件的所有设计开发及测试过程 ——3_Overview\nUnnamed: 0：nan; Unnamed: 1：nan; Unnamed: 2：读者对象：\napplicable readers; Unnamed: 3：产品功能安全经理\n产品功能安全系统工程师\n产品功能安全软件工程师\n产品功能安全硬件工程师\n产品测试工程师 ——3_Overview\nUnnamed: 0：nan; Unnamed: 1：nan; Unnamed: 2：nan; Unnamed: 3：nan ——3_Overview\nUnnamed: 0：nan; Unnamed: 1：nan; Unnamed: 2：nan; Unnamed: 3：nan ——3_Overview"", ""<table><tr><td>HM ID</td><td>F24</td></tr><tr><td>模块功能 \nModule Function</td><td>ADAS系统需求MCU外接1路100BASE-T1以太网通讯接口，用于软件调试和对外通讯。\nThe ADAS system requires MCU to be connected with a 100BASE-T1 Ethernet communication interface for software debugging and external communication.</td></tr><tr><td>模块框图\nModule diagram</td><td></td></tr><tr><td>模块方案\nModule solution</td><td>硬件设计选型汽车级芯片DP83TC812R（TI），支持100BASE-TI通讯、以太网唤醒功能，电路和PCB参考原厂规范进行设计。所用到引脚是MCU_ETH_MDIO_P21.3，MCU_ETH_MDC_P21.2，MCU_MII_TXD3_P11.0，MCU_MII_TXD2_P11.1，MCU_MII_TXD1_P11.2，MCU_MII_TXD0_P11.3，MCU_MII_TXCLK_P11.5，MCU_MII_TXDV_P11.6，MCU_MII_RXD3_P11.7，MCU_MII_RXD2_P11.8，MCU_MII_RXD1_P11.9，MCU_MII_RXD0_P11.10，MCU_MII_RXDV_P11.11，MCU_MII_RXCLK_P11.12， MCU_ETH_INTB_P20.10，PHY_RESET_N_P22.3，MCU_ETH_WAKE_P21.5。\nThe automotive grade chip DP83TC812R (TI) is selected for hardware design, which supports 100BASE-TI communication and Ethernet wake-up function. The circuit and PCB are designed according to the original factory specifications. \nThe pins used are MCU_ETH_MDIO_P21.3，MCU_ETH_MDC_P21.2，MCU_MII_TXD3_P11.0,MCU_MII_TXD2_P11.1,MCU_MII_TXD1_P11.2, MCU_MII_TXD0_P11.3, MCU_MII_TXCLK_P11.5, MCU_MII_TXDV_P11.6, MCU_MII_RXD3_P11.7, MCU_MII_RXD2_P11.8, MCU_MII_RXD1_P11.9, MCU_MII_RXD0_P11.10,MCU_MII_RXDV_P11.11,MCU_MII_RXCLK_P11.12, PHY_RESET_N_P22.3, MCU_ETH_WAKE_P21.5.</td></tr></table>"", ""<table><tr><td>HM ID</td><td>F01/F06/F11</td></tr><tr><td>模块功能\nModule Function</td><td>ADAS正常工作电压范围9~16VDC，系统需求需要对产品供电KL30进行电源管理，硬件电路对UBD电源网络进行ADC采样。\nADAS normal operating voltage range is 9~16VDC. System requirements require power management for the product power supply KL30. The hardware circuit performs ADC sampling on the UBD power supply.</td></tr><tr><td>模块框图\nModule diagram</td><td></td></tr><tr><td>模块方案\nModule solution</td><td>MCU_UB_SW_P00.10信号是由MCU I/O控制的数字信号，用于使能KL30电压采样功能。\n  MCU_UB_SW_P00.10 signal is a digital signal controlled by MCU I/O, used to enable KL30 voltage sampling function.\nUBSW_ACQ_AN6信号是UBD经过100K 1%、10K 1%电阻分压后的模拟信号。\n  UBSW_ACQ_AN6 signal is an analog signal of UBD divided by 100K 1%、10K 1% resistors. Which is connected to the ADC pin of MCU for sampling. \nMCU的ADC采集到UBD后进行电源管理，当软件诊断到UBD电压范围异常时，MCU会关断EQ和其他负载工作电源，确保ADAS功能安全。\n  The ADC of MCU collects UBD for power management. When the software detects that UBD voltage range is abnormal, the MCU will turn off EQ and other load power supplies to ensure the functional safety of ADAS.</td></tr></table>""]","{""original_context_count"": 8, ""original_context_characters"": 9424, ""scored_context_count"": 8, ""scored_context_characters"": 9424, ""contexts_truncated"": false, ""context_selection"": ""claim_coverage"", ""selected_evidence_ids"": [""document:3cc8373cb37fffa6""], ""selected_claim_ids"": [""sq_1:claim_1""], ""excluded_evidence_ids"": [""document:2d268c72a4fc40c1"", ""document:35357111545e774a"", ""document:58106bd2421dc2d1"", ""document:5a182fe3a3abb133"", ""document:a075d2642b8e135f"", ""document:b257f3b0795806a8"", ""document:b8b273b8a54b0dc5""]}",0.8065632136202427,0.9268761860043526,1.0,not_applicable,0.5888888888692593,1.0,0.0,0.7777777777777778,not_applicable
hw-v1-joint-main-pmic,success,给板子供电的主 PMIC 是哪颗？它输出哪些电压，软件如何配置？,主 PMIC 是 U1700，即 LP87702-Q1，输入 VCC3V3，输出包括 VCC1V1、VCC1V8 和 VCC50；软件配置依据 HSI 7.2 节 LP87702 配置说明，通过 I²C 相关信号配置。,"给板子供电的主 PMIC 是 **LP87702**（或 LP87702-Q1）。它输出 **VCC1V8、VCC1V1、VCC50** 三路电压。软件通过 **I2C 总线（MCU_SCL_P15.4, MCU_SDA_P15.5）** 配置其内部寄存器来设置输出电压和使能，并使用 **MCU 的 P15.3 引脚**使能 5V 输出。[证据16, 证据9, 证据13, 证据10, 证据14]

**支撑结论所必需的最少证据：**

1.  **主PMIC型号：LP87702**
    *   证据 [16] 明确指出：“VCC1V8用于EQ6、CAM、DDR、FLASH供电。VCC1V1用于EQ6、DDR供电。VCC50用于CAN收发器供电，现选择LP87702 PMIC方案。”
    *   证据 [9] 也提到：“VCC3V3转VCC1V8、VCC1V1、VCC50(QM(B)) ... 现选择LP87702 PMIC方案。”
    *   证据 [13] 给出了该芯片的详细运行模式，并明确其型号为 LP87702-Q1。

2.  **输出电压：VCC1V8、VCC1V1、VCC50**
    *   证据 [16] 描述：“采用LP87702芯片，将VCC3V3转换为VCC1V8、VCC1V1、VCC50”。
    *   证据 [9] 同样描述该芯片方案会输出“VCC1V8、VCC1V1、VCC50”。

3.  **软件配置方法：通过I2C写寄存器，MCU引脚控制使能**
    *   证据 [16] 指出：“用MCU_SCL_P15.4，MCU_SDA_P15.5 I2C通信来设置1.8V和1.1输出电压和使能。用MCU的P15.3引脚使能该芯片的5V输出”。
    *   证据 [10] 在“LP87702配置”章节中说明：“LP87702运行期间需要MCU通过I2C配置的寄存器如下所示”，并给出了表格引用。
    *   证据 [14] 提供了具体的寄存器配置内容，例如“FS_I_OVUV_SAFE_REACTION1”寄存器用于设置过压/欠压反应。","给板子供电的主 PMIC 是 **LP87702**（或 LP87702-Q1）。它输出 **VCC1V8、VCC1V1、VCC50** 三路电压。软件通过 **I2C 总线（MCU_SCL_P15.4, MCU_SDA_P15.5）** 配置其内部寄存器来设置输出电压和使能，并使用 **MCU 的 P15.3 引脚**使能 5V 输出。[证据16, 证据9, 证据13, 证据10, 证据14]

**支撑结论所必需的最少证据：**

1.  **主PMIC型号：LP87702**
    *   证据 [16] 明确指出：“VCC1V8用于EQ6、CAM、DDR、FLASH供电。VCC1V1用于EQ6、DDR供电。VCC50用于CAN收发器供电，现选择LP87702 PMIC方案。”
    *   证据 [9] 也提到：“VCC3V3转VCC1V8、VCC1V1、VCC50(QM(B)) ... 现选择LP87702 PMIC方案。”
    *   证据 [13] 给出了该芯片的详细运行模式，并明确其型号为 LP87702-Q1。

2.  **输出电压：VCC1V8、VCC1V1、VCC50**
    *   证据 [16] 描述：“采用LP87702芯片，将VCC3V3转换为VCC1V8、VCC1V1、VCC50”。
    *   证据 [9] 同样描述该芯片方案会输出“VCC1V8、VCC1V1、VCC50”。

3.  **软件配置方法：通过I2C写寄存器，MCU引脚控制使能**
    *   证据 [16] 指出：“用MCU_SCL_P15.4，MCU_SDA_P15.5 I2C通信来设置1.8V和1.1输出电压和使能。用MCU的P15.3引脚使能该芯片的5V输出”。
    *   证据 [10] 在“LP87702配置”章节中说明：“LP87702运行期间需要MCU通过I2C配置的寄存器如下所示”，并给出了表格引用。
    *   证据 [14] 提供了具体的寄存器配置内容，例如“FS_I_OVUV_SAFE_REACTION1”寄存器用于设置过压/欠压反应。","[""Net MCU_nINT_PMIC_P12.1 connects R1703.&2, TP1133.&1, U1700.nINT, U900D.P12.1/GETH_MDIOC/ASCLIN3_ASLSO/CAN00_TXD/GETH_MDIO."", ""Module Group 15 · Power/PMIC connects to Group 17 · Power/PMIC through net GND."", ""Module Group 15 · Power/PMIC connects to Group 18 · Power/PMIC through net GND."", ""Module Group 15 · Power/PMIC connects to Group 6 · Power/PMIC through net GND."", ""Module Group 17 · Power/PMIC connects to Group 18 · Power/PMIC through net GND."", ""Module Group 17 · Power/PMIC connects to Group 18 · Power/PMIC through net MCU_SCL_P15.4."", ""Module Group 17 · Power/PMIC connects to Group 18 · Power/PMIC through net MCU_SDA_P15.5."", ""Module Group 17 · Power/PMIC connects to Group 6 · Power/PMIC through net GND."", ""<table><tr><td>HM ID</td><td>F11/F12/F13/F14/F15/F16/F17/F18/F19/F25/F27</td></tr><tr><td>模块功能 \nModule Function</td><td>系统使用车载电池12V电压供电，经过EMI电路后输入至电源转换芯片，转换输出系统各模块所需电源。\nThe system uses 12V voltage power supply from the vehicle battery, which is input to the power conversion chip through the EMI circuit. Then the power conversion chip convert and output the power required by each module of the system.</td></tr><tr><td>模块框图\nModule diagram</td><td></td></tr><tr><td>模块方案\nModule solution</td><td>KL30 EMI (ASIL-B)\nKL30供电口处增加EMI电路，用于供电保护和滤波。硬件电路设计在UBD网络增加两个串联ESD电容，PCB布局靠近主连接器引脚处，用于吸收外部ESD信号，后端增加双向TVS管用于瞬态过压保护\nThe EMI circuit is added at the KL30 power supply port for power supply protection and filtering. The hardware circuit design adds two series ESD capacitors in the UBD network, the PCB layout is close to the main connector pin for absorbing external ESD signals, and the two-way TVS tube is added at the back end for transient overvoltage protection.\nKL30 to VCC3V3 (ASILB)\nKL30转VCC3V3是系统一级DC-DC，给MCU提供VCC3V3_MCU电源，所以系统要求其满足ASILB，确保MCU功能安全。\nKL30 to VCC3V3 is a system primary DC-DC chip, because the MCU needs VCC3V3_MCU power supply, so the system requires it to meet the ASILB to ensure the functional safety of the MCU.\nVCC3V3_MCU to VCC1V25_MCU(ASILB)\n3V3转1V25_MCU是使用MCU内置控制器进行控制的BUCK电源，用于MCU的核供电，功能安全需求达到ASILB，确保MCU功能安全。\n3V3 to 1V25_MCU is a BUCK power supply controlled by MCU built-in controller, which is used for MCU nuclear power supply. Functional safety requirements meet ASILB to ensure the functional safety of MCU.\nVCC3V3 to VCC0V75(QM(B))\nVCC3V3转VCC0V75应用于EQ6的内核供电，要求输出电流能力大，现选型TI的电源方案TPS62872。用MCU的P22.0引脚使能芯片，用MCU_SDA_P15.5，MCU_SCL_P15.4引脚I2C通信来设置输出电压和通信。\nVCC3V3 to VCC0V75 is applied to the core power supply of EQ6, which requires large output current capacity. The power supply scheme TPS62872 of TI is selected. P22.0 pin of MCU is used to enable the chip, and MCU_SDA_P15.5, MCU_SCL_P15.4 pin I2C communication is used to set the output voltage and communication. \nVCC3V3 to 0V75_MIPI_DDR(QM(B))\nVCC3V3转0V75_MIPI_DDR用于EQ6的IO口供电，现使用矽力杰的SA23002进行设计。用MCU的P22.1引脚使能该芯片。\nVCC3V3 to 0V75_MIPI_DDR for EQ6 IO port power supply, Silergy’s SA23002 is designed. The P22.1 pin of the MCU is used to enable the chip.\nVCC3V3转VCC1V8、VCC1V1、VCC50(QM(B))\nVCC1V8用于EQ6、CAM、DDR、FLASH供电，VCC1V1用于EQ6、DDR供电，VCC50用于CAN收发器供电，现选择LP87702 PMIC方案。用MCU的P15.3引脚使能该芯片的5V输出，用MCU_SCL_P15.4，MCU_SDA_P15.5 I2C通信来设置1.8V和1.1V输出电压和使能。\nVCC1V8 is used for EQ6, CAM, DDR, FLASH power supply, VCC1V1 is used for EQ6, DDR power supply, VCC50 is used for CAN transceiver  power supply, LP87702 PMIC scheme is selected. P15.3 pin of MCU is used to enable 5V output of the chip, and MCU_SCL_P15.4, MCU_SDA_P15.5 I2C communication is used to set 1.8V and 1.1V output voltage and enable it. \nVCC3V3 to VCC3V3_EQ(QM(B))\nVCC3V3转VCC3V3_EQ用于EQ6的IO和摄像头供电，现使用负载开关进行设计。用MCU的P20.3引脚使能该芯片。\nVCC3V3 to VCC3V3_EQ for EQ6’s IO and camera power supply, now using the load switch is designed. .The P20.3 pin of the MCU is used to enable the chip.\n\tVCC3V3 to VCC3V3_ETH(QM)\n3V3转3V3_ETH用于ETH供电，现选择负载开关方案。用MCU的P21.0引脚使能该芯片。\n3V3 to 3V3_ETH for ETH power supply, the load switch scheme is selected. . The P21.0 pin of the MCU is used to enable the chip.\n\tVCC1V8 to VCC1V8_EQ(QM(B))\nVCC1V8转VCC1V8_EQ用于EQ供电，现选择负载开关方案。用MCU的P20.0引脚使能该芯片。\nVCC1V8 to VCC1V8_EQ for EQ power supply, the load switch scheme is selected. . The P20.0 pin of the MCU is used to enable the chip.</td></tr><tr><td colspan='2'></td></tr></table>"", ""ADC电压采集阈值 The ADC voltage acquisition thresholdWCCA计算结果如下，软件应按照如下过欠压阈值设置：The WCCA calculation results are as follows. The software should be set according to the following overvoltage and undervoltage thresholds:EQ6L上下电时序要求 EQ6L Power-on and power-off sequence requirements共享和独占的硬件资源 Shared and Exclusive Hardware ResourceECU-MCU信号对应关系 ECU-MCU Signal MappingMCU时钟配置 MCU Clock Configuration存储器配置 Memeory ConfigurationTable 4-5Memory Configuration其他芯片配置 Other IC Configuration其他芯片的通讯机制 Communication Mechanism with Other ICLP87702配置 LP87702 ConfigurationLP87702运行期间需要MCU通过I2C配置的寄存器如下所示：Table 5-2 LP87702 ConfigurationTPS62872配置 TPS62872 ConfigurationTPS62872运行期间需要MCU通过I2C配置的寄存器如下所示：Table 5-3 TPS62872 Configuration安全机制 Safety MechanismsSystem levelHW level硬件安全分析无新增安全机制IC level模板变更历史Template Change History填写说明Filling instructions：变更单号YYYYMM00X为记录顺序号，如：202203002，表示的是2022年03月的第二份此类文档。首次发布不分配变更单号，变更单号处填NA。The change order number YYYYMM00X is the record sequence number, such as 202203002, which represents the second such document in March 2022. No change order number will be allocated for the first release, and Na will be filled in the change order number.变更原因填写以客户审核需要变更为例：由于XX客户在客户审核时发现XX问题，需要调整模板。Fill in the revision note. Take the need for change in customer audit as an example: because XX customer found XX problem during customer audit, the template needs to be adjusted.变更内容填写以客户审核发现问题需要更改为例：由于XX客户在客户审核时发现XX问题，特增加XXX的变更内容。"", ""<table><tr><td>HM ID</td><td>F02/F03/F04/F28</td></tr><tr><td>模块功能 \nModule Function</td><td>EYEQ6-L最小系统组成：外部30MHz晶体给EYEQ6-L提供基本时钟输入，外部20MHz有源晶振提供监控时钟，外扩OSPI接口的2Gb NAND FLASH存储程序，外扩1GB的LPDDR4运存。NXB0104是用于MCU的3V3_SPI和NAND FLASH的1V8_SPI进行电平转换，用于MCU读写NAND FLASH。\nEYEQ6-L minimum system components: an external 30MHz crystal provides the basic clock input for EYEQ6-L, an external 20MHz active crystal provides the monitoring clock, an external 2GbNAND FLASH memory program for OSPI interface, and an external 1GB LPDDR4 operation memory. NXB0104 is used for level conversion of 3V3_SPI of MCU and 1V8-SPI of NAND FLASH for MCU to read and write NAND FLASH.</td></tr><tr><td>模块框图\nModule diagram</td><td></td></tr><tr><td>模块方案\nModule solution</td><td>\n1、处理器\n根据ADAS产品需求图像处理SOC功能安全需要达到ASIL-B，经综合评估选择Mobileye产品EYEQ6-L，最高功能安全可达到ASIL-B，接口资源丰富。\n1.Processor\nAccording to the requirements of ADAS products, the functional safety of image processing SOC needs to reach ASIL-B. After comprehensive evaluation, Mobileye product EYEQ6-L is selected, and the highest functional safety can reach ASIL-B with abundant interface resources. +\n2、时钟\n硬件选型30MHz晶振给EYEQ6-L提供时钟输入，由其内部PLL等电路完成倍频、分频，供其内核和各模块使用。外部20MHz有源晶振作为内部监控时钟。\n2.Clock\nThe 30MHz crystal provides clock input to the EYEQ6-L, and its internal PLL circuit completes frequency multiplication and frequency division for the EyeQ6-L core and each module. The external 20MHz active crystal is energized as an internal monitoring clock.\n3、DDR\nEYEQ6在外扩的DDR中运行程序和存储临时数据，其DDR控制器可支持32bits位宽的LPDDR4 SDRAM，最大读写速率4266 Mb/s/pin 。本设计中选用1片32bit的LPDDR4 SDRAM，型号为车规级器件K4F8E3S4HD-GHCL02V，以充分利用数据带宽，保证EYEQ6的处理速度，LPDDR4工作环境温度为-40℃~105℃，单片总容量1GB。\n3.DDR\nEYEQ6 runs programs and stores temporary data in the extended DDR. Its DDR controller supports LPDDR4 SDRAM with 32bits wide and a maximum read/write rate of 4266Mb/s/pin. In this design, a 32bit LPDDR4 SDRAM is selected, the model is car grade device K4F8E3S4HD-GHCLO2V, in order to make full use of the data bandwidth and ensure the processing speed of EYEQ6. The working environment temperature of LPDDR4 is -40℃-105℃, and the total capacity of a single chip is 1GB.\n\n\n4、NAND FLASH\n选择ME推荐的WinBond公司产品W35N02JWTBKF，容量2Gb，FLASH支持CRC安全机制。\nNXB0104是用于MCU的3V3_ SPI和NAND FLASH的1V8_ SPI进行电平转换，通过MCU_SPI1_CS片选电平转换芯片，实现MCU对NAND FLASH的读写操作，转换芯片在本应用场景下支持最大传输速率80Mbps。\nNAND FLASH\nChoose the WinBond company product W35N02JWTBKF recommended by ME, with a capacity of 2Gb and FLASH supporting CRC security mechanism. \nNXB0104 is used for the level conversion of 3V3_SPI of MCU and 1V8_SPI of NAND FLASH. The level conversion chip is selected by MCU_SPI1_CS chip to realize the reading and writing operation of MCU to NAND FLASH. The converter chip supports a maximum transmission rate of 80Mbps in this application scenario. \n5、电源和复位\nEYEQ6-L需要6路电源：VCC3V3_EQ、VCC0V75、0V75_MIPI_DDR、VCC1V8、VCC1V1、VCC1V8_EQ，其中VCC0V75用于给内核供电。复位信号由MCU通过P02.4口进行控制。\nPower and reset\nEYEQ6-L requires six power sources: VCC3V3-EQ, VCCOV75, OV75_MIPI_DDR, VCC1V8, VCC1V1, VCC1V8_EQ, where VCCOV75 is used to power the core. The reset signal is controlled by the MCU through the P02.4 pin.</td></tr></table>"", ""<table><tr><td>HM ID</td><td>F05</td></tr><tr><td>模块功能 \nModule Function</td><td>Camera实现图像采集功能，根据ADAS系统需求，选择图像传感器芯片IMX-728作为camera主芯片。\nThe Camera realizes image acquisition function. According to the requirements of ADAS system, the image sensor chip IMX-728 is selected as the camera main chip.</td></tr><tr><td>模块框图\nModule diagram</td><td></td></tr><tr><td>模块方案\nModule solution</td><td>1、IMX-728芯片\n图像传感器芯片IMX-728工作功耗1W，像素8.3M（3840x 2160），最大支持帧数45fps，实际应用帧数是36fps。\nIMX-728 \nThe image sensor chip IMX-728 has a power consumption of 0.45W, a pixel of 8.3M(3840x2160), a maximum frame size of 45fps, and a practical frame size of 36fps. \n2、时钟和复位\n硬件选型25MHz晶振提供时钟输入，由其内部PLL等电路完成倍频、分频，供其内核和各模块使用。IMX-728的复位信号由主板EYEQ6_L通过GPIO_A20进行控制。\nClock and reset \nHardware selection 25MHz crystal provides clock input, frequency multiplication and frequency division by its internal PLL and other circuits, for the use of its core and each module. The reset signal of IMX-728 is controlled by EYEQ6_L on the motherboard through GPIO_A20. \n3、电源需求\nIMX-728需求3路电源：VCC3V3、VCC1V8、VCC1V1，其中VCC1V1由SA23002 DCDC通过3.3V转换输出。VCC1V8和VCC3V3电源由主板进行供电。\n\nPower demand\nIMX-728requires 3 power supplies: VCC3V3, VCC1V8, VCC1V1, VCC1V1 by SA23002 DCDC through 3.3V conversion output, VCC1V8 and VCC3V3 are spulied by main board. </td></tr></table>"", ""<table><tr><td>HM ID</td><td>F13</td></tr><tr><td>运行模式\nOperation Mode</td><td>SHUTDOWN、READ OTP、STANDBY、ACTIVE</td></tr><tr><td>模式定义\nDefinition of Operation mode</td><td>SHUTDOWN\nNRST电压低于阈值。LP87702-Q1器件停止工作。\nREAD OTP\n电源电压VANA高于VANAUVLO电平，并且NRST电压高于阈值电平。电压转换器被禁用，LP87702-Q1的参考电平和偏置电路被启用。OTP配置被加载到寄存器。\nSTANDBY\n电源电压VANA高于VANAUVLO水平，NRST电压高于阈值水平。电压转换器被禁用，LP87702-Q1的参考电平、控制和偏压电路被启用。所有的寄存器都可以被主机处理器通过系统串口读写。电压转换器可以根据需要进行使能输出。\nACTIVE\n电源电压VANA高于VANAUVLO水平，NRST电压高于阈值水平。稳压DC/DC变换器处于使能状态。所有的寄存器都可以被MCU通过系统串口读写。\nSHUTDOWN\nAfter the enable signal MCU_OV75_MIPI_DDR_EN=L, the secondary power stops the 0V75_MIPI_DDR power supply. \nREADY OTP\nThe supply voltage VANA is above the VANAUVLO level, and the NRST voltage is above the threshold level. The voltage converter is disabled and the reference level and bias circuits of the LP87702-Q1 are enabled. The OTP configuration is loaded into the register.\nSTANDBY\nThe supply voltage VANA is above the VANAUVLO level and the NRST voltage is above the threshold level. The voltage converter is disabled and the reference level, control, and bias circuits of the LP87702-Q1 are enabled. All registers can be read and written by the host processor through the system serial port. The voltage converter can perform enabling output as needed.\nACTIVE\nThe supply voltage VANA is above the VANAUVLO level and the NRST voltage is above the threshold level. The regulated DC/DC converter is in the enabled state. All the registers can be read and written by the MCU through the system serial port. </td></tr><tr><td>模式切换接口\nMode switching interface</td><td></td></tr><tr><td>模式状态机\nMode state machine</td><td></td></tr><tr><td>模式切换条件\nMode switching condition</td><td>参考：\n产品系统需求规格说明\n产品系统方案设计说明书\nReference: \nProduct system requirement specification \nProduct system scheme design specification.</td></tr><tr><td>备注\nNote</td><td>1、VANAUVLO阈值电压\n\n2、NRST阈值电压\n</td></tr><tr><td>备注\nNote</td><td></td></tr></table>"", ""\nRegister：nan; Symbol：nan; Description：nan; Unnamed: 3：nan; Register.1：nan; Symbol.1：nan; Description.1：111 Closed Window : 50 % / Open Window : 50 % ——13_Registers Bit Description\nRegister：Register; Symbol：Symbol; Description：Description; Unnamed: 3：nan; Register.1：nan; Symbol.1：nan; Description.1：Reset on Power On Reset (POR) ——13_Registers Bit Description\nRegister：FS_I_OVUV_SAFE_\nREACTION1; Symbol：VMON_LDO1_OV_\nFS_REACTION; Description：00 No effect on RSTB and FS0B; Unnamed: 3：nan; Register.1：nan; Symbol.1：nan; Description.1：nan ——13_Registers Bit Description\nRegister：nan; Symbol：nan; Description：01 VMON_LDO1 OV asserts FS0B only; Unnamed: 3：nan; Register.1：nan; Symbol.1：nan; Description.1：nan ——13_Registers Bit Description\nRegister：nan; Symbol：nan; Description：10 VMON_LDO1 OV asserts RSTB and FS0B; Unnamed: 3：nan; Register.1：nan; Symbol.1：nan; Description.1：nan ——13_Registers Bit Description\nRegister：nan; Symbol：nan; Description：11 VMON_LDO1 OV asserts RSTB and FS0B; Unnamed: 3：nan; Register.1：Note:本页均为配置寄存器，以支持需求开发人员快速确定具体项目需要配置的bits; Symbol.1：nan; Description.1：nan ——13_Registers Bit Description\nRegister：nan; Symbol：nan; Description：Reset on Power On Reset (POR); Unnamed: 3：nan; Register.1：nan; Symbol.1：nan; Description.1：nan ——13_Registers Bit Description\nRegister：nan; Symbol：VMON_LDO1_UV_\nFS_REACTION; Description：00 No effect on RSTB and FS0B; Unnamed: 3：nan; Register.1：nan; Symbol.1：nan; Description.1：nan ——13_Registers Bit Description\nRegister：nan; Symbol：nan; Description：01 VMON_LDO1 OV asserts FS0B only; Unnamed: 3：nan; Register.1：nan; Symbol.1：nan; Description.1：nan ——13_Registers Bit Description"", ""\n数量统计：4; ID：86; SM Name：Processor mechanism for SPF; SM TSR：The ECU shall integrate the processing platform safety mechanism for SPF._x000D_\nWhen the processor SPF is confirmed, the ECU shall:_x000D_\n1. stop outputing ADAS request and;_x000D_\n2. disable the CAN communication and;_x000D_\n3. reset processing platform._x000D_\nFHTI < 300 ms._x000D_\nWhen the processor SPF is no longer detected after the processor reset, the ECU shall clear the processor SPF.  ——SYS SM \nID：SWRS_TC3XX_006; SM Name：COMMON; SM TSR：In initialization process, the SW shall configure SMU reset type to system reset. ——SYS SM \nID：SWRS_TC3XX_018; SM Name：COMMON; SM TSR：The SW shall enable the lockstep. ——SYS SM \nID：SWRS_TC3XX_020; SM Name：COMMON; SM TSR：软件应该避免PLFASH中出现全0或者全1。如果可能出现全0情况，软件应该使用0x36填充，不能写全1填充。 ——SYS SM \nID：SWRS_TC3XX_021; SM Name：COMMON; SM TSR：软件应保证受CPU0 ENDINIT保护的寄存器被写操作时，正确解开CPU ENDINIT保护，写完寄存器后，再次锁上CPU ENDINIT保护。\n解开CPU ENDINIT保护前，软件应屏蔽中断，防止写寄存器时间超时。\n解开CPU ENDINIT保护后，写寄存器的时间小于1us ——SYS SM \nID：SWRS_TC3XX_016; SM Name：COMMON; SM TSR：After SMU reset, the SW shall read the SMU fault status register and store SMU fault DTC and Snapshot in NVM. \n\nThe SW can clear SMU fault DTC and Snapshot by the diagnostic sevice. （备注：恒润下线时清除Snapshot信息）\n\nThe SW can clear SMU fault DTC and Snapshot if no SMU fault for consecutive TBD ignition cycle .  ——SYS SM "", ""<table><tr><td>HM ID</td><td>F13</td></tr><tr><td>模块功能 \nModule Function</td><td>VCC1V8用于EQ6、CAM、DDR、FLASH供电。VCC1V1用于EQ6、DDR供电。VCC50用于CAN收发器供电，现选择LP87702 PMIC方案。\nVCCIV8 is used to power EQ6, CAM, DDR, FLASH.VCC1V1 is used to power EQ6,DDR. VCC50 is used for CAN transceiver power supply, now choose LP87702 PMIC scheme. \n</td></tr><tr><td>模块框图\nModule diagram</td><td></td></tr><tr><td>模块方案\nModule solution</td><td>\n采用LP87702芯片，将VCC3V3转换为VCC1V8、VCC1V1、VCC50，其中VCC1V8用于EQ6、CAM、DDR、FLASH供电，VCC1V1用于EQ6、DDR供电，VCC50用于CAN收发器供电。用MCU的P15.3引脚使能该芯片的5V输出，用MCU_SCL_P15.4，MCU_SDA_P15.5 I2C通信来设置1.8V和1.1输出电压和使能。用MCU的P12.1引脚复位该芯片。\nLP87702 chip is used to convert VCC3V3 into VCC1V8, VCC1V1 and VCC50, in which VCC1V8 is used for EQ6, CAM, DDR and FLASH power supply, VCC1V1 is used for EQ6 and DDR power supply, and VCC50 is used for CAN transceiver power supplyP15.3 pin of MCU is used to enable 5V output of the chip, and MCU_SCL_P15.4, MCU_SDA_P15.5 I2C communication is used to set 1.8V and 1.1 output voltage and enable it. Reset the chip with P12.1 pin of the MCU. </td></tr></table>"", ""<table><tr><td>HM ID</td><td>F12</td></tr><tr><td>模块功能 \nModule Function</td><td>KL30转VCC3V3是系统一级DC-DC，基于LN10046设计，给系统提供电源。\nThe KL30 to VCC3V3 is a first-level DC-DC based on the LN10046 design and provides power to the system.</td></tr><tr><td>模块框图\nModule diagram</td><td></td></tr><tr><td>模块方案\nModule solution</td><td>采用LN10046电源DCDC芯片，将12V系统电源转换为3.3V，提供给系统供电使用。\nThe LN10046 power supply DCDC chip is used to convert the 12V system power supply to 3.3V and provide power supply to the system for use.\n</td></tr></table>"", ""<table><tr><td>HM ID</td><td>F16</td></tr><tr><td>模块功能 \nModule Function</td><td>VCC3V3转VCC3V3_EQ用于EQ6的IO和摄像头供电，现使用负载开关TPS22918进行设计。\nVCC3V3 to VCC3V3-EQ is used for the IO and camera power supply of EQ6, and the load switch TPS22918 is used for the design.</td></tr><tr><td>模块框图\nModule diagram</td><td></td></tr><tr><td>模块方案\nModule solution</td><td>采用TPS22918负载开关，将VCC3V3系统电源转换为VCC3V3_EQ，提供给EQ6和摄像头供电。用MCU的P20.3引脚使能该芯片。\nThe TPS22918 load switch is used to convert the VCC3V3 system power to VCC3V3-EQ to supply power to EQ6 and the camera. The P20.3 pin of the MCU is used to enable the chip.\n</td></tr></table>"", ""<table><tr><td>HM ID</td><td>F17</td></tr><tr><td>模块功能 \nModule Function</td><td>3V3转3V3_ETH用于ETH供电，现选择负载开关方案。\n3V3 to 3V3_ETH is used for ETH power supply, and the load switching scheme is now selected.</td></tr><tr><td>模块框图\nModule diagram</td><td></td></tr><tr><td>模块方案\nModule solution</td><td>采用TPS22918负载开关，将VCC3V3系统电源转换为VCC3V3_ETH，提供给MCU的ETH供电。P21.0引脚使能该芯片。\nThe TPS22918 load switch is used to convert the VCC3V3 system power to VCC3V3-ETH to supply power to ETH of the MCU. The P21.0 pin of the MCU is used to enable the chip.\n</td></tr></table>"", ""\nNo.：70; Alarm ID：ALM8[12]; Alarm name：CPU2 Watchdog time-out; Related SMs：SM[HW]:SCU:ENDINIT_WATCHDOG; Safety related ?：N; Fault Handling\n(Refer to Note)：• NO ACTION; Status：nan; Person in charge：nan; Comment：1. ENDINIT Timeout：\n1.1 受CPU2 ENDINIT保护的寄存器被写操作时，需要正确解开CPU ENDINIT保护，写完寄存器后，再次锁上CPU ENDINIT保护。\n1.2. 解开CPU ENDINIT保护前，软件应屏蔽中断，防止写寄存器时间超时。\n1.3. 解开CPU ENDINIT保护后，写寄存器的时间小于1us\n2. Watchdog Timeout\n软件应该按照功能要求，在规定时间内进行喂狗操作。 ——12.1 TC37X_HWSM\nNo.：71; Alarm ID：ALM8[16]; Alarm name：Safety Watchdog time-out; Related SMs：SM[HW]:SCU:SAFETY_WATCHDOG; Safety related ?：N; Fault Handling\n(Refer to Note)：• NO ACTION; Status：nan; Person in charge：nan; Comment：Safety ENDINIT Timeout：\n1.1 受Safety ENDINIT保护的寄存器被写操作时，需要正确解开Safety ENDINIT保护，写完寄存器后，再次锁上Safety ENDINIT保护。\n1.2. 解开Safety ENDINIT保护前，软件应屏蔽中断，防止写寄存器时间超时。\n1.3. 解开Safety ENDINIT保护后，写寄存器的时间小于1us ——12.1 TC37X_HWSM\nNo.：72; Alarm ID：ALM8[17]; Alarm name：All Watchdogs watchdog time-out. This alarm is a logical OR over all watchdog time-out alarms.; Related SMs：SM[HW]:SCU:ENDINIT_WATCHDOG; Safety related ?：N; Fault Handling\n(Refer to Note)：• NO ACTION; Status：nan; Person in charge：nan; Comment：nan ——12.1 TC37X_HWSM"", ""\nNo.：67; Alarm ID：ALM8[9]; Alarm name：External Request Unit Alarm 3; Related SMs：SM[HW]:SCU.ERU:EXT_ALARM_GENERATION; Safety related ?：N; Fault Handling\n(Refer to Note)：• NO ACTION; Status：nan; Person in charge：nan; Comment：nan ——12.1 TC37X_HWSM\nNo.：68; Alarm ID：ALM8[10]; Alarm name：CPU0 Watchdog time-out; Related SMs：SM[HW]:SCU:ENDINIT_WATCHDOG; Safety related ?：N; Fault Handling\n(Refer to Note)：• NO ACTION; Status：nan; Person in charge：nan; Comment：1. ENDINIT Timeout：\n1.1 受CPU0 ENDINIT保护的寄存器被写操作时，需要正确解开CPU ENDINIT保护，写完寄存器后，再次锁上CPU ENDINIT保护。\n1.2. 解开CPU ENDINIT保护前，软件应屏蔽中断，防止写寄存器时间超时。\n1.3. 解开CPU ENDINIT保护后，写寄存器的时间小于1us\n2. Watchdog Timeout\n软件应该按照功能要求，在规定时间内进行喂狗操作。 ——12.1 TC37X_HWSM\nNo.：69; Alarm ID：ALM8[11]; Alarm name：CPU1 Watchdog time-out; Related SMs：SM[HW]:SCU:ENDINIT_WATCHDOG; Safety related ?：N; Fault Handling\n(Refer to Note)：• NO ACTION; Status：nan; Person in charge：nan; Comment：1. ENDINIT Timeout：\n1.1 受CPU1 ENDINIT保护的寄存器被写操作时，需要正确解开CPU ENDINIT保护，写完寄存器后，再次锁上CPU ENDINIT保护。\n1.2. 解开CPU ENDINIT保护前，软件应屏蔽中断，防止写寄存器时间超时。\n1.3. 解开CPU ENDINIT保护后，写寄存器的时间小于1us\n2. Watchdog Timeout\n软件应该按照功能要求，在规定时间内进行喂狗操作。 ——12.1 TC37X_HWSM"", ""<table><tr><td>HM ID</td><td>F11</td></tr><tr><td>模块功能 \nModule Function</td><td>KL30供电口处增加EMI电路，用于供电防反、保护和滤波。\nAn EMI circuit is added at the KL30 power supply port for power supply anti-reaction, protection and filtering.</td></tr><tr><td>模块框图\nModule diagram</td><td></td></tr><tr><td>模块方案\nModule solution</td><td>硬件电路设计在UBD网络增加两个串联ESD电容，PCB布局靠近主连接器引脚处，用于吸收外部ESD信号，后端增加双向TVS管用于瞬态过压保护，UBD供电口增加肖特基二极管，用于防反接保护，后级增加Π型滤波电路。\nThe hardware circuit design adds two series ESD capacitors to the UBD network, the PCB layout is near the main connector pin for absorbing external ESD signals, the bidirectional TVS tube is added to the back end for transient overvoltage protection, the Schottky diode is added to the UBD power supply port for anti-reverse connection protection, and the type 1 filter circuit is added to the rear stage.\n</td></tr></table>"", ""<table><tr><td>HM ID</td><td>F24</td></tr><tr><td>运行模式\nOperation Mode</td><td>正常模式、复位模式，待机模式，断电模式，休眠模式\nNormal mode, reset mode, standby mode, power off mode, sleep mode</td></tr><tr><td>模式定义\nDefinition of Operation mode</td><td>1、\t正常模式\n模块上电，正常运行模式，以太网收发正常。MDIO可以访问，Link处于连接状态。\n2、\t复位模式\nUV或Reset event时，PHY芯片将进行复位，在Reset期间将无法LINKUP，MDIO无法总线访问\n待机模式\n仅当PHY为MASTER且配置成管理模式时，上电自动进入待机模式。如果是自动模式，上电后自动进入正常模式。\n4、\t断电模式\n当任何一个电源轨低于POR阈值（0.6V）时，PHY处于断电状态，所有数字IO都将保持高阻态。\n休眠模式\n当有休眠指令且MDI总线空闲时，将进入休眠模式，除了能量检测外，禁用所有PHY模块。在睡眠模式下，所有寄存器配置都会丢失。\nNormal mode\nPower on，Normal Run mode, Ethernet transceiver is normal. MDIO is accessible and Link is in a connected state.\nReset mode\nUV or Reset event, the PHY chip will Reset, during reset will not be able to LINKUPMDIO cannot bus access.\nStandby mode\nThe device will automatically enter standby mode upon power-up only if*the PHY is configured in Master mode and set to managed mode. If the PHY operates in auto mode, it will automatically enter normal mode after power-on.\n4. Sleep mode\nThe PHY enters sleep mode when a sleep command is issued and the MDI bus is idle. In this mode, all PHY modules are disabled except for energy detection functionality. Note that all register configurations will be lost during sleep mode.</td></tr><tr><td>模式切换接口\nMode switching interface</td><td></td></tr><tr><td>模式状态机\nMode state machine</td><td></td></tr><tr><td>模式切换条件\nMode switching condition</td><td>参考：\n产品系统需求规格说明\n产品系统方案设计说明书\nReference: \nProduct system requirement specification \nProduct system scheme design specification.</td></tr><tr><td>备注\nNote</td><td></td></tr></table>"", ""\nMCU Component ：F01/ MCU; None：QM; None：E11; None：P12.1; None：P12.1/GTM_TIM4_IN1_6/GTM_TIM3_IN1_6/GETH_MDIOC/GTM_TOUT129/CAN00_TXD/GETH_MDIO; None：GPIO; None：MCU_nINT_PMIC_P12.1; None：/; None：I; None：LP87702的输出中断信号。\n高：无中断信号\n低：输出中断信号; None：HI-Z，硬件外部上拉; None：—; SW Variable Name or SW Function Name：— ——Port1\nHW Interface Component ：QM(B); None：F13/POWER\nF14/POWER; None：MCU配置LP87702、TPS62872; MCU Component ：F01/MCU; None：B; None：E14; None：P15.5; None：P15.5/GTM_TIM3_IN0_4/GTM_TIM2_IN0_4/QSPI2_MTSRA/GTM_TOUT76/QSPI2_MTSR/MSC0_EN0/I2C0_SDA; None：I2C0_SDAC; None：MCU_SDA_P15.5; None：/; None：IO; None：IIC_SDA信号\n\n外挂LP87702和TPS62872\n\nLP87702地址：0x08\nTPS62872地址：0x41; None：HI-Z，硬件外部上拉; None：—; SW Variable Name or SW Function Name：— ——Port1\nMCU Component ：F01/MCU; None：B; None：A17; None：P15.4; None：P15.4/GTM_TIM3_IN7_4/GTM_TIM2_IN7_4/I2C0_SCLC/QSPI2_MRSTA/SCU_E_REQ0_0/GTM_TOUT75/QSPI2_MRST; None：I2C0_SCL; None：MCU_SCL_P15.4; None：/; None：O; None：IIC_CLK信号\n\n外挂LP87702和TPS62872\n\nLP87702地址：0x08\nTPS62872地址：0x41; None：HI-Z，硬件外部上拉; None：—; SW Variable Name or SW Function Name：— ——Port1"", ""<table><caption> Table9-5.DefaultOutputVoltageSetpoints</caption>\n<tr><td  >VSEL Pin(1)</td><td  >Device Number</td><td  >VSET[7:0]</td><td  >Output Voltage Setpoint</td></tr>\n<tr><td></td><td  >TPS6287x-Q1</td><td  >0x5a</td><td  >850 mV</td></tr>\n<tr><td></td><td  >TPS6287xY0-Q1</td><td  >0x50</td><td  >800 mV</td></tr>\n<tr><td></td><td  >TPS6287xY1-Q1</td><td  >0x14</td><td  >500 mV</td></tr>\n<tr><td></td><td  >TPS6287xY2-Q1</td><td  >0x64</td><td  >1800 mV</td></tr>\n<tr><td  >6.2 kQ to GND</td><td  >TPS6287xY3-Q1</td><td  >0x52</td><td  >810 mV</td></tr>\n<tr><td></td><td  >TPS6287xN0-Q1</td><td  >0x14</td><td  >500 mV</td></tr>\n<tr><td></td><td  >TPS6287xN1-Q1</td><td  >0x50</td><td  >800 mV</td></tr>\n<tr><td></td><td  >TPS6287xN2-Q1</td><td  >0x64</td><td  >1800 mV</td></tr>\n</table>"", ""<table>\n<tr><td></td><td></td><td></td><td  >MIN</td><td  >NOM</td><td  >MAX</td><td  >UNIT</td></tr>\n<tr><td  >VIN</td><td  >Input voltage</td><td  >VIN SDA, SCL</td><td  >2.7</td><td></td><td  >6 5</td><td  >V</td></tr>\n<tr><td  >VouT</td><td  >Output voltage</td><td></td><td  >0.4</td><td></td><td  >3.35 V or (ViN - 1.4</td><td></td></tr>\n<tr><td></td><td></td><td></td><td></td><td></td><td  >V)(1)</td><td></td></tr>\n<tr><td></td><td></td><td  >TPS62870-Q1</td><td></td><td></td><td  >6</td><td></td></tr>\n<tr><td></td><td></td><td  >TPS62871-Q1</td><td></td><td></td><td  >9</td><td></td></tr>\n<tr><td  >loUT</td><td  >Output current</td><td  >TPS62872-Q1</td><td></td><td></td><td  >12</td><td  >A</td></tr>\n<tr><td></td><td></td><td  >TPS62873-Q1</td><td></td><td></td><td  >15</td><td></td></tr>\n<tr><td></td><td  >Inductance</td><td></td><td  >110</td><td></td><td  >330</td><td  >nH</td></tr>\n<tr><td></td><td></td><td  >fsw≥2.25MHz andVouT≤1.675V</td><td  >55</td><td></td><td  >330</td><td></td></tr>\n</table>"", ""VOUT(VIN - VoUT\nIL(PP) = VU(NxLxW)"", ""<table><caption> Device Information</caption>\n<tr><td colspan=3 rowspan=3 >Part Number Current Rating Package TPS62870-Q1 6A TPS62871-Q1 9A RXS (VQFN-FCRLF, TPS62872-Q1 12 A 16) TPS62873-Q1 15 A</td></tr>\n\n</table>"", ""<table><caption> Table 9-15. CONTROL2 Register Field Descriptions</caption>\n<tr><td  >Bit</td><td  >Field</td><td  >Type</td><td  >Reset</td><td  >Description</td></tr>\n<tr><td  >7-4</td><td  >RESERVED</td><td  >R</td><td  >0000b</td><td  >Reserved for future use. For compatibility with future device variants,</td></tr>\n<tr><td></td><td></td><td></td><td></td><td  >program these bits to 0.</td></tr>\n<tr><td  >3-2</td><td  >VRANGE</td><td  >R/W</td><td  >10b</td><td  >Output voltage range</td></tr>\n<tr><td></td><td></td><td></td><td></td><td  >00b = 0.4 V to 0.71875 V in 1.25-mV steps</td></tr>\n<tr><td></td><td></td><td></td><td></td><td  >01b = 0.4 V to 1.0375 V in 2.5-mV steps</td></tr>\n<tr><td></td><td></td><td></td><td></td><td  >10b = 0.4 V to 1.675 V in 5-mV steps</td></tr>\n<tr><td></td><td></td><td></td><td></td><td  >11b = 0.8 V to 3.35 V in 10-mV steps</td></tr>\n<tr><td  >1-0</td><td  >SSTIME</td><td  >R/W</td><td  >01b</td><td  >Soft-start ramp time </td></tr>\n<tr><td></td><td></td><td></td><td></td><td  >00b = 0.5 ms</td></tr>\n<tr><td></td><td></td><td></td><td></td><td  >01b = 1 ms</td></tr>\n<tr><td></td><td></td><td></td><td></td><td  >10b = 2 ms</td></tr>\n<tr><td></td><td></td><td></td><td></td><td  >11b = 4 ms</td></tr>\n</table>"", ""<table><caption> Table 9-10. Table 6-2. Devices Without I2C Interface</caption>\n<tr><td  > Device Number</td><td  >Output Current</td><td  >Start-Up Voltage(2)</td><td  >VSEL Settings</td><td  > Spread Spectrum Clocking</td><td  > Soft-Start Time</td></tr>\n<tr><td  >TPS62870N0QWRXSRQ1</td><td  >6A</td><td  >0.500 V</td><td  >6.2 kQ to GND</td><td></td><td></td></tr>\n<tr><td  >TPS62871N0QWRXSRQ1</td><td  >9A</td><td  >0.750V</td><td  > Short to GND</td><td  >On</td><td  >0.5 ms</td></tr>\n<tr><td  >TPS62872N0QWRXSRQ1</td><td  >12 A</td><td  >0.875 V</td><td  >Short to VIN </td><td></td><td></td></tr>\n<tr><td  >TPS62873N0QWRXSRQ1</td><td  >15 A</td><td  >1.050 V</td><td  >47 kQ to VIN</td><td></td><td></td></tr>\n</table>""]","{""original_context_count"": 30, ""original_context_characters"": 27580, ""scored_context_count"": 8, ""scored_context_characters"": 4093, ""contexts_truncated"": true, ""context_selection"": ""claim_coverage"", ""selected_evidence_ids"": [""document:b6943ae371d76077""], ""selected_claim_ids"": [""sq_1:claim_1"", ""sq_2:claim_1"", ""sq_3:claim_1""], ""excluded_evidence_ids"": [""circuit:21:module_connection:Group 15 · Power/PMIC:Group 17 · Power/PMIC:GND"", ""circuit:21:module_connection:Group 15 · Power/PMIC:Group 18 · Power/PMIC:GND"", ""circuit:21:module_connection:Group 15 · Power/PMIC:Group 6 · Power/PMIC:GND"", ""circuit:21:module_connection:Group 17 · Power/PMIC:Group 18 · Power/PMIC:GND"", ""circuit:21:module_connection:Group 17 · Power/PMIC:Group 18 · Power/PMIC:MCU_SCL_P15.4"", ""circuit:21:module_connection:Group 17 · Power/PMIC:Group 18 · Power/PMIC:MCU_SDA_P15.5"", ""circuit:21:module_connection:Group 17 · Power/PMIC:Group 6 · Power/PMIC:GND"", ""circuit:21:net:MCU_nINT_PMIC_P12.1"", ""document:0987620a09f7a3bf"", ""document:0a2d86c848720c0c"", ""document:1af21ab62c4c25b4"", ""document:29cc1a9be32b6d7f"", ""document:4e638b9fb82d4ad2"", ""document:4ea5e2dfbd7944c0"", ""document:5e69a562758e3536"", ""document:5fe56e0953406ff6"", ""document:6f6da0d596b33ca9"", ""document:75867bb47659ec25"", ""document:7970eec1b28a0159"", ""document:9d920781cf0beed8"", ""document:a47f93f7ac4e825a"", ""document:a4da2fc271443e28"", ""document:aac59875b92ed6b0"", ""document:aad8bd920bc191c1"", ""document:ac72bb1a220bade2"", ""document:d59fddc6838a7925"", ""document:d69d04d302326d46"", ""document:dd6d958dffe7c372"", ""document:ea7b2234534382bf""]}",0.6484033147898915,0.3942577594325462,0.75,not_applicable,0.9999999999,0.5,0.5,1.0,not_applicable
hw-v1-joint-vcc0v75,success,0.75V 电源由哪颗芯片产生，输入是什么，文档有什么配置要求？,U1800 是 TPS62872，VIN 接 VCC3V3，VOSNS 对应 VCC0V75；配置要求见 HSI 7.3 节 TPS62872 配置。,"0.75V电源由TI的电源芯片**TPS62872**产生，其输入为**VCC3V3 (3.3V)**。文档中对该芯片的配置要求包括：通过MCU的P22.0引脚使能，通过I2C通信（MCU_SDA_P15.5, MCU_SCL_P15.4）设置输出电压和通信，I2C地址为0x41，用于EQ6内核供电。

### 1. 产生0.75V电源的芯片型号
- **结论**：芯片型号为TI的**TPS62872**。
- **支撑证据**：
  - 文档[5]明确指出：“VCC3V3转VCC0V75应用于EQ6的内核供电，要求输出电流能力大，现选型TI的方案TPS62872。”
  - 文档[6]同样确认：“VCC3V3转VCC0V75应用于EQ6的内核供电，要求输出电流能力大，现选型TI的电源方案TPS62872。”
  - 文档[18]的表格中列出：“F14 POWER: TPS62872，VCC3V3电压输入，VCC0V75电压输出，EQ6L核电供电。”

### 2. 芯片的输入电源来源
- **结论**：输入电源为**VCC3V3**（3.3V）。
- **支撑证据**：
  - 文档[5]描述：“VCC3V3 to VCCOV75 is applied to the kernel power supply of EQ6...TI's scheme TPS62872 is selected.”，明确说明输入为VCC3V3。
  - 文档[6]描述：“VCC3V3 to VCC0V75 is applied to the core power supply of EQ6...”，同样确认输入为VCC3V3。
  - 文档[18]的表格中列出：“F14 POWER: TPS62872，VCC3V3电压输入，VCC0V75电压输出。”

### 3. 文档中的配置要求
- **结论**：配置要求包括：使能控制、I2C通信设置输出电压、电压范围与输出配置。
- **支撑证据**：
  - **使能与I2C通信**：文档[5]描述：“用MCU的P22.0引脚使能芯片，用MCU_SDA_P15.5，MCU_SCL_P15.4引脚I2C通信来设置输出电压和通信。” 文档[6]有相同描述。文档[19]提供I2C地址：“TPS62872地址：0x41”。
  - **输出电压设置**：文档[9]（数据手册）说明输出电压通过VSET寄存器设置，有四个电压范围（如0.4V-0.71875V等），输出计算公式为 `Output voltage setpoint = 0.4 V + VSET[7:0] × 1.25 mV`（Range 1）。文档[13]进一步说明通过VRANGE[1:0]和控制寄存器设置范围，并通过VSET[7:0]位设置具体电压。
  - **默认输出与启动**：文档[20]显示通过VSEL引脚可设置默认输出电压（如850mV、800mV等），但实际输出0.75V需通过I2C配置。文档[10]说明软启动时间可配置（默认1ms），且启动期间忽略新电压值直到序列完成。

**缺失信息**：未提供TPS62872芯片的详细外部元件配置（如电感、电容值），但文档[17]给出了输入电压范围（2.7V-6V）和电感范围（110nH-330nH，特定条件下55nH-330nH）。此信息为数据手册通用规格，非本项目特定配置。","0.75V电源由TI的电源芯片**TPS62872**产生，其输入为**VCC3V3 (3.3V)**。文档中对该芯片的配置要求包括：通过MCU的P22.0引脚使能，通过I2C通信（MCU_SDA_P15.5, MCU_SCL_P15.4）设置输出电压和通信，I2C地址为0x41，用于EQ6内核供电。

### 1. 产生0.75V电源的芯片型号
- **结论**：芯片型号为TI的**TPS62872**。
- **支撑证据**：
  - 文档[5]明确指出：“VCC3V3转VCC0V75应用于EQ6的内核供电，要求输出电流能力大，现选型TI的方案TPS62872。”
  - 文档[6]同样确认：“VCC3V3转VCC0V75应用于EQ6的内核供电，要求输出电流能力大，现选型TI的电源方案TPS62872。”
  - 文档[18]的表格中列出：“F14 POWER: TPS62872，VCC3V3电压输入，VCC0V75电压输出，EQ6L核电供电。”

### 2. 芯片的输入电源来源
- **结论**：输入电源为**VCC3V3**（3.3V）。
- **支撑证据**：
  - 文档[5]描述：“VCC3V3 to VCCOV75 is applied to the kernel power supply of EQ6...TI's scheme TPS62872 is selected.”，明确说明输入为VCC3V3。
  - 文档[6]描述：“VCC3V3 to VCC0V75 is applied to the core power supply of EQ6...”，同样确认输入为VCC3V3。
  - 文档[18]的表格中列出：“F14 POWER: TPS62872，VCC3V3电压输入，VCC0V75电压输出。”

### 3. 文档中的配置要求
- **结论**：配置要求包括：使能控制、I2C通信设置输出电压、电压范围与输出配置。
- **支撑证据**：
  - **使能与I2C通信**：文档[5]描述：“用MCU的P22.0引脚使能芯片，用MCU_SDA_P15.5，MCU_SCL_P15.4引脚I2C通信来设置输出电压和通信。” 文档[6]有相同描述。文档[19]提供I2C地址：“TPS62872地址：0x41”。
  - **输出电压设置**：文档[9]（数据手册）说明输出电压通过VSET寄存器设置，有四个电压范围（如0.4V-0.71875V等），输出计算公式为 `Output voltage setpoint = 0.4 V + VSET[7:0] × 1.25 mV`（Range 1）。文档[13]进一步说明通过VRANGE[1:0]和控制寄存器设置范围，并通过VSET[7:0]位设置具体电压。
  - **默认输出与启动**：文档[20]显示通过VSEL引脚可设置默认输出电压（如850mV、800mV等），但实际输出0.75V需通过I2C配置。文档[10]说明软启动时间可配置（默认1ms），且启动期间忽略新电压值直到序列完成。

**缺失信息**：未提供TPS62872芯片的详细外部元件配置（如电感、电容值），但文档[17]给出了输入电压范围（2.7V-6V）和电感范围（110nH-330nH，特定条件下55nH-330nH）。此信息为数据手册通用规格，非本项目特定配置。","[""\nNone：MCU采样EQ6l系统的VCC0V75_MIPI_DDR电源电压\n精度要求：0V75±5%; MCU Component ：F01/ MCU; None：B; None：W4; None：AN18; None：AN18/P40.11/SENT_SENT11A/EVADC_G11CH8/EVADC_G2CH2; None：ADC，分辨率10bit; None：0V75_MIPI_DDR_ACQ; None：/; None：I; None：0V75_MIPI_DDR电压采样\nU0V75_MIPI_DDR_ACQ=3.3*ADC值/1024\n硬件滤波截止频率：≥121.7Hz\n硬件滤波时间：≤1.6ms\n精度要求：0.75V±5%; None：HI-Z; None：—; SW Variable Name or SW Function Name：— ——Port1\nNone：MCU采样摄像头系统的3.3V电源电压，精度要求：3V3±5%; MCU Component ：F01/ MCU; None：B; None：T7; None：AN12; None：AN12/EVADC_G1CH4/EDSADC_EDS0PB; None：ADC，分辨率10bit; None：VCC3V3_CAM_ACQ; None：/; None：I; None：索尼摄像头模组电源3.3V电压采样。\nCAM 3V3电压采样\nU3V3_CAM_ACQ=3.3*ADC值/1024\nU3V3_CAM=U3V3_CAM_ACQ/分压比，分压比=1/2\n精度要求：3.3V±5%; None：HI-Z; None：—; SW Variable Name or SW Function Name：— ——Port1\nNone：MCU采样摄像头的1V1电源电压，精度要求：1~1.2V; MCU Component ：F01/ MCU; None：B; None：W6; None：AN13; None：AN13/EVADC_G1CH5/EDSADC_EDS0NB; None：ADC，分辨率10bit; None：VCC1V1_CAM_ACQ; None：/; None：I; None：索尼摄像头模组电源1.1V电压采样。\nU1V1_ACQ=3.3*ADC值/1024\n精度：1~1.2V\n硬件滤波截止频率：≥121.7Hz\n硬件滤波时间：≤1.6ms; None：HI-Z; None：—; SW Variable Name or SW Function Name：— ——Port1"", ""\nNone：MCU采样EQ6L系统的VCC1V8_EQ电源电压\n精度要求：1V8±5%; MCU Component ：F01/ MCU; None：B; None：Y9; None：AN5; None：AN5/EVADC_G11CH1/EVADC_G0CH5; None：ADC，分辨率10bit; None：1V8_EQ_ACQ; None：/; None：I; None：1V8_EQ电压采样\nU1V8_EQ_ACQ=3.3*ADC值/1024\n精度：1V8_EQ±5%\n硬件滤波截止频率：≥121.7Hz\n硬件滤波时间：≤1.6ms; None：HI-Z; None：—; SW Variable Name or SW Function Name：— ——Port1\nNone：MCU采样EQ6L系统的VCC1V1电源电压\n精度要求：1.06V～1.17V; MCU Component ：F01/ MCU; None：B; None：T9; None：AN4; None：AN4/EVADC_G11CH0/EVADC_G0CH4; None：ADC，分辨率10bit; None：1V1_ACQ; None：/; None：I; None：1V1电压采样\nU1V1_ACQ=3.3*ADC值/1024\n精度：1.06V～1.17V\n硬件滤波截止频率：≥121.7Hz\n硬件滤波时间：≤1.6ms; None：HI-Z; None：—; SW Variable Name or SW Function Name：— ——Port1\nNone：MCU采样EQ6l系统的VCC0V75电源电压\n精度要求：0V75±3%; MCU Component ：F01/ MCU; None：B; None：W3; None：AN19; None：AN19/EVADC_G11CH9/EVADC_G2CH3; None：ADC，分辨率10bit; None：0V75_ACQ; None：/; None：I; None：0V75电压采样\nU0V75_ACQ=3.3*ADC值/1024\n硬件滤波截止频率：≥121.7Hz\n硬件滤波时间：≤1.6ms\n精度要求：0.75V±3.3%; None：HI-Z; None：—; SW Variable Name or SW Function Name：— ——Port1"", ""<table><tr><td>HM ID</td><td>F05</td></tr><tr><td>运行模式\nOperation Mode</td><td>上电模式、运行模式、复位模式、下电模式\nPower on mode, Power off mode, Run mode,Reset mode</td></tr><tr><td>模式定义\nDefinition of Operation mode</td><td>1、上电模式\n    MCU使能EQ6系统电源，EQ6上电后将VCC3V3_EQ和VCC1V8通过FPC连接器提供给摄像头，其中VCC3V3_EQ再转换成VCC1V1，EQ6运行后配置RESET_N为高电平，并通过I2C配置CAM参数，摄像头开始工作。\n2、运行模式\n   摄像头正常运行，输出图像信息给EQ6。\n3、复位模式\n   EQ6配置摄像头的RESET_N信号为低电平，CAM进入复位模式。\n4、下电模式\nMCU控制EQ6系统下电（VCC3V3_EQ、VCC1V8）。\nPower on mode\nMCU enables EQ6 system power supply, After EQ6 is powered on, VCC3V3_EQ and VCCIV8 are provided to the camera through the FPC connector, where VCC3V3_EQ is converted into VCC1V1. After EQ6 runs, RESET_N is configured to high level, and CAM parameters are configured through I2C, and the camera starts to work.\nRun mode\nThe camera operates normally and outputs the image information to EQ6.\nReset mode\nEQ6 config the RESET_N signal of the camera to be low and the CAM enters the reset mode. \nPower off mode\nMCU controls the power down of EQ6 system (VCC3V3_EQ, VCC1V8).</td></tr><tr><td>模式切换接口\nMode switching interface</td><td></td></tr><tr><td>模式状态机\nMode state machine</td><td></td></tr><tr><td>模式切换条件\nMode switching condition</td><td>参考：\n产品系统需求规格说明\n产品系统方案设计说明书\nReference: \nProduct system requirement specification \nProduct system scheme design specification.</td></tr><tr><td>备注\nNote</td><td>摄像头上需要3路电源（VCC3V3、VCC1V8、VCC1V1），其中VCC1V8和VCC3V3是主板提供，VCC1V1由3V3转换得到。\n摄像头复位信号由EQ6通过GPIO口进行控制。\n摄像头3路电源的上下电和复位信号的时序要求如下所示：\nThe camera needs 3 power sources (VCC2V8, VCC1V8, VCC1V05), VCC1V8 and VCC3V3 are provided by the Main board, VCC1V1 is converted from 3V3. \nThe camera reset signal is controlled by EQ6 through the GPIO port. \nThe timing requirements for the power-on and reset signals of the camera's 3-way power supply are as follows.\n</td></tr></table>"", ""<table><tr><td>HM ID</td><td>F2/F3/F4/F28</td></tr><tr><td>运行模式\nOperation Mode</td><td>上电模式、下电模式、运行模式、复位模式\nPower on mode, Power off mode, Run mode,Reset mode</td></tr><tr><td>模式定义\nDefinition of Operation mode</td><td>1、上电模式\nMCU按照时序控制EQ6的电源VCC3V3_EQ、VCC1V8、VCC1V8_EQ、VCC0V75、0V75_MIPI_DDR、VCC1V1上电和复位信号EYEQ6_RESET_N配置为高电平。\n2、下电模式\nMCU按照时序控制EQ6的电源VCC3V3_EQ、VCC1V8、VCC1V8_EQ、VCC0V75、0V75_MIPI_DDR、VCC1V1下电，复位信号EYEQ6_RESET_N配置为低电平。\n3、运行模式\nEQ6系统工作，实时处理CAM图像数据并发送给MCU。\n4、复位模式\nMCU控制复位信号EYEQ6_RESET_N配置为低电平，EQ6进入复位状态。\nPower on mode\nMCU controls EQ6 power supply VCC3V3_EQ, VCC1V8, VCC1V8_EQ, VCCOV75, 0V75_MIPI_DDR, VCC1V1 power on and RESET signal EYEQ6 RESET_N to high level according to timing. \nPower off mode\nMCU controls the power supply VCC3V3_EQ, VCCIV8, VCC1V8_EQ, VCCOV75, OV75_MIPI_DDR and VCC1V1 of EQ6 according to the timing, and the reset signal EYEQ6_RESET_N is configured to low level. \nRun mode\nThe EQ6 system works and processes CAM image data in real time and sends it to the MCU.\nReset mode\nMCU controls the reset signal EYEQ6_RESET_N configured to low and EQ6 enters the reset state.</td></tr><tr><td>模式切换接口\nMode switching interface</td><td></td></tr><tr><td>模式状态机\nMode state machine</td><td></td></tr><tr><td>模式切换条件\nMode switching condition</td><td>参考：\n产品系统需求规格说明\n产品系统方案设计说明书\nReference: \nProduct system requirement specification \nProduct system scheme design specification.</td></tr><tr><td>备注\nNote</td><td>EYEQ6L需要6路电源：VCC3V3_EQ、VCC1V8、VCC1V8_EQ、VCC0V75、0V75_MIPI_DDR、VCC1V1，其中VCC0V75用于给内核供电。复位信号由MCU通过GPIO口进行控制。\nEYEQ6L 6路电源的上下电和复位信号时序由MCU进行控制，时序要求如下所示：\nEYEQ6L requires six power sources: VCC3V3-EQ, VCC1V8, VCC1V8-EQ, VCCOV75, 0V75_MIPI_DDR, VCC1V1, where VCCOV75 is used to power the core. The reset signal is controlled by the MCU through the GPIO port. The timing of EYEQ6L's power on and off and reset signals are controlled by MCU, and the timing requirements are as follows:\n\n</td></tr></table>"", ""<table><tr><td>HM ID</td><td>F14</td></tr><tr><td>模块功能 \nModule Function</td><td>VCC3V3转VCC0V75应用于EQ6的内核供电，要求输出电流能力大，现选型TI的方案TPS62872。\nVCC3V3 to VCCOV75 is applied to the kernel power supply of EQ6, which requires large output current capacity. TI's scheme TPS62872 is selected.</td></tr><tr><td>模块框图\nModule diagram</td><td></td></tr><tr><td>模块方案\nModule solution</td><td>\t采用TPS62872电源芯片，将VCC3V3转换为VCC0V75，提供给EQ6核电供电。用MCU的P22.0引脚使能芯片，用MCU_SDA_P15.5，MCU_SCL_P15.4引脚I2C通信来设置输出电压和通信。\nTPS62872 power chip is used to convert VCC3V3 to VCCOV75, which is supplied to EQ nuclear power supply. P22.0 pin of MCU is used to enable chip, MCU_SDA_P15.5, MCU_SCL_P15.4 pin I2C communication is used to set output voltage and communication. +</td></tr></table>"", ""<table><tr><td>HM ID</td><td>F11/F12/F13/F14/F15/F16/F17/F18/F19/F25/F27</td></tr><tr><td>模块功能 \nModule Function</td><td>系统使用车载电池12V电压供电，经过EMI电路后输入至电源转换芯片，转换输出系统各模块所需电源。\nThe system uses 12V voltage power supply from the vehicle battery, which is input to the power conversion chip through the EMI circuit. Then the power conversion chip convert and output the power required by each module of the system.</td></tr><tr><td>模块框图\nModule diagram</td><td></td></tr><tr><td>模块方案\nModule solution</td><td>KL30 EMI (ASIL-B)\nKL30供电口处增加EMI电路，用于供电保护和滤波。硬件电路设计在UBD网络增加两个串联ESD电容，PCB布局靠近主连接器引脚处，用于吸收外部ESD信号，后端增加双向TVS管用于瞬态过压保护\nThe EMI circuit is added at the KL30 power supply port for power supply protection and filtering. The hardware circuit design adds two series ESD capacitors in the UBD network, the PCB layout is close to the main connector pin for absorbing external ESD signals, and the two-way TVS tube is added at the back end for transient overvoltage protection.\nKL30 to VCC3V3 (ASILB)\nKL30转VCC3V3是系统一级DC-DC，给MCU提供VCC3V3_MCU电源，所以系统要求其满足ASILB，确保MCU功能安全。\nKL30 to VCC3V3 is a system primary DC-DC chip, because the MCU needs VCC3V3_MCU power supply, so the system requires it to meet the ASILB to ensure the functional safety of the MCU.\nVCC3V3_MCU to VCC1V25_MCU(ASILB)\n3V3转1V25_MCU是使用MCU内置控制器进行控制的BUCK电源，用于MCU的核供电，功能安全需求达到ASILB，确保MCU功能安全。\n3V3 to 1V25_MCU is a BUCK power supply controlled by MCU built-in controller, which is used for MCU nuclear power supply. Functional safety requirements meet ASILB to ensure the functional safety of MCU.\nVCC3V3 to VCC0V75(QM(B))\nVCC3V3转VCC0V75应用于EQ6的内核供电，要求输出电流能力大，现选型TI的电源方案TPS62872。用MCU的P22.0引脚使能芯片，用MCU_SDA_P15.5，MCU_SCL_P15.4引脚I2C通信来设置输出电压和通信。\nVCC3V3 to VCC0V75 is applied to the core power supply of EQ6, which requires large output current capacity. The power supply scheme TPS62872 of TI is selected. P22.0 pin of MCU is used to enable the chip, and MCU_SDA_P15.5, MCU_SCL_P15.4 pin I2C communication is used to set the output voltage and communication. \nVCC3V3 to 0V75_MIPI_DDR(QM(B))\nVCC3V3转0V75_MIPI_DDR用于EQ6的IO口供电，现使用矽力杰的SA23002进行设计。用MCU的P22.1引脚使能该芯片。\nVCC3V3 to 0V75_MIPI_DDR for EQ6 IO port power supply, Silergy’s SA23002 is designed. The P22.1 pin of the MCU is used to enable the chip.\nVCC3V3转VCC1V8、VCC1V1、VCC50(QM(B))\nVCC1V8用于EQ6、CAM、DDR、FLASH供电，VCC1V1用于EQ6、DDR供电，VCC50用于CAN收发器供电，现选择LP87702 PMIC方案。用MCU的P15.3引脚使能该芯片的5V输出，用MCU_SCL_P15.4，MCU_SDA_P15.5 I2C通信来设置1.8V和1.1V输出电压和使能。\nVCC1V8 is used for EQ6, CAM, DDR, FLASH power supply, VCC1V1 is used for EQ6, DDR power supply, VCC50 is used for CAN transceiver  power supply, LP87702 PMIC scheme is selected. P15.3 pin of MCU is used to enable 5V output of the chip, and MCU_SCL_P15.4, MCU_SDA_P15.5 I2C communication is used to set 1.8V and 1.1V output voltage and enable it. \nVCC3V3 to VCC3V3_EQ(QM(B))\nVCC3V3转VCC3V3_EQ用于EQ6的IO和摄像头供电，现使用负载开关进行设计。用MCU的P20.3引脚使能该芯片。\nVCC3V3 to VCC3V3_EQ for EQ6’s IO and camera power supply, now using the load switch is designed. .The P20.3 pin of the MCU is used to enable the chip.\n\tVCC3V3 to VCC3V3_ETH(QM)\n3V3转3V3_ETH用于ETH供电，现选择负载开关方案。用MCU的P21.0引脚使能该芯片。\n3V3 to 3V3_ETH for ETH power supply, the load switch scheme is selected. . The P21.0 pin of the MCU is used to enable the chip.\n\tVCC1V8 to VCC1V8_EQ(QM(B))\nVCC1V8转VCC1V8_EQ用于EQ供电，现选择负载开关方案。用MCU的P20.0引脚使能该芯片。\nVCC1V8 to VCC1V8_EQ for EQ power supply, the load switch scheme is selected. . The P20.0 pin of the MCU is used to enable the chip.</td></tr><tr><td colspan='2'></td></tr></table>"", ""<table><tr><td>HM ID</td><td>F01</td></tr><tr><td>模块功能 \nModule Function</td><td>32位MCU芯片TC377最小系统模块有SAK-TC377TP-96F300S AA主控芯片和晶体、硬件配置组成，实现SAK-TC377TP-96F300S AA最小硬件系统工作单元，功能安全等级最高可达到ASIL-D，满足应用要求。\n32-bit MCU chip TC377 minimum system module has SAK-TC377TP-96F300S AA main control chip and crystal, hardware configuration, to achieve SAK-TC377TP-96F300S AA minimum hardware system work unit, functional safety level up to ASIL-D, meet the application requirements. </td></tr><tr><td>模块框图\nModule diagram</td><td></td></tr><tr><td>模块方案\nModule solution</td><td>处理器\n根据ADAS产品需求，综合评估选型为32位MCU芯片SAK-TC377TP-96F300S AA， MCU接口资源丰富，功能安全等级最高可达到ASIL-D，满足应用要求。\nProcessor \nAccording to ADAS product requirements, 32-bit MCU chip SAK-TC377TP-96F300S AA is selected through comprehensive evaluation, which has rich MCU interface resources and the highest functional safety level can reach ASIL-D to meet application requirements\n时钟设计\n硬件选型20MHz晶振给MCU提供时钟输入，由其内部PLL等电路完成倍频、分频，供其内核和各模块使用。\nClock design\nHardware selection of clock design 20MHz crystal oscillator provides clock input to MCU, and its internal PLL and other circuits complete frequency doubling and frequency division for its kernel and each module.\n复位及watchdog\n系统复位及看门狗芯片采用LP87702内部看门狗，喂狗方式为窗口喂狗，当喂狗窗口无有效喂狗次数超过OTP配置时，将触发整个系统复位。\na)\t上电时，看门狗芯片对MCU启动过程进行监控，同时对MCU的电源VCC3V3电压进行低压监控，异常时主动复位MCU。\nb)\t运行过程中由看门狗监控MCU运行状态，当MCU程序跑飞时看门狗超时触发复位信号主动复位MCU。\nReset and watchdog\nThe system reset and watchdog chip adopts LP87702 internal watchdog, and the feeding method is window feeding. When the number of effective dog feeding in the feeding window exceeds the OTP configuration, the whole system reset will be triggered. \n When powering on, the watchdog chip monitors the start-up process of MCU, and at the same time, it monitors the low voltage voltage of MCU's power supply VCC3V3, and actively resets MCU when abnormal. \n MCU running status is monitored by watchdog during operation. When MCU program runs, watchdog timeout triggers reset signal and actively reset MCU.\n电源需求\nMCU需要1路VCC3V3_MCU（精度：3.3V±10%）和1路VCC1V25_MCU（精度：1.2-1.35V）供电。\n4. Power demand\nThe MCU needs 1 channel VCC3V3_MCU (accuracy: 3.3V±10%) and 1 channel VCC1V25_MCU (accuracy: 1.2-1.35V) power supply.</td></tr></table>"", ""\nHW Interface Component ：QM; None：F15/POWER; None：1、电源转换芯片SA23002，VCC3V3转VCC0V75_MIPI_DDR。\n2、SA23002由MCU进行使能和关断控制。; MCU Component ：F01/MCU; None：QM; None：P19; None：P22.1; None：P22.1/GTM_TIM1_IN0_8/GTM_TIM0_IN0_8/QSPI4_MRSTB/GTM_TOUT48/QSPI4_MRST/QSPI4_SCLKP; None：GPIO; None：MCU_VCC0V75_MIPI_DDR_EN; None：/; None：O; None：VCC0V75_MIPI_DDR电源使能控制信号\n高：使能VCC0V75_MIPI_DDR电源\n低：关断VCC0V75_MIPI_DDR电源; None：HI-Z, 硬件外部下拉; None：—; SW Variable Name or SW Function Name：— ——Port1\nECU Connector：X2000-54; None：SPI Communction; HW Interface Component ：B; None：F02/EYEQ6L; None：MCU_SPI0（slave）\nEQ6L_SPI0（master）\n速率：10Mbps; MCU Component ：F01/MCU; None：B; None：E20; None：P20.11; None：P20.11/GTM_TIM3_IN7_6/GTM_TIM2_IN7_6/QSPI0_SCLKA/GTM_TOUT67/QSPI0_SCLK; None：QSPI0_SCLKA; None：MCU_SPI0_CLK_P20.11; None：/; None：I; None：EQ发送SPI时钟信号到MCU\nMCU配置为内置下拉（SPI模式配置为：极性CPOL=0，相位CPHA=1）; None：HI-Z; None：—; SW Variable Name or SW Function Name：— ——Port1\nECU Connector：X2000-57; MCU Component ：F01/MCU; None：B; None：D20; None：P20.13; None：P20.13/GTM_TIM3_IN1_4/GTM_TIM2_IN1_4/QSPI0_SLSIA/GTM_TOUT69/QSPI0_SLSO2/QSPI1_SLSO2/QSPI0_SCLK; None：QSPI0_SLSIA; None：MCU_SPI0_CS_P20.13; None：/; None：I; None：EQ发送SPI片选信号到MCU\nMCU配置为内置上拉（SPI模式配置为：极性CPOL=0，相位CPHA=1）; None：HI-Z; None：—; SW Variable Name or SW Function Name：— ——Port1"", ""<table><caption> Table 9-13. VSET Register Field Descriptions</caption>\n<tr><td  >Bit</td><td  >Field</td><td  >Type</td><td  >Reset</td><td  >Description</td></tr>\n<tr><td  >7-0</td><td  >VSET</td><td  >R/W</td><td  >×</td><td  >Output voltage setpoint (see the range-setting bits in the CONTROL2</td></tr>\n<tr><td></td><td></td><td></td><td></td><td  >register.)</td></tr>\n<tr><td></td><td></td><td></td><td></td><td  >Range 1: Output voltage setpoint = 0.4 V + VSET[7:0] × 1.25 mV Range 2: Output voltage setpoint = 0.4 V + VSET[7:0] × 2.5 mV</td></tr>\n<tr><td></td><td></td><td></td><td></td><td  >Range 3: Output voltage setpoint = 0.4 V + VSET[7:0] × 5 mV</td></tr>\n<tr><td></td><td></td><td></td><td></td><td  >Range 4: Output voltage setpoint = 0.8 V + VSET[7:0] × 10 mV</td></tr>\n<tr><td></td><td></td><td></td><td></td><td  >The state of the VSEL pin during power up determines the reset</td></tr>\n<tr><td></td><td></td><td></td><td></td><td  >value.</td></tr>\n</table>"", ""\ntd(RAMP) = 500 μs td(RAMP) = 1 ms (default) td(RAMP) = 2 ms td(RAMP) = 4 ms·\nThe device ignores new values until the soft-start sequence is complete if the user programs the following when the device soft-start sequence has already started:\nA new output voltage setpoint (VOuT[7:o]) An output voltage range (VRANGE[1:0]) Soft-start time (SSTIME[1:o]) settings\nIf the user change the value of VSET[7:0] during soft start, the device first ramps to the value that VSET[7:0] had when the soft-start sequence began. Then, when soft start is complete, the device ramps up or down to the new value.\nThe device can start up into a prebiased output. In this case, only a portion of the internal voltage ramp is seen externally (see Figure 9-9).\nNote that the device always operates in DcM during the start-up ramp, regardless of other configuration settings or operating conditions.\n9.3.5SwitchingFrequencySelection\nDuring device initialization, a resistor-to-digital converter in the device determines the state of the FSEL pin and sets the switching frequency of the DC/DC converter according to Table 9-2.\nFor a reliable voltage setting, ensure there is no stray current path connected to the FSEL pin and that the1.\nparasitic capacitance between the FSEL pin and GND is less than 1o0 pF.\nidentical circuit detects the state of the VSEL pin - see Section 9.3.6.2).\nDetection of the state of the FSEL pin works as follows:\nTo detect the most significant bit (MSB), the circuit opens S1 and S2, and the input buffer detects if a high or a low level is connected to the FSEL pin.\nProduct Folder Links: TPS62870-Q1TPS62871-Q1 TPS62872-Q1 TPS62873-Q1\nTo detect the least significant bit (LSB):\nIf the MSB was 0, the circuit closes S1. If the input buffer detects a high level, LSB = 1. If the circuit detects a low level, LSB = 0.\n If the MSB was 1, the circuit closes S2. If the input buffer detects a low level, LSB = 0. If the circuit detects a·"", ""\nTPS6287x-Q1 2.7-V to 6-V Input, 6-A, 9-A, 12-A, 15-A, Stackable, Synchronous Step- Down Converters with Fast Transient Response\n3 Description\n1 Features\n AEC-Q100 qualified for automotive applications\nThe TPS6287x-Q1 is a family of pin-to-pin 6-A, 9-\nTemperature grade 1: -40°C to +125°C, TA\nA, 12-A, and 15-A synchronous step-down DC/DC converters with differential remote sensing. For each\nFunctional Safety-Capable\ncurrent rating, there are full-featured device variants\nDocumentation available to aid functional safety\nwith I²C interface and limited-featured device variants\nsystem design\nwithout I2C interface. All devices offer high efficiency\nDocumentation available to aid functional safety\nand ease of use. Low-resistance power switches\nsystem design\nallow up to 15-A continuous output current at high\nDocumentation available to aid functional safety\nambient temperatures.\nsystem design 2.7-V to 6-V input voltage range\nThe devices can operate in stacked mode to deliver\nFamily of pin-to-pin compatible devices: 6-A, 9-A,\nhigher output currents or to spread the power\n12-A, and 15-A\ndissipation across multiple devices.\n Four output voltage ranges:\nThe TPS6287x-Q1 family implements an enhanced\n0.4-V to 0.71875-V in 1.25-mV steps\nDCS control scheme that supports fast transients with\n 0.4-V to 1.0375-V in 2.5-mV steps\nfixed-frequency operation.  Devices can operatein\n0.4-V to 1.675-V in 5-mV steps\npower save mode for maximum efficiency, or forced-\n0.8-V to 3.35-V in 10-mV steps\nPWM mode for the best transient performance and\n Output voltage accuracy ±1%\nlowest output voltage ripple.\n7-mQ and 4.5-mQ internal power MOSFETs Adjustable external compensation\nAn optional remote sensing feature maximizes voltage\n Resistor-selectable start-up output voltage\n and  the device\nregulation at the point-of-load,\nResistor-selectable switching frequency\nachieves better than ±1% DC voltage accuracy under\nPower-save or forced-PwM operation"", ""\n9 Detailed Description\n9.1overview\nThe TPS6287x-Q1 devices are synchronous step-down (buck) DC/DC converters. These devices use an enhanced DCS control topology to achieve fast transient response while switching with a fixed frequency.\nTogether, with their low output voltage ripple, high DC accuracy, and differential remote sensing, these devices are ideal for supplying the cores of modern high-performance processors.\nThe family of devices includes 6-A, 9-A, 12-A, and 15-A devices. To further increase the output current capability, the user can combine multiple devices in a “stack\"". For example, a stack of two TPS62873-Q1 devices have a current capability of 30 A. Each device of a stack must have the same current rating to avoid that one device enters current limit too early.\nFor each current rating, there are full-featured devices with an I2C interface and limited-featured devices without an I2C interface (see the Device Options). The user can use a device variant without I2C in exactly the same way as a device variant with I?C, except that:\n· The user must connect the unused SCL and SDA pins to GND · The user must be aware of the (fixed) factory settings for parameters and functions that are programmable in the I²C device variants.\n9.2 Functional Block Diagram\n9.3FeatureDescription\n9.3.1 Fixed-Frequency DCS Control Topology\nTPS6287x-Q1 devices. This topology is comprised of an inner emulated current loop, a middle direct feedback loop, and an outer voltage-regulating loop.\n9.3.2 Forced PwM and Power Save Modes\nThe device can control the inductor current in three different ways to regulate the output:\nPulse-width modulation with continuous inductor current (PWM-CCM) Pulse-width modulation with discontinuous inductor current (PWM-DCM) Pulse-frequency modulation with discontinuous inductor current and pulse skipping (PFM-DCM)\nDuring PWM-CCM operation, the device switches at a constant frequency and the inductor current is continuous (see Figure 9-2). PwM operation achieves the lowest output voltage ripple and the best transient performance.\nDuring PWM-DCM operation, the device switches at a constant frequency and the inductor current is discontinuous (see Figure 9-3). In this mode, the device controls the peak inductor current to maintain the selected switching frequency while still being able to regulate the output."", ""\nhigh level, LSB = 1.\n9.3.6 Output Voltage Setting\n9.3.6.1 Output Voltage Range\nThe device has four different voltage ranges. The VRANGE[1:0] bits in the CONTROL1 register control which range is active (see Table 9-3). The default output voltage range after device initialization is 0.4 V to 1.675 V in 5-mV steps.\nNote that every change to the VRANGE[1:0] bits must be followed by a write to the VSET register, even if the value of the VSET[7:o] bits does not change. This sequence is required for the device to start to use the new voltage range.\nAlso note that the 0.8-V to 3.35-V range uses a 0.8-V reference and the other ranges use a 0.4-V reference.\nSwitching to and from the 0.8-V to 3.35-V range can therefore cause increased output voltage undershoot or overshoot while the device switches its internal reference.\nIn device variants that do not have I?C, the output voltage range is factory-set to 0.4 V to 1.675 V.\n9.3.6.2OutputVoltageSetpoint\nTogether with the selected range, the VSET[7:0] bits in the VSET register control the output voltage setpoint of the device (see Table 9-4).\nDuring initialization, the device reads the state of the VSEL pin and selects the default output voltage according to Table 9-5. Note that the VSEL pin also selects the I?C target address of the device (see Table 9-10).\nIf the user programs new output voltage setpoint (VOUT[7:0]), output voltage range (VRANGE[1:0]), or soft-start time (SSTIME[1:o]) settings when the device has already begun its soft-start sequence, the device ignores the new values until the soft-start sequence is complete. If the user changes the value of VSET[7:0] during soft start, the device first ramps to the value that VSET[7:0] had when the soft-start sequence began. Then, when soft start is complete, ramps up or down to the new value.\nIf the user changes VOUT[7:0], VRAMP[1:0], or SSTIME[1:0] while EN is low, the device uses the new values the next time the user enables it."", ""<table><tr><td>HM ID</td><td>F27</td></tr><tr><td>运行模式\nOperation Mode</td><td>上电模式、下电模式、运行模式\nPower on mode, power off mode, run mode.</td></tr><tr><td>模式定义\nDefinition of Operation mode</td><td>1、\t上电模式\n一级电源VCC3V3_MCU输出有效后，MCU的内置驱动器与外置的MOS/电感/电容实现3V3_MCU转1V25_MCU的BUCK电源。\n2、\t运行模式\nMCU的内置驱动器与外置的MOS/电感/电容构成的BUCK电源正常输出VCC1V25_MCU，用于MCU核供电。\n3、\t下电模式\n一级电源VCC3V3_MCU输出掉电后，MCU的内置驱动器开始关断VCC1V25_MCU。\n1.Power on mode\nAfter the output of VCC3V3_MCU is effective, the built-in driver of MCU and the external MOS/ inductor/capacitor realize the BUCK power from 3V3 MCU to 1V25 MCU. \n2.Run mode\nMCU built-in driver and external MOS/ inductor/capacitor BUCK power supply composed of normal output VCC1V25 MCU for MCU core power supply. \n3.Power off mode\nAfter the output power of the VCC3V3_MCU fails, the built-in driver of the MCU starts to shut down the VCC1V25 MCU.</td></tr><tr><td>模式切换接口\nMode switching interface</td><td>\n</td></tr><tr><td>模式状态机\nMode state machine</td><td></td></tr><tr><td>模式切换条件\nMode switching condition</td><td>参考：\n产品系统需求规格说明\n产品系统方案设计说明书\nReference: \nProduct system requirement specification \nProduct system scheme design specification.</td></tr><tr><td>备注\nNote</td><td></td></tr></table>"", ""<table><tr><td>HM ID</td><td>F01/F08/F09</td></tr><tr><td>模块功能 \nModule Function</td><td>系统需求需要板内电源电压进行ADC采样和异常监控，要求功能安全达到ASIL-B等级，确保EQ6系统工作安全。\nThe system requirements require the on-board power supply voltage for ADC sampling and anomaly monitoring, and the functional safety is required to reach ASIL-B level to ensure the working safety of EQ6 system.</td></tr><tr><td>模块框图\nModule diagram</td><td></td></tr><tr><td>模块方案\nModule solution</td><td>EQ6系统电源电压采样  \n系统需求需要MCU对LP87702、TPS62872、SA23002、TPS22918和摄像头端的电压VCC3V3_EQ，VCC1V8，VCC1V1，VCC0V75，0V75_MIPI_DDR、VCC3V3_CAM，VCC_1V8_CAM、VCC1V1_CAM进行ADC采样和异常监控。其中VCC1V8，VCC1V1，VCC0V75，0V75_MIPI_DDR，VCC_1V8_CAM、VCC1V1_CAM电压范围未超量程对电压直接采样。VCC3V3_EQ和VCC3V3_CAM经过两个10K 1%精度电阻分压后采样。VCC3V3_EQ用AN2引脚采样，VCC1V8用AN3引脚采样，VCC1V1用AN4引脚采样，VCC1V8_EQ用AN5引脚采样，VCC3V3_CAM用AN12引脚采样，VCC1V1_CAM用AN13引脚采样，VCC1V8_CAM用AN14引脚采样，VCC0V75_MIPI_DDR用AN18引脚采样，VCC0V75用AN19引脚采样。\nEQ6 system power supply voltage sampling\nThe system requirements specify that the MCU must perform ADC sampling and abnormal monitoring on the voltages VCC3V3_EQ, VCC1V8, VCC1V1, VCC0V75, 0V75_MIPI_DDR, VCC3V3_CAM, VCC_1V8_CAM, and VCC1V1_CAM for the LP87702, TPS62872, SA23002, TPS22918, and camera-side devices. Among these voltages, VCC1V8, VCC1V1, VCC0V75, 0V75_MIPI_DDR, VCC_1V8_CAM, and VCC1V1_CAM have voltage ranges within the measurement range and are directly sampled. VCC3V3_EQ and VCC3V3_CAM are sampled after being divided by two 10K resistors with 1% precision. Specifically, VCC3V3_EQ is sampled using AN2, VCC1V8 using AN3, VCC1V1 using AN4, VCC1V8_EQ using AN5, VCC3V3_CAM using AN12, VCC1V1_CAM using AN13, VCC_1V8_CAM using AN14, 0V75_MIPI_DDR using AN18, and VCC0V75 using AN19.\nCAN&ETH电源电压采样\n系统需求MCU对LP87702、TPS22918的输出电压VCC3V3_ETH，VCC50进行ADC采样和异常监控，VCC3V3_ETH和VCC50经过两个10K 1%精度电阻分压后采样。VCC3V3_ETH用AN8引脚采样，VCC50用AN1引脚采样。\nCAN&ETH power supply voltage sampling\nThe system requirements specify that the MCU must perform ADC sampling and abnormal monitoring on the output voltages VCC3V3_ETH and VCC50 from the LP87702 and TPS22918. Both VCC3V3_ETH and VCC50 are sampled after being divided by two 10K resistors with 1% precision. Specifically, VCC3V3_ETH is sampled using AN8, and VCC50 is sampled using AN1.</td></tr></table>"", ""<table><tr><td>HM ID</td><td>F32</td></tr><tr><td>模块功能 \nModule Function</td><td>3V3转1V25_MCU用于MCU的核供电\n3V3 to 1V25_MCU is used for the core power supply of MCU</td></tr><tr><td>模块框图\nModule diagram</td><td></td></tr><tr><td>模块方案\nModule solution</td><td>该BUCK电源使用MCU的内置控制器进行控制，外部需要选型功率开关管和电感电容。\nThe BUCK power supply is controlled by the built-in controller of the MCU, and the external selection of power switches and inductors and capacitors is required.</td></tr></table>"", ""<table>\n<tr><td></td><td></td><td></td><td  >MIN</td><td  >NOM</td><td  >MAX</td><td  >UNIT</td></tr>\n<tr><td  >VIN</td><td  >Input voltage</td><td  >VIN SDA, SCL</td><td  >2.7</td><td></td><td  >6 5</td><td  >V</td></tr>\n<tr><td  >VouT</td><td  >Output voltage</td><td></td><td  >0.4</td><td></td><td  >3.35 V or (ViN - 1.4</td><td></td></tr>\n<tr><td></td><td></td><td></td><td></td><td></td><td  >V)(1)</td><td></td></tr>\n<tr><td></td><td></td><td  >TPS62870-Q1</td><td></td><td></td><td  >6</td><td></td></tr>\n<tr><td></td><td></td><td  >TPS62871-Q1</td><td></td><td></td><td  >9</td><td></td></tr>\n<tr><td  >loUT</td><td  >Output current</td><td  >TPS62872-Q1</td><td></td><td></td><td  >12</td><td  >A</td></tr>\n<tr><td></td><td></td><td  >TPS62873-Q1</td><td></td><td></td><td  >15</td><td></td></tr>\n<tr><td></td><td  >Inductance</td><td></td><td  >110</td><td></td><td  >330</td><td  >nH</td></tr>\n<tr><td></td><td></td><td  >fsw≥2.25MHz andVouT≤1.675V</td><td  >55</td><td></td><td  >330</td><td></td></tr>\n</table>"", ""<table><tr><td>序号</td><td>模块序号</td><td>模块名称</td><td>功能定义</td><td>功能安全需求</td></tr><tr><td>1</td><td>F013</td><td>POWER</td><td>LP87702，VCC3V3电压输入，VCC1V1、VCC1V8、VCC50电压输出</td><td>QM(B)</td></tr><tr><td>1</td><td>F01</td><td>MCU</td><td>SAK-TC377TP-96F300S AA</td><td>B(B)</td></tr><tr><td>1</td><td>F08</td><td>EQ system power sample1</td><td>EQ6L系统供电电源电压ADC采样滤波、分压电路</td><td>B(B)</td></tr><tr><td>2</td><td>F14</td><td>POWER</td><td>TPS62872，VCC3V3电压输入，VCC0V75电压输出，EQ6L核电供电</td><td>QM(B)</td></tr><tr><td>2</td><td>F01</td><td>MCU</td><td>SAK-TC377TP-96F300S AA</td><td>B(B)</td></tr><tr><td>2</td><td>F08</td><td>EQ system power sample</td><td>EQ6L系统供电电源电压ADC采样滤波、分压电路</td><td>B(B)</td></tr><tr><td>3</td><td>F15</td><td>POWER</td><td>SA23002，VCC3V3输入，0V75_MIPI_DDR电压输出</td><td>QM(B)</td></tr><tr><td>3</td><td>F01</td><td>MCU</td><td>SAK-TC377TP-96F300S AA</td><td>B(B)</td></tr><tr><td>3</td><td>F08</td><td>EQ system power sample</td><td>EQ6L系统供电电源电压ADC采样滤波、分压电路</td><td>B(B)</td></tr><tr><td>4</td><td>F16</td><td>POWER</td><td>TPS22918负载开关，VCC3V3电压输入，VCC3V3_EQ输出</td><td>QM(B)</td></tr><tr><td>4</td><td>F01</td><td>MCU</td><td>SAK-TC377TP-96F300S AA</td><td>B(B)</td></tr><tr><td>4</td><td>F08</td><td>EQ system power sample</td><td>EQ6L系统供电电源电压ADC采样滤波、分压电路</td><td>B(B)</td></tr></table>"", ""\nMCU Component ：F01/ MCU; None：QM; None：E11; None：P12.1; None：P12.1/GTM_TIM4_IN1_6/GTM_TIM3_IN1_6/GETH_MDIOC/GTM_TOUT129/CAN00_TXD/GETH_MDIO; None：GPIO; None：MCU_nINT_PMIC_P12.1; None：/; None：I; None：LP87702的输出中断信号。\n高：无中断信号\n低：输出中断信号; None：HI-Z，硬件外部上拉; None：—; SW Variable Name or SW Function Name：— ——Port1\nHW Interface Component ：QM(B); None：F13/POWER\nF14/POWER; None：MCU配置LP87702、TPS62872; MCU Component ：F01/MCU; None：B; None：E14; None：P15.5; None：P15.5/GTM_TIM3_IN0_4/GTM_TIM2_IN0_4/QSPI2_MTSRA/GTM_TOUT76/QSPI2_MTSR/MSC0_EN0/I2C0_SDA; None：I2C0_SDAC; None：MCU_SDA_P15.5; None：/; None：IO; None：IIC_SDA信号\n\n外挂LP87702和TPS62872\n\nLP87702地址：0x08\nTPS62872地址：0x41; None：HI-Z，硬件外部上拉; None：—; SW Variable Name or SW Function Name：— ——Port1\nMCU Component ：F01/MCU; None：B; None：A17; None：P15.4; None：P15.4/GTM_TIM3_IN7_4/GTM_TIM2_IN7_4/I2C0_SCLC/QSPI2_MRSTA/SCU_E_REQ0_0/GTM_TOUT75/QSPI2_MRST; None：I2C0_SCL; None：MCU_SCL_P15.4; None：/; None：O; None：IIC_CLK信号\n\n外挂LP87702和TPS62872\n\nLP87702地址：0x08\nTPS62872地址：0x41; None：HI-Z，硬件外部上拉; None：—; SW Variable Name or SW Function Name：— ——Port1"", ""<table><caption> Table9-5.DefaultOutputVoltageSetpoints</caption>\n<tr><td  >VSEL Pin(1)</td><td  >Device Number</td><td  >VSET[7:0]</td><td  >Output Voltage Setpoint</td></tr>\n<tr><td></td><td  >TPS6287x-Q1</td><td  >0x5a</td><td  >850 mV</td></tr>\n<tr><td></td><td  >TPS6287xY0-Q1</td><td  >0x50</td><td  >800 mV</td></tr>\n<tr><td></td><td  >TPS6287xY1-Q1</td><td  >0x14</td><td  >500 mV</td></tr>\n<tr><td></td><td  >TPS6287xY2-Q1</td><td  >0x64</td><td  >1800 mV</td></tr>\n<tr><td  >6.2 kQ to GND</td><td  >TPS6287xY3-Q1</td><td  >0x52</td><td  >810 mV</td></tr>\n<tr><td></td><td  >TPS6287xN0-Q1</td><td  >0x14</td><td  >500 mV</td></tr>\n<tr><td></td><td  >TPS6287xN1-Q1</td><td  >0x50</td><td  >800 mV</td></tr>\n<tr><td></td><td  >TPS6287xN2-Q1</td><td  >0x64</td><td  >1800 mV</td></tr>\n</table>"", ""<table><caption> *All dimensioons are nominal</caption>\n<tr><th  >Device</th><th  >Package Type</th><th  >Package Drawing</th><th  >Pins</th><th  >SPQ</th><th  >Length (mm)</th><th  >Width (mm)</th><th  >Height (mm)</th></tr>\n<tr><td  >TPS62870N0QWRXSRQ1</td><td  >VQFN-FCRLF</td><td  >RXS</td><td  >16</td><td  >3000</td><td  >338.0</td><td  >355.0</td><td  >50.0</td></tr>\n<tr><td  >TPS62870QWRXSRQ1</td><td  >VQFN-FCRLF</td><td  >RXS</td><td  >16</td><td  >3000</td><td  >338.0</td><td  >355.0</td><td  >50.0</td></tr>\n<tr><td  >TPS62870Y0QWRXSRQ1</td><td  >VQFN-FCRLF</td><td  >RXS</td><td  >16</td><td  >3000</td><td  >338.0</td><td  >355.0</td><td  >50.0</td></tr>\n<tr><td  >TPS62870Y1QWRXSRQ1</td><td  >VQFN-FCRLF</td><td  >RXS</td><td  >16</td><td  >3000</td><td  >338.0</td><td  >355.0</td><td  >50.0</td></tr>\n<tr><td  >TPS62870Y2QWRXSRQ1</td><td  >VQFN-FCRLF</td><td  >RXS</td><td  >16</td><td  >3000</td><td  >338.0</td><td  >355.0</td><td  >50.0</td></tr>\n<tr><td  >TPS62870Y3QWRXSRQ1</td><td  >VQFN-FCRLF</td><td  > RXS</td><td  >16</td><td  >3000</td><td  >338.0</td><td  >355.0</td><td  >50.0</td></tr>\n<tr><td  >TPS62871QWRXSRQ1</td><td  >VQFN-FCRLF</td><td  >RXS</td><td  >16</td><td  >3000</td><td  >338.0</td><td  >355.0</td><td  >50.0</td></tr>\n<tr><td  >TPS62871Y1QWRXSRQ1</td><td  >VQFN-FCRLF</td><td  >RXS</td><td  >16</td><td  >3000</td><td  >338.0</td><td  >355.0</td><td  >50.0</td></tr>\n<tr><td  >TPS62872N0QWRXSRQ1</td><td  >VQFN-FCRLF</td><td  > RXS</td><td  >16</td><td  >3000</td><td  >338.0</td><td  >355.0</td><td  >50.0</td></tr>\n<tr><td  >TPS62872QWRXSRQ1</td><td  >VQFN-FCRLF</td><td  >RXS</td><td  >16</td><td  >3000</td><td  >338.0</td><td  >355.0</td><td  >50.0</td></tr>\n<tr><td  >TPS62872Y1QWRXSRQ1</td><td  >VQFN-FCRLF</td><td  >RXS</td><td  >16</td><td  >3000</td><td  >338.0</td><td  >355.0</td><td  >50.0</td></tr>\n<tr><td  >TPS62873QWRXSRQ1</td><td  >VQFN-FCRLF</td><td  >RXS</td><td  >16</td><td  >3000</td><td  >338.0</td><td  >355.0</td><td  >50.0</td></tr>\n<tr><td  >TPS62873Y1QWRXSRQ1</td><td  >VQFN-FCRLF</td><td  >RXS</td><td  >16</td><td  >3000</td><td  >338.0</td><td  >355.0</td><td  >50.0</td></tr>\n</table>"", ""D = 0.973.3 = 0.253\n0.75"", ""<table><caption> Table 9-4. Start-UpVoltageSettings</caption>\n<tr><td  >VRANGE[1:0]</td><td  >Output Voltage Setpoint</td></tr>\n<tr><td  >Ob0o</td><td  >0.4 V + VSET[7:0] × 1.25 mV</td></tr>\n<tr><td  >0b01</td><td  >0.4 V + VSET[7:0] × 2.5 mV</td></tr>\n<tr><td  >0b10</td><td  >0.4 V + VSET[7:0] × 5 mV</td></tr>\n<tr><td  >Ob11</td><td  >0.8 V + VSET[7:0] × 10 mV</td></tr>\n</table>"", ""<table><caption> Table 9-5. Default Output Voltage Setpoints (continued) For a reliable voltage setting, ensure there is no stray current path connected to the VSEL pin and that the parasitic capacitance(1) between the VSEL pin and GND is less than 100 pF.</caption>\n<tr><td  >VSEL Pin(1)</td><td  >Device Number</td><td  >VSET[7:0]</td><td  >Output Voltage Setpoint</td></tr>\n<tr><td  >Short Circuit to GND</td><td  >All, Except TPS6287xN2-Q1</td><td  >0x46</td><td  >750 mV</td></tr>\n<tr><td  >Short Circuit to GND</td><td  >TPS6287XN2-Q1</td><td  >0x4</td><td  >1500 mV</td></tr>\n<tr><td  >Short Circuit to VIN</td><td  >All, Except TPS6287XN2-Q1</td><td  >0x5f</td><td  >875 mV</td></tr>\n<tr><td  >Short Circuit to VIN</td><td  >TPS6287XN2-Q1</td><td  >0x5f</td><td  >1750 mV</td></tr>\n<tr><td></td><td  >TPS6287x-Q1</td><td  >0x78</td><td  >1.0 V</td></tr>\n<tr><td></td><td  >TPS6287xY0-Q1</td><td  >0x82</td><td  >1050</td></tr>\n<tr><td></td><td></td><td></td><td  >mV</td></tr>\n<tr><td></td><td  >TPS6287xY1-Q1</td><td  >0x50</td><td  >800 mV</td></tr>\n<tr><td  >47 kQ to VIn</td><td  >TPS6287xY2-Q1</td><td  >OxFA</td><td  >3300mV</td></tr>\n<tr><td></td><td  >TPS6287xY3-Q1</td><td  >0x78</td><td  >1000 mV</td></tr>\n<tr><td></td><td  >TPS6287XN0-Q1</td><td  >0x82</td><td  >1.050 V</td></tr>\n<tr><td></td><td  >TPS6287xN1-Q1</td><td  >0x58</td><td  >840 mV</td></tr>\n<tr><td></td><td  >TPS6287XN2-Q1</td><td  >0xFA</td><td  >3300 mV</td></tr>\n</table>"", ""<table><caption> Table 9-7. Power-Good Function Table</caption>\n<tr><td  >VIn 2 V > ViIn ViT(uvLo) ≥ VIn ≥ 2 V</td><td  >EN X X</td><td  >Vout</td><td></td><td></td><td></td><td></td></tr>\n<tr><td></td><td  >L</td><td  >X X</td><td  >Soft Start</td><td></td><td></td><td></td></tr>\n<tr><td></td><td></td><td  >X</td><td  >X</td><td></td><td></td><td></td></tr>\n<tr><td  >VIn > Vit(uvLO)</td><td></td><td  >X</td><td></td><td></td><td></td><td></td></tr>\n<tr><td></td><td></td><td></td><td  >X</td><td  >PGBLNKDVS X</td><td></td><td></td></tr>\n<tr><td></td><td  >H</td><td  >or < Vt(pguv) > Vout</td><td  >Active</td><td></td><td></td><td></td></tr>\n<tr><td></td><td></td><td></td><td></td><td  >X</td><td  >Tj</td><td></td></tr>\n<tr><td></td><td></td><td></td><td  >X</td><td  >X</td><td></td><td></td></tr>\n<tr><td></td><td></td><td></td><td></td><td></td><td  >X X</td><td  >PG Undefined </td></tr>\n<tr><td></td><td></td><td  >Vout > Vt(pGOV)</td><td></td><td  >X</td><td></td><td></td></tr>\n<tr><td></td><td></td><td></td><td></td><td  >0 (and DVS is active)</td><td></td><td></td></tr>\n<tr><td></td><td></td><td></td><td></td><td  >X</td><td  >X X TJ<TsD Tj<TsD</td><td  >Low Low</td></tr>\n<tr><td></td><td></td><td  >VT(PGOV) > VoUT > VT(PGUV)</td><td  >Inactive </td><td  >1</td><td></td><td  >Low</td></tr>\n<tr><td></td><td></td><td></td><td></td><td></td><td  >Tj> TsD</td><td  >low Hi-Z</td></tr>\n<tr><td></td><td></td><td  >X</td><td  >X</td><td  >X</td><td></td><td  >Hi-Z</td></tr>\n<tr><td></td><td></td><td></td><td></td><td></td><td></td><td  >Low</td></tr>\n</table>"", ""<table><caption> Table 9-3. Voltage Ranges</caption>\n<tr><td  >VRANGE[1:0]</td><td  >Voltage Range</td></tr>\n<tr><td  >Ob00</td><td  >0.4 V to 0.71875 V in 1.25-mV steps</td></tr>\n<tr><td  >0b01</td><td  >0.4 V to 1.0375 V in 2.5-mV steps</td></tr>\n<tr><td  >0b10</td><td  >0.4 V to 1.675 V in 5-mV steps</td></tr>\n<tr><td  >Ob11</td><td  >0.8 V to 3.35 V in 10-mV steps</td></tr>\n</table>"", ""<table><caption> *All dimensics are nominal</caption>\n<tr><th  >Device</th><th  >Package</th><th  >Package</th><th  >Pins</th><th  >SPQ</th><th  >Reel</th><th  >Reel</th><th  >A0</th><th  >BO</th><th  >K0</th><th  >P1</th><th  >W</th><th  >Pin1</th></tr>\n<tr><th></th><th  >Type</th><th  >Drawing</th><th></th><th></th><th  >Diameter</th><th  >Width</th><th  >(mm)</th><th  >(mm)</th><th  >(mm)</th><th  >(mm)</th><th  >(mm)</th><th  >Quadrant</th></tr>\n<tr><th></th><th></th><th></th><th></th><th></th><th  >(mm)</th><th  >W1(mm)</th><th></th><th></th><th></th><th></th><th></th><th></th></tr>\n<tr><td  >TPS62870N0QWRXSRQ1</td><td  >VQFN-</td><td  >RXS</td><td  >16</td><td  >3000</td><td  >330.0</td><td  >12.4</td><td  >2.8</td><td  >3.8</td><td  >1.2</td><td  >4.0</td><td  >12.0</td><td  >Q1</td></tr>\n<tr><th></th><th  >FCRLF</th><th></th><th></th><th></th><th></th><th></th><th></th><th></th><th></th><th></th><th></th><th></th></tr>\n<tr><td  >TPS62870QWRXSRQ1</td><td  >VQFN-</td><td  >RXS</td><td  >16</td><td  >3000</td><td  >330.0</td><td  >12.4</td><td  >2.8</td><td  >3.8</td><td  >1.2</td><td  >4.0</td><td  >12.0</td><td  >Q1</td></tr>\n<tr><td  >TPS62870Y0QWRXSRQ1</td><td  >VQFN-</td><td  >RXS</td><td  >16</td><td  >3000</td><td  >330.0</td><td  >12.4</td><td  >2.8</td><td  >3.8</td><td  >1.2</td><td  >4.0</td><td  >12.0</td><td  >Q1</td></tr>\n<tr><td  >TPS62870Y1QWRXSRQ1</td><td  >VQFN-</td><td  >RXS</td><td  >16</td><td  >3000</td><td  >330.0</td><td  >12.4</td><td  >2.8</td><td  >3.8</td><td  >1.2</td><td  >4.0</td><td  >12.0</td><td  >Q1</td></tr>\n<tr><td  >TPS62870Y2QWRXSRQ1</td><td  >VQFN-</td><td  >RXS</td><td  >16</td><td  >3000</td><td  >330.0</td><td  >12.4</td><td  >2.8</td><td  >3.8</td><td  >1.2</td><td  >4.0</td><td  >12.0</td><td  >Q1</td></tr>\n<tr><td  >TPS62870Y3QWRXSRQ1</td><td  >VQFN-</td><td  >RXS</td><td  >16</td><td  >3000</td><td  >330.0</td><td  >12.4</td><td  >2.8</td><td  >3.8</td><td  >1.2</td><td  >4.0</td><td  >12.0</td><td  >Q1</td></tr>\n<tr><td  >TPS62871QWRXSRQ1</td><td  >VQFN-</td><td  >RXS</td><td  >16</td><td  >3000</td><td  >330.0</td><td  >12.4</td><td  >2.8</td><td  >3.8</td><td  >1.2</td><td  >4.0</td><td  >12.0</td><td  >Q1</td></tr>\n<tr><td  >TPS62871Y1QWRXSRQ1</td><td  >VQFN-</td><td  >RXS</td><td  >16</td><td  >3000</td><td  >330.0</td><td  >12.4</td><td  >2.8</td><td  >3.8</td><td  >1.2</td><td  >4.0</td><td  >12.0</td><td  >Q1</td></tr>\n<tr><td  >TPS62872N0QWRXSRQ1</td><td  >VQFN-</td><td  >RXS</td><td  >16</td><td  >3000</td><td  >330.0</td><td  >12.4</td><td  >2.8</td><td  >3.8</td><td  >1.2</td><td  >4.0</td><td  >12.0</td><td  >Q1</td></tr>\n<tr><th  >Device</th><th  >Package</th><th  >Package</th><th  >Pins</th><th  >SPQ</th><th  >Reel</th><th  >Reel</th><th  >A0</th><th  >BO</th><th  >KO</th><th  >P1</th><th  >W</th><th  >Pin1</th></tr>\n<tr><th></th><th  >Type</th><th  >Drawing</th><th></th><th></th><th  >Diameter</th><th  >Width</th><th  >(mm)</th><th  >(mm)</th><th  >(mm)</th><th  >(mm)</th><th  >(mm)</th><th  >[Quadrant</th></tr>\n<tr><th></th><th></th><th></th><th></th><th></th><th  >(mm)</th><th  >W1 (mm)]</th><th></th><th></th><th></th><th></th><th></th><th></th></tr>\n<tr><td  >TPS62872QWRXSRQ1</td><td  >VQFN-</td><td  >RXS</td><td  >16</td><td  >3000</td><td  >330.0</td><td  >12.4</td><td  >2.8</td><td  >3.8</td><td  >1.2</td><td  >4.0</td><td  >12.0</td><td  >Q1</td></tr>\n<tr><th></th><th  > FCRLF</th><th></th><th></th><th></th><th></th><th></th><th></th><th></th><th></th><th></th><th></th><th></th></tr>\n<tr><td  >TPS62872Y1QWRXSRQ1</td><td  >VQFN-</td><td  >RXS</td><td  >16</td><td  >3000</td><td  >330.0</td><td  >12.4</td><td  >2.8</td><td  >3.8</td><td  >1.2</td><td  >4.0</td><td  >12.0</td><td  >Q1</td></tr>\n<tr><td  >TPS62873QWRXSRQ1</td><td  >VQFN-</td><td  >RXS</td><td  >16</td><td  >3000</td><td  >330.0</td><td  >12.4</td><td  >2.8</td><td  >3.8</td><td  >1.2</td><td  >4.0</td><td  >12.0</td><td  >Q1</td></tr>\n<tr><td  >TPS62873Y1QWRXSRQ1</td><td  >VQFN-</td><td  >RXS</td><td  >16</td><td  >3000</td><td  >330.0</td><td  >12.4</td><td  >2.8</td><td  >3.8</td><td  >1.2</td><td  >4.0</td><td  >12.0</td><td  >Q1</td></tr>\n</table>""]","{""original_context_count"": 27, ""original_context_characters"": 40990, ""scored_context_count"": 7, ""scored_context_characters"": 12000, ""contexts_truncated"": true, ""context_selection"": ""claim_coverage"", ""selected_evidence_ids"": [""document:b6943ae371d76077""], ""selected_claim_ids"": [""sq_1:claim_1"", ""sq_2:claim_1"", ""sq_3:claim_1""], ""excluded_evidence_ids"": [""document:0a2d86c848720c0c"", ""document:0eb6659a764f4d29"", ""document:2d9ba8a423c020c7"", ""document:2f7fc0d49bc3067e"", ""document:33c144f4fddf5ce2"", ""document:3862b04ac47a9499"", ""document:3e9e6b1ffea291c9"", ""document:44c4021cbbe6e903"", ""document:5f92ddfec80138dc"", ""document:68614b2978193127"", ""document:6a3bd411d529c73f"", ""document:6fe0f75e90293675"", ""document:7970eec1b28a0159"", ""document:87e0c61422f91bc3"", ""document:88e619c887cf446f"", ""document:916fc402dc905104"", ""document:947efb39a112e100"", ""document:94ff851f6072b1e8"", ""document:acdcdf0f4f05ee0c"", ""document:bf52768a2f9667cf"", ""document:c04b893f1c2a267b"", ""document:dd6d958dffe7c372"", ""document:de3eb714c3f4ad8b"", ""document:dea68165091459a7"", ""document:f4318d00b223c30b"", ""document:f85bd881bc90ac4e""]}",0.25093045263593705,0.8942868005199132,0.6,not_applicable,0.6666666666333333,0.25,0.0,0.47058823529411764,not_applicable
hw-v1-joint-overvoltage,success,3.3V 电源有没有过压保护，是如何实现的？,HSI 2.3.12 节声明存在 3V3 过压保护电路；EDF 只能用于说明观察到的二极管或 TVS 连接拓扑，不能在没有数据手册证据时断言具体阈值或保护能力。,"**结论：3.3V电源（VCC3V3_MCU）有外部过压保护电路。**

**1. 是否存在过压保护？**
- **是**。设计文档中明确包含一个名为“overvoltage protect”（模块编号F18）的模块，其功能定义为“用于MCU电源VCC3V3_MCU的外部过压保护”[2]。

**2. 如何实现？**
该过压保护电路通过以下方式实现：
- **触发阈值**：当VCC3V3电压超过 **4.03V** 时，保护电路被触发[7]。
- **动作机制**：电路通过一个NMOS和PMOS组成的开关路径控制VCC3V3的输出。当VCC3V3 > 4.03V时，保护电路会使NMOS和PMOS关闭，从而切断VCC3V3_SW（即受保护的后级负载的供电），实现过压保护[7]。
- **正常导通**：当VCC3V3电压介于NMOS的VGS阈值与4.03V之间时，NMOS和PMOS导通，VCC3V3直通至后级[7]。

**缺失信息：**
- **具体器件型号**：该保护电路使用的具体器件（如NMOS、PMOS、电压检测芯片的型号）在提供的证据中未明确列出。
- **电路原理图连接**：提供的电路设计数据（.EDF文件）仅显示了VCC3V3_MCU网络连接的元件列表[14]及各模块间的GND、I2C等网络连接[15][16][17][18][19][20]，但未包含该过压保护模块（F18）内部的详细原理图连接关系，因此无法确认该电路在原理图中的具体实现细节。","**结论：3.3V电源（VCC3V3_MCU）有外部过压保护电路。**

**1. 是否存在过压保护？**
- **是**。设计文档中明确包含一个名为“overvoltage protect”（模块编号F18）的模块，其功能定义为“用于MCU电源VCC3V3_MCU的外部过压保护”[2]。

**2. 如何实现？**
该过压保护电路通过以下方式实现：
- **触发阈值**：当VCC3V3电压超过 **4.03V** 时，保护电路被触发[7]。
- **动作机制**：电路通过一个NMOS和PMOS组成的开关路径控制VCC3V3的输出。当VCC3V3 > 4.03V时，保护电路会使NMOS和PMOS关闭，从而切断VCC3V3_SW（即受保护的后级负载的供电），实现过压保护[7]。
- **正常导通**：当VCC3V3电压介于NMOS的VGS阈值与4.03V之间时，NMOS和PMOS导通，VCC3V3直通至后级[7]。

**缺失信息：**
- **具体器件型号**：该保护电路使用的具体器件（如NMOS、PMOS、电压检测芯片的型号）在提供的证据中未明确列出。
- **电路原理图连接**：提供的电路设计数据（.EDF文件）仅显示了VCC3V3_MCU网络连接的元件列表[14]及各模块间的GND、I2C等网络连接[15][16][17][18][19][20]，但未包含该过压保护模块（F18）内部的详细原理图连接关系，因此无法确认该电路在原理图中的具体实现细节。","[""Net VCC3V3_MCU connects C1109.&1, C1204.&1, C1221.&1, C1303.&1, C1308.&1, C509.&2, C835.&2, C906.&1, C909.&1, C910.&1, C911.&1, C913.&1, C914.&1, C915.&1, C929.&1, DP907.&1, L1703.&2, L901.&1, L902.&1, L903.&2, R1007.&2, R1009.&2, R1115.&2, R1205.&2, R1218.&2, R1229.&2, R1235.&2, R1240.&2, R1241.&2, R1300.&2, R1301.&2, R1309.&2, R1310.&2, R1322.&2, R1328.&2, R1703.&1, R805.&2, R900.&1, R903.&2, R904.&2, R906.&2, R909.&2, R913.&2, R915.&2, R919.&2, R920.&1, R921.&1, U1200.VI/O, U1203.VI/O, U1204.VI/O, U1205.VI/O, U1302.VI/O, U1303.VI/O, U1304.VI/O, U1305.VI/O, U503.VCCB, U900C.VEVRSB, U900C.VEXT, U900C.VEXT, U900C.VEXT, U900C.VEXT, U900C.VEXT, U900C.VFLEX, Y1100.std-by, Y1100.VCC."", ""Module Group 15 · Power/PMIC connects to Group 17 · Power/PMIC through net GND."", ""Module Group 15 · Power/PMIC connects to Group 18 · Power/PMIC through net GND."", ""Module Group 15 · Power/PMIC connects to Group 6 · Power/PMIC through net GND."", ""Module Group 17 · Power/PMIC connects to Group 18 · Power/PMIC through net GND."", ""Module Group 17 · Power/PMIC connects to Group 18 · Power/PMIC through net MCU_SCL_P15.4."", ""Module Group 17 · Power/PMIC connects to Group 18 · Power/PMIC through net MCU_SDA_P15.5."", ""Module Group 17 · Power/PMIC connects to Group 6 · Power/PMIC through net GND."", ""Module Group 18 · Power/PMIC connects to Group 6 · Power/PMIC through net &0V75_MIPI_DDR."", ""<table><tr><td>HM ID</td><td>F02/F03/F04/F28</td></tr><tr><td>模块功能 \nModule Function</td><td>EYEQ6-L最小系统组成：外部30MHz晶体给EYEQ6-L提供基本时钟输入，外部20MHz有源晶振提供监控时钟，外扩OSPI接口的2Gb NAND FLASH存储程序，外扩1GB的LPDDR4运存。NXB0104是用于MCU的3V3_SPI和NAND FLASH的1V8_SPI进行电平转换，用于MCU读写NAND FLASH。\nEYEQ6-L minimum system components: an external 30MHz crystal provides the basic clock input for EYEQ6-L, an external 20MHz active crystal provides the monitoring clock, an external 2GbNAND FLASH memory program for OSPI interface, and an external 1GB LPDDR4 operation memory. NXB0104 is used for level conversion of 3V3_SPI of MCU and 1V8-SPI of NAND FLASH for MCU to read and write NAND FLASH.</td></tr><tr><td>模块框图\nModule diagram</td><td></td></tr><tr><td>模块方案\nModule solution</td><td>\n1、处理器\n根据ADAS产品需求图像处理SOC功能安全需要达到ASIL-B，经综合评估选择Mobileye产品EYEQ6-L，最高功能安全可达到ASIL-B，接口资源丰富。\n1.Processor\nAccording to the requirements of ADAS products, the functional safety of image processing SOC needs to reach ASIL-B. After comprehensive evaluation, Mobileye product EYEQ6-L is selected, and the highest functional safety can reach ASIL-B with abundant interface resources. +\n2、时钟\n硬件选型30MHz晶振给EYEQ6-L提供时钟输入，由其内部PLL等电路完成倍频、分频，供其内核和各模块使用。外部20MHz有源晶振作为内部监控时钟。\n2.Clock\nThe 30MHz crystal provides clock input to the EYEQ6-L, and its internal PLL circuit completes frequency multiplication and frequency division for the EyeQ6-L core and each module. The external 20MHz active crystal is energized as an internal monitoring clock.\n3、DDR\nEYEQ6在外扩的DDR中运行程序和存储临时数据，其DDR控制器可支持32bits位宽的LPDDR4 SDRAM，最大读写速率4266 Mb/s/pin 。本设计中选用1片32bit的LPDDR4 SDRAM，型号为车规级器件K4F8E3S4HD-GHCL02V，以充分利用数据带宽，保证EYEQ6的处理速度，LPDDR4工作环境温度为-40℃~105℃，单片总容量1GB。\n3.DDR\nEYEQ6 runs programs and stores temporary data in the extended DDR. Its DDR controller supports LPDDR4 SDRAM with 32bits wide and a maximum read/write rate of 4266Mb/s/pin. In this design, a 32bit LPDDR4 SDRAM is selected, the model is car grade device K4F8E3S4HD-GHCLO2V, in order to make full use of the data bandwidth and ensure the processing speed of EYEQ6. The working environment temperature of LPDDR4 is -40℃-105℃, and the total capacity of a single chip is 1GB.\n\n\n4、NAND FLASH\n选择ME推荐的WinBond公司产品W35N02JWTBKF，容量2Gb，FLASH支持CRC安全机制。\nNXB0104是用于MCU的3V3_ SPI和NAND FLASH的1V8_ SPI进行电平转换，通过MCU_SPI1_CS片选电平转换芯片，实现MCU对NAND FLASH的读写操作，转换芯片在本应用场景下支持最大传输速率80Mbps。\nNAND FLASH\nChoose the WinBond company product W35N02JWTBKF recommended by ME, with a capacity of 2Gb and FLASH supporting CRC security mechanism. \nNXB0104 is used for the level conversion of 3V3_SPI of MCU and 1V8_SPI of NAND FLASH. The level conversion chip is selected by MCU_SPI1_CS chip to realize the reading and writing operation of MCU to NAND FLASH. The converter chip supports a maximum transmission rate of 80Mbps in this application scenario. \n5、电源和复位\nEYEQ6-L需要6路电源：VCC3V3_EQ、VCC0V75、0V75_MIPI_DDR、VCC1V8、VCC1V1、VCC1V8_EQ，其中VCC0V75用于给内核供电。复位信号由MCU通过P02.4口进行控制。\nPower and reset\nEYEQ6-L requires six power sources: VCC3V3-EQ, VCCOV75, OV75_MIPI_DDR, VCC1V8, VCC1V1, VCC1V8_EQ, where VCCOV75 is used to power the core. The reset signal is controlled by the MCU through the P02.4 pin.</td></tr></table>"", ""<table><tr><td>模块序号\nModule number</td><td>模块名称\nModule name</td><td>功能定义\nFunction definition.</td><td>功能安全需求\nFunctional safety requirements</td></tr><tr><td>F01</td><td>MCU</td><td>SAK-TC377TP-96F300S AA</td><td>B(B)</td></tr><tr><td>F02</td><td>EYEQ6-L</td><td>EYEQ6-L，用于sensor的视频处理</td><td>B</td></tr><tr><td>F03</td><td>EYEQ6_LPDDR4</td><td>EQ6的1GB LPDDR4</td><td>B</td></tr><tr><td>F04</td><td>EYEQ6_NAND FLASH</td><td>EQ6的2Gb NAND FLASH</td><td>B</td></tr><tr><td>F05</td><td>CAM SENSOR</td><td>Sony 728摄像头模组</td><td>B</td></tr><tr><td>F06</td><td>KL30 sample</td><td>KL30电压采样</td><td>QM</td></tr><tr><td>F07</td><td>KL15 sample</td><td>KL15电压采样</td><td>QM</td></tr><tr><td>F08</td><td>EQ system power sample1</td><td>EQ6L系统供电电源电压ADC采样滤波、分压电路</td><td>B(B)</td></tr><tr><td>F09</td><td>ETH and CAN power sample2</td><td>CAN和ETH电源电压ADC采样滤波、分压电路</td><td>QM</td></tr><tr><td>F10</td><td>NTC temp sensor</td><td>NTC温度传感器，监控EQ6L/LPDDR4周边环境温度。</td><td>B</td></tr><tr><td>F11</td><td>KL30 EMI</td><td>KL30供电口EMI滤波电路.</td><td>B</td></tr><tr><td>F12</td><td>POWER</td><td>LN10046，KL30电源转VCC3V3电源</td><td>B</td></tr><tr><td>F13</td><td>POWER</td><td>LP87702，VCC3V3电压输入，VCC1V1、VCC1V8、VCC50电压输出</td><td>QM(B)</td></tr><tr><td>F14</td><td>POWER</td><td>TPS62872，VCC3V3电压输入，VCC0V75电压输出</td><td>QM(B)</td></tr><tr><td>F15</td><td>POWER</td><td>SA23002，VCC3V3输入，VCC0V75电压输出</td><td>QM(B)</td></tr><tr><td>F16</td><td>POWER</td><td>TPS22918负载开关，VCC3V3电压输入，VCC3V3_EQ输出</td><td>QM(B)</td></tr><tr><td>F17</td><td>POWER</td><td>TPS22918负载开关，VCC3V3输入，VCC3V3_ETH输出</td><td>QM</td></tr><tr><td>F18</td><td>overvoltage protect</td><td>用于MCU电源VCC3V3_MCU的外部过压保护</td><td>B</td></tr><tr><td>F19</td><td>POWER</td><td>TPS22918 负载开关，VCC1V8电压输入，VCC1V8_EQ电压输出</td><td>QM(B)</td></tr><tr><td>F20</td><td>CAN3</td><td>基于TCAN1145的CAN通讯，硬件支持特定报文唤醒</td><td>QM</td></tr><tr><td>F21</td><td>CAN2</td><td>基于TCAN1044A的CAN通讯.</td><td>QM</td></tr><tr><td>F22</td><td>CAN1</td><td>基于TCAN1044A的CAN通讯</td><td>QM</td></tr><tr><td>F23</td><td>CAN0</td><td>基于TCAN1044A的CAN通讯.</td><td>QM</td></tr><tr><td>F24</td><td>ETH</td><td>基于DP83TC812R的100BASE-T1通讯</td><td>QM</td></tr><tr><td>F25</td><td>Wake up</td><td>唤醒源和一级电源使能电路设计</td><td>QM</td></tr><tr><td>F26</td><td>watchdog</td><td>LP87702的看门狗功能，用于监控MCU运行状态</td><td>B</td></tr><tr><td>F27</td><td>POWER</td><td>VCC3V3_MCU转VCC1V25_MCU电压，由MCU的EVRC进行控制。</td><td>B</td></tr><tr><td>F28</td><td>level translation</td><td>3V3和1V8双向电压转换芯片</td><td>QM</td></tr></table>"", ""<table><tr><td>HM ID</td><td>F13</td></tr><tr><td>运行模式\nOperation Mode</td><td>SHUTDOWN、READ OTP、STANDBY、ACTIVE</td></tr><tr><td>模式定义\nDefinition of Operation mode</td><td>SHUTDOWN\nNRST电压低于阈值。LP87702-Q1器件停止工作。\nREAD OTP\n电源电压VANA高于VANAUVLO电平，并且NRST电压高于阈值电平。电压转换器被禁用，LP87702-Q1的参考电平和偏置电路被启用。OTP配置被加载到寄存器。\nSTANDBY\n电源电压VANA高于VANAUVLO水平，NRST电压高于阈值水平。电压转换器被禁用，LP87702-Q1的参考电平、控制和偏压电路被启用。所有的寄存器都可以被主机处理器通过系统串口读写。电压转换器可以根据需要进行使能输出。\nACTIVE\n电源电压VANA高于VANAUVLO水平，NRST电压高于阈值水平。稳压DC/DC变换器处于使能状态。所有的寄存器都可以被MCU通过系统串口读写。\nSHUTDOWN\nAfter the enable signal MCU_OV75_MIPI_DDR_EN=L, the secondary power stops the 0V75_MIPI_DDR power supply. \nREADY OTP\nThe supply voltage VANA is above the VANAUVLO level, and the NRST voltage is above the threshold level. The voltage converter is disabled and the reference level and bias circuits of the LP87702-Q1 are enabled. The OTP configuration is loaded into the register.\nSTANDBY\nThe supply voltage VANA is above the VANAUVLO level and the NRST voltage is above the threshold level. The voltage converter is disabled and the reference level, control, and bias circuits of the LP87702-Q1 are enabled. All registers can be read and written by the host processor through the system serial port. The voltage converter can perform enabling output as needed.\nACTIVE\nThe supply voltage VANA is above the VANAUVLO level and the NRST voltage is above the threshold level. The regulated DC/DC converter is in the enabled state. All the registers can be read and written by the MCU through the system serial port. </td></tr><tr><td>模式切换接口\nMode switching interface</td><td></td></tr><tr><td>模式状态机\nMode state machine</td><td></td></tr><tr><td>模式切换条件\nMode switching condition</td><td>参考：\n产品系统需求规格说明\n产品系统方案设计说明书\nReference: \nProduct system requirement specification \nProduct system scheme design specification.</td></tr><tr><td>备注\nNote</td><td>1、VANAUVLO阈值电压\n\n2、NRST阈值电压\n</td></tr><tr><td>备注\nNote</td><td></td></tr></table>"", ""<table><tr><td>HM ID</td><td>F01</td></tr><tr><td>模块功能 \nModule Function</td><td>32位MCU芯片TC377最小系统模块有SAK-TC377TP-96F300S AA主控芯片和晶体、硬件配置组成，实现SAK-TC377TP-96F300S AA最小硬件系统工作单元，功能安全等级最高可达到ASIL-D，满足应用要求。\n32-bit MCU chip TC377 minimum system module has SAK-TC377TP-96F300S AA main control chip and crystal, hardware configuration, to achieve SAK-TC377TP-96F300S AA minimum hardware system work unit, functional safety level up to ASIL-D, meet the application requirements. </td></tr><tr><td>模块框图\nModule diagram</td><td></td></tr><tr><td>模块方案\nModule solution</td><td>处理器\n根据ADAS产品需求，综合评估选型为32位MCU芯片SAK-TC377TP-96F300S AA， MCU接口资源丰富，功能安全等级最高可达到ASIL-D，满足应用要求。\nProcessor \nAccording to ADAS product requirements, 32-bit MCU chip SAK-TC377TP-96F300S AA is selected through comprehensive evaluation, which has rich MCU interface resources and the highest functional safety level can reach ASIL-D to meet application requirements\n时钟设计\n硬件选型20MHz晶振给MCU提供时钟输入，由其内部PLL等电路完成倍频、分频，供其内核和各模块使用。\nClock design\nHardware selection of clock design 20MHz crystal oscillator provides clock input to MCU, and its internal PLL and other circuits complete frequency doubling and frequency division for its kernel and each module.\n复位及watchdog\n系统复位及看门狗芯片采用LP87702内部看门狗，喂狗方式为窗口喂狗，当喂狗窗口无有效喂狗次数超过OTP配置时，将触发整个系统复位。\na)\t上电时，看门狗芯片对MCU启动过程进行监控，同时对MCU的电源VCC3V3电压进行低压监控，异常时主动复位MCU。\nb)\t运行过程中由看门狗监控MCU运行状态，当MCU程序跑飞时看门狗超时触发复位信号主动复位MCU。\nReset and watchdog\nThe system reset and watchdog chip adopts LP87702 internal watchdog, and the feeding method is window feeding. When the number of effective dog feeding in the feeding window exceeds the OTP configuration, the whole system reset will be triggered. \n When powering on, the watchdog chip monitors the start-up process of MCU, and at the same time, it monitors the low voltage voltage of MCU's power supply VCC3V3, and actively resets MCU when abnormal. \n MCU running status is monitored by watchdog during operation. When MCU program runs, watchdog timeout triggers reset signal and actively reset MCU.\n电源需求\nMCU需要1路VCC3V3_MCU（精度：3.3V±10%）和1路VCC1V25_MCU（精度：1.2-1.35V）供电。\n4. Power demand\nThe MCU needs 1 channel VCC3V3_MCU (accuracy: 3.3V±10%) and 1 channel VCC1V25_MCU (accuracy: 1.2-1.35V) power supply.</td></tr></table>"", ""<table><tr><td>HM ID</td><td>F11/F12/F13/F14/F15/F16/F17/F18/F19/F25/F27</td></tr><tr><td>模块功能 \nModule Function</td><td>系统使用车载电池12V电压供电，经过EMI电路后输入至电源转换芯片，转换输出系统各模块所需电源。\nThe system uses 12V voltage power supply from the vehicle battery, which is input to the power conversion chip through the EMI circuit. Then the power conversion chip convert and output the power required by each module of the system.</td></tr><tr><td>模块框图\nModule diagram</td><td></td></tr><tr><td>模块方案\nModule solution</td><td>KL30 EMI (ASIL-B)\nKL30供电口处增加EMI电路，用于供电保护和滤波。硬件电路设计在UBD网络增加两个串联ESD电容，PCB布局靠近主连接器引脚处，用于吸收外部ESD信号，后端增加双向TVS管用于瞬态过压保护\nThe EMI circuit is added at the KL30 power supply port for power supply protection and filtering. The hardware circuit design adds two series ESD capacitors in the UBD network, the PCB layout is close to the main connector pin for absorbing external ESD signals, and the two-way TVS tube is added at the back end for transient overvoltage protection.\nKL30 to VCC3V3 (ASILB)\nKL30转VCC3V3是系统一级DC-DC，给MCU提供VCC3V3_MCU电源，所以系统要求其满足ASILB，确保MCU功能安全。\nKL30 to VCC3V3 is a system primary DC-DC chip, because the MCU needs VCC3V3_MCU power supply, so the system requires it to meet the ASILB to ensure the functional safety of the MCU.\nVCC3V3_MCU to VCC1V25_MCU(ASILB)\n3V3转1V25_MCU是使用MCU内置控制器进行控制的BUCK电源，用于MCU的核供电，功能安全需求达到ASILB，确保MCU功能安全。\n3V3 to 1V25_MCU is a BUCK power supply controlled by MCU built-in controller, which is used for MCU nuclear power supply. Functional safety requirements meet ASILB to ensure the functional safety of MCU.\nVCC3V3 to VCC0V75(QM(B))\nVCC3V3转VCC0V75应用于EQ6的内核供电，要求输出电流能力大，现选型TI的电源方案TPS62872。用MCU的P22.0引脚使能芯片，用MCU_SDA_P15.5，MCU_SCL_P15.4引脚I2C通信来设置输出电压和通信。\nVCC3V3 to VCC0V75 is applied to the core power supply of EQ6, which requires large output current capacity. The power supply scheme TPS62872 of TI is selected. P22.0 pin of MCU is used to enable the chip, and MCU_SDA_P15.5, MCU_SCL_P15.4 pin I2C communication is used to set the output voltage and communication. \nVCC3V3 to 0V75_MIPI_DDR(QM(B))\nVCC3V3转0V75_MIPI_DDR用于EQ6的IO口供电，现使用矽力杰的SA23002进行设计。用MCU的P22.1引脚使能该芯片。\nVCC3V3 to 0V75_MIPI_DDR for EQ6 IO port power supply, Silergy’s SA23002 is designed. The P22.1 pin of the MCU is used to enable the chip.\nVCC3V3转VCC1V8、VCC1V1、VCC50(QM(B))\nVCC1V8用于EQ6、CAM、DDR、FLASH供电，VCC1V1用于EQ6、DDR供电，VCC50用于CAN收发器供电，现选择LP87702 PMIC方案。用MCU的P15.3引脚使能该芯片的5V输出，用MCU_SCL_P15.4，MCU_SDA_P15.5 I2C通信来设置1.8V和1.1V输出电压和使能。\nVCC1V8 is used for EQ6, CAM, DDR, FLASH power supply, VCC1V1 is used for EQ6, DDR power supply, VCC50 is used for CAN transceiver  power supply, LP87702 PMIC scheme is selected. P15.3 pin of MCU is used to enable 5V output of the chip, and MCU_SCL_P15.4, MCU_SDA_P15.5 I2C communication is used to set 1.8V and 1.1V output voltage and enable it. \nVCC3V3 to VCC3V3_EQ(QM(B))\nVCC3V3转VCC3V3_EQ用于EQ6的IO和摄像头供电，现使用负载开关进行设计。用MCU的P20.3引脚使能该芯片。\nVCC3V3 to VCC3V3_EQ for EQ6’s IO and camera power supply, now using the load switch is designed. .The P20.3 pin of the MCU is used to enable the chip.\n\tVCC3V3 to VCC3V3_ETH(QM)\n3V3转3V3_ETH用于ETH供电，现选择负载开关方案。用MCU的P21.0引脚使能该芯片。\n3V3 to 3V3_ETH for ETH power supply, the load switch scheme is selected. . The P21.0 pin of the MCU is used to enable the chip.\n\tVCC1V8 to VCC1V8_EQ(QM(B))\nVCC1V8转VCC1V8_EQ用于EQ供电，现选择负载开关方案。用MCU的P20.0引脚使能该芯片。\nVCC1V8 to VCC1V8_EQ for EQ power supply, the load switch scheme is selected. . The P20.0 pin of the MCU is used to enable the chip.</td></tr><tr><td colspan='2'></td></tr></table>"", ""<table><tr><td>HM ID</td><td>F11</td></tr><tr><td>模块功能 \nModule Function</td><td>KL30供电口处增加EMI电路，用于供电防反、保护和滤波。\nAn EMI circuit is added at the KL30 power supply port for power supply anti-reaction, protection and filtering.</td></tr><tr><td>模块框图\nModule diagram</td><td></td></tr><tr><td>模块方案\nModule solution</td><td>硬件电路设计在UBD网络增加两个串联ESD电容，PCB布局靠近主连接器引脚处，用于吸收外部ESD信号，后端增加双向TVS管用于瞬态过压保护，UBD供电口增加肖特基二极管，用于防反接保护，后级增加Π型滤波电路。\nThe hardware circuit design adds two series ESD capacitors to the UBD network, the PCB layout is near the main connector pin for absorbing external ESD signals, the bidirectional TVS tube is added to the back end for transient overvoltage protection, the Schottky diode is added to the UBD power supply port for anti-reverse connection protection, and the type 1 filter circuit is added to the rear stage.\n</td></tr></table>"", ""<table><tr><td>HM ID</td><td>F18</td></tr><tr><td>模块功能 \nModule Function</td><td>AOU要求MCU需要硬件外部增加过压保护电路对3V3_MCU进行电压监控。\nAOU requires MCU to increase the overvoltage protection circuit outside the hardware to monitor the voltage of 3V3_MCU. </td></tr><tr><td>模块框图\nModule diagram</td><td>\n\n</td></tr><tr><td>模块方案\nModule solution</td><td>1.当VCC3V3 <4.03V时，cathode引脚为高阻态, 当VCC3V3 <VGS门限（Q1701）时，NMOS关闭，PMOS关闭，VCC3V3_SW无电。\n2、当4.03V＞VCC3V3 > VGS门限（Q1701）时，NMOS打开，PMOS打开，VCC3V3_SW和VCC3V3直通。\n3、当VCC3V3＞4.03V时，cathode引脚输出逻辑低（最高1V），NMOS关闭，PMOS关闭，VCC3V3_SW无电，对后级负载起到过压保护作用。\n1. When VCC3V3 <4.03V, the cathode pin is in the high resistance state. When VCC3V3 <VGs threshold (Q1701), NMOS is off, PMOS is off, and VCC3V3_SW has no electricity.\n2.When 4.03V>VCC3V3>VGS threshold (Q1701), NMOS opens, PMOS opens, and VCC3V3_sw and VCC3V3 pass through.\n3.When VCC3V3>4.03V, the cathode pin output logic is low (up to 1V), NMOS is off, PMOS is off, and VCC3V3_Sw has no power, which plays an overvoltage protection role on the load of the later stage.\n</td></tr></table>"", ""注：使用本模板时请先阅读填写说明页，形成工作产品时本页不可删除变更历史Change History目  录Table of Contents1\t概述 Introduction\t81.1 目的 Purpose\t81.2 适用范围 Range of Application\t81.3 读者对象 TReader\t81.4 术语及缩写解释 Terms and Abbreviations\t81.5 参考文档 Reference Document\t82\t硬件架构 Hardware Architecture\t92.1 系统概述 System overview\t92.2 硬件框图 Hardware block diagram\t102.3 模块电路 Module circuit\t122.3.1 KL30电源管理电路 KL30 supply management circuit\t122.3.2 唤醒电路 Wake Up circuit\t132.3.3 电源电路 power circuit\t152.3.4 TC377最小系统 TC377 minimum system\t232.3.5 EQ6最小系统 EQ6 minimum system\t252.3.6 摄像头最小系统 camera minimum system\t282.3.7 看门狗电路 Watchdog circuit\t302.3.8 温度采样电路 Temp Sample circuit\t302.3.9 系统内电源电压采样电源 The power System Voltage Sampling circuit\t312.3.10 ETH电路 ETH circuit\t332.3.11 CAN/CAN FD电路 CAN/CAN FD circuit\t342.3.12 3V3过压保护电路 3V3 overvoltage protection circuit\t353\t硬件运行模式 Hardware Operation Mode\t363.1 硬件运行模式 Hardware Operation Mode\t363.2 运行模式定义 Definition of Operation Mode\t373.3 运行模式转换条件 Transition Condition of Operation Mode\t393.3.1 KL30电源管理电路 KL30 supply management circuit\t393.3.2 唤醒电路 Wake Up circuit\t413.3.3 电源电路 Power Circuit\t423.3.4 TC377最小系统 TC377 minimum system\t53"", ""唤醒电路 Wake Up circuit电源电路 power circuitKL30 EMI电路 KL30 EMI circuitKL30 转VCC3V3 KL30 to VCC3V3VCC3V3_MCU转VCC1V25_MCU  VCC3V3_MCU to VCC1V25_MCUVCC3V3转VCC0V75  VCC3V3 to VCC0V75VCC3V3转0V75_MIPI_DDR  VCC3V3 to 0V75_MIPI_DDRVCC3V3转VCC1V8、VCC1V1、VCC50   VCC3V3 to VCC1V8、VCC1V1、VCC50VCC3V3转VCC3V3_EQ  VCC3V3 to VCC3V3_EQVCC3V3转VCC3V3_ETH  VCC3V3 to VCC3V3_ETHVCC1V8转VCC1V8_EQ  VCC1V8 to VCC1V8_EQTC377最小系统 TC377 minimum systemEQ6最小系统 EQ6 minimum system摄像头最小系统 camera minimum system看门狗电路 Watchdog circuit温度采样电路 Temp Sample circuit系统内电源电压采样电源 The power System Voltage Sampling circuitETH电路 ETH circuitCAN/CAN FD电路 CAN/CAN FD circuit3V3过压保护电路 3V3 overvoltage protection circuit硬件运行模式 Hardware Operation Mode主要用于描述当前ADAS硬件不同的运行模式（例如上电模式，下电模式，Sleep模式，运行模式等）。描述各个运行模式下的硬件模块功能，以及模式之间的切换条件。Describe the different operating mode of ADAS Hardware (e.g. power on mode, power off mode, Sleep mode，normal mode). Define the HW component functions in each operating mode, describe the transition condition between different modes.硬件运行模式 Hardware Operation Mode系统功能矩阵描述系统不同模式下各功能模块运行状态。The system function matrix describes the operation status of each function module in different modes of the system."", ""<table><tr><td>HM ID</td><td>F12</td></tr><tr><td>模块功能 \nModule Function</td><td>KL30转VCC3V3是系统一级DC-DC，基于LN10046设计，给系统提供电源。\nThe KL30 to VCC3V3 is a first-level DC-DC based on the LN10046 design and provides power to the system.</td></tr><tr><td>模块框图\nModule diagram</td><td></td></tr><tr><td>模块方案\nModule solution</td><td>采用LN10046电源DCDC芯片，将12V系统电源转换为3.3V，提供给系统供电使用。\nThe LN10046 power supply DCDC chip is used to convert the 12V system power supply to 3.3V and provide power supply to the system for use.\n</td></tr></table>"", ""\nNone：MCU采样摄像头的1V8电源电压，精度要求：1.7~1.9V; MCU Component ：F01/ MCU; None：B; None：U6; None：AN14; None：AN14/EVADC_G1CH6/EDSADC_EDS3PB; None：ADC，分辨率10bit; None：VCC1V8_CAM_ACQ; None：/; None：I; None：索尼摄像头模组电源1.8V电压采样。\nU1V8_CAM_ACQ=3.3*ADC值/1024\n精度：1.7~1.9V\n硬件滤波截止频率：≥121.7Hz\n硬件滤波时间：≤1.5ms; None：HI-Z; None：—; SW Variable Name or SW Function Name：— ——Port1\nNone：Config; MCU Component ：F01/ MCU; None：QM; None：H19; None：P20.2; None：P20.2/TESTMODE; None：TESTMODE; None：—; None：/; None：I; None：TESTMODE：\n高：正常工作模式\n低：英飞凌内部测试模式; None：HI-Z，硬件外部上拉; None：—; SW Variable Name or SW Function Name：— ——Port1\nNone：Config; MCU Component ：F01/ MCU; None：B; None：A14; None：P14.5; None：P14.5/GTM_TIM1_IN0_4/GTM_TIM0_IN0_4/PMS_HWCFG1IN/GTM_DTMA2_0/GTM_TOUT85/ERAY0_TXD; None：PMS_HWCFG1IN; None：—; None：/; None：I; None：EVR33控制内部3.3V电压转换:\n高：内部使用5V转换为3.3V电压\n低：禁止5V转换为3.3V电压; None：HI-Z，硬件外部下拉; None：—; SW Variable Name or SW Function Name：— ——Port1"", ""\nNone：MCU采样EQ6l系统的VCC0V75_MIPI_DDR电源电压\n精度要求：0V75±5%; MCU Component ：F01/ MCU; None：B; None：W4; None：AN18; None：AN18/P40.11/SENT_SENT11A/EVADC_G11CH8/EVADC_G2CH2; None：ADC，分辨率10bit; None：0V75_MIPI_DDR_ACQ; None：/; None：I; None：0V75_MIPI_DDR电压采样\nU0V75_MIPI_DDR_ACQ=3.3*ADC值/1024\n硬件滤波截止频率：≥121.7Hz\n硬件滤波时间：≤1.6ms\n精度要求：0.75V±5%; None：HI-Z; None：—; SW Variable Name or SW Function Name：— ——Port1\nNone：MCU采样摄像头系统的3.3V电源电压，精度要求：3V3±5%; MCU Component ：F01/ MCU; None：B; None：T7; None：AN12; None：AN12/EVADC_G1CH4/EDSADC_EDS0PB; None：ADC，分辨率10bit; None：VCC3V3_CAM_ACQ; None：/; None：I; None：索尼摄像头模组电源3.3V电压采样。\nCAM 3V3电压采样\nU3V3_CAM_ACQ=3.3*ADC值/1024\nU3V3_CAM=U3V3_CAM_ACQ/分压比，分压比=1/2\n精度要求：3.3V±5%; None：HI-Z; None：—; SW Variable Name or SW Function Name：— ——Port1\nNone：MCU采样摄像头的1V1电源电压，精度要求：1~1.2V; MCU Component ：F01/ MCU; None：B; None：W6; None：AN13; None：AN13/EVADC_G1CH5/EDSADC_EDS0NB; None：ADC，分辨率10bit; None：VCC1V1_CAM_ACQ; None：/; None：I; None：索尼摄像头模组电源1.1V电压采样。\nU1V1_ACQ=3.3*ADC值/1024\n精度：1~1.2V\n硬件滤波截止频率：≥121.7Hz\n硬件滤波时间：≤1.6ms; None：HI-Z; None：—; SW Variable Name or SW Function Name：— ——Port1"", ""Figure 10-1. Typical ApplicationSchematic\n110 nH±20%\n0.75V\nV\nVIN\nSW\n3.3V\nVIN\nMODE/SYNC\n20 kQ\nC\nC\nVoO\nLoad\nVOSNS\nEN\nGOSNS\nSDA\nSCL\n>Rz\nVSEL\nFSEL\n3.3V\nCc\n6.2 kQ\n[cc\nM10 kQ\nCOMP\n1kQ\nOPG\nPG\nSYNC_OUT\nGND\n10pF\nGND\n""]","{""original_context_count"": 22, ""original_context_characters"": 21493, ""scored_context_count"": 8, ""scored_context_characters"": 4317, ""contexts_truncated"": true, ""context_selection"": ""claim_coverage"", ""selected_evidence_ids"": [""document:aac59875b92ed6b0""], ""selected_claim_ids"": [""sq_1:claim_1"", ""sq_2:claim_1""], ""excluded_evidence_ids"": [""circuit:21:module_connection:Group 15 · Power/PMIC:Group 17 · Power/PMIC:GND"", ""circuit:21:module_connection:Group 15 · Power/PMIC:Group 18 · Power/PMIC:GND"", ""circuit:21:module_connection:Group 15 · Power/PMIC:Group 6 · Power/PMIC:GND"", ""circuit:21:module_connection:Group 17 · Power/PMIC:Group 18 · Power/PMIC:GND"", ""circuit:21:module_connection:Group 17 · Power/PMIC:Group 18 · Power/PMIC:MCU_SCL_P15.4"", ""circuit:21:module_connection:Group 17 · Power/PMIC:Group 18 · Power/PMIC:MCU_SDA_P15.5"", ""circuit:21:module_connection:Group 17 · Power/PMIC:Group 6 · Power/PMIC:GND"", ""circuit:21:module_connection:Group 18 · Power/PMIC:Group 6 · Power/PMIC:&0V75_MIPI_DDR"", ""circuit:21:net:VCC3V3_MCU"", ""document:3862b04ac47a9499"", ""document:5fe56e0953406ff6"", ""document:6620a6e887eb13f5"", ""document:87e0c61422f91bc3"", ""document:91f27d32c7bf7787"", ""document:a075d2642b8e135f"", ""document:a266ee5764d45ab0"", ""document:a4da2fc271443e28"", ""document:b257f3b0795806a8"", ""document:b6943ae371d76077"", ""document:e6627ad70c8cab97"", ""document:ea7b2234534382bf""]}",0.21983965708599973,0.4842224723230505,0.0,not_applicable,0.0,0.0,0.5,0.23529411764705882,not_applicable
hw-v1-circuit-tps22918-enumeration,success,板上用 TPS22918 做了哪些电源开关？逐个给出输入、输出和使能。,U1500：VCC3V3 到 VCC3V3_ETH，使能 MCU_3V3_ETH_EN；U1802：VCC3V3 到 VCC3V3_EQ，使能 MCU_3V3_EQ_EN；U1803：VCC1V8 到 VCC1V8_EQ，使能 MCU_1V8_EQ_EN。,"板上使用 TPS22918 共做了三个电源开关，分别以 U1500、U1802、U1803 为实例。每个开关的输入 (VIN)、输出 (VOUT) 和使能 (ON) 引脚连接如下：

| 实例 | 输入 (VIN) | 输出 (VOUT) | 使能 (ON) |
|------|------------|-------------|-----------|
| U1500 | VCC3V3 | VCC3V3_ETH | MCU_3V3_ETH_EN |
| U1802 | VCC3V3 | VCC3V3_EQ | MCU_3V3_EQ_EN |
| U1803 | VCC1V8 | VCC1V8_EQ | MCU_1V8_EQ_EN |

**支撑证据**  
- U1500 的引脚映射：VIN → VCC3V3，VOUT → VCC3V3_ETH，ON → MCU_3V3_ETH_EN（证据 [2]）。  
- U1802 的引脚映射：VIN → VCC3V3，VOUT → VCC3V3_EQ，ON → MCU_3V3_EQ_EN（证据 [1]）。  
- U1803 的引脚映射：VIN → VCC1V8，VOUT → VCC1V8_EQ，ON → MCU_1V8_EQ_EN（证据 [3]）。  
- 三个实例均标注为 TPS22918TDBVRQ1（证据 [12][13][14]）。  

**缺失信息**：无。所有证据覆盖完整，无冲突。","板上使用 TPS22918 共做了三个电源开关，分别以 U1500、U1802、U1803 为实例。每个开关的输入 (VIN)、输出 (VOUT) 和使能 (ON) 引脚连接如下：

| 实例 | 输入 (VIN) | 输出 (VOUT) | 使能 (ON) |
|------|------------|-------------|-----------|
| U1500 | VCC3V3 | VCC3V3_ETH | MCU_3V3_ETH_EN |
| U1802 | VCC3V3 | VCC3V3_EQ | MCU_3V3_EQ_EN |
| U1803 | VCC1V8 | VCC1V8_EQ | MCU_1V8_EQ_EN |

**支撑证据**  
- U1500 的引脚映射：VIN → VCC3V3，VOUT → VCC3V3_ETH，ON → MCU_3V3_ETH_EN（证据 [2]）。  
- U1802 的引脚映射：VIN → VCC3V3，VOUT → VCC3V3_EQ，ON → MCU_3V3_EQ_EN（证据 [1]）。  
- U1803 的引脚映射：VIN → VCC1V8，VOUT → VCC1V8_EQ，ON → MCU_1V8_EQ_EN（证据 [3]）。  
- 三个实例均标注为 TPS22918TDBVRQ1（证据 [12][13][14]）。  

**缺失信息**：无。所有证据覆盖完整，无冲突。","[""Pin mapping for U1802: VIN -> VCC3V3, GND -> GND, ON -> MCU_3V3_EQ_EN, CT -> N20145936, QOD -> VCC3V3_EQ, VOUT -> VCC3V3_EQ."", ""Pin mapping for U1500: VIN -> VCC3V3, GND -> GND, ON -> MCU_3V3_ETH_EN, CT -> N22963649, QOD -> VCC3V3_ETH, VOUT -> VCC3V3_ETH."", ""Pin mapping for U1803: VIN -> VCC1V8, GND -> GND, ON -> MCU_1V8_EQ_EN, CT -> N20146977, QOD -> VCC1V8_EQ, VOUT -> VCC1V8_EQ."", ""Net CAN_EN_MCU_SPI3_MRST_P02.5 connects R1213.&1, R1231.&1, R1318.&1, R1324.&1, TP1119.&1, U900D.P02.5/I2C0_SCLA/PSI5_RX1B/PSI5S_RXB/QSPI3_MRSTA/SENT_SENT3C/CAN0_ECTT2/CAN11_TXD/QSPI3_MRST/I2C0_SCL/ERAY0_TXENB."", ""Net ECU_EN connects C1625.&2, D1608.K, D1611.K, D1612.K, D1613.K, D1614.K, D1615.K, R1610.&1, R1612.&2, TP1609.&1, U1600.EN/SYNC."", ""Net EQ_1V8_TSENS connects C651.&1, C653.&1, L601.&1, U400-10.VDDA_TSENS0, U400-10.VDDA_TSENS1."", ""Net EYEQ6_FCMU_RSTEN_N_P11.13 connects R520.&1, TP1138.&1, U900D.P11.13/GETH_RXERA/CAN13_RXDD/CSIH1CSS3 /SENT0SPCO / ADCA0I1S / RIIC1SCL."", ""Net EYEQ6_TESTEN connects R529.&2, TP513.&1, U400-5.TESTEN, X2000.&11."", ""Net MCU_1V8_EQ_EN connects R1817.&2, TP1819.&1, U1803.ON, U900E.P20.0/CAN03_RXDC/CBS_TGI0/SCU_E_REQ6_0/GPT120_T6EUDA/ASCLIN3_ATX/ASCLIN3_ASCLK/HSCT0_SYSCLK_OUT/CBS_TGO0."", ""Net MCU_3V3_EQ_EN connects R1818.&2, TP1822.&1, U1802.ON, U900E.P20.3/ASCLIN3_ARXC/GPT120_T6INA/ASCLIN3_ATX/QSPI0_SLSO9/QSPI2_SLSO9/CAN03_TXD, X2000.&13."", ""Net MCU_3V3_ETH_EN connects R1500.&2, TP1500.&1, U1500.ON, U900E.P21.0/ASCLIN11_ARXC/ASCLIN11_ATX/ASCLIN11_ATX."", ""Instance U1500: TPS22918, 20181204001, TPS22918TDBVRQ1, SOT23X145-6."", ""Instance U1802: TPS22918, 20181204001, TPS22918TDBVRQ1, SOT23X145-6."", ""Instance U1803: TPS22918, 20181204001, TPS22918TDBVRQ1, SOT23X145-6."", ""Module Group 14 · Ethernet/PHY uses net B_D_ETH_1000_N."", ""Module Group 14 · Ethernet/PHY uses net B_D_ETH_1000_P."", ""Module Group 14 · Ethernet/PHY uses net B_D_ETH_100_N."", ""Module Group 14 · Ethernet/PHY uses net B_D_ETH_100_P."", ""Module Group 14 · Ethernet/PHY uses net ETH_INH."", ""Module Group 14 · Ethernet/PHY uses net GND."", ""<table><tr><td>HM ID</td><td>F19</td></tr><tr><td>模块功能 \nModule Function</td><td>1V8转1V8_EQ用于EQ6供电，现选择负载开关方案。\n1V8 to 1V8_EQ is used for the EQ6 power supply, now choose the load switch scheme.\n</td></tr><tr><td>模块框图\nModule diagram</td><td></td></tr><tr><td>模块方案\nModule solution</td><td>采用TPS22918负载开关，将VCC1V8电源转换为VCC1V8_EQ，给EQ6供电。用MCU的P20.0引脚使能该芯片。\nThe TPS22918 load switch chip is used to convert the VCC1V8 to VCC1V8_EQ to power EQ6. The P20.0 pin of the MCU is used to enable the chip.\n</td></tr></table>"", ""\nHW Interface Component ：QM（B）; None：F16/POWER; None：1、负载开关TPS22918，VCC3V3转VCC3V3_EQ。\n2、TPS22918由MCU进行使能和关断控制。; MCU Component ：F01/MCU; None：B; None：G20; None：P20.3; None：P20.3/GTM_TIM4_IN5_11/GTM_TIM3_IN4_5/GTM_TIM2_IN4_5/GTM_TOUT61/QSPI0_SLSO9/QSPI2_SLSO9/CAN03_TXD; None：GPIO; None：MCU_3V3_EQ_EN; None：/; None：O; None：VCC3V3_EQ电源使能控制信号\n高：使能VCC3V3_EQ电源\n低：关断VCC3V3_EQ电源; None：HI-Z,硬件外部下拉; None：—; SW Variable Name or SW Function Name：— ——Port1\nHW Interface Component ：QM; None：F17/POWER; None：1、负载开关TPS22918，VCC3V3转VCC3V3_ETH。\n2、TPS22918由MCU进行使能和关断控制。; MCU Component ：F01/MCU; None：QM; None：K17; None：P21.0; None：P21.0/GTM_TIM4_IN0_11/GTM_TIM3_IN4_6/GTM_TIM2_IN4_6/QSPI4_MRSTDN/DMU_FDEST/GTM_TOUT51/HSM_HSM1; None：GPIO; None：MCU_3V3_ETH_EN; None：/; None：O; None：VCC3V3_ETH电源使能控制信号\n高：使能VCC3V3_EQ电源\n低：关断VCC3V3_EQ电源; None：HI-Z, 硬件外部下拉; None：—; SW Variable Name or SW Function Name：— ——Port1\nHW Interface Component ：QM; None：F14/POWER; None：1、电源转换芯片TPS62872，VCC3V3转VCC0V75。\n2、TPS62872由MCU进行使能和关断控制。; MCU Component ：F01/MCU; None：QM; None：P20; None：P22.0; None：P22.0/GTM_TIM1_IN1_7/GTM_TIM0_IN1_7/QSPI4_MTSRB/GTM_TOUT47/QSPI4_MTSR/QSPI4_SCLKN; None：GPIO; None：MCU_VCC0V75_EN; None：/; None：O; None：VCC0V75电源使能控制信号\n高：使能VCC0V75电源\n低：关断VCC0V75电源; None：HI-Z, 硬件外部下拉; None：—; SW Variable Name or SW Function Name：— ——Port1"", ""<table><tr><td>HM ID</td><td>F16</td></tr><tr><td>模块功能 \nModule Function</td><td>VCC3V3转VCC3V3_EQ用于EQ6的IO和摄像头供电，现使用负载开关TPS22918进行设计。\nVCC3V3 to VCC3V3-EQ is used for the IO and camera power supply of EQ6, and the load switch TPS22918 is used for the design.</td></tr><tr><td>模块框图\nModule diagram</td><td></td></tr><tr><td>模块方案\nModule solution</td><td>采用TPS22918负载开关，将VCC3V3系统电源转换为VCC3V3_EQ，提供给EQ6和摄像头供电。用MCU的P20.3引脚使能该芯片。\nThe TPS22918 load switch is used to convert the VCC3V3 system power to VCC3V3-EQ to supply power to EQ6 and the camera. The P20.3 pin of the MCU is used to enable the chip.\n</td></tr></table>"", ""<table><tr><td>HM ID</td><td>F17</td></tr><tr><td>模块功能 \nModule Function</td><td>3V3转3V3_ETH用于ETH供电，现选择负载开关方案。\n3V3 to 3V3_ETH is used for ETH power supply, and the load switching scheme is now selected.</td></tr><tr><td>模块框图\nModule diagram</td><td></td></tr><tr><td>模块方案\nModule solution</td><td>采用TPS22918负载开关，将VCC3V3系统电源转换为VCC3V3_ETH，提供给MCU的ETH供电。P21.0引脚使能该芯片。\nThe TPS22918 load switch is used to convert the VCC3V3 system power to VCC3V3-ETH to supply power to ETH of the MCU. The P21.0 pin of the MCU is used to enable the chip.\n</td></tr></table>"", ""<table><tr><td>HM ID</td><td>F19</td></tr><tr><td>运行模式\nOperation Mode</td><td>上电模式、下电模式、运行模式\nPower on mode, Power off mode, Run mode.</td></tr><tr><td>模式定义\nDefinition of Operation mode</td><td>1、\t上电模式\nMCU通过将MCU_1V8_EQ_EN信号配置为逻辑高使能VCC1V8_EQ电源输出，用于EQ系统供电。\n2、\t下电模式\nMCU通过将MCU_1V8_EQ_EN信号配置为逻辑低关闭VCC1V8_EQ电源输出。\n3、\t运行模式\nTPS22918正常输出VCC1V8_EQ。\nPower on mode\nThe MCU is used to power the EQ system by configuring the MCU-1 V8-EQ_EN signal to the logical high enable VCCIV8-EQ power output. \nPower off mode\nThe MCU turns off the VCC1V8-EQ power output by configuring the MCU-1V8-EQ_EN signal to logic low.\nRun mode\nTPS22918 normal output VCC1V8_EQ.</td></tr><tr><td>模式切换接口\nMode switching interface</td><td></td></tr><tr><td>模式状态机\nMode state machine</td><td></td></tr><tr><td>模式切换条件\nMode switching condition</td><td>参考：\n产品系统需求规格说明\n产品系统方案设计说明书\nReference: \nProduct system requirement specification \nProduct system scheme design specification.</td></tr><tr><td>备注\nNote</td><td></td></tr></table>"", ""<table><tr><td>序号</td><td>模块序号</td><td>模块名称</td><td>功能定义</td><td>功能安全需求</td></tr><tr><td>1</td><td>F013</td><td>POWER</td><td>LP87702，VCC3V3电压输入，VCC1V1、VCC1V8、VCC50电压输出</td><td>QM(B)</td></tr><tr><td>1</td><td>F01</td><td>MCU</td><td>SAK-TC377TP-96F300S AA</td><td>B(B)</td></tr><tr><td>1</td><td>F08</td><td>EQ system power sample1</td><td>EQ6L系统供电电源电压ADC采样滤波、分压电路</td><td>B(B)</td></tr><tr><td>2</td><td>F14</td><td>POWER</td><td>TPS62872，VCC3V3电压输入，VCC0V75电压输出，EQ6L核电供电</td><td>QM(B)</td></tr><tr><td>2</td><td>F01</td><td>MCU</td><td>SAK-TC377TP-96F300S AA</td><td>B(B)</td></tr><tr><td>2</td><td>F08</td><td>EQ system power sample</td><td>EQ6L系统供电电源电压ADC采样滤波、分压电路</td><td>B(B)</td></tr><tr><td>3</td><td>F15</td><td>POWER</td><td>SA23002，VCC3V3输入，0V75_MIPI_DDR电压输出</td><td>QM(B)</td></tr><tr><td>3</td><td>F01</td><td>MCU</td><td>SAK-TC377TP-96F300S AA</td><td>B(B)</td></tr><tr><td>3</td><td>F08</td><td>EQ system power sample</td><td>EQ6L系统供电电源电压ADC采样滤波、分压电路</td><td>B(B)</td></tr><tr><td>4</td><td>F16</td><td>POWER</td><td>TPS22918负载开关，VCC3V3电压输入，VCC3V3_EQ输出</td><td>QM(B)</td></tr><tr><td>4</td><td>F01</td><td>MCU</td><td>SAK-TC377TP-96F300S AA</td><td>B(B)</td></tr><tr><td>4</td><td>F08</td><td>EQ system power sample</td><td>EQ6L系统供电电源电压ADC采样滤波、分压电路</td><td>B(B)</td></tr></table>"", ""<table><tr><td>HM ID</td><td>F16</td></tr><tr><td>运行模式\nOperation Mode</td><td>上电模式、下电模式、运行模式\nPower on mode, Power off mode, Run mode.</td></tr><tr><td>模式定义\nDefinition of Operation mode</td><td>1、\t上电模式\nMCU通过将MCU_3V3_EQ_EN信号配置为逻辑高使能VCC3V3_EQ电源输出，用于EQ6和CAM系统供电。\n2、\t下电模式\nMCU通过将MCU_3V3_EQ_EN信号配置为逻辑低关闭VCC3V3_EQ输出。\n3、\t运行模式\nTPS22918正常输出VCC3V3_EQ。\nPower on mode\nThe MCU is used to power EQ6 and CAM systems by configuring the McU-3v3-eqen signal as a logical high enable VCC3V3 EQ power output. \nPower off mode\nThe MCU turns off the VCC3V3_EQ output by configuring the MCU_3V3_EQ_EN signal to logic low.\nRun mode \nTPS22918 normal output VCC3V3_EQ.</td></tr><tr><td>模式切换接口\nMode switching interface</td><td></td></tr><tr><td>模式状态机\nMode state machine</td><td></td></tr><tr><td>模式切换条件\nMode switching condition</td><td>参考：\n产品系统需求规格说明\n产品系统方案设计说明书\nReference: \nProduct system requirement specification \nProduct system scheme design specification.</td></tr><tr><td>备注\nNote</td><td></td></tr></table>"", ""<table><tr><td>HM ID</td><td>F17</td></tr><tr><td>运行模式\nOperation Mode</td><td>上电模式、下电模式、运行模式\nPower on mode, Power off mode, Run mode.</td></tr><tr><td>模式定义\nDefinition of Operation mode</td><td>1、\t上电模式\nMCU通过将MCU_3V3_ETH_EN信号配置为逻辑高使能VCC3V3_ETH电源输出，用于MCU ETH系统供电。\n2、\t下电模式\nMCU通过将MCU_3V3_ETH_EN信号配置为逻辑低关闭VCC3V3_ETH电源输出。\n3、\t运行模式\nTPS22918正常输出VCC3V3_ETH。\nPower on mode \nThe MCU is used to power the MCU ETH system by configuring the MCU_3V3_ETH_EN signal as a logical high enabled VCC3V3_ETH power output.\nPower off mode\nThe MCU turns off the VCC3V3_ETH power output by configuring the MCU_3V3_ETH_EN signal to logical low.\nRun mode \nTPS22918 normal output VCC3V3_ETH. \n</td></tr><tr><td>模式切换接口\nMode switching interface</td><td></td></tr><tr><td>模式状态机\nMode state machine</td><td></td></tr><tr><td>模式切换条件\nMode switching condition</td><td>参考：\n产品系统需求规格说明\n产品系统方案设计说明书\nReference: \nProduct system requirement specification \nProduct system scheme design specification.</td></tr><tr><td>备注\nNote</td><td></td></tr></table>""]","{""original_context_count"": 28, ""original_context_characters"": 9201, ""scored_context_count"": 8, ""scored_context_characters"": 1451, ""contexts_truncated"": true, ""context_selection"": ""claim_coverage"", ""selected_evidence_ids"": [""document:377c425a6fdda20d"", ""circuit:21:pin_mapping:U1803""], ""selected_claim_ids"": [""sq_1:claim_1"", ""sq_2:claim_1""], ""excluded_evidence_ids"": [""circuit:21:instance:U1500"", ""circuit:21:instance:U1802"", ""circuit:21:instance:U1803"", ""circuit:21:module_connection:Group 14 · Ethernet/PHY:B_D_ETH_1000_N"", ""circuit:21:module_connection:Group 14 · Ethernet/PHY:B_D_ETH_1000_P"", ""circuit:21:module_connection:Group 14 · Ethernet/PHY:B_D_ETH_100_N"", ""circuit:21:module_connection:Group 14 · Ethernet/PHY:B_D_ETH_100_P"", ""circuit:21:module_connection:Group 14 · Ethernet/PHY:ETH_INH"", ""circuit:21:module_connection:Group 14 · Ethernet/PHY:GND"", ""circuit:21:net:CAN_EN_MCU_SPI3_MRST_P02.5"", ""circuit:21:net:ECU_EN"", ""circuit:21:net:EQ_1V8_TSENS"", ""circuit:21:net:EYEQ6_FCMU_RSTEN_N_P11.13"", ""circuit:21:net:EYEQ6_TESTEN"", ""circuit:21:net:MCU_1V8_EQ_EN"", ""circuit:21:net:MCU_3V3_EQ_EN"", ""circuit:21:net:MCU_3V3_ETH_EN"", ""circuit:21:pin_mapping:U1500"", ""circuit:21:pin_mapping:U1802"", ""document:1df5e4ce3f22f944"", ""document:44c4021cbbe6e903"", ""document:7a6ae2179c8765b3"", ""document:ac72bb1a220bade2"", ""document:c9de70b50adbca8c"", ""document:d59fddc6838a7925"", ""document:f57a25ce2df13fee""]}",0.8510534679782505,0.5880574765690798,1.0,not_applicable,0.4166666666458333,1.0,1.0,0.6666666666666666,not_applicable
hw-v1-multihop-eth-power,success,以太网 PHY 的 1.0V 电源如何一级级供出来？,供电链路为 VCC3V3 → U1500（TPS22918，ON=MCU_3V3_ETH_EN）→ VCC3V3_ETH → U1501（TPS74501 LDO）→ VCC1V0_ETH。,"根据现有证据，无法完整回答“以太网 PHY 的 1.0V 电源如何一级级供出来”。以下按子问题分别说明。

---

**子问题 1：以太网PHY芯片的1.0V电源轨在电源树或设计文档中的名称是什么？**

**结论：** 未明确标识。  
- 支撑证据：电路图[1]显示以太网PHY芯片U1400（DP83TC812R-Q1）的电源引脚包括 VDDA、VDDIO、VDDMAC、VSLEEP，但这些引脚连接的网络（N22956977、N22956687、VSLEEP）均未标明电压值，设计文档也未提及1.0V电源轨的具体名称。  
- **缺口：** 缺少明确标注为“1.0V”或对应电压值的电源网络名称。

---

**子问题 2：该电源轨的输入来源（上一级电源）是什么？使用了哪种转换器（LDO/DC-DC）？输入电压和转换参数是多少？**

**结论：** 该信息完全缺失。  
- 无任何直接支撑证据（电路图中未发现从该电源轨到上游转换器的连接，电源树文档中无相关描述，数据手册也未给出供电链路）。  
- **缺口：** 缺少上一级电源节点、转换器类型（LDO/DC-DC）、输入电压及转换参数。

---

**子问题 3：上一级电源的输入来源又是什么？是否需要继续追溯直到系统输入电源？**

**结论：** 无法追溯。  
- 尽管覆盖度报告标记该子问题为“covered”，但实际支撑证据（如[19]描述的VCC3V3转VCC3V3_ETH、VCC3V3转VCC0V75等）均未涉及1.0V电源链，与以太网PHY的1.0V电源无关。  
- **缺口：** 由于子问题2完全缺失，本子问题无有效证据支撑，无法给出任何一级的电源来源。

---

**总结：** 现有证据中，以太网PHY的1.0V电源轨名称、供电链路（从哪一级电源、通过何种转换器过来）均未找到直接说明。若要回答问题，需补充电源树文档、电路图或系统设计说明中关于该1.0V电源的完整供电路径。","根据现有证据，无法完整回答“以太网 PHY 的 1.0V 电源如何一级级供出来”。以下按子问题分别说明。

---

**子问题 1：以太网PHY芯片的1.0V电源轨在电源树或设计文档中的名称是什么？**

**结论：** 未明确标识。  
- 支撑证据：电路图[1]显示以太网PHY芯片U1400（DP83TC812R-Q1）的电源引脚包括 VDDA、VDDIO、VDDMAC、VSLEEP，但这些引脚连接的网络（N22956977、N22956687、VSLEEP）均未标明电压值，设计文档也未提及1.0V电源轨的具体名称。  
- **缺口：** 缺少明确标注为“1.0V”或对应电压值的电源网络名称。

---

**子问题 2：该电源轨的输入来源（上一级电源）是什么？使用了哪种转换器（LDO/DC-DC）？输入电压和转换参数是多少？**

**结论：** 该信息完全缺失。  
- 无任何直接支撑证据（电路图中未发现从该电源轨到上游转换器的连接，电源树文档中无相关描述，数据手册也未给出供电链路）。  
- **缺口：** 缺少上一级电源节点、转换器类型（LDO/DC-DC）、输入电压及转换参数。

---

**子问题 3：上一级电源的输入来源又是什么？是否需要继续追溯直到系统输入电源？**

**结论：** 无法追溯。  
- 尽管覆盖度报告标记该子问题为“covered”，但实际支撑证据（如[19]描述的VCC3V3转VCC3V3_ETH、VCC3V3转VCC0V75等）均未涉及1.0V电源链，与以太网PHY的1.0V电源无关。  
- **缺口：** 由于子问题2完全缺失，本子问题无有效证据支撑，无法给出任何一级的电源来源。

---

**总结：** 现有证据中，以太网PHY的1.0V电源轨名称、供电链路（从哪一级电源、通过何种转换器过来）均未找到直接说明。若要回答问题，需补充电源树文档、电路图或系统设计说明中关于该1.0V电源的完整供电路径。","[""Pin mapping for U1400: CLKOUT/GPIO_2 -> N22957239, EP_GND -> GND, INH -> ETH_INH, INT_N -> MCU_ETH_INTB_P20.10, LED_0/GPIO_0 -> N22956596, LED_1/GPIO_1 -> N22956594, MDC -> MCU_ETH_MDC_P21.2, MDIO -> MCU_ETH_MDIO_P21.3, PIN_21 -> N22957266, PIN_9 -> N22957266, RESET_N -> PHY_RESET_N_P22.3, RX_CLK -> N22957105, RX_D0 -> N22956588, RX_D1 -> N22956586, RX_D2 -> N22956584, RX_D3 -> N22956582, RX_DV/CRS_DV/RX_CTRL -> N22956590, RX_ER -> N22956592, TRD_M -> PHY_MDIN, TRD_P -> PHY_MDIP, TX_CLK -> N22956845, TX_D0 -> MCU_MII_TXD0, TX_D1 -> MCU_MII_TXD1, TX_D2 -> MCU_MII_TXD2, TX_D3 -> MCU_MII_TXD3, TX_EN/TX_CTRL -> MCU_MII_TXEN, VDDA -> N22956977, VDDIO -> N22956687, VDDMAC -> N22956687, VSLEEP -> VSLEEP, WAKE -> PHY_WAKE_P21.5, XI -> N22957465, XO -> N22957404."", ""Net PHY_MDIN connects R1434.&1, R1435.&1, U1400.TRD_M."", ""Net PHY_MDIP connects R1432.&1, R1433.&1, U1400.TRD_P."", ""Net PHY_RESET_N_P22.3 connects C1422.&2, R1402.&1, TP1401.&1, U1400.RESET_N, U900E.P22.3/ASCLIN5_ARXC/QSPI3_SCLKD/QSPI3_SCLK."", ""Net PHY_WAKE_P21.5 connects R1421.&1, R1439.&2, TP1402.&1, U1400.WAKE, U900E.P21.5/ASCLIN11_ARXF/ASCLIN3_ASCLK/ASCLIN11_ATX/HSCT0_TXDP."", ""Instance U1400: DP83TC812R-Q1, 2025020711161, DP83TC812RRHARQ1, PQFN50P600X600X100-36."", ""Module Group 14 · Ethernet/PHY uses net B_D_ETH_1000_N."", ""Module Group 14 · Ethernet/PHY uses net B_D_ETH_1000_P."", ""Module Group 14 · Ethernet/PHY uses net B_D_ETH_100_N."", ""Module Group 14 · Ethernet/PHY uses net B_D_ETH_100_P."", ""Module Group 14 · Ethernet/PHY connects to Group 15 · Power/PMIC through net GND."", ""Module Group 14 · Ethernet/PHY connects to Group 17 · Power/PMIC through net GND."", ""Module Group 14 · Ethernet/PHY connects to Group 18 · Power/PMIC through net GND."", ""Module Group 14 · Ethernet/PHY connects to Group 6 · Power/PMIC through net GND."", ""Module Group 15 · Power/PMIC connects to Group 17 · Power/PMIC through net GND."", ""Module Group 15 · Power/PMIC connects to Group 18 · Power/PMIC through net GND."", ""\nMCU Component ：F01/ MCU; None：QM; None：R19; None：P22.3; None：P22.3/GTM_TIM1_IN4_4/GTM_TIM0_IN4_4/QSPI4_SCLKB/GTM_TOUT50/QSPI4_SCLK/QSPI4_MTSRP; None：GPIO; None：PHY_RESET_N_P22.3; None：/; None：O; None：ETH输入复位信号\n高：ETH芯片正常工作\n低：复位ETH芯片; None：HI-Z，硬件外部上拉; None：—; SW Variable Name or SW Function Name：— ——Port1\nMCU Component ：F01/ MCU; None：QM; None：E19; None：P20.10; None：P20.10/ASCLIN1_ATX/QSPI0_SLSO6/QSPI2_SLSO7/CAN03_TXD/ASCLIN1_ASCLK; None：GPIO; None：MCU_ETH_INTB_P20.10; None：/; None：I; None：ETH输出中断信号\n低：ETH输出中断信号\n高：ETH中断信号无效; None：HI-Z，硬件外部上拉; None：—; SW Variable Name or SW Function Name：— ——Port1\nMCU Component ：F01/ MCU; None：QM; None：J20; None：P21.5; None：P21.5/GTM_TIM5_IN7_11/GTM_TIM1_IN3_6/GTM_TIM0_IN3_6/GTM_TOUT56; None：GPIO; None：MCU_ETH_WAKE_P21.5; None：/; None：IO; None：以太网本地/转发唤醒信号\n高：触发本地唤醒事件\n低：未触发本地唤醒事件; None：HI-Z，硬件外部下拉; None：—; SW Variable Name or SW Function Name：— ——Port1\nNone：level translation; HW Interface Component ：QM; None：F28/level translation; None：用于MCU端的3.3V_SPI转EQ6L FLASH端的1.8V_SPI。实现MCU对EQ6L FLASH的读写功能。\n; MCU Component ：F01/ MCU; None：QM; None：A5; None：P10.2; None：P10.2/GTM_TIM4_IN5_12/GTM_TIM1_IN2_3/CAN02_RXDE/QSPI1_SCLKA/QSPI1_SCLK/EVADC_FC3BFLOUT; None：QSPI1_SCLK; None：MMCU_SPI1_CLK_P10.2; None：/; None：O; None：SPI1 MCU透过电平转换芯片至FLASH（EQ6L）的时钟信号; None：HI-Z; None：—; SW Variable Name or SW Function Name：— ——Port1"", ""\nECU Connector：X1900-7\nX1900-8\nX1902-1\nX1902-2; None：B_D_ETHP\nB_D_ETHN; None：ETH\nCommunction; HW Interface Component ：QM; None：F24/ETH; None：\n1、100base-T1，和MCU之间通过MII进行通讯。\n兼容1000Base-T1，和MCU之间通过RGMII通讯。\n2、车载以太网PHY ADAS产品端由硬件配置为Master模式。\n; MCU Component ：F01/ MCU; None：QM; None：K19; None：P21.2; None：P21.2/GTM_TIM5_IN4_11/GTM_TIM0_IN0_7/QSPI2_MRSTCN/QSPI4_MRSTCN/GTM_DTMA1_0/GTM_TOUT53/GETH_MDC; None：GETH_MDC; None：MCU_ETH_MDC_P21.2; None：/; None：O; None：ETH的MDC信号; None：HI-Z; None：—; SW Variable Name or SW Function Name：— ——Port1\nMCU Component ：F01/ MCU; None：QM; None：J19; None：P21.3; None：P21.3/GTM_TIM5_IN5_12//QSPI2_MRSTCP/GETH_MDIOD/HSCT0_RXDP/QSPI4_MRSTCP/GTM_TOUT54/GETH_MDIO; None：GETH_MDIOD; None：MCU_ETH_MDIO_P21.3; None：/; None：IO; None：ETH的MDIO信号; None：HI-Z，硬件外部上拉; None：—; SW Variable Name or SW Function Name：— ——Port1\nMCU Component ：F01/ MCU; None：QM; None：E10; None：P11.0; None：P11.0/GTM_TIM4_IN0_4/GTM_TIM2_IN0_7/GTM_DTMA2_1/GTM_TOUT119/CAN11_TXD/GETH_TXD3; None：GETH_TXD3; None：MCU_MII_TXD3; None：/; None：O; None：ETH TXD3; None：HI-Z; None：—; SW Variable Name or SW Function Name：— ——Port1"", ""\nHW Interface Component ：QM（B）; None：F16/POWER; None：1、负载开关TPS22918，VCC3V3转VCC3V3_EQ。\n2、TPS22918由MCU进行使能和关断控制。; MCU Component ：F01/MCU; None：B; None：G20; None：P20.3; None：P20.3/GTM_TIM4_IN5_11/GTM_TIM3_IN4_5/GTM_TIM2_IN4_5/GTM_TOUT61/QSPI0_SLSO9/QSPI2_SLSO9/CAN03_TXD; None：GPIO; None：MCU_3V3_EQ_EN; None：/; None：O; None：VCC3V3_EQ电源使能控制信号\n高：使能VCC3V3_EQ电源\n低：关断VCC3V3_EQ电源; None：HI-Z,硬件外部下拉; None：—; SW Variable Name or SW Function Name：— ——Port1\nHW Interface Component ：QM; None：F17/POWER; None：1、负载开关TPS22918，VCC3V3转VCC3V3_ETH。\n2、TPS22918由MCU进行使能和关断控制。; MCU Component ：F01/MCU; None：QM; None：K17; None：P21.0; None：P21.0/GTM_TIM4_IN0_11/GTM_TIM3_IN4_6/GTM_TIM2_IN4_6/QSPI4_MRSTDN/DMU_FDEST/GTM_TOUT51/HSM_HSM1; None：GPIO; None：MCU_3V3_ETH_EN; None：/; None：O; None：VCC3V3_ETH电源使能控制信号\n高：使能VCC3V3_EQ电源\n低：关断VCC3V3_EQ电源; None：HI-Z, 硬件外部下拉; None：—; SW Variable Name or SW Function Name：— ——Port1\nHW Interface Component ：QM; None：F14/POWER; None：1、电源转换芯片TPS62872，VCC3V3转VCC0V75。\n2、TPS62872由MCU进行使能和关断控制。; MCU Component ：F01/MCU; None：QM; None：P20; None：P22.0; None：P22.0/GTM_TIM1_IN1_7/GTM_TIM0_IN1_7/QSPI4_MTSRB/GTM_TOUT47/QSPI4_MTSR/QSPI4_SCLKN; None：GPIO; None：MCU_VCC0V75_EN; None：/; None：O; None：VCC0V75电源使能控制信号\n高：使能VCC0V75电源\n低：关断VCC0V75电源; None：HI-Z, 硬件外部下拉; None：—; SW Variable Name or SW Function Name：— ——Port1"", ""<table><caption> Table 9-5. Default Output Voltage Setpoints (continued) For a reliable voltage setting, ensure there is no stray current path connected to the VSEL pin and that the parasitic capacitance(1) between the VSEL pin and GND is less than 100 pF.</caption>\n<tr><td  >VSEL Pin(1)</td><td  >Device Number</td><td  >VSET[7:0]</td><td  >Output Voltage Setpoint</td></tr>\n<tr><td  >Short Circuit to GND</td><td  >All, Except TPS6287xN2-Q1</td><td  >0x46</td><td  >750 mV</td></tr>\n<tr><td  >Short Circuit to GND</td><td  >TPS6287XN2-Q1</td><td  >0x4</td><td  >1500 mV</td></tr>\n<tr><td  >Short Circuit to VIN</td><td  >All, Except TPS6287XN2-Q1</td><td  >0x5f</td><td  >875 mV</td></tr>\n<tr><td  >Short Circuit to VIN</td><td  >TPS6287XN2-Q1</td><td  >0x5f</td><td  >1750 mV</td></tr>\n<tr><td></td><td  >TPS6287x-Q1</td><td  >0x78</td><td  >1.0 V</td></tr>\n<tr><td></td><td  >TPS6287xY0-Q1</td><td  >0x82</td><td  >1050</td></tr>\n<tr><td></td><td></td><td></td><td  >mV</td></tr>\n<tr><td></td><td  >TPS6287xY1-Q1</td><td  >0x50</td><td  >800 mV</td></tr>\n<tr><td  >47 kQ to VIn</td><td  >TPS6287xY2-Q1</td><td  >OxFA</td><td  >3300mV</td></tr>\n<tr><td></td><td  >TPS6287xY3-Q1</td><td  >0x78</td><td  >1000 mV</td></tr>\n<tr><td></td><td  >TPS6287XN0-Q1</td><td  >0x82</td><td  >1.050 V</td></tr>\n<tr><td></td><td  >TPS6287xN1-Q1</td><td  >0x58</td><td  >840 mV</td></tr>\n<tr><td></td><td  >TPS6287XN2-Q1</td><td  >0xFA</td><td  >3300 mV</td></tr>\n</table>"", ""\nall operating conditions.\nI2C-compatible interface up to 1-MHz Differential remote sensing Optional stacked operation for increased output current capability Thermal warning and thermal shutdown Precise enable input Active output discharge Optional spread-spectrum clocking\n Power-good output with a window comparator·\nAvailable in 2.55-mm × 3.55-mm × 1-mm VQFN package with wettable flanks -40°C to 150°C junction temperature, Tj\n2 Applications\nInfotainment and cluster ADAS FPGA, ASIC, and digital core supply DDR memory supply\nTPS6287x-Q1 Simplified Schematic\nTable of Contents\n9.4 Device Functional Modes.\n30\n1Features.\n 2 Applications.\n9.5 Programming.\n31\n3 Description.\n9.6 Register Map..\n35\n1\n4 Revision History.\n10 Application and Implementation..\n41\n2\n41.\n 5 Description (continued)..\n10.1 Application Information.\n3\n41\n6 Device Options\n10.2 Typical Application.\n3\n7 Pin Configuration and Functions.\n10.3 Best Design Practices.\n49\n.5\n8 Specifications.\n10.4 Power Supply Recommendations...\n50\n..\n8.1 Absolute Maximum Ratings..\n50\n10.5 Layout..\n7\n 11 Device and Documentation Support.\n8.2 ESD Ratings...\n52\n7\n8.3 Recommended Operating Conditions....\n11.1 Device Support..\n.52\n.7\n8.4 Thermal Information..\n11.2 Documentation Support\n52\n.8\n8.5 Electrical Characteristics.\n..8\n11.3 Receiving Notification of Documentation Updates.\n.52\n8.6 I2C Interface Timing Characteristics...\n10\n11.4 Support Resources.\n52\n11.5 Trademarks.\n8.7 Timing Requirements.\n11\n52\n11.6 Electrostatic Discharge Caution..\n8.8 Typical Characteristics.\n12\n52\n11.7 Glossary.\n9 Detailed. Description.......\n.13\n.52.....\n13\n12 Mechanical, Packaging, and Orderable\n9.1 Overview.\n 9.2 Functional Block Diagram..\n14\nInformation....\n52\n 9.3 Feature Description.\n.15\n4 Revision History\nNOTE: Page numbers for previous revisions may differ from page numbers in the current version.\nPage\nChanges from Revision A (July 2022) to Revision B (January 2023)"", ""<table><caption> Table 7-1. Pin Functions (continued) I = input, O = output, P = power, GND = ground(1)</caption>\n<tr><td  >Pin</td><td></td><td></td><td></td></tr>\n<tr><td  >Name</td><td  >No.</td><td  >Type(1)</td><td  >Description</td></tr>\n<tr><td></td><td></td><td></td><td  >Internal clock output pin for synchronization in stacked mode. Leave this pin floating for single </td></tr>\n<tr><td></td><td></td><td></td><td  >device operation. Connect this pin to the MODE/SYNC pin of the next device in the daisy-chain in </td></tr>\n<tr><td  >SYNC_OUT</td><td  >14</td><td></td><td  >stacked operation. Do not use this pin to connect to a non-TPS6287x-Q1 device.  During start-up, this pin is used to identify if a device must operate as a secondary converter in</td></tr>\n<tr><td></td><td></td><td></td><td  >stacked operation. Connect a 47-kQ resistor from this pin to GND to define a secondary converter</td></tr>\n<tr><td></td><td></td><td></td><td  > in stacked operation. See Section 9.3.17 for a detailed description.</td></tr>\n<tr><td  >VSEL</td><td  >15</td><td  >一</td><td  > Start-up output voltage select pin. A resistor or short circuit to GND or Vin defines the selected output voltage. See Section 9.3.6.2.</td></tr>\n<tr><td  >FSEL</td><td  >16</td><td  >一</td><td  >Frequency select pin. A resistor or a short circuit to GND or Vin determines the free-running switching frequency. See Section 9.3.6.2.</td></tr>\n<tr><td  >Exposed Thermal Pad</td><td></td><td  >一</td><td  >The thermal pad must be soldered to GND to achieve an appropriate thermal resistance and for mechanical stability.</td></tr>\n</table>"", ""<table><tr><td>HM ID</td><td>F17</td></tr><tr><td>模块功能 \nModule Function</td><td>3V3转3V3_ETH用于ETH供电，现选择负载开关方案。\n3V3 to 3V3_ETH is used for ETH power supply, and the load switching scheme is now selected.</td></tr><tr><td>模块框图\nModule diagram</td><td></td></tr><tr><td>模块方案\nModule solution</td><td>采用TPS22918负载开关，将VCC3V3系统电源转换为VCC3V3_ETH，提供给MCU的ETH供电。P21.0引脚使能该芯片。\nThe TPS22918 load switch is used to convert the VCC3V3 system power to VCC3V3-ETH to supply power to ETH of the MCU. The P21.0 pin of the MCU is used to enable the chip.\n</td></tr></table>"", ""\nNone：MCU外挂20MHz晶体; MCU Component ：F01/ MCU; None：B; None：M20; None：XTAL1; None：XTAL /VEXT; None：CLOCK; None：——; None：/; None：I; None：MCU的时钟信号输入; None：I; None：—; SW Variable Name or SW Function Name：— ——Port1\nMCU Component ：F01/ MCU; None：B; None：M19; None：XTAL2; None：XTAL /VEXT; None：CLOCK; None：——; None：/; None：O; None：MCU的时钟驱动信号输出; None：O; None：—; SW Variable Name or SW Function Name：— ——Port1\nHW Interface Component ：QM; None：F09/ETH and CAN power samp2; None：MCU采样CAN的VCC50电源电压，精度要求：5V±5%; MCU Component ：F01/ MCU; None：QM; None：U10; None：AN1; None：AN1/EVADC_G0CH1/EDSADC_EDS3NA; None：ADC，分辨率10bit; None：VCC50_ACQ; None：/; None：I; None：5V电压采样\nU5V0_ACQ=3.3*ADC值/1024\nU5V0=U5V0_ACQ/分压比，分压比=1/2\n精度要求：5V±10%; None：HI-Z; None：—; SW Variable Name or SW Function Name：— ——Port1\nNone：MCU采样以太网的VCC1V0_ETH电源电压\n精度要求：0.9V～1.1V\n（仅当使用千兆以太网时采样）; MCU Component ：F01/ MCU; None：QM; None：U7; None：AN9; None：AN9/EVADC_G11CH5/EVADC_G1CH1; None：ADC，分辨率10bit; None：1V0_ETH_ACQ; None：以太网1V0电压采样\nU1V1_ACQ=3.3*ADC值/1024\n精度：0.95~1.1V\n硬件滤波截止频率：≥121.7Hz\n硬件滤波时间：≤1.6ms; None：HI-Z; None：—; SW Variable Name or SW Function Name：— ——Port1"", ""\nNone：MCU采样以太网的VCC3V3_ETH电源电压\n精度要求：3.135V～3.465V; MCU Component ：F01/ MCU; None：QM; None：W8; None：AN8; None：AN8/EVADC_G11CH4/EVADC_G1CH0; None：ADC，分辨率10bit; None：3V3_ETH_ACQ; None：/; None：I; None：ETH 3V3电压采样\nU3V3_ETH_ACQ=3.3*ADC值/1024\nU3V3_ETH=U3V3_ETH_ACQ/分压比，分压比=1/2\n精度要求：3.3V±10%; None：HI-Z; None：—; SW Variable Name or SW Function Name：— ——Port1\nHW Interface Component ：B; None：F08/EQ system power sample1; None：MCU采样EQ6L系统的VCC3V3_EQ电源电压\n精度要求：3V3±5%; MCU Component ：F01/ MCU; None：B; None：W9; None：AN2; None：AN2/EVADC_G0CH2/EDSADC_EDS0PA; None：ADC，分辨率10bit; None：3V3_EQ_ACQ; None：/; None：I; None：EQ 3V3电压采样\nU3V3_EQ_ACQ=3.3*ADC值/1024\nU3V3_EQ=U3V3_EQ_ACQ/分压比，分压比=1/2\n精度要求：3.3V±5%; None：HI-Z; None：—; SW Variable Name or SW Function Name：— ——Port1\nNone：MCU采样EQ6L系统的VCC1V8电源电压\n精度要求：1V8±5%; MCU Component ：F01/ MCU; None：B; None：U9; None：AN3; None：AN3/EVADC_G0CH3/EDSADC_EDS0NA; None：ADC，分辨率10bit; None：1V8_ACQ; None：/; None：I; None：1V8电压采样\nU1V8_ACQ=3.3*ADC值/1024\n精度：1V8±5%\n硬件滤波截止频率：≥121.7Hz\n硬件滤波时间：≤1.6ms; None：HI-Z; None：—; SW Variable Name or SW Function Name：— ——Port1"", ""<table><tr><td>HM ID</td><td>F24</td></tr><tr><td>运行模式\nOperation Mode</td><td>正常模式、复位模式，待机模式，断电模式，休眠模式\nNormal mode, reset mode, standby mode, power off mode, sleep mode</td></tr><tr><td>模式定义\nDefinition of Operation mode</td><td>1、\t正常模式\n模块上电，正常运行模式，以太网收发正常。MDIO可以访问，Link处于连接状态。\n2、\t复位模式\nUV或Reset event时，PHY芯片将进行复位，在Reset期间将无法LINKUP，MDIO无法总线访问\n待机模式\n仅当PHY为MASTER且配置成管理模式时，上电自动进入待机模式。如果是自动模式，上电后自动进入正常模式。\n4、\t断电模式\n当任何一个电源轨低于POR阈值（0.6V）时，PHY处于断电状态，所有数字IO都将保持高阻态。\n休眠模式\n当有休眠指令且MDI总线空闲时，将进入休眠模式，除了能量检测外，禁用所有PHY模块。在睡眠模式下，所有寄存器配置都会丢失。\nNormal mode\nPower on，Normal Run mode, Ethernet transceiver is normal. MDIO is accessible and Link is in a connected state.\nReset mode\nUV or Reset event, the PHY chip will Reset, during reset will not be able to LINKUPMDIO cannot bus access.\nStandby mode\nThe device will automatically enter standby mode upon power-up only if*the PHY is configured in Master mode and set to managed mode. If the PHY operates in auto mode, it will automatically enter normal mode after power-on.\n4. Sleep mode\nThe PHY enters sleep mode when a sleep command is issued and the MDI bus is idle. In this mode, all PHY modules are disabled except for energy detection functionality. Note that all register configurations will be lost during sleep mode.</td></tr><tr><td>模式切换接口\nMode switching interface</td><td></td></tr><tr><td>模式状态机\nMode state machine</td><td></td></tr><tr><td>模式切换条件\nMode switching condition</td><td>参考：\n产品系统需求规格说明\n产品系统方案设计说明书\nReference: \nProduct system requirement specification \nProduct system scheme design specification.</td></tr><tr><td>备注\nNote</td><td></td></tr></table>"", ""\n10.4PowerSupplyRecommendations\nThe TPS6287x-Q1 family has no special requirements for its input power supply. The output current rating of the input power supply must be rated according to the supply voltage and current requirements of the TPS6287X-Q1\n10.5Layout\n10.5.1 Layout Guidelines\nAchieving the performance the TPS6287x-Q1 devices are capable of requires proper PDN and PCB design.\nTI therefore recommends the user perform a power integrity analysis on their design. There are a number of commercially available power integrity software tools, and the user can use these tools to model the effects on performance of the PCB layout and passive components.\nIn addition to the use of power integrity tools, Tl recommends the following basic principles:\n· Place the input capacitors close to the VIN and GND pins. Position the input capacitors in order of increasing size, starting with the smallest capacitors closest to the VIN and GND pins. Use an identical layout for both\nVIN-GND pin pairs of the package, to gain maximum benefit from the butterfly configuration.\n·Place the inductor close to the device and keep the SW node small.\n· Connect the exposed thermal pad and the GND pins of the device together. Use multiple thermal vias to\nconnect the exposed thermal pad of the device to one or more ground planes (Tl's EVM uses nine 150-μm\nthermal vias).\n·Use multiple power and ground planes.\n· Route the VOSNS and GOSNS remote sense lines as a differential pair and connect them to the lowest- impedance point of the PDN. If the desired connection point is not the lowest impedance point of the PDN, optimize the PDN until it is. Do not route the VOSNS and GOSNS close to any of the switch nodes.\n· Connect the compensation components between VOSNS and GOSNS. Do not connect the compensation components directly to power ground.\n· If possible, distribute the output capacitors evenly between the TPS6287x-Q1 device and the point-of-load, rather than placing them altogether in one place.\n· Use multiple vias to connect each capacitor pad to the power and ground planes (TI's EVM typically uses four vias per pad).\nUse plenty of stitching vias to ensure a low impedance connection between different power and ground· planes.\nProduct Folder Links: TPS62870-Q1TPS62871-Q1 TPS62872-Q1 TPS62873-Q1"", ""<table><tr><td>HM ID</td><td>F11/F12/F13/F14/F15/F16/F17/F18/F19/F25/F27</td></tr><tr><td>模块功能 \nModule Function</td><td>系统使用车载电池12V电压供电，经过EMI电路后输入至电源转换芯片，转换输出系统各模块所需电源。\nThe system uses 12V voltage power supply from the vehicle battery, which is input to the power conversion chip through the EMI circuit. Then the power conversion chip convert and output the power required by each module of the system.</td></tr><tr><td>模块框图\nModule diagram</td><td></td></tr><tr><td>模块方案\nModule solution</td><td>KL30 EMI (ASIL-B)\nKL30供电口处增加EMI电路，用于供电保护和滤波。硬件电路设计在UBD网络增加两个串联ESD电容，PCB布局靠近主连接器引脚处，用于吸收外部ESD信号，后端增加双向TVS管用于瞬态过压保护\nThe EMI circuit is added at the KL30 power supply port for power supply protection and filtering. The hardware circuit design adds two series ESD capacitors in the UBD network, the PCB layout is close to the main connector pin for absorbing external ESD signals, and the two-way TVS tube is added at the back end for transient overvoltage protection.\nKL30 to VCC3V3 (ASILB)\nKL30转VCC3V3是系统一级DC-DC，给MCU提供VCC3V3_MCU电源，所以系统要求其满足ASILB，确保MCU功能安全。\nKL30 to VCC3V3 is a system primary DC-DC chip, because the MCU needs VCC3V3_MCU power supply, so the system requires it to meet the ASILB to ensure the functional safety of the MCU.\nVCC3V3_MCU to VCC1V25_MCU(ASILB)\n3V3转1V25_MCU是使用MCU内置控制器进行控制的BUCK电源，用于MCU的核供电，功能安全需求达到ASILB，确保MCU功能安全。\n3V3 to 1V25_MCU is a BUCK power supply controlled by MCU built-in controller, which is used for MCU nuclear power supply. Functional safety requirements meet ASILB to ensure the functional safety of MCU.\nVCC3V3 to VCC0V75(QM(B))\nVCC3V3转VCC0V75应用于EQ6的内核供电，要求输出电流能力大，现选型TI的电源方案TPS62872。用MCU的P22.0引脚使能芯片，用MCU_SDA_P15.5，MCU_SCL_P15.4引脚I2C通信来设置输出电压和通信。\nVCC3V3 to VCC0V75 is applied to the core power supply of EQ6, which requires large output current capacity. The power supply scheme TPS62872 of TI is selected. P22.0 pin of MCU is used to enable the chip, and MCU_SDA_P15.5, MCU_SCL_P15.4 pin I2C communication is used to set the output voltage and communication. \nVCC3V3 to 0V75_MIPI_DDR(QM(B))\nVCC3V3转0V75_MIPI_DDR用于EQ6的IO口供电，现使用矽力杰的SA23002进行设计。用MCU的P22.1引脚使能该芯片。\nVCC3V3 to 0V75_MIPI_DDR for EQ6 IO port power supply, Silergy’s SA23002 is designed. The P22.1 pin of the MCU is used to enable the chip.\nVCC3V3转VCC1V8、VCC1V1、VCC50(QM(B))\nVCC1V8用于EQ6、CAM、DDR、FLASH供电，VCC1V1用于EQ6、DDR供电，VCC50用于CAN收发器供电，现选择LP87702 PMIC方案。用MCU的P15.3引脚使能该芯片的5V输出，用MCU_SCL_P15.4，MCU_SDA_P15.5 I2C通信来设置1.8V和1.1V输出电压和使能。\nVCC1V8 is used for EQ6, CAM, DDR, FLASH power supply, VCC1V1 is used for EQ6, DDR power supply, VCC50 is used for CAN transceiver  power supply, LP87702 PMIC scheme is selected. P15.3 pin of MCU is used to enable 5V output of the chip, and MCU_SCL_P15.4, MCU_SDA_P15.5 I2C communication is used to set 1.8V and 1.1V output voltage and enable it. \nVCC3V3 to VCC3V3_EQ(QM(B))\nVCC3V3转VCC3V3_EQ用于EQ6的IO和摄像头供电，现使用负载开关进行设计。用MCU的P20.3引脚使能该芯片。\nVCC3V3 to VCC3V3_EQ for EQ6’s IO and camera power supply, now using the load switch is designed. .The P20.3 pin of the MCU is used to enable the chip.\n\tVCC3V3 to VCC3V3_ETH(QM)\n3V3转3V3_ETH用于ETH供电，现选择负载开关方案。用MCU的P21.0引脚使能该芯片。\n3V3 to 3V3_ETH for ETH power supply, the load switch scheme is selected. . The P21.0 pin of the MCU is used to enable the chip.\n\tVCC1V8 to VCC1V8_EQ(QM(B))\nVCC1V8转VCC1V8_EQ用于EQ供电，现选择负载开关方案。用MCU的P20.0引脚使能该芯片。\nVCC1V8 to VCC1V8_EQ for EQ power supply, the load switch scheme is selected. . The P20.0 pin of the MCU is used to enable the chip.</td></tr><tr><td colspan='2'></td></tr></table>"", ""表3.2 系统功能矩阵表运行模式定义 Definition of Operation Mode系统运行模式描述系统硬件启动流程，硬件初始化到软件接管控制的流程介绍。主要包括上电运行流程、下电流程。System operation mode describes the system hardware start-up process, hardware initialization to software take over control process. It mainly includes power on operation process and power off process.上电运行流程如下：下电流程如下：备注：MCU检测到唤醒无效后，停止对EQ6、CAN等系统供电，并执行MCU的数据保存。EQ6系统的六路电源需要按照EQ6的要求时序就行上下电控制。运行模式转换条件 Transition Condition of Operation ModeKL30电源管理电路 KL30 supply management circuit唤醒电路 Wake Up circuit电源电路 Power CircuitKL30 EMI电路 KL30 EMI circuitKL30转VCC3V3 KL30 to VCC3V3VCC3V3_MCU转VCC1V25_MCU  VCC3V3_MCU to VCC1V25_MCUVCC3V3转VCC0V75  VCC3V3 to VCC0V75VCC3V3转0V75_MIPI_DDR VCC3V3 to 0V75_MIPI_DDRVCC3V3转VCC1V8、VCC1V1、VCC50   VCC3V3 to VCC1V8、VCC1V1、VCC50VCC3V3转VCC3V3_EQ  VCC3V3 to VCC3V3_EQVCC3V3转VCC3V3_ETH  VCC3V3 to VCC3V3_ETHVCC1V8转VCC1V8_EQ  VCC1V8 to VCC1V8_EQTC377最小系统 TC377 minimum systemEQ6最小系统 EQ6 minimum system摄像头最小系统 camera minimum system看门狗电路 Watchdog circuit温度采样电路 Temp Sample circuitETH电路 ETH circuitCAN FD电路 CAN FD circuit"", ""\n9.4 Device Functional Modes\n9.4.1 Power-On Reset\nThe device operates in POR mode when the supply voltage is less than the POR threshold, 1.4 V (typical).\nIn POR mode, no functions are available and the content of the device registers is not valid.\nThe device leaves POR mode and enters UVLO mode when the supply voltage increases above the POR threshold\n9.4.2 Undervoltage Lockout\nThe device operates in UVLO mode when the supply voltage is between the POR and UVLO thresholds.\nIf the device enters UVLO mode from POR mode, no functions are available. If the device enters UVLO mode from standby mode, the output discharge function is available. The content of the device registers is valid in UVLO mode.\nThe device leaves UVLO mode and enters POR mode when the supply voltage decreases below the POR threshold. The device leaves UVLO mode and enters standby mode when the supply voltage increases above the UVLO threshold.\n9.4.3 Standby\nThe device operates in standby mode when the supply voltage is greater than the UVLO threshold (and the device has completed its initialization) and any of the following conditions is true:\n· A low level is applied to the EN pin.\nSWEN = 0 in the CONTROL1 register.· The device junction temperature is greater than the thermal shutdown threshold.\n·The supply voltage is greater than the OVLO threshold.\nThe device initializes for 4o0 μs (typical) after the supply voltage increases above the UVLO threshold voltage following a device power-on reset. If the supply voltage decreases below the UVLO threshold but not below the POR threshold, the device does not reinitialize when the supply voltage increases again. During initialization, the device reads the state of the FSEL, VSEL, and SYNC_OUT pins.\nThe following functions are available in standby mode:\n· I2C interface ·Output discharge ·Power good\nProduct Folder Links: TPS62870-Q1TPS62871-Q1 TPS62872-Q1 TPS62873-Q1\nThe device leaves standby mode and enters UVLO mode when the supply voltage decreases below the UVLO threshold. The device leaves standby mode and enters on mode when all of the following conditions are true:\n· A high-level is applied to the EN pin.\n· SWEN = 1 in the CONTROL1 register.\nThe device junction temperature is below the thermal shutdown threshold.· · The supply voltage is below the OVLO threshold.""]","{""original_context_count"": 30, ""original_context_characters"": 24157, ""scored_context_count"": 8, ""scored_context_characters"": 2387, ""contexts_truncated"": true, ""context_selection"": ""claim_coverage"", ""selected_evidence_ids"": [""document:3e7520f6096ce557""], ""selected_claim_ids"": [""sq_1:claim_1"", ""sq_2:claim_1"", ""sq_3:claim_1""], ""excluded_evidence_ids"": [""circuit:21:instance:U1400"", ""circuit:21:module_connection:Group 14 · Ethernet/PHY:B_D_ETH_1000_N"", ""circuit:21:module_connection:Group 14 · Ethernet/PHY:B_D_ETH_1000_P"", ""circuit:21:module_connection:Group 14 · Ethernet/PHY:B_D_ETH_100_N"", ""circuit:21:module_connection:Group 14 · Ethernet/PHY:B_D_ETH_100_P"", ""circuit:21:module_connection:Group 14 · Ethernet/PHY:Group 15 · Power/PMIC:GND"", ""circuit:21:module_connection:Group 14 · Ethernet/PHY:Group 17 · Power/PMIC:GND"", ""circuit:21:module_connection:Group 14 · Ethernet/PHY:Group 18 · Power/PMIC:GND"", ""circuit:21:module_connection:Group 14 · Ethernet/PHY:Group 6 · Power/PMIC:GND"", ""circuit:21:module_connection:Group 15 · Power/PMIC:Group 17 · Power/PMIC:GND"", ""circuit:21:module_connection:Group 15 · Power/PMIC:Group 18 · Power/PMIC:GND"", ""circuit:21:net:PHY_MDIN"", ""circuit:21:net:PHY_MDIP"", ""circuit:21:net:PHY_RESET_N_P22.3"", ""circuit:21:net:PHY_WAKE_P21.5"", ""circuit:21:pin_mapping:U1400"", ""document:0d39953c1bdd305d"", ""document:2f8baf0f2ad1d779"", ""document:52442775cd88bf71"", ""document:529a142033d8838a"", ""document:7a6ae2179c8765b3"", ""document:a75146a5b6179e1f"", ""document:aad8bd920bc191c1"", ""document:b6943ae371d76077"", ""document:b97d439391ffdd91"", ""document:b9fa219b0c7e7569"", ""document:d59fddc6838a7925"", ""document:f85bd881bc90ac4e"", ""document:fd689e888c71b6e6""]}",0.15895153857219577,0.0,0.25,not_applicable,0.0,0.0,1.0,0.631578947368421,not_applicable
hw-v1-missing-u1700-price,success,U1700 的替代料和采购单价是多少？,当前知识库只有电路和 HSI 文档，没有 BOM、替代料或价格表证据；只能确认 U1700 的已知料号为 20200424007，不能编造替代料或单价。,"**U1700 的替代料号和采购单价均无直接证据支持，以下为具体缺口说明。**

- **U1700 的替代料号**：无直接证据。现有证据仅显示 U1700 的设计实例为 LP87702-Q1（料号 LP87702RRHBRQ1，封装 pqfn50p5x5x90-32），未提及任何替代料号。**（缺口：缺少 spreadsheet_table 或 document_text 等证据来源）**
- **U1700 及其替代料号的采购单价**：无直接证据。现有证据未包含任何成本或价格信息。**（缺口：缺少 spreadsheet_table 等证据来源）**

**支撑证据**：来源为电路设计文件 `825504380_ADAS_SCH_TCN2.EDF` 中的实例 U1700，记录为 `LP87702-Q1, 20200424007, LP87702RRHBRQ1, pqfn50p5x5x90-32`。该证据仅确认了 U1700 的器件型号和封装，未涉及替代料或单价。","**U1700 的替代料号和采购单价均无直接证据支持，以下为具体缺口说明。**

- **U1700 的替代料号**：无直接证据。现有证据仅显示 U1700 的设计实例为 LP87702-Q1（料号 LP87702RRHBRQ1，封装 pqfn50p5x5x90-32），未提及任何替代料号。**（缺口：缺少 spreadsheet_table 或 document_text 等证据来源）**
- **U1700 及其替代料号的采购单价**：无直接证据。现有证据未包含任何成本或价格信息。**（缺口：缺少 spreadsheet_table 等证据来源）**

**支撑证据**：来源为电路设计文件 `825504380_ADAS_SCH_TCN2.EDF` 中的实例 U1700，记录为 `LP87702-Q1, 20200424007, LP87702RRHBRQ1, pqfn50p5x5x90-32`。该证据仅确认了 U1700 的器件型号和封装，未涉及替代料或单价。","[""Instance U1700: LP87702-Q1, 20200424007, LP87702RRHBRQ1, pqfn50p5x5x90-32."", ""<table><caption> Device Information</caption>\n<tr><td colspan=3 rowspan=3 >Part Number Current Rating Package TPS62870-Q1 6A TPS62871-Q1 9A RXS (VQFN-FCRLF, TPS62872-Q1 12 A 16) TPS62873-Q1 15 A</td></tr>\n\n</table>"", ""\nNone：YYYY年MM月DD日发布\nReleased on DD/MM/YYYY; 文件编号File No：6XXXXXXXX_BBB_HW_IP_00X\n保存期限：产品生命周期加1个日历年；如属安全件，保存15个日历年以上\nRetention period:Product life cycle +1 calendar year.\nIf it is a safety part, keep it for more than 15 calendar years\n密级：内部\nSecurity level：Internal：YYYY年MM月DD日实施\nImplemented on DD/MM/YYYY ——封面Cover\nNone：北京经纬恒润科技股份有限公司\nBeijing Jingwei Hirain Technologies Co., Inc. ——封面Cover\nECU Connector：Pin No.; None：Pin Desc.; None：Signal Type; HW Interface Component ：ASIL; None：HW ID / Name; None：Characteristic; MCU Component ：HW ID; None：Pin ASIL; None：Trace; None：MCU Pin; None：Port Pin; None：Pin Name; None：Pin Function; None：Peripheral; None：Register; None：Direction; None：Function\nDescription; None：Default status after reset release; None：Standby/sleep state Settings ——Port1\nMCU Component ：/ Name; None：Solution ID; None：No.; None：Group; None：Name / Channel; None：Name ——Port1\nECU Connector：X1900-1; None：UBD; None：POWER; HW Interface Component ：QM; None：F06/KL30 sample; None：UBD供电要求范围：9~16VDC，要求MCU通过ADC对UBD电源电压进行采样和监控，实现电源管理功能。; MCU Component ：F01/ MCU; None：QM; None：K5; None：P00.10; None：P00.10/GTM_TIM4_IN1_11/GTM_TIM1_IN1_1/GTM_TIM0_IN1_1/GTM_TOUT19/EVADC_G9CH2; None：GPIO; None：MCU_UB_SW_P00.10; None：/; None：O; None：KL30电源电压ADC采样控制信号\n高：打开通道，ADC可以采集\n低：关闭通道，ADC不可以采集; None：HI-Z，硬件外部下拉; None：—; SW Variable Name or SW Function Name：— ——Port1"", ""VOUT(VIN - VoUT\nIL(PP) = VU(NxLxW)"", ""\nNone：MCU采样EQ6l系统的VCC0V75_MIPI_DDR电源电压\n精度要求：0V75±5%; MCU Component ：F01/ MCU; None：B; None：W4; None：AN18; None：AN18/P40.11/SENT_SENT11A/EVADC_G11CH8/EVADC_G2CH2; None：ADC，分辨率10bit; None：0V75_MIPI_DDR_ACQ; None：/; None：I; None：0V75_MIPI_DDR电压采样\nU0V75_MIPI_DDR_ACQ=3.3*ADC值/1024\n硬件滤波截止频率：≥121.7Hz\n硬件滤波时间：≤1.6ms\n精度要求：0.75V±5%; None：HI-Z; None：—; SW Variable Name or SW Function Name：— ——Port1\nNone：MCU采样摄像头系统的3.3V电源电压，精度要求：3V3±5%; MCU Component ：F01/ MCU; None：B; None：T7; None：AN12; None：AN12/EVADC_G1CH4/EDSADC_EDS0PB; None：ADC，分辨率10bit; None：VCC3V3_CAM_ACQ; None：/; None：I; None：索尼摄像头模组电源3.3V电压采样。\nCAM 3V3电压采样\nU3V3_CAM_ACQ=3.3*ADC值/1024\nU3V3_CAM=U3V3_CAM_ACQ/分压比，分压比=1/2\n精度要求：3.3V±5%; None：HI-Z; None：—; SW Variable Name or SW Function Name：— ——Port1\nNone：MCU采样摄像头的1V1电源电压，精度要求：1~1.2V; MCU Component ：F01/ MCU; None：B; None：W6; None：AN13; None：AN13/EVADC_G1CH5/EDSADC_EDS0NB; None：ADC，分辨率10bit; None：VCC1V1_CAM_ACQ; None：/; None：I; None：索尼摄像头模组电源1.1V电压采样。\nU1V1_ACQ=3.3*ADC值/1024\n精度：1~1.2V\n硬件滤波截止频率：≥121.7Hz\n硬件滤波时间：≤1.6ms; None：HI-Z; None：—; SW Variable Name or SW Function Name：— ——Port1"", ""<table><tr><td>模块序号\nModule number</td><td>模块名称\nModule name</td><td>功能定义\nFunction definition.</td><td>功能安全需求\nFunctional safety requirements</td></tr><tr><td>F01</td><td>MCU</td><td>SAK-TC377TP-96F300S AA</td><td>B(B)</td></tr><tr><td>F02</td><td>EYEQ6-L</td><td>EYEQ6-L，用于sensor的视频处理</td><td>B</td></tr><tr><td>F03</td><td>EYEQ6_LPDDR4</td><td>EQ6的1GB LPDDR4</td><td>B</td></tr><tr><td>F04</td><td>EYEQ6_NAND FLASH</td><td>EQ6的2Gb NAND FLASH</td><td>B</td></tr><tr><td>F05</td><td>CAM SENSOR</td><td>Sony 728摄像头模组</td><td>B</td></tr><tr><td>F06</td><td>KL30 sample</td><td>KL30电压采样</td><td>QM</td></tr><tr><td>F07</td><td>KL15 sample</td><td>KL15电压采样</td><td>QM</td></tr><tr><td>F08</td><td>EQ system power sample1</td><td>EQ6L系统供电电源电压ADC采样滤波、分压电路</td><td>B(B)</td></tr><tr><td>F09</td><td>ETH and CAN power sample2</td><td>CAN和ETH电源电压ADC采样滤波、分压电路</td><td>QM</td></tr><tr><td>F10</td><td>NTC temp sensor</td><td>NTC温度传感器，监控EQ6L/LPDDR4周边环境温度。</td><td>B</td></tr><tr><td>F11</td><td>KL30 EMI</td><td>KL30供电口EMI滤波电路.</td><td>B</td></tr><tr><td>F12</td><td>POWER</td><td>LN10046，KL30电源转VCC3V3电源</td><td>B</td></tr><tr><td>F13</td><td>POWER</td><td>LP87702，VCC3V3电压输入，VCC1V1、VCC1V8、VCC50电压输出</td><td>QM(B)</td></tr><tr><td>F14</td><td>POWER</td><td>TPS62872，VCC3V3电压输入，VCC0V75电压输出</td><td>QM(B)</td></tr><tr><td>F15</td><td>POWER</td><td>SA23002，VCC3V3输入，VCC0V75电压输出</td><td>QM(B)</td></tr><tr><td>F16</td><td>POWER</td><td>TPS22918负载开关，VCC3V3电压输入，VCC3V3_EQ输出</td><td>QM(B)</td></tr><tr><td>F17</td><td>POWER</td><td>TPS22918负载开关，VCC3V3输入，VCC3V3_ETH输出</td><td>QM</td></tr><tr><td>F18</td><td>overvoltage protect</td><td>用于MCU电源VCC3V3_MCU的外部过压保护</td><td>B</td></tr><tr><td>F19</td><td>POWER</td><td>TPS22918 负载开关，VCC1V8电压输入，VCC1V8_EQ电压输出</td><td>QM(B)</td></tr><tr><td>F20</td><td>CAN3</td><td>基于TCAN1145的CAN通讯，硬件支持特定报文唤醒</td><td>QM</td></tr><tr><td>F21</td><td>CAN2</td><td>基于TCAN1044A的CAN通讯.</td><td>QM</td></tr><tr><td>F22</td><td>CAN1</td><td>基于TCAN1044A的CAN通讯</td><td>QM</td></tr><tr><td>F23</td><td>CAN0</td><td>基于TCAN1044A的CAN通讯.</td><td>QM</td></tr><tr><td>F24</td><td>ETH</td><td>基于DP83TC812R的100BASE-T1通讯</td><td>QM</td></tr><tr><td>F25</td><td>Wake up</td><td>唤醒源和一级电源使能电路设计</td><td>QM</td></tr><tr><td>F26</td><td>watchdog</td><td>LP87702的看门狗功能，用于监控MCU运行状态</td><td>B</td></tr><tr><td>F27</td><td>POWER</td><td>VCC3V3_MCU转VCC1V25_MCU电压，由MCU的EVRC进行控制。</td><td>B</td></tr><tr><td>F28</td><td>level translation</td><td>3V3和1V8双向电压转换芯片</td><td>QM</td></tr></table>"", ""<table><tr><td></td></tr></table>"", ""<table><tr><td>HM ID</td><td>F14</td></tr><tr><td>模块功能 \nModule Function</td><td>VCC3V3转VCC0V75应用于EQ6的内核供电，要求输出电流能力大，现选型TI的方案TPS62872。\nVCC3V3 to VCCOV75 is applied to the kernel power supply of EQ6, which requires large output current capacity. TI's scheme TPS62872 is selected.</td></tr><tr><td>模块框图\nModule diagram</td><td></td></tr><tr><td>模块方案\nModule solution</td><td>\t采用TPS62872电源芯片，将VCC3V3转换为VCC0V75，提供给EQ6核电供电。用MCU的P22.0引脚使能芯片，用MCU_SDA_P15.5，MCU_SCL_P15.4引脚I2C通信来设置输出电压和通信。\nTPS62872 power chip is used to convert VCC3V3 to VCCOV75, which is supplied to EQ nuclear power supply. P22.0 pin of MCU is used to enable chip, MCU_SDA_P15.5, MCU_SCL_P15.4 pin I2C communication is used to set output voltage and communication. +</td></tr></table>"", ""<table><caption> Table9-5.DefaultOutputVoltageSetpoints</caption>\n<tr><td  >VSEL Pin(1)</td><td  >Device Number</td><td  >VSET[7:0]</td><td  >Output Voltage Setpoint</td></tr>\n<tr><td></td><td  >TPS6287x-Q1</td><td  >0x5a</td><td  >850 mV</td></tr>\n<tr><td></td><td  >TPS6287xY0-Q1</td><td  >0x50</td><td  >800 mV</td></tr>\n<tr><td></td><td  >TPS6287xY1-Q1</td><td  >0x14</td><td  >500 mV</td></tr>\n<tr><td></td><td  >TPS6287xY2-Q1</td><td  >0x64</td><td  >1800 mV</td></tr>\n<tr><td  >6.2 kQ to GND</td><td  >TPS6287xY3-Q1</td><td  >0x52</td><td  >810 mV</td></tr>\n<tr><td></td><td  >TPS6287xN0-Q1</td><td  >0x14</td><td  >500 mV</td></tr>\n<tr><td></td><td  >TPS6287xN1-Q1</td><td  >0x50</td><td  >800 mV</td></tr>\n<tr><td></td><td  >TPS6287xN2-Q1</td><td  >0x64</td><td  >1800 mV</td></tr>\n</table>"", ""\nECU Connector：X190011\nX1900-10; None：CAN1L\nCAN1H; None：CAN Communction; HW Interface Component ：QM; None：F22/CAN1; None：CAN1外挂TCAN1044A收发器，支持速率为：\nCAN：500Kbps\nCANFD：2/5/8Mbps\n支持兼容TCAN1145/TJA1043; MCU Component ：F01/ MCU; None：QM; None：F19; None：P20.7; None：P20.7/GTM_TIM3_IN7_5/GTM_TIM2_IN7_5/GTM_TIM1_IN5_8/CAN00_RXDB/GTM_TOUT63/CAN12_TXD; None：CAN12_TXD; None：MCU_CAN1_TXD_P20.7; None：/; None：O; None：CAN1信号输出; None：HI-Z; None：—; SW Variable Name or SW Function Name：— ——Port1\nMCU Component ：F01/ MCU; None：QM; None：F17; None：P20.6; None：P20.6/GTM_TIM3_IN6_5/GTM_TIM2_IN6_5/CAN12_RXDA/GTM_TOUT62/QSPI0_SLSO8/QSPI2_SLSO8; None：CAN12_RXDA; None：MCU_CAN1_RXD_P20.6; None：/; None：I; None：CAN1信号输入; None：HI-Z,硬件外部上拉; None：—; SW Variable Name or SW Function Name：— ——Port1\nMCU Component ：F01/MCU; None：QM; None：H1; None：P00.2; None：P00.2/GTM_TIM5_IN6_11/GTM_TIM3_IN1_2/GTM_TOUT11/PSI5_TX0/CAN03_TXD/QSPI3_SLSO4/EVADC_G9CH10; None：GPIO/QSPI3_SLSO4; None：CAN1_STB_MCU_SPI3_CS4_P00.2; None：/; None：O; None：当贴TCAN1044A时：CAN1待机控制信号：\n高：进入STANDBY模式\n低：退出STANDBY模式\n当贴TCAN1145时：CAN1 SPI3片选信号：\n高：释放设备\n低：选中设备; None：HI-Z; None：—; SW Variable Name or SW Function Name：— ——Port1"", ""\nNone：MCU采样摄像头的1V8电源电压，精度要求：1.7~1.9V; MCU Component ：F01/ MCU; None：B; None：U6; None：AN14; None：AN14/EVADC_G1CH6/EDSADC_EDS3PB; None：ADC，分辨率10bit; None：VCC1V8_CAM_ACQ; None：/; None：I; None：索尼摄像头模组电源1.8V电压采样。\nU1V8_CAM_ACQ=3.3*ADC值/1024\n精度：1.7~1.9V\n硬件滤波截止频率：≥121.7Hz\n硬件滤波时间：≤1.5ms; None：HI-Z; None：—; SW Variable Name or SW Function Name：— ——Port1\nNone：Config; MCU Component ：F01/ MCU; None：QM; None：H19; None：P20.2; None：P20.2/TESTMODE; None：TESTMODE; None：—; None：/; None：I; None：TESTMODE：\n高：正常工作模式\n低：英飞凌内部测试模式; None：HI-Z，硬件外部上拉; None：—; SW Variable Name or SW Function Name：— ——Port1\nNone：Config; MCU Component ：F01/ MCU; None：B; None：A14; None：P14.5; None：P14.5/GTM_TIM1_IN0_4/GTM_TIM0_IN0_4/PMS_HWCFG1IN/GTM_DTMA2_0/GTM_TOUT85/ERAY0_TXD; None：PMS_HWCFG1IN; None：—; None：/; None：I; None：EVR33控制内部3.3V电压转换:\n高：内部使用5V转换为3.3V电压\n低：禁止5V转换为3.3V电压; None：HI-Z，硬件外部下拉; None：—; SW Variable Name or SW Function Name：— ——Port1"", ""\nECU Connector：X2000-47; None：EQ6L的UART0串口，预留外部调试以及和MCU进行通讯。; MCU Component ：F01/ MCU; None：QM; None：C1; None：P02.2; None：P02.2/ASCLIN1_ATX/QSPI3_SLSO3/PSI5_TX0/CAN02_TXD/ERAY0_TXDB; None：ASCLIN1_ATX; None：EQ6L_UART0_RX; None：/; None：O; None：EQ接收UARTA数据; None：HI-Z，硬件外部上拉; None：—; SW Variable Name or SW Function Name：— ——Port1\nECU Connector：X2103-48; MCU Component ：F01/ MCU; None：QM; None：D2; None：P02.3; None：P02.3/ERAY0_RXDB2/CAN02_RXDB/ASCLIN1_ARXG/PSI5_RX0B/ASCLIN2_ASLSO/QSPI3_SLSO4; None：ASCLIN1_ARXG; None：EQ6L_UART0_TX; None：/; None：I; None：EQ发送UARTA数据; None：HI-Z，硬件外部上拉; None：—; SW Variable Name or SW Function Name：— ——Port1\nNone：MCU的UART串口，预留外部调试; MCU Component ：F01/ MCU; None：QM; None：J4; None：P00.6; None：P00.6/GTM_TIM3_IN5_1/GTM_TIM3_IN1_14/GTM_TIM2_IN5_1/GTM_TOUT15/EVADC_G9CH6; None：GPIO; None：MCU_UART_RX; None：/; None：I; None：MCU接收UART数据; None：HI-Z，硬件外部上拉; None：—; SW Variable Name or SW Function Name：— ——Port1\nMCU Component ：F01/ MCU; None：QM; None：K1; None：P00.7; None：P00.7/GTM_TIM3_IN6_1/GTM_TIM3_IN2_11/GTM_TIM2_IN6_1/GPT120_T2INA/GTM_TOUT16/EVADC_G9CH5; None：GPIO; None：MCU_UART_TX; None：/; None：O; None：MCU发送UART数据; None：HI-Z; None：—; SW Variable Name or SW Function Name：— ——Port1"", ""<table><caption> Table 10-4. List of Recommended Output Capacitors See the Third-Party Products Disclaimer.(1) (17) (18) (19) (20) (21)</caption>\n<tr><td  >Capacitance</td><td  > Dimensions mm (Inch)</td><td  >Voltage Rating</td><td  > Manufacturer, Part Number(1)</td></tr>\n<tr><td  >22 μF ±20%</td><td  >2012 (0805)</td><td  >6.3 V</td><td  >TDK, CGA4J1X7T0J226M125AC</td></tr>\n<tr><td  >22 μF ±10%</td><td  >2012 (0805)</td><td  >6.3 V</td><td  >Murata, GCM31CR71A226KE02</td></tr>\n<tr><td  >47 μF ±20%</td><td  >3216 (1206)</td><td  >4V</td><td  >TDK, CGA5L1X7T0G476M160AC</td></tr>\n<tr><td  >47 μF ±20%</td><td  >2012 (1210)</td><td  >6.3 V</td><td  >Murata, GCM32ER70J476ME19</td></tr>\n<tr><td  >100μF ±20%</td><td  >3225 (1210)</td><td  >4V</td><td  >TDK, CGA6P1X7T0G107M250AC</td></tr>\n<tr><td  >100μF ±20%</td><td  >3216 (1210)</td><td  >6.3 V</td><td  >Murata, GRT32EC70J107ME13</td></tr>\n</table>"", ""<table>\n<tr><td></td><td></td><td></td><td  >MIN</td><td  >NOM</td><td  >MAX</td><td  >UNIT</td></tr>\n<tr><td  >VIN</td><td  >Input voltage</td><td  >VIN SDA, SCL</td><td  >2.7</td><td></td><td  >6 5</td><td  >V</td></tr>\n<tr><td  >VouT</td><td  >Output voltage</td><td></td><td  >0.4</td><td></td><td  >3.35 V or (ViN - 1.4</td><td></td></tr>\n<tr><td></td><td></td><td></td><td></td><td></td><td  >V)(1)</td><td></td></tr>\n<tr><td></td><td></td><td  >TPS62870-Q1</td><td></td><td></td><td  >6</td><td></td></tr>\n<tr><td></td><td></td><td  >TPS62871-Q1</td><td></td><td></td><td  >9</td><td></td></tr>\n<tr><td  >loUT</td><td  >Output current</td><td  >TPS62872-Q1</td><td></td><td></td><td  >12</td><td  >A</td></tr>\n<tr><td></td><td></td><td  >TPS62873-Q1</td><td></td><td></td><td  >15</td><td></td></tr>\n<tr><td></td><td  >Inductance</td><td></td><td  >110</td><td></td><td  >330</td><td  >nH</td></tr>\n<tr><td></td><td></td><td  >fsw≥2.25MHz andVouT≤1.675V</td><td  >55</td><td></td><td  >330</td><td></td></tr>\n</table>"", ""<table><caption> (8) (9) (10) Table 10-3 lists a number of capacitors suitable for this application. This list is not exhaustive and other Table 10-3. List of Recommended Input Capacitors (1) See the Third-Party Products Disclaimer</caption>\n<tr><td  > Capacitance</td><td  >Dimensions mm (Inch)</td><td  >Voltage Rating</td><td  >Manufacturer, Part Number(1)</td></tr>\n<tr><td  >470 nF ±10%</td><td  >1005 (0402)</td><td  >10 V</td><td  >Murata,GCM155C71A474KE36D</td></tr>\n<tr><td  >470 nF ±10%</td><td  >1005 (0402)</td><td  >10 V</td><td  >TDK,CGA2B3X7S1A474K050BB</td></tr>\n<tr><td  >10μF±10%</td><td  >2012 (0805)</td><td  >10V</td><td  >Murata,GCM21BR71A106KE22L</td></tr>\n<tr><td  >10 μF ±10%</td><td  >2012 (0805)</td><td  >10 V</td><td  >TDK, CGA4J3X7S1A106K125AB</td></tr>\n<tr><td  >22 μF ±10%</td><td  >3216 (1206)</td><td  >10 V</td><td  >Murata,GCM31CR71A226KE02L</td></tr>\n<tr><td  >22 μF ±20%</td><td  >3216 (1206)</td><td  >10 V</td><td  >TDK,CGA5L1X7S1A226M160AC</td></tr>\n</table>"", ""[L(PP)}\n（△loUT +\nloUT × tt\nNΦ\nCoUT(min)(sat) = △Vour\n(1 + TOLIND)\n2 x VouT\n2"", ""D = 0.973.3 = 0.253\n0.75""]","{""original_context_count"": 17, ""original_context_characters"": 13121, ""scored_context_count"": 8, ""scored_context_characters"": 6007, ""contexts_truncated"": true, ""context_selection"": ""claim_coverage"", ""selected_evidence_ids"": [""document:29cc1a9be32b6d7f""], ""selected_claim_ids"": [""sq_1:claim_1""], ""excluded_evidence_ids"": [""document:0eb6659a764f4d29"", ""document:164e966ead8b523d"", ""document:22bf3d58fa1f3273"", ""document:2fb73f629dc36cc6"", ""document:34b0244676e92e5a"", ""document:3862b04ac47a9499"", ""document:4e638b9fb82d4ad2"", ""document:6a3bd411d529c73f"", ""document:7970eec1b28a0159"", ""document:8729d6e2c254c2be"", ""document:91f27d32c7bf7787"", ""document:dd6d958dffe7c372"", ""document:e6627ad70c8cab97"", ""document:e7b64e57f6f89035"", ""document:fff26d224ab88aef""]}",0.5666645126609171,0.0,0.5,not_applicable,0.0,1.0,1.0,0.6666666666666666,1.0
hw-v1-conflict-main-mcu,success,主控 MCU 是哪颗，型号是什么？,EDF 中 U900 为 SAK-TC367DP-64F300S，即 AURIX TC367；HSI 章节名称写作 TC377 最小系统。回答应披露 TC367 与 TC377 的来源差异，不能合并为无冲突的单一型号。,"主控MCU的型号是 **SAK-TC377TP-96F300S AA**。

**支撑证据**：
- 文档[10]（来源：600608964_ADAS_HSI_0506_1952_shoulin.wang.docx）中明确说明：“32位MCU芯片TC377最小系统模块有SAK-TC377TP-96F300S AA主控芯片”。
- 文档[15]（同上来源）的模块功能定义表中，F01模块“MCU”的功能定义为“SAK-TC377TP-96F300S AA”。","主控MCU的型号是 **SAK-TC377TP-96F300S AA**。

**支撑证据**：
- 文档[10]（来源：600608964_ADAS_HSI_0506_1952_shoulin.wang.docx）中明确说明：“32位MCU芯片TC377最小系统模块有SAK-TC377TP-96F300S AA主控芯片”。
- 文档[15]（同上来源）的模块功能定义表中，F01模块“MCU”的功能定义为“SAK-TC377TP-96F300S AA”。","[""Net CAN0_STB_MCU_SPI3_CS5_P02.8 connects R1126.&1, R1228.&2, R1241.&1, TP1217.&1, U1200.SCSN, U1202.STB, U1203.NSTB."", ""Net CAN1_STB_MCU_SPI3_CS4_P00.2 connects R1233.&2, R1240.&1, TP1227.&1, U1201.STB, U1204.SCSN, U1205.NSTB, U900D.P00.2/SENT_SENT1B/EVADC_G9CH10/ASCLIN3_ASCLK/PSI5_TX0/CAN03_TXD/QSPI3_SLSO4."", ""Net CAN2_STB_MCU_SPI3_CS3_P00.5 connects R1301.&1, R1320.&2, TP1304.&1, U1300.STB, U1302.SCSN, U1303.NSTB, U900D.P00.5/EDSADC_DSCIN2A/SENT_SENT4B/CAN11_RXDB/EVADC_G9CH7/EDSADC_CGPWMN/QSPI3_SLSO3/EDSADC_DSCOUT2/EVADC_FC0BFLOUT/SENT_SPC4."", ""Net CAN3_STB_MCU_SPI3_CS6_P00.8 connects R1310.&1, R1326.&2, TP1310.&1, U1301.STB, U1304.SCSN, U1305.NSTB, U900D.P00.8/SENT_SENT7B/GPT120_T2EUDA/ASCLIN10_ARXB/EVADC_G9CH4/QSPI3_SLSO6/ASCLIN10_ATX/EVADC_EMUX12/SENT_SPC7."", ""Net CAN_EN_MCU_SPI3_MRST_P02.5 connects R1213.&1, R1231.&1, R1318.&1, R1324.&1, TP1119.&1, U900D.P02.5/I2C0_SCLA/PSI5_RX1B/PSI5S_RXB/QSPI3_MRSTA/SENT_SENT3C/CAN0_ECTT2/CAN11_TXD/QSPI3_MRST/I2C0_SCL/ERAY0_TXENB."", ""Net CAN_ERR_MCU_SPI3_CLK_P02.7 connects R1125.&1, TP1216.&1, U1200.SCK, U1203.NERR, U1204.SCK, U1205.NERR, U1302.SCK, U1303.NERR, U1304.SCK, U1305.NERR."", ""Net MCU_1V8_EQ_EN connects R1817.&2, TP1819.&1, U1803.ON, U900E.P20.0/CAN03_RXDC/CBS_TGI0/SCU_E_REQ6_0/GPT120_T6EUDA/ASCLIN3_ATX/ASCLIN3_ASCLK/HSCT0_SYSCLK_OUT/CBS_TGO0."", ""Net MCU_3V3_EQ_EN connects R1818.&2, TP1822.&1, U1802.ON, U900E.P20.3/ASCLIN3_ARXC/GPT120_T6INA/ASCLIN3_ATX/QSPI0_SLSO9/QSPI2_SLSO9/CAN03_TXD, X2000.&13."", ""<table><tr><td>HM ID</td><td>F02/F03/F04/F28</td></tr><tr><td>模块功能 \nModule Function</td><td>EYEQ6-L最小系统组成：外部30MHz晶体给EYEQ6-L提供基本时钟输入，外部20MHz有源晶振提供监控时钟，外扩OSPI接口的2Gb NAND FLASH存储程序，外扩1GB的LPDDR4运存。NXB0104是用于MCU的3V3_SPI和NAND FLASH的1V8_SPI进行电平转换，用于MCU读写NAND FLASH。\nEYEQ6-L minimum system components: an external 30MHz crystal provides the basic clock input for EYEQ6-L, an external 20MHz active crystal provides the monitoring clock, an external 2GbNAND FLASH memory program for OSPI interface, and an external 1GB LPDDR4 operation memory. NXB0104 is used for level conversion of 3V3_SPI of MCU and 1V8-SPI of NAND FLASH for MCU to read and write NAND FLASH.</td></tr><tr><td>模块框图\nModule diagram</td><td></td></tr><tr><td>模块方案\nModule solution</td><td>\n1、处理器\n根据ADAS产品需求图像处理SOC功能安全需要达到ASIL-B，经综合评估选择Mobileye产品EYEQ6-L，最高功能安全可达到ASIL-B，接口资源丰富。\n1.Processor\nAccording to the requirements of ADAS products, the functional safety of image processing SOC needs to reach ASIL-B. After comprehensive evaluation, Mobileye product EYEQ6-L is selected, and the highest functional safety can reach ASIL-B with abundant interface resources. +\n2、时钟\n硬件选型30MHz晶振给EYEQ6-L提供时钟输入，由其内部PLL等电路完成倍频、分频，供其内核和各模块使用。外部20MHz有源晶振作为内部监控时钟。\n2.Clock\nThe 30MHz crystal provides clock input to the EYEQ6-L, and its internal PLL circuit completes frequency multiplication and frequency division for the EyeQ6-L core and each module. The external 20MHz active crystal is energized as an internal monitoring clock.\n3、DDR\nEYEQ6在外扩的DDR中运行程序和存储临时数据，其DDR控制器可支持32bits位宽的LPDDR4 SDRAM，最大读写速率4266 Mb/s/pin 。本设计中选用1片32bit的LPDDR4 SDRAM，型号为车规级器件K4F8E3S4HD-GHCL02V，以充分利用数据带宽，保证EYEQ6的处理速度，LPDDR4工作环境温度为-40℃~105℃，单片总容量1GB。\n3.DDR\nEYEQ6 runs programs and stores temporary data in the extended DDR. Its DDR controller supports LPDDR4 SDRAM with 32bits wide and a maximum read/write rate of 4266Mb/s/pin. In this design, a 32bit LPDDR4 SDRAM is selected, the model is car grade device K4F8E3S4HD-GHCLO2V, in order to make full use of the data bandwidth and ensure the processing speed of EYEQ6. The working environment temperature of LPDDR4 is -40℃-105℃, and the total capacity of a single chip is 1GB.\n\n\n4、NAND FLASH\n选择ME推荐的WinBond公司产品W35N02JWTBKF，容量2Gb，FLASH支持CRC安全机制。\nNXB0104是用于MCU的3V3_ SPI和NAND FLASH的1V8_ SPI进行电平转换，通过MCU_SPI1_CS片选电平转换芯片，实现MCU对NAND FLASH的读写操作，转换芯片在本应用场景下支持最大传输速率80Mbps。\nNAND FLASH\nChoose the WinBond company product W35N02JWTBKF recommended by ME, with a capacity of 2Gb and FLASH supporting CRC security mechanism. \nNXB0104 is used for the level conversion of 3V3_SPI of MCU and 1V8_SPI of NAND FLASH. The level conversion chip is selected by MCU_SPI1_CS chip to realize the reading and writing operation of MCU to NAND FLASH. The converter chip supports a maximum transmission rate of 80Mbps in this application scenario. \n5、电源和复位\nEYEQ6-L需要6路电源：VCC3V3_EQ、VCC0V75、0V75_MIPI_DDR、VCC1V8、VCC1V1、VCC1V8_EQ，其中VCC0V75用于给内核供电。复位信号由MCU通过P02.4口进行控制。\nPower and reset\nEYEQ6-L requires six power sources: VCC3V3-EQ, VCCOV75, OV75_MIPI_DDR, VCC1V8, VCC1V1, VCC1V8_EQ, where VCCOV75 is used to power the core. The reset signal is controlled by the MCU through the P02.4 pin.</td></tr></table>"", ""<table><tr><td>HM ID</td><td>F01</td></tr><tr><td>模块功能 \nModule Function</td><td>32位MCU芯片TC377最小系统模块有SAK-TC377TP-96F300S AA主控芯片和晶体、硬件配置组成，实现SAK-TC377TP-96F300S AA最小硬件系统工作单元，功能安全等级最高可达到ASIL-D，满足应用要求。\n32-bit MCU chip TC377 minimum system module has SAK-TC377TP-96F300S AA main control chip and crystal, hardware configuration, to achieve SAK-TC377TP-96F300S AA minimum hardware system work unit, functional safety level up to ASIL-D, meet the application requirements. </td></tr><tr><td>模块框图\nModule diagram</td><td></td></tr><tr><td>模块方案\nModule solution</td><td>处理器\n根据ADAS产品需求，综合评估选型为32位MCU芯片SAK-TC377TP-96F300S AA， MCU接口资源丰富，功能安全等级最高可达到ASIL-D，满足应用要求。\nProcessor \nAccording to ADAS product requirements, 32-bit MCU chip SAK-TC377TP-96F300S AA is selected through comprehensive evaluation, which has rich MCU interface resources and the highest functional safety level can reach ASIL-D to meet application requirements\n时钟设计\n硬件选型20MHz晶振给MCU提供时钟输入，由其内部PLL等电路完成倍频、分频，供其内核和各模块使用。\nClock design\nHardware selection of clock design 20MHz crystal oscillator provides clock input to MCU, and its internal PLL and other circuits complete frequency doubling and frequency division for its kernel and each module.\n复位及watchdog\n系统复位及看门狗芯片采用LP87702内部看门狗，喂狗方式为窗口喂狗，当喂狗窗口无有效喂狗次数超过OTP配置时，将触发整个系统复位。\na)\t上电时，看门狗芯片对MCU启动过程进行监控，同时对MCU的电源VCC3V3电压进行低压监控，异常时主动复位MCU。\nb)\t运行过程中由看门狗监控MCU运行状态，当MCU程序跑飞时看门狗超时触发复位信号主动复位MCU。\nReset and watchdog\nThe system reset and watchdog chip adopts LP87702 internal watchdog, and the feeding method is window feeding. When the number of effective dog feeding in the feeding window exceeds the OTP configuration, the whole system reset will be triggered. \n When powering on, the watchdog chip monitors the start-up process of MCU, and at the same time, it monitors the low voltage voltage of MCU's power supply VCC3V3, and actively resets MCU when abnormal. \n MCU running status is monitored by watchdog during operation. When MCU program runs, watchdog timeout triggers reset signal and actively reset MCU.\n电源需求\nMCU需要1路VCC3V3_MCU（精度：3.3V±10%）和1路VCC1V25_MCU（精度：1.2-1.35V）供电。\n4. Power demand\nThe MCU needs 1 channel VCC3V3_MCU (accuracy: 3.3V±10%) and 1 channel VCC1V25_MCU (accuracy: 1.2-1.35V) power supply.</td></tr></table>"", ""\nSheet名称：0_Instruction Manual; 内容摘要：使用说明; 项目适配说明：nan ——0_Instruction Manual\nSheet名称：1_Face; 内容摘要：文档封面页; 项目适配说明：需要根据实际项目更新编号，\n明确并修改xxx的型号 ——0_Instruction Manual\nSheet名称：2_Sign; 内容摘要：本文档的当前状态、编制、审核和批准人员的信息; 项目适配说明：需要根据具体项目，更新文档\n的当前状态，编制、审核和批准人员的信息等 ——0_Instruction Manual\nSheet名称：3_Overview; 内容摘要：说明本文档的目的，适用对象和应用范围; 项目适配说明：无须确认和更新，仅用于了解 ——0_Instruction Manual\nSheet名称：4_Change History1; 内容摘要：本文档模板的变更履历; 项目适配说明：填写本文档模板的变更内容 ——0_Instruction Manual\nSheet名称：5_Change History2; 内容摘要：结合实际项目，安全机制的变更履历; 项目适配说明：填写本文档安全机制的变更内容 ——0_Instruction Manual\nSheet名称：6_Reference Document; 内容摘要：导出安全机制的参考文档; 项目适配说明：根据实际项目，需参考最新的\n数据手册和安全手册 ——0_Instruction Manual\nSheet名称：7_Definition&Arch; 内容摘要：xxx系列产品的定义及架构; 项目适配说明：需要需求开发人员在开发需求之前了解xxx系列产品的定义及架构 ——0_Instruction Manual\nSheet名称：8_SG&FSR; 内容摘要：xxx系列产品的假设\n安全目标和FSR; 项目适配说明：需要需求开发人员在开发需求\n前了解xxx系列产品的安全目标和FSR ——0_Instruction Manual"", ""\nECU Connector：X2000-59; MCU Component ：F01/MCU; None：B; None：D19; None：P20.12; None：P20.12/GTM_TIM3_IN0_5/GTM_TIM2_IN0_5/QSPI0_MRSTA/GTM_TOUT68/QSPI0_MRST/QSPI0_MTSR; None：QSPI0_MRST; None：MCU_SPI0_MRST_P20.12; None：/; None：O; None：MCU向EQ发送数据\nMCU配置为内置下拉（SPI模式配置为：极性CPOL=0，相位CPHA=1）\n; None：HI-Z; None：—; SW Variable Name or SW Function Name：— ——Port1\nECU Connector：X2000-53; MCU Component ：F01/MCU; None：B; None：C20; None：P20.14; None：P20.14/GTM_TIM3_IN2_4/GTM_TIM2_IN2_4/QSPI0_MTSRA/GTM_TOUT70/QSPI0_MTSR; None：QSPI0_MTSRA; None：MCU_SPI0_MTSR_P20.14; None：/; None：I; None：EQ向MCU发送数据\nMCU配置为内置下拉（SPI模式配置为：极性CPOL=0，相位CPHA=1）; None：HI-Z; None：—; SW Variable Name or SW Function Name：— ——Port1\nECU Connector：X2000-58; None：SPI Communction; HW Interface Component ：B; None：F02/EYEQ6L; None：MCU_SPI2（master）\nEQ6L_SPI1（slave）\n速率：10Mbps; MCU Component ：F01/MCU; None：B; None：D15; None：P15.7; None：P15.7/GTM_TIM1_IN1_5/GTM_TIM0_IN1_5/QSPI2_MRSTB/GTM_TOUT78/QSPI2_MRST; None：QSPI2_MRSTB; None：MCU_SPI2_MRST_P15.7; None：/; None：I; None：EQ向MCU发送数据\nMCU配置为内置下拉（SPI模式配置为：极性CPOL=0，相位CPHA=1）; None：HI-Z; None：—; SW Variable Name or SW Function Name：— ——Port1"", ""\nMCU Component ：F01/MCU; None：B; None：T1; None：VAREF2; None：VAREF2; None：POWER; None：VCC3V3_MCU; None：/; None：/; None：3V3供电，MCU ADC参考电源; None：/; None：—; SW Variable Name or SW Function Name：— ——Port1\nMCU Component ：F01/MCU; None：B; None：T11; None：VEVRSB; None：VEVRSB; None：POWER; None：VCC3V3_MCU; None：/; None：/; None：3V3供电，备用域电源; None：/; None：—; SW Variable Name or SW Function Name：— ——Port1\nNone：GND; None：POWER; None：MCU的GND; MCU Component ：F01/MCU; None：NA; None：Y4; None：VSSM; None：VSSM; None：GND; None：GND; None：/; None：/; None：/; None：/; None：—; SW Variable Name or SW Function Name：— ——Port1\nMCU Component ：F01/MCU; None：NA; None：Y7; None：VAGND1; None：VAGND1; None：GND; None：GND; None：/; None：/; None：/; None：/; None：—; SW Variable Name or SW Function Name：— ——Port1\nMCU Component ：F01/MCU; None：NA; None：T2; None：VAGND2; None：VAGND2; None：GND; None：GND; None：/; None：/; None：/; None：/; None：—; SW Variable Name or SW Function Name：— ——Port1\nMCU Component ：F01/MCU; None：NA; None：B2; None：VSS1; None：VSS1; None：GND; None：GND; None：/; None：/; None：/; None：/; None：—; SW Variable Name or SW Function Name：— ——Port1\nMCU Component ：F01/MCU; None：NA; None：D4; None：VSS2; None：VSS2; None：GND; None：GND; None：/; None：/; None：/; None：/; None：—; SW Variable Name or SW Function Name：— ——Port1"", ""\nHW Interface Component ：B; None：F32/POWER; None：1V25用于MCU核供电，精度：±10%\n由MCU的EVRC进行控制; MCU Component ：F01/MCU; None：B; None：Y17; None：P32.0; None：P32.0/GTM_TIM3_IN2_5/GTM_TIM2_IN2_5/GTM_TOUT36/VGATE1N; None：GPIO; None：——; None：/; None：O; None：MCU1.25V电源驱动信号; None：/; None：—; SW Variable Name or SW Function Name：— ——Port1\nMCU Component ：F01/MCU; None：B; None：W17; None：P32.1; None：P32.1/GTM_TIM3_IN3_15/GTM_TOUT37/VGATE1P; None：GPIO; None：——; None：/; None：O; None：MCU1.25V电源驱动信号; None：/; None：—; SW Variable Name or SW Function Name：— ——Port1\nMCU Component ：F01/MCU; None：B; None：P8; None：VDD; None：VDD; None：POWER; None：VCC1V25_MCU; None：/; None：/; None：1V25供电，MCU核电源域; None：/; None：—; SW Variable Name or SW Function Name：— ——Port1\nMCU Component ：F01/MCU; None：B; None：P13; None：VDD; None：VDD; None：POWER; None：VCC1V25_MCU; None：/; None：/; None：1V25供电，MCU核电源域; None：/; None：—; SW Variable Name or SW Function Name：— ——Port1\nMCU Component ：F01/MCU; None：B; None：N7; None：VDD; None：VDD; None：POWER; None：VCC1V25_MCU; None：/; None：/; None：1V25供电，MCU核电源域; None：/; None：—; SW Variable Name or SW Function Name：— ——Port1"", ""<table><tr><td>模块序号\nModule number</td><td>模块名称\nModule name</td><td>功能定义\nFunction definition.</td><td>功能安全需求\nFunctional safety requirements</td></tr><tr><td>F01</td><td>MCU</td><td>SAK-TC377TP-96F300S AA</td><td>B(B)</td></tr><tr><td>F02</td><td>EYEQ6-L</td><td>EYEQ6-L，用于sensor的视频处理</td><td>B</td></tr><tr><td>F03</td><td>EYEQ6_LPDDR4</td><td>EQ6的1GB LPDDR4</td><td>B</td></tr><tr><td>F04</td><td>EYEQ6_NAND FLASH</td><td>EQ6的2Gb NAND FLASH</td><td>B</td></tr><tr><td>F05</td><td>CAM SENSOR</td><td>Sony 728摄像头模组</td><td>B</td></tr><tr><td>F06</td><td>KL30 sample</td><td>KL30电压采样</td><td>QM</td></tr><tr><td>F07</td><td>KL15 sample</td><td>KL15电压采样</td><td>QM</td></tr><tr><td>F08</td><td>EQ system power sample1</td><td>EQ6L系统供电电源电压ADC采样滤波、分压电路</td><td>B(B)</td></tr><tr><td>F09</td><td>ETH and CAN power sample2</td><td>CAN和ETH电源电压ADC采样滤波、分压电路</td><td>QM</td></tr><tr><td>F10</td><td>NTC temp sensor</td><td>NTC温度传感器，监控EQ6L/LPDDR4周边环境温度。</td><td>B</td></tr><tr><td>F11</td><td>KL30 EMI</td><td>KL30供电口EMI滤波电路.</td><td>B</td></tr><tr><td>F12</td><td>POWER</td><td>LN10046，KL30电源转VCC3V3电源</td><td>B</td></tr><tr><td>F13</td><td>POWER</td><td>LP87702，VCC3V3电压输入，VCC1V1、VCC1V8、VCC50电压输出</td><td>QM(B)</td></tr><tr><td>F14</td><td>POWER</td><td>TPS62872，VCC3V3电压输入，VCC0V75电压输出</td><td>QM(B)</td></tr><tr><td>F15</td><td>POWER</td><td>SA23002，VCC3V3输入，VCC0V75电压输出</td><td>QM(B)</td></tr><tr><td>F16</td><td>POWER</td><td>TPS22918负载开关，VCC3V3电压输入，VCC3V3_EQ输出</td><td>QM(B)</td></tr><tr><td>F17</td><td>POWER</td><td>TPS22918负载开关，VCC3V3输入，VCC3V3_ETH输出</td><td>QM</td></tr><tr><td>F18</td><td>overvoltage protect</td><td>用于MCU电源VCC3V3_MCU的外部过压保护</td><td>B</td></tr><tr><td>F19</td><td>POWER</td><td>TPS22918 负载开关，VCC1V8电压输入，VCC1V8_EQ电压输出</td><td>QM(B)</td></tr><tr><td>F20</td><td>CAN3</td><td>基于TCAN1145的CAN通讯，硬件支持特定报文唤醒</td><td>QM</td></tr><tr><td>F21</td><td>CAN2</td><td>基于TCAN1044A的CAN通讯.</td><td>QM</td></tr><tr><td>F22</td><td>CAN1</td><td>基于TCAN1044A的CAN通讯</td><td>QM</td></tr><tr><td>F23</td><td>CAN0</td><td>基于TCAN1044A的CAN通讯.</td><td>QM</td></tr><tr><td>F24</td><td>ETH</td><td>基于DP83TC812R的100BASE-T1通讯</td><td>QM</td></tr><tr><td>F25</td><td>Wake up</td><td>唤醒源和一级电源使能电路设计</td><td>QM</td></tr><tr><td>F26</td><td>watchdog</td><td>LP87702的看门狗功能，用于监控MCU运行状态</td><td>B</td></tr><tr><td>F27</td><td>POWER</td><td>VCC3V3_MCU转VCC1V25_MCU电压，由MCU的EVRC进行控制。</td><td>B</td></tr><tr><td>F28</td><td>level translation</td><td>3V3和1V8双向电压转换芯片</td><td>QM</td></tr></table>"", ""\nMCU Component ：F01/MCU; None：B; None：N14; None：VDD; None：VDD; None：POWER; None：VCC1V25_MCU; None：/; None：/; None：1V25供电，MCU核电源域; None：/; None：—; SW Variable Name or SW Function Name：— ——Port1\nMCU Component ：F01/MCU; None：B; None：E15; None：VDD; None：VDD; None：POWER; None：VCC1V25_MCU; None：/; None：/; None：1V25供电，MCU核电源域; None：/; None：—; SW Variable Name or SW Function Name：— ——Port1\nMCU Component ：F01/MCU; None：B; None：H14; None：VDD; None：VDD; None：POWER; None：VCC1V25_MCU; None：/; None：/; None：1V25供电，MCU核电源域; None：/; None：—; SW Variable Name or SW Function Name：— ——Port1\nMCU Component ：F01/MCU; None：B; None：D16; None：VDD; None：VDD; None：POWER; None：VCC1V25_MCU; None：/; None：/; None：1V25供电，MCU核电源域; None：/; None：—; SW Variable Name or SW Function Name：— ——Port1\nMCU Component ：F01/MCU; None：B; None：G13; None：VDD; None：VDD; None：POWER; None：VCC1V25_MCU; None：/; None：/; None：1V25供电，MCU核电源域; None：/; None：—; SW Variable Name or SW Function Name：— ——Port1\nMCU Component ：F01/MCU; None：B; None：G8; None：VDD; None：VDD; None：POWER; None：VCC1V25_MCU; None：/; None：/; None：1V25供电，MCU核电源域; None：/; None：—; SW Variable Name or SW Function Name：— ——Port1""]","{""original_context_count"": 16, ""original_context_characters"": 14824, ""scored_context_count"": 8, ""scored_context_characters"": 2149, ""contexts_truncated"": true, ""context_selection"": ""claim_coverage"", ""selected_evidence_ids"": [""document:df1cc9e82e10ab38""], ""selected_claim_ids"": [""sq_1:claim_1""], ""excluded_evidence_ids"": [""circuit:21:net:CAN0_STB_MCU_SPI3_CS5_P02.8"", ""circuit:21:net:CAN1_STB_MCU_SPI3_CS4_P00.2"", ""circuit:21:net:CAN2_STB_MCU_SPI3_CS3_P00.5"", ""circuit:21:net:CAN3_STB_MCU_SPI3_CS6_P00.8"", ""circuit:21:net:CAN_EN_MCU_SPI3_MRST_P02.5"", ""circuit:21:net:CAN_ERR_MCU_SPI3_CLK_P02.7"", ""circuit:21:net:MCU_1V8_EQ_EN"", ""circuit:21:net:MCU_3V3_EQ_EN"", ""document:03f25b2ba7da50a5"", ""document:23afbde4a2a2d4fb"", ""document:87e0c61422f91bc3"", ""document:aac59875b92ed6b0"", ""document:b3ccd4d870e372c3"", ""document:e6627ad70c8cab97"", ""document:ff2eeeb86c7de1f5""]}",0.1489445099001056,0.33114970204360467,0.2,0.0,0.0,0.0,0.5,0.0,not_applicable
hw-v1-permission-empty-scope,success,U1700 连接到哪些网络？,在无 ADAS 部门权限的上下文中，不应检索到该电路；回答应说明当前知识库中未找到可支撑证据，且不得串库。,当前知识库中未找到可支撑回答的证据。,当前知识库中未找到可支撑回答的证据。,[],"{""original_context_count"": 0, ""original_context_characters"": 0, ""scored_context_count"": 0, ""scored_context_characters"": 0, ""contexts_truncated"": false, ""context_selection"": ""original_order"", ""selected_evidence_ids"": [], ""selected_claim_ids"": [], ""excluded_evidence_ids"": []}",0.5881104882354586,0.0,1.0,not_applicable,not_applicable,not_applicable,not_applicable,not_applicable,1.0
hw-v1-direct-capabilities,success,你好，你能做什么？,应直接介绍自己是硬件资料助手，可协助查询文档、表格和电路信息；不应触发知识库检索。,你好！我是硬件知识库助手，可以协助你查询项目文档、技术表格、电路原理图等信息。如果你有关于硬件设计、元器件选型、电路分析或项目文档的具体问题，欢迎随时提出！,你好！我是硬件知识库助手，可以协助你查询项目文档、技术表格、电路原理图等信息。如果你有关于硬件设计、元器件选型、电路分析或项目文档的具体问题，欢迎随时提出！,[],"{""original_context_count"": 0, ""original_context_characters"": 0, ""scored_context_count"": 0, ""scored_context_characters"": 0, ""contexts_truncated"": false, ""context_selection"": ""original_order"", ""selected_evidence_ids"": [], ""selected_claim_ids"": [], ""excluded_evidence_ids"": []}",0.39236892668794565,0.0,1.0,not_applicable,not_applicable,not_applicable,not_applicable,not_applicable,not_applicable
hw-v1-joint-main-pmic-paraphrase,success,板上最主要的电源管理芯片是谁？说清楚输入、三路输出和软件配置出处。,U1700 LP87702-Q1 从 VCC3V3 取电，关键输出为 VCC1V1、VCC1V8、VCC50，软件配置出处为 HSI 7.2 节。,"板上最主要的电源管理芯片是 **LP87702-Q1**（具体型号 LP87702RRHBRQ1）。

- **输入电压**：VCC3V3（3.3 V）  
  - 来源：证据 10 和 14 均明确说明“LP87702，VCC3V3 电压输入”。VCC3V3 由系统一级 DC‑DC 从 12 V 车载电池转换而来（证据 10），其标称值为 3.3 V。

- **三路输出**：VCC1V8、VCC1V1、VCC50  
  - 来源：证据 10 描述“VCC3V3 转 VCC1V8、VCC1V1、VCC50”，证据 14 的模块列表同样列出这三路输出。

- **软件配置出处**：文档 `600608964_ADAS_HSI_0506_1952_shoulin.wang.docx` 中的“LP87702 配置”部分，具体为 **Table 5‑2 LP87702 Configuration**。  
  - 来源：证据 8 指出“LP87702 配置”和“Table 5‑2 LP87702 Configuration”，并说明运行期间需要 MCU 通过 I²C 配置寄存器。

以上信息均基于直接证据，无缺失项。","板上最主要的电源管理芯片是 **LP87702-Q1**（具体型号 LP87702RRHBRQ1）。

- **输入电压**：VCC3V3（3.3 V）  
  - 来源：证据 10 和 14 均明确说明“LP87702，VCC3V3 电压输入”。VCC3V3 由系统一级 DC‑DC 从 12 V 车载电池转换而来（证据 10），其标称值为 3.3 V。

- **三路输出**：VCC1V8、VCC1V1、VCC50  
  - 来源：证据 10 描述“VCC3V3 转 VCC1V8、VCC1V1、VCC50”，证据 14 的模块列表同样列出这三路输出。

- **软件配置出处**：文档 `600608964_ADAS_HSI_0506_1952_shoulin.wang.docx` 中的“LP87702 配置”部分，具体为 **Table 5‑2 LP87702 Configuration**。  
  - 来源：证据 8 指出“LP87702 配置”和“Table 5‑2 LP87702 Configuration”，并说明运行期间需要 MCU 通过 I²C 配置寄存器。

以上信息均基于直接证据，无缺失项。","[""Instance U1700: LP87702-Q1, 20200424007, LP87702RRHBRQ1, pqfn50p5x5x90-32."", ""<table><caption> Table 9-13. VSET Register Field Descriptions</caption>\n<tr><td  >Bit</td><td  >Field</td><td  >Type</td><td  >Reset</td><td  >Description</td></tr>\n<tr><td  >7-0</td><td  >VSET</td><td  >R/W</td><td  >×</td><td  >Output voltage setpoint (see the range-setting bits in the CONTROL2</td></tr>\n<tr><td></td><td></td><td></td><td></td><td  >register.)</td></tr>\n<tr><td></td><td></td><td></td><td></td><td  >Range 1: Output voltage setpoint = 0.4 V + VSET[7:0] × 1.25 mV Range 2: Output voltage setpoint = 0.4 V + VSET[7:0] × 2.5 mV</td></tr>\n<tr><td></td><td></td><td></td><td></td><td  >Range 3: Output voltage setpoint = 0.4 V + VSET[7:0] × 5 mV</td></tr>\n<tr><td></td><td></td><td></td><td></td><td  >Range 4: Output voltage setpoint = 0.8 V + VSET[7:0] × 10 mV</td></tr>\n<tr><td></td><td></td><td></td><td></td><td  >The state of the VSEL pin during power up determines the reset</td></tr>\n<tr><td></td><td></td><td></td><td></td><td  >value.</td></tr>\n</table>"", ""\nhigh level, LSB = 1.\n9.3.6 Output Voltage Setting\n9.3.6.1 Output Voltage Range\nThe device has four different voltage ranges. The VRANGE[1:0] bits in the CONTROL1 register control which range is active (see Table 9-3). The default output voltage range after device initialization is 0.4 V to 1.675 V in 5-mV steps.\nNote that every change to the VRANGE[1:0] bits must be followed by a write to the VSET register, even if the value of the VSET[7:o] bits does not change. This sequence is required for the device to start to use the new voltage range.\nAlso note that the 0.8-V to 3.35-V range uses a 0.8-V reference and the other ranges use a 0.4-V reference.\nSwitching to and from the 0.8-V to 3.35-V range can therefore cause increased output voltage undershoot or overshoot while the device switches its internal reference.\nIn device variants that do not have I?C, the output voltage range is factory-set to 0.4 V to 1.675 V.\n9.3.6.2OutputVoltageSetpoint\nTogether with the selected range, the VSET[7:0] bits in the VSET register control the output voltage setpoint of the device (see Table 9-4).\nDuring initialization, the device reads the state of the VSEL pin and selects the default output voltage according to Table 9-5. Note that the VSEL pin also selects the I?C target address of the device (see Table 9-10).\nIf the user programs new output voltage setpoint (VOUT[7:0]), output voltage range (VRANGE[1:0]), or soft-start time (SSTIME[1:o]) settings when the device has already begun its soft-start sequence, the device ignores the new values until the soft-start sequence is complete. If the user changes the value of VSET[7:0] during soft start, the device first ramps to the value that VSET[7:0] had when the soft-start sequence began. Then, when soft start is complete, ramps up or down to the new value.\nIf the user changes VOUT[7:0], VRAMP[1:0], or SSTIME[1:0] while EN is low, the device uses the new values the next time the user enables it."", ""\nDuring start-up, the output voltage ramps up to the target value set by the VSEL pin before ramping up or down to any new value programmed to the device over the I2C interface.\n9.3.6.3Non-DefaultOutputVoltageSetpoint\nIf none of the default voltage range or voltage setpoint combinations are suitable for the application, the user can change these device settings through I2C before the user enables the device. Then, when the user pulls the EN pin high, the device starts up with the desired start-up voltage.\nNote that if the user changes the device settings through I?C while the device is ramping, the device ignores the changes until the ramp is complete\n9.3.6.4 Dynamic Voltage Scaling\nIf the user changes the output voltage setpoint while the DC/DC converter is operating, the device ramps up or down to the new voltage setting in a controlled way.\nThe VRAMP[1:0] bits in the CONTROL1 register sets the slew rate when the device ramps from one voltage to another during DVS (see Table 9-6).\nNote that ramping the output to a higher voltage requires additional output current, so that during DvS, the converter must generate a total output current given by:\ndVour lour = lour c) + Cour dVOouT\nwhere\n· lout is the total current the converter must generate while ramping to a higher voltage.\nlouT(Dc) is the DC load current.· Cout is the total output capacitance.\n dVout/dt is the slew rate of the output voltage (programmable in the range 0.5 mV/μs to 10 mV/us).\nFor correct operation, ensure that the total output current during DVS does not exceed the current limit of the device.\n9.3.7 Compensation (CoMP)\nThe CoMP pin is the connection point for an external compensation network. A series-connected resistor and capacitor to GOSNS is sufficient for typical applications. The series-connected resistor also provides enough scope to optimize the loop response for a wide range of operating conditions.\nWhen using multiple devices in a stacked configuration, all devices share a common compensation network, and the COMP pin makes sure there is equal current sharing between them (see Section 9.3.17).\n9.3.8 ModeSelection and Clock Synchronization (MODE/SYNC)\nA high level on the MODE/SYNC pin selects forced PWM operation. A low level on the MODE/SYNC pin selects power save operation, in which, the device automatically transitions between PWM and PFM, according to the load conditions."", ""<table><caption> Table 10-1 lists the operating parameters for this application example. Table10-1.DesignParameters</caption>\n<tr><td  > Symbol </td><td  >Parameter</td><td  >Value</td></tr>\n<tr><td  >VIN</td><td  >Inputvoltage</td><td  >3.3 V</td></tr>\n<tr><td  >VouT</td><td  >Output voltage</td><td  >0.75 V</td></tr>\n<tr><td  >TOLyouT</td><td  >Output voltage tolerance allowed by the application</td><td  >±3.3%</td></tr>\n<tr><td  >TOLDc</td><td  >Output voltage tolerance of the TPS6287x-Q1(DC accuracy)</td><td  >±1%</td></tr>\n<tr><td  >△louT</td><td  >Output current load step</td><td  >±7.5 A</td></tr>\n<tr><td  >tt</td><td  >Load step transition time</td><td  >1 μs</td></tr>\n<tr><td  >fsw</td><td  >Switching frequency</td><td  >2.25 MHz</td></tr>\n<tr><td></td><td  >Inductance</td><td  >110 nH</td></tr>\n<tr><td  >TOLIND</td><td  >Inductor tolerance</td><td  >±20%</td></tr>\n<tr><td  >9m</td><td  >Error amplifier transconductance</td><td  >1.5 mS</td></tr>\n<tr><td></td><td  > Internal timing parameter</td><td  >12.5 μs</td></tr>\n</table>"", ""<table><caption> Table 9-5. Default Output Voltage Setpoints (continued) For a reliable voltage setting, ensure there is no stray current path connected to the VSEL pin and that the parasitic capacitance(1) between the VSEL pin and GND is less than 100 pF.</caption>\n<tr><td  >VSEL Pin(1)</td><td  >Device Number</td><td  >VSET[7:0]</td><td  >Output Voltage Setpoint</td></tr>\n<tr><td  >Short Circuit to GND</td><td  >All, Except TPS6287xN2-Q1</td><td  >0x46</td><td  >750 mV</td></tr>\n<tr><td  >Short Circuit to GND</td><td  >TPS6287XN2-Q1</td><td  >0x4</td><td  >1500 mV</td></tr>\n<tr><td  >Short Circuit to VIN</td><td  >All, Except TPS6287XN2-Q1</td><td  >0x5f</td><td  >875 mV</td></tr>\n<tr><td  >Short Circuit to VIN</td><td  >TPS6287XN2-Q1</td><td  >0x5f</td><td  >1750 mV</td></tr>\n<tr><td></td><td  >TPS6287x-Q1</td><td  >0x78</td><td  >1.0 V</td></tr>\n<tr><td></td><td  >TPS6287xY0-Q1</td><td  >0x82</td><td  >1050</td></tr>\n<tr><td></td><td></td><td></td><td  >mV</td></tr>\n<tr><td></td><td  >TPS6287xY1-Q1</td><td  >0x50</td><td  >800 mV</td></tr>\n<tr><td  >47 kQ to VIn</td><td  >TPS6287xY2-Q1</td><td  >OxFA</td><td  >3300mV</td></tr>\n<tr><td></td><td  >TPS6287xY3-Q1</td><td  >0x78</td><td  >1000 mV</td></tr>\n<tr><td></td><td  >TPS6287XN0-Q1</td><td  >0x82</td><td  >1.050 V</td></tr>\n<tr><td></td><td  >TPS6287xN1-Q1</td><td  >0x58</td><td  >840 mV</td></tr>\n<tr><td></td><td  >TPS6287XN2-Q1</td><td  >0xFA</td><td  >3300 mV</td></tr>\n</table>"", ""\ntd(RAMP) = 500 μs td(RAMP) = 1 ms (default) td(RAMP) = 2 ms td(RAMP) = 4 ms·\nThe device ignores new values until the soft-start sequence is complete if the user programs the following when the device soft-start sequence has already started:\nA new output voltage setpoint (VOuT[7:o]) An output voltage range (VRANGE[1:0]) Soft-start time (SSTIME[1:o]) settings\nIf the user change the value of VSET[7:0] during soft start, the device first ramps to the value that VSET[7:0] had when the soft-start sequence began. Then, when soft start is complete, the device ramps up or down to the new value.\nThe device can start up into a prebiased output. In this case, only a portion of the internal voltage ramp is seen externally (see Figure 9-9).\nNote that the device always operates in DcM during the start-up ramp, regardless of other configuration settings or operating conditions.\n9.3.5SwitchingFrequencySelection\nDuring device initialization, a resistor-to-digital converter in the device determines the state of the FSEL pin and sets the switching frequency of the DC/DC converter according to Table 9-2.\nFor a reliable voltage setting, ensure there is no stray current path connected to the FSEL pin and that the1.\nparasitic capacitance between the FSEL pin and GND is less than 1o0 pF.\nidentical circuit detects the state of the VSEL pin - see Section 9.3.6.2).\nDetection of the state of the FSEL pin works as follows:\nTo detect the most significant bit (MSB), the circuit opens S1 and S2, and the input buffer detects if a high or a low level is connected to the FSEL pin.\nProduct Folder Links: TPS62870-Q1TPS62871-Q1 TPS62872-Q1 TPS62873-Q1\nTo detect the least significant bit (LSB):\nIf the MSB was 0, the circuit closes S1. If the input buffer detects a high level, LSB = 1. If the circuit detects a low level, LSB = 0.\n If the MSB was 1, the circuit closes S2. If the input buffer detects a low level, LSB = 0. If the circuit detects a·"", ""ADC电压采集阈值 The ADC voltage acquisition thresholdWCCA计算结果如下，软件应按照如下过欠压阈值设置：The WCCA calculation results are as follows. The software should be set according to the following overvoltage and undervoltage thresholds:EQ6L上下电时序要求 EQ6L Power-on and power-off sequence requirements共享和独占的硬件资源 Shared and Exclusive Hardware ResourceECU-MCU信号对应关系 ECU-MCU Signal MappingMCU时钟配置 MCU Clock Configuration存储器配置 Memeory ConfigurationTable 4-5Memory Configuration其他芯片配置 Other IC Configuration其他芯片的通讯机制 Communication Mechanism with Other ICLP87702配置 LP87702 ConfigurationLP87702运行期间需要MCU通过I2C配置的寄存器如下所示：Table 5-2 LP87702 ConfigurationTPS62872配置 TPS62872 ConfigurationTPS62872运行期间需要MCU通过I2C配置的寄存器如下所示：Table 5-3 TPS62872 Configuration安全机制 Safety MechanismsSystem levelHW level硬件安全分析无新增安全机制IC level模板变更历史Template Change History填写说明Filling instructions：变更单号YYYYMM00X为记录顺序号，如：202203002，表示的是2022年03月的第二份此类文档。首次发布不分配变更单号，变更单号处填NA。The change order number YYYYMM00X is the record sequence number, such as 202203002, which represents the second such document in March 2022. No change order number will be allocated for the first release, and Na will be filled in the change order number.变更原因填写以客户审核需要变更为例：由于XX客户在客户审核时发现XX问题，需要调整模板。Fill in the revision note. Take the need for change in customer audit as an example: because XX customer found XX problem during customer audit, the template needs to be adjusted.变更内容填写以客户审核发现问题需要更改为例：由于XX客户在客户审核时发现XX问题，特增加XXX的变更内容。"", ""\nNone：YYYY年MM月DD日发布\nReleased on DD/MM/YYYY; 文件编号File No：6XXXXXXXX_BBB_HW_IP_00X\n保存期限：产品生命周期加1个日历年；如属安全件，保存15个日历年以上\nRetention period:Product life cycle +1 calendar year.\nIf it is a safety part, keep it for more than 15 calendar years\n密级：内部\nSecurity level：Internal：YYYY年MM月DD日实施\nImplemented on DD/MM/YYYY ——封面Cover\nNone：北京经纬恒润科技股份有限公司\nBeijing Jingwei Hirain Technologies Co., Inc. ——封面Cover\nECU Connector：Pin No.; None：Pin Desc.; None：Signal Type; HW Interface Component ：ASIL; None：HW ID / Name; None：Characteristic; MCU Component ：HW ID; None：Pin ASIL; None：Trace; None：MCU Pin; None：Port Pin; None：Pin Name; None：Pin Function; None：Peripheral; None：Register; None：Direction; None：Function\nDescription; None：Default status after reset release; None：Standby/sleep state Settings ——Port1\nMCU Component ：/ Name; None：Solution ID; None：No.; None：Group; None：Name / Channel; None：Name ——Port1\nECU Connector：X1900-1; None：UBD; None：POWER; HW Interface Component ：QM; None：F06/KL30 sample; None：UBD供电要求范围：9~16VDC，要求MCU通过ADC对UBD电源电压进行采样和监控，实现电源管理功能。; MCU Component ：F01/ MCU; None：QM; None：K5; None：P00.10; None：P00.10/GTM_TIM4_IN1_11/GTM_TIM1_IN1_1/GTM_TIM0_IN1_1/GTM_TOUT19/EVADC_G9CH2; None：GPIO; None：MCU_UB_SW_P00.10; None：/; None：O; None：KL30电源电压ADC采样控制信号\n高：打开通道，ADC可以采集\n低：关闭通道，ADC不可以采集; None：HI-Z，硬件外部下拉; None：—; SW Variable Name or SW Function Name：— ——Port1"", ""<table><tr><td>HM ID</td><td>F11/F12/F13/F14/F15/F16/F17/F18/F19/F25/F27</td></tr><tr><td>模块功能 \nModule Function</td><td>系统使用车载电池12V电压供电，经过EMI电路后输入至电源转换芯片，转换输出系统各模块所需电源。\nThe system uses 12V voltage power supply from the vehicle battery, which is input to the power conversion chip through the EMI circuit. Then the power conversion chip convert and output the power required by each module of the system.</td></tr><tr><td>模块框图\nModule diagram</td><td></td></tr><tr><td>模块方案\nModule solution</td><td>KL30 EMI (ASIL-B)\nKL30供电口处增加EMI电路，用于供电保护和滤波。硬件电路设计在UBD网络增加两个串联ESD电容，PCB布局靠近主连接器引脚处，用于吸收外部ESD信号，后端增加双向TVS管用于瞬态过压保护\nThe EMI circuit is added at the KL30 power supply port for power supply protection and filtering. The hardware circuit design adds two series ESD capacitors in the UBD network, the PCB layout is close to the main connector pin for absorbing external ESD signals, and the two-way TVS tube is added at the back end for transient overvoltage protection.\nKL30 to VCC3V3 (ASILB)\nKL30转VCC3V3是系统一级DC-DC，给MCU提供VCC3V3_MCU电源，所以系统要求其满足ASILB，确保MCU功能安全。\nKL30 to VCC3V3 is a system primary DC-DC chip, because the MCU needs VCC3V3_MCU power supply, so the system requires it to meet the ASILB to ensure the functional safety of the MCU.\nVCC3V3_MCU to VCC1V25_MCU(ASILB)\n3V3转1V25_MCU是使用MCU内置控制器进行控制的BUCK电源，用于MCU的核供电，功能安全需求达到ASILB，确保MCU功能安全。\n3V3 to 1V25_MCU is a BUCK power supply controlled by MCU built-in controller, which is used for MCU nuclear power supply. Functional safety requirements meet ASILB to ensure the functional safety of MCU.\nVCC3V3 to VCC0V75(QM(B))\nVCC3V3转VCC0V75应用于EQ6的内核供电，要求输出电流能力大，现选型TI的电源方案TPS62872。用MCU的P22.0引脚使能芯片，用MCU_SDA_P15.5，MCU_SCL_P15.4引脚I2C通信来设置输出电压和通信。\nVCC3V3 to VCC0V75 is applied to the core power supply of EQ6, which requires large output current capacity. The power supply scheme TPS62872 of TI is selected. P22.0 pin of MCU is used to enable the chip, and MCU_SDA_P15.5, MCU_SCL_P15.4 pin I2C communication is used to set the output voltage and communication. \nVCC3V3 to 0V75_MIPI_DDR(QM(B))\nVCC3V3转0V75_MIPI_DDR用于EQ6的IO口供电，现使用矽力杰的SA23002进行设计。用MCU的P22.1引脚使能该芯片。\nVCC3V3 to 0V75_MIPI_DDR for EQ6 IO port power supply, Silergy’s SA23002 is designed. The P22.1 pin of the MCU is used to enable the chip.\nVCC3V3转VCC1V8、VCC1V1、VCC50(QM(B))\nVCC1V8用于EQ6、CAM、DDR、FLASH供电，VCC1V1用于EQ6、DDR供电，VCC50用于CAN收发器供电，现选择LP87702 PMIC方案。用MCU的P15.3引脚使能该芯片的5V输出，用MCU_SCL_P15.4，MCU_SDA_P15.5 I2C通信来设置1.8V和1.1V输出电压和使能。\nVCC1V8 is used for EQ6, CAM, DDR, FLASH power supply, VCC1V1 is used for EQ6, DDR power supply, VCC50 is used for CAN transceiver  power supply, LP87702 PMIC scheme is selected. P15.3 pin of MCU is used to enable 5V output of the chip, and MCU_SCL_P15.4, MCU_SDA_P15.5 I2C communication is used to set 1.8V and 1.1V output voltage and enable it. \nVCC3V3 to VCC3V3_EQ(QM(B))\nVCC3V3转VCC3V3_EQ用于EQ6的IO和摄像头供电，现使用负载开关进行设计。用MCU的P20.3引脚使能该芯片。\nVCC3V3 to VCC3V3_EQ for EQ6’s IO and camera power supply, now using the load switch is designed. .The P20.3 pin of the MCU is used to enable the chip.\n\tVCC3V3 to VCC3V3_ETH(QM)\n3V3转3V3_ETH用于ETH供电，现选择负载开关方案。用MCU的P21.0引脚使能该芯片。\n3V3 to 3V3_ETH for ETH power supply, the load switch scheme is selected. . The P21.0 pin of the MCU is used to enable the chip.\n\tVCC1V8 to VCC1V8_EQ(QM(B))\nVCC1V8转VCC1V8_EQ用于EQ供电，现选择负载开关方案。用MCU的P20.0引脚使能该芯片。\nVCC1V8 to VCC1V8_EQ for EQ power supply, the load switch scheme is selected. . The P20.0 pin of the MCU is used to enable the chip.</td></tr><tr><td colspan='2'></td></tr></table>"", ""\nNone：U20; None：P23.2; None：P23.2/GTM_TIM1_IN6_5/GTM_TIM0_IN6_5/GTM_TOUT43/CAN12_TXD; None：GPIO; None：MCU_RST_FLASH_P23.2; None：/; None：O; None：FLASH复位信号\n低：FLASH复位\n高：FLASH进入工作状态; None：HI-Z，硬件外部下拉; None：—; SW Variable Name or SW Function Name：— ——Port1\nNone：未使用; MCU Component ：F01/ MCU; None：NA; None：/; None：D7; None：P11.14; None：P11.14/GTM_TIM4_IN7_4/GTM_TIM2_IN7_8/GETH_CRSDVB/GETH_RXDVB/GETH_CRSA/GTM_TOUT126; None：GPIO; None：MCU_ETH_CFG1_P11.14; None：/; None：I; None：CFG1：BOM配置，判断是否有以太网\n高：TBD\n低：TBD; None：HI-Z; None：—; SW Variable Name or SW Function Name：— ——Port1\nNone：未使用; MCU Component ：F01/ MCU; None：NA; None：/; None：D6; None：P11.15; None：P11.15/GTM_TIM4_IN7_5/GTM_TIM0_IN7_8/GETH_COLA/GTM_TOUT127; None：GPIO; None：MCU_ETH_CFG2_P11.15; None：/; None：I; None：CFG2：BOM配置，判断以太网接口类型\n高：TBD\n低：TBD; None：HI-Z; None：—; SW Variable Name or SW Function Name：— ——Port1\nHW Interface Component ：QM(B); None：F13/POWER; None：1、LP87702实现VCC3V3转VCC1V8、VCC1V1、VCC50三路电源输出\n2、LP87702的VCC50由MCU的GPIO控制使能和关断，VCC1V8、VCC1V1由MCU的I2C控制使能和关断。\n3、预留中断信号用于MCU辅助监控LP87702的工作状态。\n4、MCU可以通过I2C监控和管理LP87702的状态。; MCU Component ：F01/ MCU; None：QM; None：B17; None：P15.3; None：P15.3/GTM_TIM3_IN6_4/GTM_TIM2_IN6_4/CAN01_RXDA/QSPI2_SCLKA/GTM_TOUT74/QSPI2_SCLK/MSC0_EN1; None：GPIO; None：MCU_5V_EN; None：/; None：O; None：VCC50（LP87702）电源使能控制信号\n高：使能VCC50电压输出\n低：关断VCC50电压输出; None：HI-Z，硬件外部下拉; None：—; SW Variable Name or SW Function Name：— ——Port1"", ""\nNone：MCU外挂20MHz晶体; MCU Component ：F01/ MCU; None：B; None：M20; None：XTAL1; None：XTAL /VEXT; None：CLOCK; None：——; None：/; None：I; None：MCU的时钟信号输入; None：I; None：—; SW Variable Name or SW Function Name：— ——Port1\nMCU Component ：F01/ MCU; None：B; None：M19; None：XTAL2; None：XTAL /VEXT; None：CLOCK; None：——; None：/; None：O; None：MCU的时钟驱动信号输出; None：O; None：—; SW Variable Name or SW Function Name：— ——Port1\nHW Interface Component ：QM; None：F09/ETH and CAN power samp2; None：MCU采样CAN的VCC50电源电压，精度要求：5V±5%; MCU Component ：F01/ MCU; None：QM; None：U10; None：AN1; None：AN1/EVADC_G0CH1/EDSADC_EDS3NA; None：ADC，分辨率10bit; None：VCC50_ACQ; None：/; None：I; None：5V电压采样\nU5V0_ACQ=3.3*ADC值/1024\nU5V0=U5V0_ACQ/分压比，分压比=1/2\n精度要求：5V±10%; None：HI-Z; None：—; SW Variable Name or SW Function Name：— ——Port1\nNone：MCU采样以太网的VCC1V0_ETH电源电压\n精度要求：0.9V～1.1V\n（仅当使用千兆以太网时采样）; MCU Component ：F01/ MCU; None：QM; None：U7; None：AN9; None：AN9/EVADC_G11CH5/EVADC_G1CH1; None：ADC，分辨率10bit; None：1V0_ETH_ACQ; None：以太网1V0电压采样\nU1V1_ACQ=3.3*ADC值/1024\n精度：0.95~1.1V\n硬件滤波截止频率：≥121.7Hz\n硬件滤波时间：≤1.6ms; None：HI-Z; None：—; SW Variable Name or SW Function Name：— ——Port1"", ""<table><tr><td>HM ID</td><td>F01/F08/F09</td></tr><tr><td>模块功能 \nModule Function</td><td>系统需求需要板内电源电压进行ADC采样和异常监控，要求功能安全达到ASIL-B等级，确保EQ6系统工作安全。\nThe system requirements require the on-board power supply voltage for ADC sampling and anomaly monitoring, and the functional safety is required to reach ASIL-B level to ensure the working safety of EQ6 system.</td></tr><tr><td>模块框图\nModule diagram</td><td></td></tr><tr><td>模块方案\nModule solution</td><td>EQ6系统电源电压采样  \n系统需求需要MCU对LP87702、TPS62872、SA23002、TPS22918和摄像头端的电压VCC3V3_EQ，VCC1V8，VCC1V1，VCC0V75，0V75_MIPI_DDR、VCC3V3_CAM，VCC_1V8_CAM、VCC1V1_CAM进行ADC采样和异常监控。其中VCC1V8，VCC1V1，VCC0V75，0V75_MIPI_DDR，VCC_1V8_CAM、VCC1V1_CAM电压范围未超量程对电压直接采样。VCC3V3_EQ和VCC3V3_CAM经过两个10K 1%精度电阻分压后采样。VCC3V3_EQ用AN2引脚采样，VCC1V8用AN3引脚采样，VCC1V1用AN4引脚采样，VCC1V8_EQ用AN5引脚采样，VCC3V3_CAM用AN12引脚采样，VCC1V1_CAM用AN13引脚采样，VCC1V8_CAM用AN14引脚采样，VCC0V75_MIPI_DDR用AN18引脚采样，VCC0V75用AN19引脚采样。\nEQ6 system power supply voltage sampling\nThe system requirements specify that the MCU must perform ADC sampling and abnormal monitoring on the voltages VCC3V3_EQ, VCC1V8, VCC1V1, VCC0V75, 0V75_MIPI_DDR, VCC3V3_CAM, VCC_1V8_CAM, and VCC1V1_CAM for the LP87702, TPS62872, SA23002, TPS22918, and camera-side devices. Among these voltages, VCC1V8, VCC1V1, VCC0V75, 0V75_MIPI_DDR, VCC_1V8_CAM, and VCC1V1_CAM have voltage ranges within the measurement range and are directly sampled. VCC3V3_EQ and VCC3V3_CAM are sampled after being divided by two 10K resistors with 1% precision. Specifically, VCC3V3_EQ is sampled using AN2, VCC1V8 using AN3, VCC1V1 using AN4, VCC1V8_EQ using AN5, VCC3V3_CAM using AN12, VCC1V1_CAM using AN13, VCC_1V8_CAM using AN14, 0V75_MIPI_DDR using AN18, and VCC0V75 using AN19.\nCAN&ETH电源电压采样\n系统需求MCU对LP87702、TPS22918的输出电压VCC3V3_ETH，VCC50进行ADC采样和异常监控，VCC3V3_ETH和VCC50经过两个10K 1%精度电阻分压后采样。VCC3V3_ETH用AN8引脚采样，VCC50用AN1引脚采样。\nCAN&ETH power supply voltage sampling\nThe system requirements specify that the MCU must perform ADC sampling and abnormal monitoring on the output voltages VCC3V3_ETH and VCC50 from the LP87702 and TPS22918. Both VCC3V3_ETH and VCC50 are sampled after being divided by two 10K resistors with 1% precision. Specifically, VCC3V3_ETH is sampled using AN8, and VCC50 is sampled using AN1.</td></tr></table>"", ""<table><tr><td>模块序号\nModule number</td><td>模块名称\nModule name</td><td>功能定义\nFunction definition.</td><td>功能安全需求\nFunctional safety requirements</td></tr><tr><td>F01</td><td>MCU</td><td>SAK-TC377TP-96F300S AA</td><td>B(B)</td></tr><tr><td>F02</td><td>EYEQ6-L</td><td>EYEQ6-L，用于sensor的视频处理</td><td>B</td></tr><tr><td>F03</td><td>EYEQ6_LPDDR4</td><td>EQ6的1GB LPDDR4</td><td>B</td></tr><tr><td>F04</td><td>EYEQ6_NAND FLASH</td><td>EQ6的2Gb NAND FLASH</td><td>B</td></tr><tr><td>F05</td><td>CAM SENSOR</td><td>Sony 728摄像头模组</td><td>B</td></tr><tr><td>F06</td><td>KL30 sample</td><td>KL30电压采样</td><td>QM</td></tr><tr><td>F07</td><td>KL15 sample</td><td>KL15电压采样</td><td>QM</td></tr><tr><td>F08</td><td>EQ system power sample1</td><td>EQ6L系统供电电源电压ADC采样滤波、分压电路</td><td>B(B)</td></tr><tr><td>F09</td><td>ETH and CAN power sample2</td><td>CAN和ETH电源电压ADC采样滤波、分压电路</td><td>QM</td></tr><tr><td>F10</td><td>NTC temp sensor</td><td>NTC温度传感器，监控EQ6L/LPDDR4周边环境温度。</td><td>B</td></tr><tr><td>F11</td><td>KL30 EMI</td><td>KL30供电口EMI滤波电路.</td><td>B</td></tr><tr><td>F12</td><td>POWER</td><td>LN10046，KL30电源转VCC3V3电源</td><td>B</td></tr><tr><td>F13</td><td>POWER</td><td>LP87702，VCC3V3电压输入，VCC1V1、VCC1V8、VCC50电压输出</td><td>QM(B)</td></tr><tr><td>F14</td><td>POWER</td><td>TPS62872，VCC3V3电压输入，VCC0V75电压输出</td><td>QM(B)</td></tr><tr><td>F15</td><td>POWER</td><td>SA23002，VCC3V3输入，VCC0V75电压输出</td><td>QM(B)</td></tr><tr><td>F16</td><td>POWER</td><td>TPS22918负载开关，VCC3V3电压输入，VCC3V3_EQ输出</td><td>QM(B)</td></tr><tr><td>F17</td><td>POWER</td><td>TPS22918负载开关，VCC3V3输入，VCC3V3_ETH输出</td><td>QM</td></tr><tr><td>F18</td><td>overvoltage protect</td><td>用于MCU电源VCC3V3_MCU的外部过压保护</td><td>B</td></tr><tr><td>F19</td><td>POWER</td><td>TPS22918 负载开关，VCC1V8电压输入，VCC1V8_EQ电压输出</td><td>QM(B)</td></tr><tr><td>F20</td><td>CAN3</td><td>基于TCAN1145的CAN通讯，硬件支持特定报文唤醒</td><td>QM</td></tr><tr><td>F21</td><td>CAN2</td><td>基于TCAN1044A的CAN通讯.</td><td>QM</td></tr><tr><td>F22</td><td>CAN1</td><td>基于TCAN1044A的CAN通讯</td><td>QM</td></tr><tr><td>F23</td><td>CAN0</td><td>基于TCAN1044A的CAN通讯.</td><td>QM</td></tr><tr><td>F24</td><td>ETH</td><td>基于DP83TC812R的100BASE-T1通讯</td><td>QM</td></tr><tr><td>F25</td><td>Wake up</td><td>唤醒源和一级电源使能电路设计</td><td>QM</td></tr><tr><td>F26</td><td>watchdog</td><td>LP87702的看门狗功能，用于监控MCU运行状态</td><td>B</td></tr><tr><td>F27</td><td>POWER</td><td>VCC3V3_MCU转VCC1V25_MCU电压，由MCU的EVRC进行控制。</td><td>B</td></tr><tr><td>F28</td><td>level translation</td><td>3V3和1V8双向电压转换芯片</td><td>QM</td></tr></table>"", ""<table><tr><td>HM ID</td><td>F14</td></tr><tr><td>模块功能 \nModule Function</td><td>VCC3V3转VCC0V75应用于EQ6的内核供电，要求输出电流能力大，现选型TI的方案TPS62872。\nVCC3V3 to VCCOV75 is applied to the kernel power supply of EQ6, which requires large output current capacity. TI's scheme TPS62872 is selected.</td></tr><tr><td>模块框图\nModule diagram</td><td></td></tr><tr><td>模块方案\nModule solution</td><td>\t采用TPS62872电源芯片，将VCC3V3转换为VCC0V75，提供给EQ6核电供电。用MCU的P22.0引脚使能芯片，用MCU_SDA_P15.5，MCU_SCL_P15.4引脚I2C通信来设置输出电压和通信。\nTPS62872 power chip is used to convert VCC3V3 to VCCOV75, which is supplied to EQ nuclear power supply. P22.0 pin of MCU is used to enable chip, MCU_SDA_P15.5, MCU_SCL_P15.4 pin I2C communication is used to set output voltage and communication. +</td></tr></table>"", ""<table><tr><td>序号</td><td>模块序号</td><td>模块名称</td><td>功能定义</td><td>功能安全需求</td></tr><tr><td>1</td><td>F013</td><td>POWER</td><td>LP87702，VCC3V3电压输入，VCC1V1、VCC1V8、VCC50电压输出</td><td>QM(B)</td></tr><tr><td>1</td><td>F01</td><td>MCU</td><td>SAK-TC377TP-96F300S AA</td><td>B(B)</td></tr><tr><td>1</td><td>F08</td><td>EQ system power sample1</td><td>EQ6L系统供电电源电压ADC采样滤波、分压电路</td><td>B(B)</td></tr><tr><td>2</td><td>F14</td><td>POWER</td><td>TPS62872，VCC3V3电压输入，VCC0V75电压输出，EQ6L核电供电</td><td>QM(B)</td></tr><tr><td>2</td><td>F01</td><td>MCU</td><td>SAK-TC377TP-96F300S AA</td><td>B(B)</td></tr><tr><td>2</td><td>F08</td><td>EQ system power sample</td><td>EQ6L系统供电电源电压ADC采样滤波、分压电路</td><td>B(B)</td></tr><tr><td>3</td><td>F15</td><td>POWER</td><td>SA23002，VCC3V3输入，0V75_MIPI_DDR电压输出</td><td>QM(B)</td></tr><tr><td>3</td><td>F01</td><td>MCU</td><td>SAK-TC377TP-96F300S AA</td><td>B(B)</td></tr><tr><td>3</td><td>F08</td><td>EQ system power sample</td><td>EQ6L系统供电电源电压ADC采样滤波、分压电路</td><td>B(B)</td></tr><tr><td>4</td><td>F16</td><td>POWER</td><td>TPS22918负载开关，VCC3V3电压输入，VCC3V3_EQ输出</td><td>QM(B)</td></tr><tr><td>4</td><td>F01</td><td>MCU</td><td>SAK-TC377TP-96F300S AA</td><td>B(B)</td></tr><tr><td>4</td><td>F08</td><td>EQ system power sample</td><td>EQ6L系统供电电源电压ADC采样滤波、分压电路</td><td>B(B)</td></tr></table>"", ""注：使用本模板时请先阅读填写说明页，形成工作产品时本页不可删除变更历史Change History目  录Table of Contents1\t概述 Introduction\t81.1 目的 Purpose\t81.2 适用范围 Range of Application\t81.3 读者对象 TReader\t81.4 术语及缩写解释 Terms and Abbreviations\t81.5 参考文档 Reference Document\t82\t硬件架构 Hardware Architecture\t92.1 系统概述 System overview\t92.2 硬件框图 Hardware block diagram\t102.3 模块电路 Module circuit\t122.3.1 KL30电源管理电路 KL30 supply management circuit\t122.3.2 唤醒电路 Wake Up circuit\t132.3.3 电源电路 power circuit\t152.3.4 TC377最小系统 TC377 minimum system\t232.3.5 EQ6最小系统 EQ6 minimum system\t252.3.6 摄像头最小系统 camera minimum system\t282.3.7 看门狗电路 Watchdog circuit\t302.3.8 温度采样电路 Temp Sample circuit\t302.3.9 系统内电源电压采样电源 The power System Voltage Sampling circuit\t312.3.10 ETH电路 ETH circuit\t332.3.11 CAN/CAN FD电路 CAN/CAN FD circuit\t342.3.12 3V3过压保护电路 3V3 overvoltage protection circuit\t353\t硬件运行模式 Hardware Operation Mode\t363.1 硬件运行模式 Hardware Operation Mode\t363.2 运行模式定义 Definition of Operation Mode\t373.3 运行模式转换条件 Transition Condition of Operation Mode\t393.3.1 KL30电源管理电路 KL30 supply management circuit\t393.3.2 唤醒电路 Wake Up circuit\t413.3.3 电源电路 Power Circuit\t423.3.4 TC377最小系统 TC377 minimum system\t53"", ""<table><tr><td>HM ID</td><td>F20/F21/F22/F23</td></tr><tr><td>运行模式\nOperation Mode</td><td>运行模式、待机模式、Sleep模式、OFF模式、Overtemp模式\nRun mode, standby mode, Sleep mode, OFF mode, Overtemp mode.</td></tr><tr><td>模式定义\nDefinition of Operation mode</td><td>TCAN1044A：\n1、\t运行模式\nSTB设置为低电平使能Normal模式，收发器可以通过总线CANH和CANL发送接收数据。\n2、\t待机模式\nSTB设置为高电平使能Standby模式，收发器将不再发送接收数据。\n1.Run mode\nThe STB is set to low to enable Normal mode, and the transceiver can send and receive data through the bus CANH and CANL. \n2.Standby mode\nThe STB is set to high level enable Standby mode, and the transceiver will no longer send the received data.\nTCAN1145：\n1、Normal模式\n通过SPI3配置寄存器MC=111进入Normal模式，收发器可以通过总线CANH和CANL发送接收数据。\n2、Standby模式\n通过SPI3配置寄存器MC=100，使能Standby模式，收发器将不再发送接收数据，但INH引脚依然有效。\n3、Sleep模式\n   通过SPI3配置寄存器MC=001或者发生欠压事件，CAN收发器进入sleep模式。该模式下INH为高阻态。\n与TJA1145寄存器地址有差别，软件开发需要注意。\n4、Off模式\n当电源电压过低无法为IC供电，收发器进入Off模式，该模式下CAN引脚和INH引脚为高阻态。\n5、Overtemp模式\n当芯片整体温度高于阈值，会进入过温模式，该模式下收发器的发送端和接收端被禁用，INH引脚为高阻态。\nNormal mode\nThe Normal mode is entered through SPI3 configuration register MC=111, and the transceiver can send and receive data through buses CANH and CANL. \nStandby mode\nBy configuring the SPI3 register MC=100 to enable the Standby mode, the transceiver will no longer send the received data, but the INH pin will remain active. \nSleep mode\nThrough SPI3 configuration register MC=001 or an undervoltage event occurs, the CAN transceiver goes into sleep mode. In this mode, INH is in the high impedance state. \nOff mode\nWhen the supply voltage is too low to power the IC, the transceiver enters the Of mode, in which the CAN pin and INH pin are in the high resistance state. \nOvertemp mode\nWhen the overall chip temperature is higher than the threshold, it will enter the over-temperature mode, in which the transmitter and receiver of the transceiver are disabled, and the INH pin is in the high impedance state. </td></tr><tr><td>模式切换接口\nMode switching interface</td><td></td></tr><tr><td>模式状态机\nMode state machine</td><td>TCAN1044A：\n\nTCAN1145：\n\n</td></tr><tr><td>模式切换条件\nMode switching condition</td><td>参考：\n产品系统需求规格说明\n产品系统方案设计说明书\nReference: \nProduct system requirement specification \nProduct system scheme design specification.</td></tr><tr><td>备注\nNote</td><td></td></tr></table>"", ""\nall operating conditions.\nI2C-compatible interface up to 1-MHz Differential remote sensing Optional stacked operation for increased output current capability Thermal warning and thermal shutdown Precise enable input Active output discharge Optional spread-spectrum clocking\n Power-good output with a window comparator·\nAvailable in 2.55-mm × 3.55-mm × 1-mm VQFN package with wettable flanks -40°C to 150°C junction temperature, Tj\n2 Applications\nInfotainment and cluster ADAS FPGA, ASIC, and digital core supply DDR memory supply\nTPS6287x-Q1 Simplified Schematic\nTable of Contents\n9.4 Device Functional Modes.\n30\n1Features.\n 2 Applications.\n9.5 Programming.\n31\n3 Description.\n9.6 Register Map..\n35\n1\n4 Revision History.\n10 Application and Implementation..\n41\n2\n41.\n 5 Description (continued)..\n10.1 Application Information.\n3\n41\n6 Device Options\n10.2 Typical Application.\n3\n7 Pin Configuration and Functions.\n10.3 Best Design Practices.\n49\n.5\n8 Specifications.\n10.4 Power Supply Recommendations...\n50\n..\n8.1 Absolute Maximum Ratings..\n50\n10.5 Layout..\n7\n 11 Device and Documentation Support.\n8.2 ESD Ratings...\n52\n7\n8.3 Recommended Operating Conditions....\n11.1 Device Support..\n.52\n.7\n8.4 Thermal Information..\n11.2 Documentation Support\n52\n.8\n8.5 Electrical Characteristics.\n..8\n11.3 Receiving Notification of Documentation Updates.\n.52\n8.6 I2C Interface Timing Characteristics...\n10\n11.4 Support Resources.\n52\n11.5 Trademarks.\n8.7 Timing Requirements.\n11\n52\n11.6 Electrostatic Discharge Caution..\n8.8 Typical Characteristics.\n12\n52\n11.7 Glossary.\n9 Detailed. Description.......\n.13\n.52.....\n13\n12 Mechanical, Packaging, and Orderable\n9.1 Overview.\n 9.2 Functional Block Diagram..\n14\nInformation....\n52\n 9.3 Feature Description.\n.15\n4 Revision History\nNOTE: Page numbers for previous revisions may differ from page numbers in the current version.\nPage\nChanges from Revision A (July 2022) to Revision B (January 2023)"", ""<table><tr><td>HM ID</td><td>F24</td></tr><tr><td>运行模式\nOperation Mode</td><td>正常模式、复位模式，待机模式，断电模式，休眠模式\nNormal mode, reset mode, standby mode, power off mode, sleep mode</td></tr><tr><td>模式定义\nDefinition of Operation mode</td><td>1、\t正常模式\n模块上电，正常运行模式，以太网收发正常。MDIO可以访问，Link处于连接状态。\n2、\t复位模式\nUV或Reset event时，PHY芯片将进行复位，在Reset期间将无法LINKUP，MDIO无法总线访问\n待机模式\n仅当PHY为MASTER且配置成管理模式时，上电自动进入待机模式。如果是自动模式，上电后自动进入正常模式。\n4、\t断电模式\n当任何一个电源轨低于POR阈值（0.6V）时，PHY处于断电状态，所有数字IO都将保持高阻态。\n休眠模式\n当有休眠指令且MDI总线空闲时，将进入休眠模式，除了能量检测外，禁用所有PHY模块。在睡眠模式下，所有寄存器配置都会丢失。\nNormal mode\nPower on，Normal Run mode, Ethernet transceiver is normal. MDIO is accessible and Link is in a connected state.\nReset mode\nUV or Reset event, the PHY chip will Reset, during reset will not be able to LINKUPMDIO cannot bus access.\nStandby mode\nThe device will automatically enter standby mode upon power-up only if*the PHY is configured in Master mode and set to managed mode. If the PHY operates in auto mode, it will automatically enter normal mode after power-on.\n4. Sleep mode\nThe PHY enters sleep mode when a sleep command is issued and the MDI bus is idle. In this mode, all PHY modules are disabled except for energy detection functionality. Note that all register configurations will be lost during sleep mode.</td></tr><tr><td>模式切换接口\nMode switching interface</td><td></td></tr><tr><td>模式状态机\nMode state machine</td><td></td></tr><tr><td>模式切换条件\nMode switching condition</td><td>参考：\n产品系统需求规格说明\n产品系统方案设计说明书\nReference: \nProduct system requirement specification \nProduct system scheme design specification.</td></tr><tr><td>备注\nNote</td><td></td></tr></table>"", ""3.3.5 EQ6最小系统 EQ6 minimum system\t553.3.6 摄像头最小系统 camera minimum system\t593.3.7 看门狗电路 Watchdog circuit\t613.3.8 温度采样电路 Temp Sample circuit\t623.3.9 ETH电路 ETH circuit\t633.3.10 CAN FD电路 CAN FD circuit\t654\tADC电压采集阈值 The ADC voltage acquisition threshold\t685\tEQ6L上下电时序要求 EQ6L Power-on and power-off sequence requirements\t686\t共享和独占的硬件资源 Shared and Exclusive Hardware Resource\t696.1 ECU-MCU信号对应关系 ECU-MCU Signal Mapping\t696.2 MCU时钟配置 MCU Clock Configuration\t706.3 存储器配置 Memeory Configuration\t717\t其他芯片配置 Other IC Configuration\t717.1 其他芯片的通讯机制 Communication Mechanism with Other IC\t717.2 LP87702配置 LP87702 Configuration\t727.3 TPS62872配置 TPS62872 Configuration\t728\t安全机制 Safety Mechanisms\t736.1 System level\t736.2 HW level\t736.3 IC level\t73概述 Introduction目的 Purpose软硬接口文档的目的是描述软件和硬件的交互，并且确保软件硬件和TSR的一致性。The goal of the hardware software interface document is to specify the hardware and software interaction and be consistent with the technical safety concept.适用范围 Range of Application此文档适用于奇瑞EQ6L T1G ADAS项目的功能安全开发全过程。This document is applied for the whole functional safety development process of  EQ6L T1G ADAS project.读者对象 TReader项目经理Project Manager项目组成员Project Team Members功能安全经理Functional Safety Manager功能安全工程师Functional Safety System Engineer硬件工程师 Hardware Engineer软件工程师 Software Engineer质量和审查人员QA and Assessor产品测试人员Product Test Engineer"", ""<table><caption> Table 9-1 shows the function table of the MODE/SYNC pin and the FPWMEN bit in the CONTROL1 register, Table 9-1. FPWM Mode and Power-Save Mode Selection Note</caption>\n<tr><td  >MODE/SYNCPin</td><td  >FPWMEN Bit</td><td  >OperatingMode</td><td  >Remark</td></tr>\n<tr><td  >Low</td><td  >0</td><td  >PSM</td><td  >Do not use in a stacked configuration.</td></tr>\n<tr><td></td><td  >1</td><td  >FPWM</td><td></td></tr>\n<tr><td  >High</td><td  >X</td><td  >FPWM</td><td></td></tr>\n<tr><td  >Sync Clock</td><td  >X</td><td  >FPWM</td><td></td></tr>\n</table>"", ""\n10.5.2Layout Example\nimplementation of the PCB layout principles previously listed. The user can find a complete set drawings of all the layers used in this PCB in the evaluation module's user guide.\n11 Device and Documentation Support\n11.1 Device Support\n11.1.1 Third-Party Products Disclaimer\nTI'SPUBLICATIONOFINFORMATION REGARDINGTHIRD-PARTYPRODUCTS ORSERVICESDOESNOT CONSTITUTEANENDORSEMENTREGARDING THESUITABILITY OF SUCHPRODUCTS ORSERVICES ORAWARRANTY,REPRESENTATIONORENDORSEMENTOFSUCHPRODUCTSORSERVICES,EITHER ALONEORINCOMBINATIONWITHANYTIPRODUCTORSERVICE\n11.2 Documentation Support\n11.2.1 Related Documentation\nFor related documentation see the following:\nTexas Instruments, Semiconductor and IC Package Thermal Metrics application report\n11.3 Receiving Notification of Documentation Updates\nTo receive notification of documentation updates, navigate to the device product folder on ti.com. Click on Subscribe to updates to register and receive a weekly digest of any product information that has changed. For change details, review the revision history included in any revised document.\n11.4 Support Resources\nTI E2E\""M support forums are an engineer's go-to source for fast, verified answers and design help — straight from the experts. Search existing answers or ask your own question to get the quick design help you need.\nLinked content is provided \""AS IS\"" by the respective contributors. They do not constitute TI specifications and do not necessarily reflect Tl's views; see Tl's Terms of Use.\n11.5 Trademarks\nTI E2E\""M is a trademark of Texas Instruments.\nAll trademarks are the property of their respective owners.\n11.6 ElectrostaticDischarge Caution\nThis integrated circuit can be damaged by ESD. Texas Instruments recommends that all integrated circuits be handled with appropriate precautions. Failure to observe proper handling and installation procedures can cause damage.\nESD damage can range from subtle performance degradation to complete device failure. Precision integrated circuits may be more susceptible to damage because very small parametric changes could cause the device not to meet its published specifications.\n11.7 Glossary\nTI Glossary\nThis glossary lists and explains terms, acronyms, and definitions.\n12 Mechanical, Packaging, and Orderable Information\nThe following pages include mechanical, packaging, and orderable information. This information is the most current data available for the designated devices. This data is subject to change without notice and revision of this document. For browser-based versions of this data sheet, refer to the left-hand navigation."", ""<table><tr><td>HM ID</td><td>F13</td></tr><tr><td>运行模式\nOperation Mode</td><td>SHUTDOWN、READ OTP、STANDBY、ACTIVE</td></tr><tr><td>模式定义\nDefinition of Operation mode</td><td>SHUTDOWN\nNRST电压低于阈值。LP87702-Q1器件停止工作。\nREAD OTP\n电源电压VANA高于VANAUVLO电平，并且NRST电压高于阈值电平。电压转换器被禁用，LP87702-Q1的参考电平和偏置电路被启用。OTP配置被加载到寄存器。\nSTANDBY\n电源电压VANA高于VANAUVLO水平，NRST电压高于阈值水平。电压转换器被禁用，LP87702-Q1的参考电平、控制和偏压电路被启用。所有的寄存器都可以被主机处理器通过系统串口读写。电压转换器可以根据需要进行使能输出。\nACTIVE\n电源电压VANA高于VANAUVLO水平，NRST电压高于阈值水平。稳压DC/DC变换器处于使能状态。所有的寄存器都可以被MCU通过系统串口读写。\nSHUTDOWN\nAfter the enable signal MCU_OV75_MIPI_DDR_EN=L, the secondary power stops the 0V75_MIPI_DDR power supply. \nREADY OTP\nThe supply voltage VANA is above the VANAUVLO level, and the NRST voltage is above the threshold level. The voltage converter is disabled and the reference level and bias circuits of the LP87702-Q1 are enabled. The OTP configuration is loaded into the register.\nSTANDBY\nThe supply voltage VANA is above the VANAUVLO level and the NRST voltage is above the threshold level. The voltage converter is disabled and the reference level, control, and bias circuits of the LP87702-Q1 are enabled. All registers can be read and written by the host processor through the system serial port. The voltage converter can perform enabling output as needed.\nACTIVE\nThe supply voltage VANA is above the VANAUVLO level and the NRST voltage is above the threshold level. The regulated DC/DC converter is in the enabled state. All the registers can be read and written by the MCU through the system serial port. </td></tr><tr><td>模式切换接口\nMode switching interface</td><td></td></tr><tr><td>模式状态机\nMode state machine</td><td></td></tr><tr><td>模式切换条件\nMode switching condition</td><td>参考：\n产品系统需求规格说明\n产品系统方案设计说明书\nReference: \nProduct system requirement specification \nProduct system scheme design specification.</td></tr><tr><td>备注\nNote</td><td>1、VANAUVLO阈值电压\n\n2、NRST阈值电压\n</td></tr><tr><td>备注\nNote</td><td></td></tr></table>"", ""\n9.6.2 CONTROL1 Register (Address = 1h) [Reset = 2Ah]\nCONTROL1 is shown in Figure 9-22 and described in Table 9-14.\nReturn to the Summary Table.\nThis register controls various device configuration options.\n9.6.3 CONTROL2 Register (Address = 2h) [Reset = 9h]\nCONTROL2 is shown in Figure 9-23 and described in Table 9-15.\nReturn to the Summary Table.\nThis register controls various device configuration options.\n 9.6.4 CONTROL3 Register (Address = 3h) [Reset = 0h]\nCONTROL3 is shown in Figure 9-24 and described in Table 9-16.\nReturn to the Summary Table.\nThis register controls various device configuration options.\n9.6.5 STATUS Register (Address = 4h) [Reset = 2h]\nSTATUS is shown in Figure 9-25 and described in Table 9-17.\nReturn to the Summary Table.\nThis register returns the device status flags.\n10 Application and Implementation\nNote\nInformation in the following applications sections is not part of the Tl component specification, and Tl does not warrant its accuracy or completeness. Tl's customers are responsible for determining suitability of components for their purposes, as well as validating and testing their design implementation to confirm systemfunctionality.\n10.1 Application Information\nThe following section discusses selection of the external components to complete the power supply design for typical a application.\n 10.2 Typical Application\n10.2.1 Design Requirements\nPreliminary Calculations\nThe maximum allowable deviation of the power supply is ±3.3%. The DC accuracy of the TPS6287x-Q1 is specified as ±1%, therefore, the maximum output voltage variation during a transient is given by:\nVoUT = ± VouT × (3.3% - 1%) = ±17.25 mV\n10.2.2 Detailed Design Procedure\nThe following subsections describe how to calculate the external components required to meet the specified transient requirements of a given application. The calculations include the worst-case variation of components and use the RMS method to combine the variation of uncorrelated parameters.\n10.2.2.1 Selecting the Inductor\nThe TPS6287x-Q1 devices have been optimized for inductors in the range 50 nH to 300 nH. If the transient response of the converter is limited by the slew rate of the current in the inductor, using a smaller inductor can improve performance. However, the output ripple current increases as the value of the inductor decreases and higher output current ripple generates higher output voltage ripple, which adds to the transient overshoot or undershoot. The optimal configuration for a given application is always a trade-off between a number of parameters. Tl recommends a starting value of 110 nH for typical applications."", ""\nUpdated theDevice OptionsTable.\n3 .5\nModified MODE/SYNC pin Description in Pin Functions Changed the title of Figure 8-5\n12\nAdded approximate minimum on time value.\n15\n Added behavior of device when EN is toggled and input voltage is applied..\n.17\n·\nModified Table 9-5 to reflect new available Orderable Part Number..\n21\nAdded a comment on how to connect secondary devices SYNC_OUT pin..\n27\nAdded a footnote to Table 9-10\n.31\nAdded I2C Register Reset \n.34 Added Number of phases NΦ and adapted passive component selection equations in Typical Application ...41\nPage\nChanges from Revision * (May 2022) to Revision A (July 2022)\nChanged document status from Advance Information to Production Data......\n.1\n5 Description (continued)\nThe switching frequency is resistor-selectable through the FSEL pin. The switching frequency can be set to 1.5 MHz, 2.25 MHz, 2.5 MHz, or 3.0 MHz, or synchronized to an external clock in the same frequency range.\nThe I2C-compatible interface offers several control, monitoring, and warning features, such as voltage monitoring and temperature-related warnings. The output voltage can be quickly adjusted to adapt the power consumption of the load to the performance needs of the application through the I2C-compatible interface. The default start-up voltage is resistor-selectable through the VSEL pin.\n6 Device Options\n The I2C address is linked to the selected start-up voltage. The user cannot select the start-up voltage and I2C address independently.(1)\nThe user can use the VSEL pin to select which of the four start-up voltages the device uses. For more information, see Table 9-5 and (2)\n7 Pin Configuration and Functions\n8 Specifications\n8.1 Absolute Maximum Ratings\nover operating temperature range (unless otherwise noted)(1)\n(1)Operation outside the Absolute Maximum Ratings may cause permanent device damage. Absolute Maximum Ratings do not imply functional operation of the device at these or any other conditions beyond those listed under Recommended Operating Conditions.\nIf used outside the Recommended Operating Conditions but within the Absolute Maximum Ratings, the device may not be fully functional, and this may affect device reliability, functionality, performance, and shorten the device lifetime.\n(2)All voltage values are with respect to the GND pin.\nWhile switching.\n(3)"", ""<table><tr><td>电源轨</td><td colspan='2'>软件设置阈值</td></tr><tr><td>电源轨</td><td>Min</td><td>Max</td></tr><tr><td>VCC3V3_EQ</td><td>2.884</td><td>3.782</td></tr><tr><td>VCC1V8</td><td>1.613</td><td>2.012</td></tr><tr><td>VCC1V8_EQ</td><td>1.613</td><td>2.012</td></tr><tr><td>VCC1V1</td><td>0.993</td><td>1.253</td></tr><tr><td>VCC0V75</td><td>0.673</td><td>0.836</td></tr><tr><td>0V75_MIPI_DDR</td><td>0.658</td><td>0.842</td></tr><tr><td>VCC3V3_CAM</td><td>2.884</td><td>3.782</td></tr><tr><td>VCC1V8_CAM</td><td>1.603</td><td>2.023</td></tr><tr><td>VCC1V1_CAM</td><td>0.9335</td><td>1.284</td></tr><tr><td>VCC50</td><td>4.379</td><td>5.721</td></tr><tr><td>VCC3V3_ETH</td><td>2.731</td><td>3.961</td></tr></table>"", ""\n10.4PowerSupplyRecommendations\nThe TPS6287x-Q1 family has no special requirements for its input power supply. The output current rating of the input power supply must be rated according to the supply voltage and current requirements of the TPS6287X-Q1\n10.5Layout\n10.5.1 Layout Guidelines\nAchieving the performance the TPS6287x-Q1 devices are capable of requires proper PDN and PCB design.\nTI therefore recommends the user perform a power integrity analysis on their design. There are a number of commercially available power integrity software tools, and the user can use these tools to model the effects on performance of the PCB layout and passive components.\nIn addition to the use of power integrity tools, Tl recommends the following basic principles:\n· Place the input capacitors close to the VIN and GND pins. Position the input capacitors in order of increasing size, starting with the smallest capacitors closest to the VIN and GND pins. Use an identical layout for both\nVIN-GND pin pairs of the package, to gain maximum benefit from the butterfly configuration.\n·Place the inductor close to the device and keep the SW node small.\n· Connect the exposed thermal pad and the GND pins of the device together. Use multiple thermal vias to\nconnect the exposed thermal pad of the device to one or more ground planes (Tl's EVM uses nine 150-μm\nthermal vias).\n·Use multiple power and ground planes.\n· Route the VOSNS and GOSNS remote sense lines as a differential pair and connect them to the lowest- impedance point of the PDN. If the desired connection point is not the lowest impedance point of the PDN, optimize the PDN until it is. Do not route the VOSNS and GOSNS close to any of the switch nodes.\n· Connect the compensation components between VOSNS and GOSNS. Do not connect the compensation components directly to power ground.\n· If possible, distribute the output capacitors evenly between the TPS6287x-Q1 device and the point-of-load, rather than placing them altogether in one place.\n· Use multiple vias to connect each capacitor pad to the power and ground planes (TI's EVM typically uses four vias per pad).\nUse plenty of stitching vias to ensure a low impedance connection between different power and ground· planes.\nProduct Folder Links: TPS62870-Q1TPS62871-Q1 TPS62872-Q1 TPS62873-Q1"", ""\n9.4.4 0n\nThe device operates in on mode when the supply voltage is greater than the UVLO threshold and all of the following conditions are true:\n·A high-level is applied to the EN pin.\n SWEN = 1 in the CONTROL1 register.\nThe device junction temperature is below the thermal shutdown threshold.· · The supply voltage is below the OVLO threshold.\nAll functions are available in on mode.\nThe device leaves on mode and enters UVLO mode when the supply voltage decreases below the UVLO threshold. The device leaves on mode and enters standby mode when any of the following conditions is true:\n· A low level is applied to the EN pin.\n· SWEN = 0 in the CONTROL1 register.\n· The device junction temperature is greater than the thermal shutdown threshold.\n·The supply voltage is greater than the OVLO threshold.\n9.5 Programming\n9.5.1 Serial Interface Description\nI2C is a 2-wire serial interface developed by Philips Semiconductor, now NXP Semiconductors (see I2C-Bus Specification and User Manual, Revision 6, 4 April 2014). The bus consists of a data line (SDA) and a clock line (SCL) with pullup structures. When the bus is idle, both SDA and SCL lines are pulled high. All I2C-compatible devices connect to the I2C bus through open-drain I/O pins, SDA and SCL. A controller, usually a microcontroller or a digital signal processor, controls the bus. The controller is responsible for generating the SCL signal and device addresses. The controller also generates specific conditions that indicate the START and STOP of data transfer. A target receives data, transmits data, or both on the bus under control of the controller.\nThe TPS6287x-Q1 device operates as a target and supports the following data transfer modes, as defined in the I2C-Bus Specification: standard mode (100 kbps), fast mode (400 kbps), and fast mode plus (1 Mbps). The interface adds flexibility to the power supply solution, enabling most functions to be programmed to new values depending on the instantaneous application requirements. Register contents remain intact as long as the input voltage remains above 1.4 V.\nThe data transfer protocol for standard and fast modes is exactly the same, therefore, they are referred to as F/S-mode in this document. The device supports 7-bit addressing; general call addresses are not supported."", ""\nIMPORTANTNOTICEANDDISCLAIMER\nTI PROVIDES TECHNICAL AND RELIABILITY DATA (INCLUDING DATA SHEETS), DESIGN RESOURCES (INCLUDING REFERENCE DESIGNS), APPLICATION OR OTHER DESIGN ADVICE, WEB TOOLS, SAFETY INFORMATION, AND OTHER RESOURCES “AS IS\"" AND WITH ALL FAULTS, AND DISCLAIMS ALL WARRANTIES, EXPRESS AND IMPLIED, INCLUDING WITHOUT LIMITATION ANY IMPLIED WARRANTIES OF MERCHANTABILITY, FITNESS FOR A PARTICULAR PURPOSE OR NON-INFRINGEMENT OF THIRD PARTY INTELLECTUAL PROPERTY RIGHTS.\nThese resources are intended for skilled developers designing with TI products. You are solely responsible for (1) selecting the appropriate TI products for your application, (2) designing, validating and testing your application, and (3) ensuring your application meets applicable standards, and any other safety, security, regulatory or other requirements.\nThese resources are subject to change without notice. Tl grants you permission to use these resources only for development of an application that uses the Tl products described in the resource. Other reproduction and display of these resources is prohibited. No license is granted to any other Tl intellectual property right or to any third party intellectual property right. TI disclaims responsibility for, and you wil fully indemnify Tl and its representatives against, any claims, damages, costs, losses, and liabilities arising out of your use of these resources.\nTl's products are provided subject to TI's Terms of Sale or other applicable terms available either on ti.com or provided in conjunction with such TI products. TI's provision of these resources does not expand or otherwise alter Tl's applicable warranties or warranty disclaimers for TIproducts.\n TIl objects to and rejects any additional or different terms you may have proposed.\nMailing Address: Texas Instruments, Post Office Box 655303, Dallas, Texas 75265 Copyright @ 2023, Texas Instruments Incorporated""]","{""original_context_count"": 30, ""original_context_characters"": 50888, ""scored_context_count"": 8, ""scored_context_characters"": 11287, ""contexts_truncated"": true, ""context_selection"": ""claim_coverage"", ""selected_evidence_ids"": [""document:d69d04d302326d46""], ""selected_claim_ids"": [""sq_1:claim_1"", ""sq_2:claim_1"", ""sq_3:claim_1"", ""sq_4:claim_1""], ""excluded_evidence_ids"": [""circuit:21:instance:U1700"", ""document:0eb6659a764f4d29"", ""document:166c78abf834f10b"", ""document:228dea636670314c"", ""document:2d98070e9d1ea13a"", ""document:2f7fc0d49bc3067e"", ""document:3e7520f6096ce557"", ""document:44c4021cbbe6e903"", ""document:58106bd2421dc2d1"", ""document:5f92ddfec80138dc"", ""document:64a675c2589c03e9"", ""document:a6f318d1053a4c7e"", ""document:a75146a5b6179e1f"", ""document:a9e58cbe4a942ace"", ""document:aad8bd920bc191c1"", ""document:acdcdf0f4f05ee0c"", ""document:af98fef66e3629af"", ""document:b257f3b0795806a8"", ""document:b6943ae371d76077"", ""document:b97d439391ffdd91"", ""document:c525ee76c4d237d2"", ""document:ce749383d8f1b59a"", ""document:e1cc3eaeb1e15088"", ""document:e6627ad70c8cab97"", ""document:ea7b2234534382bf"", ""document:ed178b5d659e251d"", ""document:f4318d00b223c30b"", ""document:f85bd881bc90ac4e"", ""document:fff26d224ab88aef""]}",0.4549050587691037,0.4230294351756973,0.7142857142857143,not_applicable,0.0,0.0,0.5,0.21428571428571427,not_applicable
hw-v1-circuit-u1800-control,success,U1800 的输入、输出检测、使能和 I²C 控制网络分别是什么？,U1800 是 TPS62872，VIN 为 VCC3V3，VOSNS 为 VCC0V75，EN 接 N19888813，并通过连接到 MCU 的 SDA/SCL 进行 I²C 控制。,"根据U1800的引脚映射，结论如下：

- **输入网络**：VCC3V3（连接到VIN引脚）。
- **输出网络**：N19808656（连接到SW引脚）。
- **使能网络**：N19888813（连接到EN引脚）。
- **I²C控制网络**：SDA为MCU_SDA_P15.5，SCL为MCU_SCL_P15.4（分别连接到SDA和SCL引脚）。

**证据**：来源为电路设计文件“825504380_ADAS_SCH_TCN2.EDF”中的U1800引脚映射，明确列出了各引脚对应的网络名称。

**缺失信息**：证据中未提及“输出检测”相关的网络或功能，无法确认U1800是否存在输出检测网络或该功能的具体连接。","根据U1800的引脚映射，结论如下：

- **输入网络**：VCC3V3（连接到VIN引脚）。
- **输出网络**：N19808656（连接到SW引脚）。
- **使能网络**：N19888813（连接到EN引脚）。
- **I²C控制网络**：SDA为MCU_SDA_P15.5，SCL为MCU_SCL_P15.4（分别连接到SDA和SCL引脚）。

**证据**：来源为电路设计文件“825504380_ADAS_SCH_TCN2.EDF”中的U1800引脚映射，明确列出了各引脚对应的网络名称。

**缺失信息**：证据中未提及“输出检测”相关的网络或功能，无法确认U1800是否存在输出检测网络或该功能的具体连接。","[""Pin mapping for U1800: COMP -> N19809013, GOSNS -> GND, VOSNS -> VCC0V75, EN -> N19888813, VIN -> VCC3V3, GND -> GND, SW -> N19808656, GND -> GND, VIN -> VCC3V3, MODE/SYNC -> VCC3V3, SDA -> MCU_SDA_P15.5, SCL -> MCU_SCL_P15.4, VSEL -> N19808994, FSEL -> N19808812, TAB -> GND."", ""Instance U1800: TPS62872Y1QWRXSRQ1, 202308165398, TPS62872Y1QWRXSRQ1, PQFN50P355X255X105-16."", ""<table><tr><td>HM ID</td><td>F11/F12/F13/F14/F15/F16/F17/F18/F19/F25/F27</td></tr><tr><td>模块功能 \nModule Function</td><td>系统使用车载电池12V电压供电，经过EMI电路后输入至电源转换芯片，转换输出系统各模块所需电源。\nThe system uses 12V voltage power supply from the vehicle battery, which is input to the power conversion chip through the EMI circuit. Then the power conversion chip convert and output the power required by each module of the system.</td></tr><tr><td>模块框图\nModule diagram</td><td></td></tr><tr><td>模块方案\nModule solution</td><td>KL30 EMI (ASIL-B)\nKL30供电口处增加EMI电路，用于供电保护和滤波。硬件电路设计在UBD网络增加两个串联ESD电容，PCB布局靠近主连接器引脚处，用于吸收外部ESD信号，后端增加双向TVS管用于瞬态过压保护\nThe EMI circuit is added at the KL30 power supply port for power supply protection and filtering. The hardware circuit design adds two series ESD capacitors in the UBD network, the PCB layout is close to the main connector pin for absorbing external ESD signals, and the two-way TVS tube is added at the back end for transient overvoltage protection.\nKL30 to VCC3V3 (ASILB)\nKL30转VCC3V3是系统一级DC-DC，给MCU提供VCC3V3_MCU电源，所以系统要求其满足ASILB，确保MCU功能安全。\nKL30 to VCC3V3 is a system primary DC-DC chip, because the MCU needs VCC3V3_MCU power supply, so the system requires it to meet the ASILB to ensure the functional safety of the MCU.\nVCC3V3_MCU to VCC1V25_MCU(ASILB)\n3V3转1V25_MCU是使用MCU内置控制器进行控制的BUCK电源，用于MCU的核供电，功能安全需求达到ASILB，确保MCU功能安全。\n3V3 to 1V25_MCU is a BUCK power supply controlled by MCU built-in controller, which is used for MCU nuclear power supply. Functional safety requirements meet ASILB to ensure the functional safety of MCU.\nVCC3V3 to VCC0V75(QM(B))\nVCC3V3转VCC0V75应用于EQ6的内核供电，要求输出电流能力大，现选型TI的电源方案TPS62872。用MCU的P22.0引脚使能芯片，用MCU_SDA_P15.5，MCU_SCL_P15.4引脚I2C通信来设置输出电压和通信。\nVCC3V3 to VCC0V75 is applied to the core power supply of EQ6, which requires large output current capacity. The power supply scheme TPS62872 of TI is selected. P22.0 pin of MCU is used to enable the chip, and MCU_SDA_P15.5, MCU_SCL_P15.4 pin I2C communication is used to set the output voltage and communication. \nVCC3V3 to 0V75_MIPI_DDR(QM(B))\nVCC3V3转0V75_MIPI_DDR用于EQ6的IO口供电，现使用矽力杰的SA23002进行设计。用MCU的P22.1引脚使能该芯片。\nVCC3V3 to 0V75_MIPI_DDR for EQ6 IO port power supply, Silergy’s SA23002 is designed. The P22.1 pin of the MCU is used to enable the chip.\nVCC3V3转VCC1V8、VCC1V1、VCC50(QM(B))\nVCC1V8用于EQ6、CAM、DDR、FLASH供电，VCC1V1用于EQ6、DDR供电，VCC50用于CAN收发器供电，现选择LP87702 PMIC方案。用MCU的P15.3引脚使能该芯片的5V输出，用MCU_SCL_P15.4，MCU_SDA_P15.5 I2C通信来设置1.8V和1.1V输出电压和使能。\nVCC1V8 is used for EQ6, CAM, DDR, FLASH power supply, VCC1V1 is used for EQ6, DDR power supply, VCC50 is used for CAN transceiver  power supply, LP87702 PMIC scheme is selected. P15.3 pin of MCU is used to enable 5V output of the chip, and MCU_SCL_P15.4, MCU_SDA_P15.5 I2C communication is used to set 1.8V and 1.1V output voltage and enable it. \nVCC3V3 to VCC3V3_EQ(QM(B))\nVCC3V3转VCC3V3_EQ用于EQ6的IO和摄像头供电，现使用负载开关进行设计。用MCU的P20.3引脚使能该芯片。\nVCC3V3 to VCC3V3_EQ for EQ6’s IO and camera power supply, now using the load switch is designed. .The P20.3 pin of the MCU is used to enable the chip.\n\tVCC3V3 to VCC3V3_ETH(QM)\n3V3转3V3_ETH用于ETH供电，现选择负载开关方案。用MCU的P21.0引脚使能该芯片。\n3V3 to 3V3_ETH for ETH power supply, the load switch scheme is selected. . The P21.0 pin of the MCU is used to enable the chip.\n\tVCC1V8 to VCC1V8_EQ(QM(B))\nVCC1V8转VCC1V8_EQ用于EQ供电，现选择负载开关方案。用MCU的P20.0引脚使能该芯片。\nVCC1V8 to VCC1V8_EQ for EQ power supply, the load switch scheme is selected. . The P20.0 pin of the MCU is used to enable the chip.</td></tr><tr><td colspan='2'></td></tr></table>"", ""<table><tr><td>HM ID</td><td>F01/F06/F11</td></tr><tr><td>模块功能\nModule Function</td><td>ADAS正常工作电压范围9~16VDC，系统需求需要对产品供电KL30进行电源管理，硬件电路对UBD电源网络进行ADC采样。\nADAS normal operating voltage range is 9~16VDC. System requirements require power management for the product power supply KL30. The hardware circuit performs ADC sampling on the UBD power supply.</td></tr><tr><td>模块框图\nModule diagram</td><td></td></tr><tr><td>模块方案\nModule solution</td><td>MCU_UB_SW_P00.10信号是由MCU I/O控制的数字信号，用于使能KL30电压采样功能。\n  MCU_UB_SW_P00.10 signal is a digital signal controlled by MCU I/O, used to enable KL30 voltage sampling function.\nUBSW_ACQ_AN6信号是UBD经过100K 1%、10K 1%电阻分压后的模拟信号。\n  UBSW_ACQ_AN6 signal is an analog signal of UBD divided by 100K 1%、10K 1% resistors. Which is connected to the ADC pin of MCU for sampling. \nMCU的ADC采集到UBD后进行电源管理，当软件诊断到UBD电压范围异常时，MCU会关断EQ和其他负载工作电源，确保ADAS功能安全。\n  The ADC of MCU collects UBD for power management. When the software detects that UBD voltage range is abnormal, the MCU will turn off EQ and other load power supplies to ensure the functional safety of ADAS.</td></tr></table>"", ""<table><tr><td>模块序号\nModule number</td><td>模块名称\nModule name</td><td>功能定义\nFunction definition.</td><td>功能安全需求\nFunctional safety requirements</td></tr><tr><td>F01</td><td>MCU</td><td>SAK-TC377TP-96F300S AA</td><td>B(B)</td></tr><tr><td>F02</td><td>EYEQ6-L</td><td>EYEQ6-L，用于sensor的视频处理</td><td>B</td></tr><tr><td>F03</td><td>EYEQ6_LPDDR4</td><td>EQ6的1GB LPDDR4</td><td>B</td></tr><tr><td>F04</td><td>EYEQ6_NAND FLASH</td><td>EQ6的2Gb NAND FLASH</td><td>B</td></tr><tr><td>F05</td><td>CAM SENSOR</td><td>Sony 728摄像头模组</td><td>B</td></tr><tr><td>F06</td><td>KL30 sample</td><td>KL30电压采样</td><td>QM</td></tr><tr><td>F07</td><td>KL15 sample</td><td>KL15电压采样</td><td>QM</td></tr><tr><td>F08</td><td>EQ system power sample1</td><td>EQ6L系统供电电源电压ADC采样滤波、分压电路</td><td>B(B)</td></tr><tr><td>F09</td><td>ETH and CAN power sample2</td><td>CAN和ETH电源电压ADC采样滤波、分压电路</td><td>QM</td></tr><tr><td>F10</td><td>NTC temp sensor</td><td>NTC温度传感器，监控EQ6L/LPDDR4周边环境温度。</td><td>B</td></tr><tr><td>F11</td><td>KL30 EMI</td><td>KL30供电口EMI滤波电路.</td><td>B</td></tr><tr><td>F12</td><td>POWER</td><td>LN10046，KL30电源转VCC3V3电源</td><td>B</td></tr><tr><td>F13</td><td>POWER</td><td>LP87702，VCC3V3电压输入，VCC1V1、VCC1V8、VCC50电压输出</td><td>QM(B)</td></tr><tr><td>F14</td><td>POWER</td><td>TPS62872，VCC3V3电压输入，VCC0V75电压输出</td><td>QM(B)</td></tr><tr><td>F15</td><td>POWER</td><td>SA23002，VCC3V3输入，VCC0V75电压输出</td><td>QM(B)</td></tr><tr><td>F16</td><td>POWER</td><td>TPS22918负载开关，VCC3V3电压输入，VCC3V3_EQ输出</td><td>QM(B)</td></tr><tr><td>F17</td><td>POWER</td><td>TPS22918负载开关，VCC3V3输入，VCC3V3_ETH输出</td><td>QM</td></tr><tr><td>F18</td><td>overvoltage protect</td><td>用于MCU电源VCC3V3_MCU的外部过压保护</td><td>B</td></tr><tr><td>F19</td><td>POWER</td><td>TPS22918 负载开关，VCC1V8电压输入，VCC1V8_EQ电压输出</td><td>QM(B)</td></tr><tr><td>F20</td><td>CAN3</td><td>基于TCAN1145的CAN通讯，硬件支持特定报文唤醒</td><td>QM</td></tr><tr><td>F21</td><td>CAN2</td><td>基于TCAN1044A的CAN通讯.</td><td>QM</td></tr><tr><td>F22</td><td>CAN1</td><td>基于TCAN1044A的CAN通讯</td><td>QM</td></tr><tr><td>F23</td><td>CAN0</td><td>基于TCAN1044A的CAN通讯.</td><td>QM</td></tr><tr><td>F24</td><td>ETH</td><td>基于DP83TC812R的100BASE-T1通讯</td><td>QM</td></tr><tr><td>F25</td><td>Wake up</td><td>唤醒源和一级电源使能电路设计</td><td>QM</td></tr><tr><td>F26</td><td>watchdog</td><td>LP87702的看门狗功能，用于监控MCU运行状态</td><td>B</td></tr><tr><td>F27</td><td>POWER</td><td>VCC3V3_MCU转VCC1V25_MCU电压，由MCU的EVRC进行控制。</td><td>B</td></tr><tr><td>F28</td><td>level translation</td><td>3V3和1V8双向电压转换芯片</td><td>QM</td></tr></table>"", ""\nNone：YYYY年MM月DD日发布\nReleased on DD/MM/YYYY; 文件编号File No：6XXXXXXXX_BBB_HW_IP_00X\n保存期限：产品生命周期加1个日历年；如属安全件，保存15个日历年以上\nRetention period:Product life cycle +1 calendar year.\nIf it is a safety part, keep it for more than 15 calendar years\n密级：内部\nSecurity level：Internal：YYYY年MM月DD日实施\nImplemented on DD/MM/YYYY ——封面Cover\nNone：北京经纬恒润科技股份有限公司\nBeijing Jingwei Hirain Technologies Co., Inc. ——封面Cover\nECU Connector：Pin No.; None：Pin Desc.; None：Signal Type; HW Interface Component ：ASIL; None：HW ID / Name; None：Characteristic; MCU Component ：HW ID; None：Pin ASIL; None：Trace; None：MCU Pin; None：Port Pin; None：Pin Name; None：Pin Function; None：Peripheral; None：Register; None：Direction; None：Function\nDescription; None：Default status after reset release; None：Standby/sleep state Settings ——Port1\nMCU Component ：/ Name; None：Solution ID; None：No.; None：Group; None：Name / Channel; None：Name ——Port1\nECU Connector：X1900-1; None：UBD; None：POWER; HW Interface Component ：QM; None：F06/KL30 sample; None：UBD供电要求范围：9~16VDC，要求MCU通过ADC对UBD电源电压进行采样和监控，实现电源管理功能。; MCU Component ：F01/ MCU; None：QM; None：K5; None：P00.10; None：P00.10/GTM_TIM4_IN1_11/GTM_TIM1_IN1_1/GTM_TIM0_IN1_1/GTM_TOUT19/EVADC_G9CH2; None：GPIO; None：MCU_UB_SW_P00.10; None：/; None：O; None：KL30电源电压ADC采样控制信号\n高：打开通道，ADC可以采集\n低：关闭通道，ADC不可以采集; None：HI-Z，硬件外部下拉; None：—; SW Variable Name or SW Function Name：— ——Port1"", ""<table><tr><td>HM ID</td><td>F12</td></tr><tr><td>运行模式\nOperation Mode</td><td>上电模式、下电模式、运行模式\nPower on mode, power off mode, run mode.</td></tr><tr><td>模式定义\nDefinition of Operation mode</td><td>1、\t上电模式\n使能信号ECU_EN=H，一级电源LN10046开始工作，为负载提供VCC3V3的电源。\n2、\t下电模式\n使能信号ECU_EN=L后，一级电源LN10046停止VCC3V3供电，系统停止工作。\n3、\t运行模式\n一级电源LN10046正常输出VCC3V3，系统正常工作。\nPower on mode \nThe enable signal ECU_EN=H, the first-stage power LN10046 starts to work and provides power to VCC3V3 for the load.\nPower off mode \nAfter the enable signal ECU_EN=L, the primary power LN10046 stops the power supply of VCC3V3, and the system stops working.\nRun mode \nThe primary power LN10046 outputs VCC3V3 normally, and the system works normally.</td></tr><tr><td>模式切换接口\nMode switching interface</td><td></td></tr><tr><td>模式状态机\nMode state machine</td><td>\n\n</td></tr><tr><td>模式切换条件\nMode switching condition</td><td>参考：\n产品系统需求规格说明\n产品系统方案设计说明书\nReference: \nProduct system requirement specification \nProduct system scheme design specification.</td></tr><tr><td>备注\nNote</td><td>LN10046为系统一级电源DC-DC电路，功能不涉及软件控制逻辑。\nLN10046 is a system level power DC-DC circuit, the function does not involve software control logic..</td></tr></table>"", ""\nMCU Component ：F01/ MCU; None：QM; None：T8; None：AN6; None：AN6/EVADC_G11CH2/EVADC_G0CH6; None：ADC，分辨率10bit; None：UBSW_ACQ; None：/; None：I; None：KL30电源电压采样\nUBD_ACQ=3.3*ADC值/1024\nUBD=（UBD_ACQ/分压比+0.605，分压比=1/11，Q1600压降补偿5mV,D1606压降补偿0.6V\nADC采样精度：3.22mV; None：HI-Z; None：—; SW Variable Name or SW Function Name：— ——Port1\nECU Connector：X1900-14; None：I_S_WKUP; None：WKUP; HW Interface Component ：QM; None：F25/wake up; None：1、KL15唤醒ADAS设备时需要MCU通过ADC对KL15电压进行采样和监控，并配合MCU的off delay信号实现ADAS的延迟掉电。\n2、KL15唤醒信号电压额定范围是9-16VDC。; MCU Component ：F01/ MCU; None：QM; None：E12; None：P12.0; None：P12.0/GTM_TIM4_IN0_5/GTM_TIM3_IN0_7/CAN00_RXDC/GETH_RXCLKC/GTM_DTMA4_0/GTM_TOUT128/GETH_MDC; None：GPIO; None：MCU_WKUP_HOLD_P12.0; None：/; None：O; None：off delay功能控制信号\n高：MCU保持使能一级电源\n低：MCU不使能一级电源; None：HI-Z，硬件外部下拉; None：—; SW Variable Name or SW Function Name：— ——Port1\nMCU Component ：F01/ MCU; None：QM; None：T10; None：AN0; None：AN0/EVADC_G0CH0/EDSADC_EDS3PA; None：ADC，分辨率10bit; None：WKUP_ACQ; None：/; None：I; None：KL15唤醒信号采样\nUWKUP_ACQ=3.3*ADC值/1024\nUWKUP=（UWKUP_ACQ /分压比）+0.6，分压比=1/11，D1605压降补偿0.6V; None：HI-Z; None：—; SW Variable Name or SW Function Name：— ——Port1"", ""<table><tr><td>HM ID</td><td>F13</td></tr><tr><td>模块功能 \nModule Function</td><td>VCC1V8用于EQ6、CAM、DDR、FLASH供电。VCC1V1用于EQ6、DDR供电。VCC50用于CAN收发器供电，现选择LP87702 PMIC方案。\nVCCIV8 is used to power EQ6, CAM, DDR, FLASH.VCC1V1 is used to power EQ6,DDR. VCC50 is used for CAN transceiver power supply, now choose LP87702 PMIC scheme. \n</td></tr><tr><td>模块框图\nModule diagram</td><td></td></tr><tr><td>模块方案\nModule solution</td><td>\n采用LP87702芯片，将VCC3V3转换为VCC1V8、VCC1V1、VCC50，其中VCC1V8用于EQ6、CAM、DDR、FLASH供电，VCC1V1用于EQ6、DDR供电，VCC50用于CAN收发器供电。用MCU的P15.3引脚使能该芯片的5V输出，用MCU_SCL_P15.4，MCU_SDA_P15.5 I2C通信来设置1.8V和1.1输出电压和使能。用MCU的P12.1引脚复位该芯片。\nLP87702 chip is used to convert VCC3V3 into VCC1V8, VCC1V1 and VCC50, in which VCC1V8 is used for EQ6, CAM, DDR and FLASH power supply, VCC1V1 is used for EQ6 and DDR power supply, and VCC50 is used for CAN transceiver power supplyP15.3 pin of MCU is used to enable 5V output of the chip, and MCU_SCL_P15.4, MCU_SDA_P15.5 I2C communication is used to set 1.8V and 1.1 output voltage and enable it. Reset the chip with P12.1 pin of the MCU. </td></tr></table>"", ""<table><tr><td>HM ID</td><td>F05</td></tr><tr><td>模块功能 \nModule Function</td><td>Camera实现图像采集功能，根据ADAS系统需求，选择图像传感器芯片IMX-728作为camera主芯片。\nThe Camera realizes image acquisition function. According to the requirements of ADAS system, the image sensor chip IMX-728 is selected as the camera main chip.</td></tr><tr><td>模块框图\nModule diagram</td><td></td></tr><tr><td>模块方案\nModule solution</td><td>1、IMX-728芯片\n图像传感器芯片IMX-728工作功耗1W，像素8.3M（3840x 2160），最大支持帧数45fps，实际应用帧数是36fps。\nIMX-728 \nThe image sensor chip IMX-728 has a power consumption of 0.45W, a pixel of 8.3M(3840x2160), a maximum frame size of 45fps, and a practical frame size of 36fps. \n2、时钟和复位\n硬件选型25MHz晶振提供时钟输入，由其内部PLL等电路完成倍频、分频，供其内核和各模块使用。IMX-728的复位信号由主板EYEQ6_L通过GPIO_A20进行控制。\nClock and reset \nHardware selection 25MHz crystal provides clock input, frequency multiplication and frequency division by its internal PLL and other circuits, for the use of its core and each module. The reset signal of IMX-728 is controlled by EYEQ6_L on the motherboard through GPIO_A20. \n3、电源需求\nIMX-728需求3路电源：VCC3V3、VCC1V8、VCC1V1，其中VCC1V1由SA23002 DCDC通过3.3V转换输出。VCC1V8和VCC3V3电源由主板进行供电。\n\nPower demand\nIMX-728requires 3 power supplies: VCC3V3, VCC1V8, VCC1V1, VCC1V1 by SA23002 DCDC through 3.3V conversion output, VCC1V8 and VCC3V3 are spulied by main board. </td></tr></table>""]","{""original_context_count"": 10, ""original_context_characters"": 13458, ""scored_context_count"": 8, ""scored_context_characters"": 11076, ""contexts_truncated"": true, ""context_selection"": ""claim_coverage"", ""selected_evidence_ids"": [""circuit:21:pin_mapping:U1800""], ""selected_claim_ids"": [""sq_1:claim_1""], ""excluded_evidence_ids"": []}",0.5973758788223988,0.41104265624932923,0.7142857142857143,not_applicable,0.7555555555303703,1.0,1.0,0.8888888888888888,not_applicable
hw-v1-circuit-vcc1v8-switch,success,VCC1V8 到 EQ 的 1.8V 电源经过哪颗负载开关，使能信号是什么？,VCC1V8 经 U1803（TPS22918）输出为 VCC1V8_EQ，使能信号为 MCU_1V8_EQ_EN。,"VCC1V8 到 EQ 的 1.8V 电源经过的负载开关位号为 **U1803**，其使能信号为 **MCU_1V8_EQ_EN**。当前证据未提供该负载开关的具体型号。

- **负载开关**：位号 U1803，其输出引脚 VOUT 和 QOD 连接至网络 VCC1V8_EQ（证据13）。  
- **使能信号**：网络 MCU_1V8_EQ_EN 连接至 U1803 的 ON 引脚（证据12）。  

**缺失信息**：U1803 的器件型号未在已有证据中明确给出。","VCC1V8 到 EQ 的 1.8V 电源经过的负载开关位号为 **U1803**，其使能信号为 **MCU_1V8_EQ_EN**。当前证据未提供该负载开关的具体型号。

- **负载开关**：位号 U1803，其输出引脚 VOUT 和 QOD 连接至网络 VCC1V8_EQ（证据13）。  
- **使能信号**：网络 MCU_1V8_EQ_EN 连接至 U1803 的 ON 引脚（证据12）。  

**缺失信息**：U1803 的器件型号未在已有证据中明确给出。","[""Net &1V8_EQ_ACQ connects C1111.&2, R1141.&2, TP1139.&1, U900A.AN5/EVADC_G0CH5."", ""Net &3V3_EQ_ACQ connects C1102.&2, R1108.&2, R1113.&2, TP1109.&1, U900A.AN2/EVADC_G0CH2/EDSADC_EDS0PA."", ""Net CAN_EN_MCU_SPI3_MRST_P02.5 connects R1213.&1, R1231.&1, R1318.&1, R1324.&1, TP1119.&1, U900D.P02.5/I2C0_SCLA/PSI5_RX1B/PSI5S_RXB/QSPI3_MRSTA/SENT_SENT3C/CAN0_ECTT2/CAN11_TXD/QSPI3_MRST/I2C0_SCL/ERAY0_TXENB."", ""Net ECU_EN connects C1625.&2, D1608.K, D1611.K, D1612.K, D1613.K, D1614.K, D1615.K, R1610.&1, R1612.&2, TP1609.&1, U1600.EN/SYNC."", ""Net EQ6L_GPIO_A0_P23.0 connects R541.&1, TP1024.&1, U900E.P23.0/CAN10_RXDC."", ""Net EQ6L_GPIO_A14_UBOOT connects R545.&1, TP1031.&1, U900E.P21.1/ASCLIN11_ARXD/HSM_HSM2."", ""Net EQ6L_GPIO_A1_P23.1 connects R542.&1, TP1025.&1, U900E.P23.1/ASCLIN6_ARXF/ASCLIN1_ARTS/CAN10_TXD/ASCLIN6_ASCLK."", ""Net EQ6L_GPIO_A2_P23.4 connects R535.&1, TP1026.&1, U900E.P23.4/ASCLIN6_ASLSO."", ""Net EQ6L_GPIO_A3_P23.5 connects R543.&1, TP1027.&1, U900E.P23.5/ASCLIN6_ATX."", ""Net EQ6L_PCBVERSION0 connects R550.&2, R556.&1, R564.&2, U400-9.GPIO_A24_SPI_1_DO."", ""Net UBSW_SWITCH connects C1629.&1, Q1600.&5, Q1600.&6, TP1622.&1."", ""Net MCU_1V8_EQ_EN connects R1817.&2, TP1819.&1, U1803.ON, U900E.P20.0/CAN03_RXDC/CBS_TGI0/SCU_E_REQ6_0/GPT120_T6EUDA/ASCLIN3_ATX/ASCLIN3_ASCLK/HSCT0_SYSCLK_OUT/CBS_TGO0."", ""Net VCC1V8_EQ connects C1830.&1, C664.&1, C667.&1, L600.&2, L601.&2, L602.&2, L603.&2, L604.&2, R1141.&1, TP1817.&1, U1803.QOD, U1803.VOUT, U400-10.VDD_MIPI_VPH1, U400-10.VDD_MIPI_VPH2."", ""Instance U1500: TPS22918, 20181204001, TPS22918TDBVRQ1, SOT23X145-6."", ""Instance U1802: TPS22918, 20181204001, TPS22918TDBVRQ1, SOT23X145-6."", ""Instance U1803: TPS22918, 20181204001, TPS22918TDBVRQ1, SOT23X145-6."", ""Module Group 14 · Ethernet/PHY uses net B_D_ETH_1000_N."", ""Module Group 14 · Ethernet/PHY uses net B_D_ETH_1000_P."", ""Module Group 14 · Ethernet/PHY uses net B_D_ETH_100_N."", ""Module Group 14 · Ethernet/PHY uses net B_D_ETH_100_P."", ""Module Group 14 · Ethernet/PHY uses net ETH_INH."", ""Module Group 14 · Ethernet/PHY uses net GND."", ""<table><tr><td>HM ID</td><td>F17</td></tr><tr><td>模块功能 \nModule Function</td><td>3V3转3V3_ETH用于ETH供电，现选择负载开关方案。\n3V3 to 3V3_ETH is used for ETH power supply, and the load switching scheme is now selected.</td></tr><tr><td>模块框图\nModule diagram</td><td></td></tr><tr><td>模块方案\nModule solution</td><td>采用TPS22918负载开关，将VCC3V3系统电源转换为VCC3V3_ETH，提供给MCU的ETH供电。P21.0引脚使能该芯片。\nThe TPS22918 load switch is used to convert the VCC3V3 system power to VCC3V3-ETH to supply power to ETH of the MCU. The P21.0 pin of the MCU is used to enable the chip.\n</td></tr></table>"", ""<table><tr><td>HM ID</td><td>F19</td></tr><tr><td>模块功能 \nModule Function</td><td>1V8转1V8_EQ用于EQ6供电，现选择负载开关方案。\n1V8 to 1V8_EQ is used for the EQ6 power supply, now choose the load switch scheme.\n</td></tr><tr><td>模块框图\nModule diagram</td><td></td></tr><tr><td>模块方案\nModule solution</td><td>采用TPS22918负载开关，将VCC1V8电源转换为VCC1V8_EQ，给EQ6供电。用MCU的P20.0引脚使能该芯片。\nThe TPS22918 load switch chip is used to convert the VCC1V8 to VCC1V8_EQ to power EQ6. The P20.0 pin of the MCU is used to enable the chip.\n</td></tr></table>"", ""<table><tr><td>HM ID</td><td>F11/F12/F13/F14/F15/F16/F17/F18/F19/F25/F27</td></tr><tr><td>模块功能 \nModule Function</td><td>系统使用车载电池12V电压供电，经过EMI电路后输入至电源转换芯片，转换输出系统各模块所需电源。\nThe system uses 12V voltage power supply from the vehicle battery, which is input to the power conversion chip through the EMI circuit. Then the power conversion chip convert and output the power required by each module of the system.</td></tr><tr><td>模块框图\nModule diagram</td><td></td></tr><tr><td>模块方案\nModule solution</td><td>KL30 EMI (ASIL-B)\nKL30供电口处增加EMI电路，用于供电保护和滤波。硬件电路设计在UBD网络增加两个串联ESD电容，PCB布局靠近主连接器引脚处，用于吸收外部ESD信号，后端增加双向TVS管用于瞬态过压保护\nThe EMI circuit is added at the KL30 power supply port for power supply protection and filtering. The hardware circuit design adds two series ESD capacitors in the UBD network, the PCB layout is close to the main connector pin for absorbing external ESD signals, and the two-way TVS tube is added at the back end for transient overvoltage protection.\nKL30 to VCC3V3 (ASILB)\nKL30转VCC3V3是系统一级DC-DC，给MCU提供VCC3V3_MCU电源，所以系统要求其满足ASILB，确保MCU功能安全。\nKL30 to VCC3V3 is a system primary DC-DC chip, because the MCU needs VCC3V3_MCU power supply, so the system requires it to meet the ASILB to ensure the functional safety of the MCU.\nVCC3V3_MCU to VCC1V25_MCU(ASILB)\n3V3转1V25_MCU是使用MCU内置控制器进行控制的BUCK电源，用于MCU的核供电，功能安全需求达到ASILB，确保MCU功能安全。\n3V3 to 1V25_MCU is a BUCK power supply controlled by MCU built-in controller, which is used for MCU nuclear power supply. Functional safety requirements meet ASILB to ensure the functional safety of MCU.\nVCC3V3 to VCC0V75(QM(B))\nVCC3V3转VCC0V75应用于EQ6的内核供电，要求输出电流能力大，现选型TI的电源方案TPS62872。用MCU的P22.0引脚使能芯片，用MCU_SDA_P15.5，MCU_SCL_P15.4引脚I2C通信来设置输出电压和通信。\nVCC3V3 to VCC0V75 is applied to the core power supply of EQ6, which requires large output current capacity. The power supply scheme TPS62872 of TI is selected. P22.0 pin of MCU is used to enable the chip, and MCU_SDA_P15.5, MCU_SCL_P15.4 pin I2C communication is used to set the output voltage and communication. \nVCC3V3 to 0V75_MIPI_DDR(QM(B))\nVCC3V3转0V75_MIPI_DDR用于EQ6的IO口供电，现使用矽力杰的SA23002进行设计。用MCU的P22.1引脚使能该芯片。\nVCC3V3 to 0V75_MIPI_DDR for EQ6 IO port power supply, Silergy’s SA23002 is designed. The P22.1 pin of the MCU is used to enable the chip.\nVCC3V3转VCC1V8、VCC1V1、VCC50(QM(B))\nVCC1V8用于EQ6、CAM、DDR、FLASH供电，VCC1V1用于EQ6、DDR供电，VCC50用于CAN收发器供电，现选择LP87702 PMIC方案。用MCU的P15.3引脚使能该芯片的5V输出，用MCU_SCL_P15.4，MCU_SDA_P15.5 I2C通信来设置1.8V和1.1V输出电压和使能。\nVCC1V8 is used for EQ6, CAM, DDR, FLASH power supply, VCC1V1 is used for EQ6, DDR power supply, VCC50 is used for CAN transceiver  power supply, LP87702 PMIC scheme is selected. P15.3 pin of MCU is used to enable 5V output of the chip, and MCU_SCL_P15.4, MCU_SDA_P15.5 I2C communication is used to set 1.8V and 1.1V output voltage and enable it. \nVCC3V3 to VCC3V3_EQ(QM(B))\nVCC3V3转VCC3V3_EQ用于EQ6的IO和摄像头供电，现使用负载开关进行设计。用MCU的P20.3引脚使能该芯片。\nVCC3V3 to VCC3V3_EQ for EQ6’s IO and camera power supply, now using the load switch is designed. .The P20.3 pin of the MCU is used to enable the chip.\n\tVCC3V3 to VCC3V3_ETH(QM)\n3V3转3V3_ETH用于ETH供电，现选择负载开关方案。用MCU的P21.0引脚使能该芯片。\n3V3 to 3V3_ETH for ETH power supply, the load switch scheme is selected. . The P21.0 pin of the MCU is used to enable the chip.\n\tVCC1V8 to VCC1V8_EQ(QM(B))\nVCC1V8转VCC1V8_EQ用于EQ供电，现选择负载开关方案。用MCU的P20.0引脚使能该芯片。\nVCC1V8 to VCC1V8_EQ for EQ power supply, the load switch scheme is selected. . The P20.0 pin of the MCU is used to enable the chip.</td></tr><tr><td colspan='2'></td></tr></table>"", ""<table><tr><td>HM ID</td><td>F16</td></tr><tr><td>模块功能 \nModule Function</td><td>VCC3V3转VCC3V3_EQ用于EQ6的IO和摄像头供电，现使用负载开关TPS22918进行设计。\nVCC3V3 to VCC3V3-EQ is used for the IO and camera power supply of EQ6, and the load switch TPS22918 is used for the design.</td></tr><tr><td>模块框图\nModule diagram</td><td></td></tr><tr><td>模块方案\nModule solution</td><td>采用TPS22918负载开关，将VCC3V3系统电源转换为VCC3V3_EQ，提供给EQ6和摄像头供电。用MCU的P20.3引脚使能该芯片。\nThe TPS22918 load switch is used to convert the VCC3V3 system power to VCC3V3-EQ to supply power to EQ6 and the camera. The P20.3 pin of the MCU is used to enable the chip.\n</td></tr></table>"", ""<table><tr><td>序号</td><td>模块序号</td><td>模块名称</td><td>功能定义</td><td>功能安全需求</td></tr><tr><td>1</td><td>F013</td><td>POWER</td><td>LP87702，VCC3V3电压输入，VCC1V1、VCC1V8、VCC50电压输出</td><td>QM(B)</td></tr><tr><td>1</td><td>F01</td><td>MCU</td><td>SAK-TC377TP-96F300S AA</td><td>B(B)</td></tr><tr><td>1</td><td>F08</td><td>EQ system power sample1</td><td>EQ6L系统供电电源电压ADC采样滤波、分压电路</td><td>B(B)</td></tr><tr><td>2</td><td>F14</td><td>POWER</td><td>TPS62872，VCC3V3电压输入，VCC0V75电压输出，EQ6L核电供电</td><td>QM(B)</td></tr><tr><td>2</td><td>F01</td><td>MCU</td><td>SAK-TC377TP-96F300S AA</td><td>B(B)</td></tr><tr><td>2</td><td>F08</td><td>EQ system power sample</td><td>EQ6L系统供电电源电压ADC采样滤波、分压电路</td><td>B(B)</td></tr><tr><td>3</td><td>F15</td><td>POWER</td><td>SA23002，VCC3V3输入，0V75_MIPI_DDR电压输出</td><td>QM(B)</td></tr><tr><td>3</td><td>F01</td><td>MCU</td><td>SAK-TC377TP-96F300S AA</td><td>B(B)</td></tr><tr><td>3</td><td>F08</td><td>EQ system power sample</td><td>EQ6L系统供电电源电压ADC采样滤波、分压电路</td><td>B(B)</td></tr><tr><td>4</td><td>F16</td><td>POWER</td><td>TPS22918负载开关，VCC3V3电压输入，VCC3V3_EQ输出</td><td>QM(B)</td></tr><tr><td>4</td><td>F01</td><td>MCU</td><td>SAK-TC377TP-96F300S AA</td><td>B(B)</td></tr><tr><td>4</td><td>F08</td><td>EQ system power sample</td><td>EQ6L系统供电电源电压ADC采样滤波、分压电路</td><td>B(B)</td></tr></table>"", ""<table><tr><td>模块序号\nModule number</td><td>模块名称\nModule name</td><td>功能定义\nFunction definition.</td><td>功能安全需求\nFunctional safety requirements</td></tr><tr><td>F01</td><td>MCU</td><td>SAK-TC377TP-96F300S AA</td><td>B(B)</td></tr><tr><td>F02</td><td>EYEQ6-L</td><td>EYEQ6-L，用于sensor的视频处理</td><td>B</td></tr><tr><td>F03</td><td>EYEQ6_LPDDR4</td><td>EQ6的1GB LPDDR4</td><td>B</td></tr><tr><td>F04</td><td>EYEQ6_NAND FLASH</td><td>EQ6的2Gb NAND FLASH</td><td>B</td></tr><tr><td>F05</td><td>CAM SENSOR</td><td>Sony 728摄像头模组</td><td>B</td></tr><tr><td>F06</td><td>KL30 sample</td><td>KL30电压采样</td><td>QM</td></tr><tr><td>F07</td><td>KL15 sample</td><td>KL15电压采样</td><td>QM</td></tr><tr><td>F08</td><td>EQ system power sample1</td><td>EQ6L系统供电电源电压ADC采样滤波、分压电路</td><td>B(B)</td></tr><tr><td>F09</td><td>ETH and CAN power sample2</td><td>CAN和ETH电源电压ADC采样滤波、分压电路</td><td>QM</td></tr><tr><td>F10</td><td>NTC temp sensor</td><td>NTC温度传感器，监控EQ6L/LPDDR4周边环境温度。</td><td>B</td></tr><tr><td>F11</td><td>KL30 EMI</td><td>KL30供电口EMI滤波电路.</td><td>B</td></tr><tr><td>F12</td><td>POWER</td><td>LN10046，KL30电源转VCC3V3电源</td><td>B</td></tr><tr><td>F13</td><td>POWER</td><td>LP87702，VCC3V3电压输入，VCC1V1、VCC1V8、VCC50电压输出</td><td>QM(B)</td></tr><tr><td>F14</td><td>POWER</td><td>TPS62872，VCC3V3电压输入，VCC0V75电压输出</td><td>QM(B)</td></tr><tr><td>F15</td><td>POWER</td><td>SA23002，VCC3V3输入，VCC0V75电压输出</td><td>QM(B)</td></tr><tr><td>F16</td><td>POWER</td><td>TPS22918负载开关，VCC3V3电压输入，VCC3V3_EQ输出</td><td>QM(B)</td></tr><tr><td>F17</td><td>POWER</td><td>TPS22918负载开关，VCC3V3输入，VCC3V3_ETH输出</td><td>QM</td></tr><tr><td>F18</td><td>overvoltage protect</td><td>用于MCU电源VCC3V3_MCU的外部过压保护</td><td>B</td></tr><tr><td>F19</td><td>POWER</td><td>TPS22918 负载开关，VCC1V8电压输入，VCC1V8_EQ电压输出</td><td>QM(B)</td></tr><tr><td>F20</td><td>CAN3</td><td>基于TCAN1145的CAN通讯，硬件支持特定报文唤醒</td><td>QM</td></tr><tr><td>F21</td><td>CAN2</td><td>基于TCAN1044A的CAN通讯.</td><td>QM</td></tr><tr><td>F22</td><td>CAN1</td><td>基于TCAN1044A的CAN通讯</td><td>QM</td></tr><tr><td>F23</td><td>CAN0</td><td>基于TCAN1044A的CAN通讯.</td><td>QM</td></tr><tr><td>F24</td><td>ETH</td><td>基于DP83TC812R的100BASE-T1通讯</td><td>QM</td></tr><tr><td>F25</td><td>Wake up</td><td>唤醒源和一级电源使能电路设计</td><td>QM</td></tr><tr><td>F26</td><td>watchdog</td><td>LP87702的看门狗功能，用于监控MCU运行状态</td><td>B</td></tr><tr><td>F27</td><td>POWER</td><td>VCC3V3_MCU转VCC1V25_MCU电压，由MCU的EVRC进行控制。</td><td>B</td></tr><tr><td>F28</td><td>level translation</td><td>3V3和1V8双向电压转换芯片</td><td>QM</td></tr></table>"", ""\nHW Interface Component ：QM（B）; None：F16/POWER; None：1、负载开关TPS22918，VCC3V3转VCC3V3_EQ。\n2、TPS22918由MCU进行使能和关断控制。; MCU Component ：F01/MCU; None：B; None：G20; None：P20.3; None：P20.3/GTM_TIM4_IN5_11/GTM_TIM3_IN4_5/GTM_TIM2_IN4_5/GTM_TOUT61/QSPI0_SLSO9/QSPI2_SLSO9/CAN03_TXD; None：GPIO; None：MCU_3V3_EQ_EN; None：/; None：O; None：VCC3V3_EQ电源使能控制信号\n高：使能VCC3V3_EQ电源\n低：关断VCC3V3_EQ电源; None：HI-Z,硬件外部下拉; None：—; SW Variable Name or SW Function Name：— ——Port1\nHW Interface Component ：QM; None：F17/POWER; None：1、负载开关TPS22918，VCC3V3转VCC3V3_ETH。\n2、TPS22918由MCU进行使能和关断控制。; MCU Component ：F01/MCU; None：QM; None：K17; None：P21.0; None：P21.0/GTM_TIM4_IN0_11/GTM_TIM3_IN4_6/GTM_TIM2_IN4_6/QSPI4_MRSTDN/DMU_FDEST/GTM_TOUT51/HSM_HSM1; None：GPIO; None：MCU_3V3_ETH_EN; None：/; None：O; None：VCC3V3_ETH电源使能控制信号\n高：使能VCC3V3_EQ电源\n低：关断VCC3V3_EQ电源; None：HI-Z, 硬件外部下拉; None：—; SW Variable Name or SW Function Name：— ——Port1\nHW Interface Component ：QM; None：F14/POWER; None：1、电源转换芯片TPS62872，VCC3V3转VCC0V75。\n2、TPS62872由MCU进行使能和关断控制。; MCU Component ：F01/MCU; None：QM; None：P20; None：P22.0; None：P22.0/GTM_TIM1_IN1_7/GTM_TIM0_IN1_7/QSPI4_MTSRB/GTM_TOUT47/QSPI4_MTSR/QSPI4_SCLKN; None：GPIO; None：MCU_VCC0V75_EN; None：/; None：O; None：VCC0V75电源使能控制信号\n高：使能VCC0V75电源\n低：关断VCC0V75电源; None：HI-Z, 硬件外部下拉; None：—; SW Variable Name or SW Function Name：— ——Port1"", ""\nNone：MCU采样摄像头的1V8电源电压，精度要求：1.7~1.9V; MCU Component ：F01/ MCU; None：B; None：U6; None：AN14; None：AN14/EVADC_G1CH6/EDSADC_EDS3PB; None：ADC，分辨率10bit; None：VCC1V8_CAM_ACQ; None：/; None：I; None：索尼摄像头模组电源1.8V电压采样。\nU1V8_CAM_ACQ=3.3*ADC值/1024\n精度：1.7~1.9V\n硬件滤波截止频率：≥121.7Hz\n硬件滤波时间：≤1.5ms; None：HI-Z; None：—; SW Variable Name or SW Function Name：— ——Port1\nNone：Config; MCU Component ：F01/ MCU; None：QM; None：H19; None：P20.2; None：P20.2/TESTMODE; None：TESTMODE; None：—; None：/; None：I; None：TESTMODE：\n高：正常工作模式\n低：英飞凌内部测试模式; None：HI-Z，硬件外部上拉; None：—; SW Variable Name or SW Function Name：— ——Port1\nNone：Config; MCU Component ：F01/ MCU; None：B; None：A14; None：P14.5; None：P14.5/GTM_TIM1_IN0_4/GTM_TIM0_IN0_4/PMS_HWCFG1IN/GTM_DTMA2_0/GTM_TOUT85/ERAY0_TXD; None：PMS_HWCFG1IN; None：—; None：/; None：I; None：EVR33控制内部3.3V电压转换:\n高：内部使用5V转换为3.3V电压\n低：禁止5V转换为3.3V电压; None：HI-Z，硬件外部下拉; None：—; SW Variable Name or SW Function Name：— ——Port1""]","{""original_context_count"": 30, ""original_context_characters"": 13091, ""scored_context_count"": 8, ""scored_context_characters"": 1345, ""contexts_truncated"": true, ""context_selection"": ""claim_coverage"", ""selected_evidence_ids"": [""document:d59fddc6838a7925""], ""selected_claim_ids"": [""sq_1:claim_1"", ""sq_2:claim_1""], ""excluded_evidence_ids"": [""circuit:21:module_connection:Group 14 · Ethernet/PHY:B_D_ETH_1000_N"", ""circuit:21:module_connection:Group 14 · Ethernet/PHY:B_D_ETH_1000_P"", ""circuit:21:module_connection:Group 14 · Ethernet/PHY:B_D_ETH_100_N"", ""circuit:21:module_connection:Group 14 · Ethernet/PHY:B_D_ETH_100_P"", ""circuit:21:module_connection:Group 14 · Ethernet/PHY:ETH_INH"", ""circuit:21:module_connection:Group 14 · Ethernet/PHY:GND"", ""circuit:21:net:&1V8_EQ_ACQ"", ""circuit:21:net:&3V3_EQ_ACQ"", ""circuit:21:net:CAN_EN_MCU_SPI3_MRST_P02.5"", ""circuit:21:net:ECU_EN"", ""circuit:21:net:EQ6L_GPIO_A0_P23.0"", ""circuit:21:net:EQ6L_GPIO_A14_UBOOT"", ""circuit:21:net:EQ6L_GPIO_A1_P23.1"", ""circuit:21:net:EQ6L_GPIO_A2_P23.4"", ""circuit:21:net:EQ6L_GPIO_A3_P23.5"", ""circuit:21:net:EQ6L_PCBVERSION0"", ""circuit:21:net:MCU_1V8_EQ_EN"", ""circuit:21:net:UBSW_SWITCH"", ""circuit:21:net:VCC1V8_EQ"", ""document:377c425a6fdda20d"", ""document:44c4021cbbe6e903"", ""document:7a6ae2179c8765b3"", ""document:91f27d32c7bf7787"", ""document:ac72bb1a220bade2"", ""document:b6943ae371d76077"", ""document:e6627ad70c8cab97""]}",0.5489644428367366,0.27793552850078485,0.8,not_applicable,0.0,0.0,1.0,0.0,not_applicable
hw-v1-joint-can-module,success,文档声明板上有哪些 CAN 相关模块，回答时能否用网表确认其具体连接？,HSI 硬件架构包含 CAN/CAN FD 电路；具体器件和网络连接应以 EDF 检索结果为准，文档能力声明与网表拓扑需分别标注来源。,"**直接结论：** 文档声明板上有四个CAN相关模块，分别是CAN0、CAN1、CAN2、CAN3。网表可以确认其部分具体连接，包括CAN差分信号线、唤醒信号以及控制信号。

**证据：**

1.  **文档中列出的CAN相关模块：**
    *   根据文档[13]中的模块列表，声明了以下四个CAN模块：
        *   F23: CAN0
        *   F22: CAN1
        *   F21: CAN2
        *   F20: CAN3
    *   文档[14]进一步说明，这四个模块均用于CAN/CAN FD通讯，支持最大速率5Mbps，并兼容TCAN1145和TCAN1044A两种收发器方案。

2.  **网表中CAN模块的具体连接：**
    *   网表[1]至[12]显示了CAN0、CAN1、CAN2、CAN3的差分信号线（如CAN0H、CAN0L）均连接到连接器X1900的对应引脚。
    *   网表[3]和[8]显示了CAN0和CAN1的唤醒信号（CAN0_INH、CAN1_INH）连接到收发器的INH引脚。
    *   网表[5]显示了CAN0的控制信号（CAN0_STB_MCU_SPI3_CS5_P02.8）连接到收发器U1200的SCSN引脚、U1202的STB引脚和U1203的NSTB引脚。","**直接结论：** 文档声明板上有四个CAN相关模块，分别是CAN0、CAN1、CAN2、CAN3。网表可以确认其部分具体连接，包括CAN差分信号线、唤醒信号以及控制信号。

**证据：**

1.  **文档中列出的CAN相关模块：**
    *   根据文档[13]中的模块列表，声明了以下四个CAN模块：
        *   F23: CAN0
        *   F22: CAN1
        *   F21: CAN2
        *   F20: CAN3
    *   文档[14]进一步说明，这四个模块均用于CAN/CAN FD通讯，支持最大速率5Mbps，并兼容TCAN1145和TCAN1044A两种收发器方案。

2.  **网表中CAN模块的具体连接：**
    *   网表[1]至[12]显示了CAN0、CAN1、CAN2、CAN3的差分信号线（如CAN0H、CAN0L）均连接到连接器X1900的对应引脚。
    *   网表[3]和[8]显示了CAN0和CAN1的唤醒信号（CAN0_INH、CAN1_INH）连接到收发器的INH引脚。
    *   网表[5]显示了CAN0的控制信号（CAN0_STB_MCU_SPI3_CS5_P02.8）连接到收发器U1200的SCSN引脚、U1202的STB引脚和U1203的NSTB引脚。","[""Net CAN0H connects C1201.&1, D1200.cathode1, L1200.&4, R1209.&2, R1214.&2, TP1206.&1, X1900.&2."", ""Net CAN0L connects C1200.&1, D1200.cathode2, L1200.&3, R1212.&2, R1215.&2, TP1215.&1, X1900.&3."", ""Net CAN0_INH connects D1203.&1, R1630.&1, TP1219.&1, U1200.INH, U1203.INH."", ""Net CAN0_INH_ACQ connects C1216.&1, R1236.&2, R1237.&2, TP1232.&1, U900A.AN20/EVADC_G2CH4/EDSADC_EDS2PA."", ""Net CAN0_STB_MCU_SPI3_CS5_P02.8 connects R1126.&1, R1228.&2, R1241.&1, TP1217.&1, U1200.SCSN, U1202.STB, U1203.NSTB."", ""Net CAN1H connects C1207.&1, D1201.cathode1, L1201.&4, R1220.&2, R1224.&2, TP1222.&1, X1900.&10."", ""Net CAN1L connects C1206.&1, D1201.cathode2, L1201.&3, R1223.&2, R1225.&2, TP1223.&1, X1900.&11."", ""Net CAN1_INH connects D1204.&1, R1629.&1, TP1228.&1, U1204.INH, U1205.INH."", ""Net CAN2H connects C1301.&1, D1300.cathode1, L1300.&4, R1302.&2, R1306.&2, TP1301.&1, X1900.&4."", ""Net CAN2L connects C1300.&1, D1300.cathode2, L1300.&3, R1305.&2, R1307.&2, TP1303.&1, X1900.&12."", ""Net CAN3H connects C1306.&1, D1301.cathode1, L1301.&4, R1311.&2, R1315.&2, TP1307.&1, X1900.&16."", ""Net CAN3L connects C1305.&1, D1301.cathode2, L1301.&3, R1314.&2, R1316.&2, TP1309.&1, X1900.&15."", ""<table><tr><td>模块序号\nModule number</td><td>模块名称\nModule name</td><td>功能定义\nFunction definition.</td><td>功能安全需求\nFunctional safety requirements</td></tr><tr><td>F01</td><td>MCU</td><td>SAK-TC377TP-96F300S AA</td><td>B(B)</td></tr><tr><td>F02</td><td>EYEQ6-L</td><td>EYEQ6-L，用于sensor的视频处理</td><td>B</td></tr><tr><td>F03</td><td>EYEQ6_LPDDR4</td><td>EQ6的1GB LPDDR4</td><td>B</td></tr><tr><td>F04</td><td>EYEQ6_NAND FLASH</td><td>EQ6的2Gb NAND FLASH</td><td>B</td></tr><tr><td>F05</td><td>CAM SENSOR</td><td>Sony 728摄像头模组</td><td>B</td></tr><tr><td>F06</td><td>KL30 sample</td><td>KL30电压采样</td><td>QM</td></tr><tr><td>F07</td><td>KL15 sample</td><td>KL15电压采样</td><td>QM</td></tr><tr><td>F08</td><td>EQ system power sample1</td><td>EQ6L系统供电电源电压ADC采样滤波、分压电路</td><td>B(B)</td></tr><tr><td>F09</td><td>ETH and CAN power sample2</td><td>CAN和ETH电源电压ADC采样滤波、分压电路</td><td>QM</td></tr><tr><td>F10</td><td>NTC temp sensor</td><td>NTC温度传感器，监控EQ6L/LPDDR4周边环境温度。</td><td>B</td></tr><tr><td>F11</td><td>KL30 EMI</td><td>KL30供电口EMI滤波电路.</td><td>B</td></tr><tr><td>F12</td><td>POWER</td><td>LN10046，KL30电源转VCC3V3电源</td><td>B</td></tr><tr><td>F13</td><td>POWER</td><td>LP87702，VCC3V3电压输入，VCC1V1、VCC1V8、VCC50电压输出</td><td>QM(B)</td></tr><tr><td>F14</td><td>POWER</td><td>TPS62872，VCC3V3电压输入，VCC0V75电压输出</td><td>QM(B)</td></tr><tr><td>F15</td><td>POWER</td><td>SA23002，VCC3V3输入，VCC0V75电压输出</td><td>QM(B)</td></tr><tr><td>F16</td><td>POWER</td><td>TPS22918负载开关，VCC3V3电压输入，VCC3V3_EQ输出</td><td>QM(B)</td></tr><tr><td>F17</td><td>POWER</td><td>TPS22918负载开关，VCC3V3输入，VCC3V3_ETH输出</td><td>QM</td></tr><tr><td>F18</td><td>overvoltage protect</td><td>用于MCU电源VCC3V3_MCU的外部过压保护</td><td>B</td></tr><tr><td>F19</td><td>POWER</td><td>TPS22918 负载开关，VCC1V8电压输入，VCC1V8_EQ电压输出</td><td>QM(B)</td></tr><tr><td>F20</td><td>CAN3</td><td>基于TCAN1145的CAN通讯，硬件支持特定报文唤醒</td><td>QM</td></tr><tr><td>F21</td><td>CAN2</td><td>基于TCAN1044A的CAN通讯.</td><td>QM</td></tr><tr><td>F22</td><td>CAN1</td><td>基于TCAN1044A的CAN通讯</td><td>QM</td></tr><tr><td>F23</td><td>CAN0</td><td>基于TCAN1044A的CAN通讯.</td><td>QM</td></tr><tr><td>F24</td><td>ETH</td><td>基于DP83TC812R的100BASE-T1通讯</td><td>QM</td></tr><tr><td>F25</td><td>Wake up</td><td>唤醒源和一级电源使能电路设计</td><td>QM</td></tr><tr><td>F26</td><td>watchdog</td><td>LP87702的看门狗功能，用于监控MCU运行状态</td><td>B</td></tr><tr><td>F27</td><td>POWER</td><td>VCC3V3_MCU转VCC1V25_MCU电压，由MCU的EVRC进行控制。</td><td>B</td></tr><tr><td>F28</td><td>level translation</td><td>3V3和1V8双向电压转换芯片</td><td>QM</td></tr></table>"", ""<table><tr><td>HM ID</td><td>F20/F21/ F22/ F23</td></tr><tr><td>模块功能 \nModule Function</td><td>ADAS系统需求MCU外置4路CAN/CAN FD和外部进行通讯。\nThe ADAS system requires MCU external 4-channel CAN/CAN FD and external communication. </td></tr><tr><td>模块框图\nModule diagram</td><td></td></tr><tr><td>模块方案\nModule solution</td><td>根据系统需求ADAS的四路CAN/CANFD都需要兼容TCAN1145和TCAN1044A，最大速率支持5M，根据客户需求进行选贴。\nCAN0芯片用到引脚有MCU_CAN0_TXD_P13.0，MCU_CAN0_RXD_P13.1，MCU_SPI3_MTSR_P02.6，CAN_EN_MCU_SPI3_MRST_P02.5，CAN_ERR_MCU_SPI3_CLK_P02.7，CAN0_STB_MCU_SPI3_CS5_P02.8。\nCAN1芯片用到的引脚有MCU_CAN1_TXD_P20.7，MCU_CAN1_RXD_P20.6，MCU_SPI3_MTSR_P02.6，CAN_EN_MCU_SPI3_MRST_P02.5，CAN_ERR_MCU_SPI3_CLK_P02.7，CAN1_STB_MCU_SPI3_CS4_P00.2。\nCAN2芯片用到的引脚有MCU_CAN2_TXD_P14.0，MCU_CAN2_RXD_P14.1，MCU_SPI3_MTSR_P02.6，CAN_EN_MCU_SPI3_MRST_P02.5，CAN_ERR_MCU_SPI3_CLK_P02.7，CAN2_STB_MCU_SPI3_CS3_P00.5。\nCAN3芯片用到的引脚有MCU_CAN3_TXD_P32.3，MCU_CAN3_RXD_P32.2，MCU_SPI3_MTSR_P02.6，CAN_EN_MCU_SPI3_MRST_P02.5，CAN_ERR_MCU_SPI3_CLK_P02.7，CAN3_STB_MCU_SPI3_CS6_P00.8。\n1, Per system requirements, all four CAN/CAN FD channels in the ADAS must be compatible with both TCAN1145 and TCAN1044A transceivers, supporting a maximum rate of 5 Mbps. The selection of components (TCAN1145 or TCAN1044A) is determined by customer requirements.\nPin Assignments:\nCAN0:\nMCU_CAN0_TXD_P13.0, MCU_CAN0_RXD_P13.1, MCU_SPI3_MTSR_P02.6, CAN_EN_MCU_SPI3_MRST_P02.5, CAN_ERR_MCU_SPI3_CLK_P02.7, CAN0_STB_MCU_SPI3_CS5_P02.8.\nCAN1:\nMCU_CAN1_TXD_P20.7, MCU_CAN1_RXD_P20.6, MCU_SPI3_MTSR_P02.6, CAN_EN_MCU_SPI3_MRST_P02.5, CAN_ERR_MCU_SPI3_CLK_P02.7, CAN1_STB_MCU_SPI3_CS4_P00.2.\nCAN2:\nMCU_CAN2_TXD_P14.0, MCU_CAN2_RXD_P14.1, MCU_SPI3_MTSR_P02.6, CAN_EN_MCU_SPI3_MRST_P02.5, CAN_ERR_MCU_SPI3_CLK_P02.7, CAN2_STB_MCU_SPI3_CS3_P00.5.\nCAN3:\nMCU_CAN3_TXD_P32.3, MCU_CAN3_RXD_P32.2, MCU_SPI3_MTSR_P02.6, CAN_EN_MCU_SPI3_MRST_P02.5, CAN_ERR_MCU_SPI3_CLK_P02.7, CAN3_STB_MCU_SPI3_CS6_P00.8.</td></tr></table>"", ""注：使用本模板时请先阅读填写说明页，形成工作产品时本页不可删除变更历史Change History目  录Table of Contents1\t概述 Introduction\t81.1 目的 Purpose\t81.2 适用范围 Range of Application\t81.3 读者对象 TReader\t81.4 术语及缩写解释 Terms and Abbreviations\t81.5 参考文档 Reference Document\t82\t硬件架构 Hardware Architecture\t92.1 系统概述 System overview\t92.2 硬件框图 Hardware block diagram\t102.3 模块电路 Module circuit\t122.3.1 KL30电源管理电路 KL30 supply management circuit\t122.3.2 唤醒电路 Wake Up circuit\t132.3.3 电源电路 power circuit\t152.3.4 TC377最小系统 TC377 minimum system\t232.3.5 EQ6最小系统 EQ6 minimum system\t252.3.6 摄像头最小系统 camera minimum system\t282.3.7 看门狗电路 Watchdog circuit\t302.3.8 温度采样电路 Temp Sample circuit\t302.3.9 系统内电源电压采样电源 The power System Voltage Sampling circuit\t312.3.10 ETH电路 ETH circuit\t332.3.11 CAN/CAN FD电路 CAN/CAN FD circuit\t342.3.12 3V3过压保护电路 3V3 overvoltage protection circuit\t353\t硬件运行模式 Hardware Operation Mode\t363.1 硬件运行模式 Hardware Operation Mode\t363.2 运行模式定义 Definition of Operation Mode\t373.3 运行模式转换条件 Transition Condition of Operation Mode\t393.3.1 KL30电源管理电路 KL30 supply management circuit\t393.3.2 唤醒电路 Wake Up circuit\t413.3.3 电源电路 Power Circuit\t423.3.4 TC377最小系统 TC377 minimum system\t53"", ""<table><tr><td>HM ID</td><td>F01/F07/F25/F28/F31</td></tr><tr><td>模块功能 \nModule Function</td><td>ADAS产品支持KL15唤醒、CAN唤醒（平台预留）和以太网唤醒（平台预留）三种唤醒方式，当唤醒信号有效时直接使能一级电源，MCU开始工作并启动ADAS产品，并且MCU可以通过MCU_WAKE_HOLD_P12.0信号辅助使能一级电源，实现off delay功能。\nADAS products support KL15 wake up, CAN wake up（Platform reservation），ETH wake up（Platform reservation）, three wake up modes. When the wake up signal is effective, the first-level power supply will be directly enabled. MCU starts to work and start the ADAS product, and the MCU can enable the first-level power supply through the MCU_WAKE_HOLD_P12.0 signal assist to achieve the off delay function.</td></tr><tr><td>模块框图\nModule diagram</td><td></td></tr><tr><td>模块方案\nModule solution</td><td>KL15唤醒  KL15 Wake Up\nKL15分成两路信号：\nThe KL15 signal divides into two signals:\n一路经过防反二极管和分压电阻后用于使能一级电源LN10046，当KL15为逻辑高时有效，一级电源开始工作。并且MCU得电启动后会使能MCU_WKUP_HOLD_P12.0引脚，通过防反接二极管辅助使能一级电源并在唤醒源掉电后实现OFF DELAY功能，确保MCU完成所有必要任务之后ADAS产品进入休眠。\nOne way passes through an anti-reverse diode and two divider resistors , used to enable the EN pin of the primary power supply LN10046, effective when the KL15 is logically high, the primary power supply starts working. The MCU_WKUP_HOLD_P12.0 pin will be enabled after the MCU is powered on, and the primary power supply will be enabled through the anti-reverse diode assist, and the function of OFF DELAY will be performed after the wake source is powered off to ensure that the ADAS product will enter hibernation after the MCU completes all necessary tasks.\n另一路通过防反接二极管和100K,1%、10K,1%分压电路，用于MCU的ADC采样进行是否有效判断。 用到的引脚网络是WKUP_ACQ，对应MCU的AN0引脚。\nThe other way through the anti-reverse diode and 100K,1%, 20K,1% voltage divider circuit, used for MCU ADC sampling to determine whether effective. The pin network used is WKUP_ACQ, which corresponds to the AN0 pin of the MCU.\nCAN特定帧唤醒\nADAS平台支持特定报文的CAN唤醒功能，当唤醒信号有效时会直接使能一级电源的使能信号，系统开始唤醒，MCU工作并启动整个ADAS产品工作。\nCAN通讯接口，TCAN1145配置时支持CAN特定报文唤醒，TCAN1145的VBAT引脚接至UB_PR引脚，INH引脚通过分压和防反电路接至一级电源使能引脚，当CAN总线接收到唤醒报文时INH引脚为逻辑高，会使能一级电源，产品开始工作。INH信号通过一个防范二极管在通过100K和10K电阻分压后用MCU的AN11引脚采样。\n2.CAN0 bus wake up \nThe ADAS platform reserves the CAN wake-up function to support specific messages. When the wake-up signal is effective, the enable signal of the first-level power supply will be directly enabled, the system will start to wake up, and the MCU will work and start the entire ADAS product.\nCAN communication interface, TCAN1145 supports CAN specific message wake-up when configured, the VBAT pin of TCAN1145 is connected to UB_PR pin, The INH pin is connected to the primary power enable pin through the voltage divider and anti-reverse circuit. When the CAN bus receives the wake-up message, the INH pin is logically high, which will enable the primary power and the product will start to work. The INH signal is sampled with the AN11 pin of the MCU via a guard diode after voltage splitting through 100K and 33K resistors.\n3.ETH报文唤醒\nADAS产品唤醒支持ETH报文唤醒，当唤醒信号有效时会直接使能一级电源的使能信号，系统开始唤醒，MCU工作并启动整个ADAS产品工作。ETH PHY DP83TC812R的VSLEEP引脚接至常电，INH引脚通过分压和防反电路接至一级电源使能引脚，当以太网接收到唤醒报文时INH引脚为逻辑高，会使能一级电源，产品开始工作。\n3.Flexray specific packet wakeup \nThe wakeup of ADAS products supports the wakeup of ETH message. When the wakeup signal is effective, the enable signal of the primary power supply will be directly enabled, and the system will start to wake up, and the MCU will work and start the whole ADAS product. The VSLEEP pin of the PHY DP83TC812R is connected to the Constant Power Supply, and the INH pin is connected to the primary power enable pin through the voltage divider and anti-reverse circuit. When the ETH bus receives the wake-up message, the INH pin is logically high, and the primary power is enabled and the product starts to work. \n4.自保持唤醒 MCU_WKUP_HOLD\n当CAN总线唤醒报文中断后，INH引脚电平会无效（逻辑低），此时MCU会通过MCU_WKUP_HOLD_P12.0引脚进入OFF DELAY功能自保持唤醒一段时间，确保MCU完成所有必要任务之后ADAS产品进入休眠。\n4. Self keeping wake up\nWhen the CAN bus wake-up frame is interrupted, the INH pin level will be invalid (low logic), and the MCU will enter the OFF DELAY function through the MCU_WKUP_HOLD_P12.0 pin to keep awake for a period of time to ensure that the ADAS product will enter hibernation after the MCU completes all necessary tasks.</td></tr></table>"", ""<table><tr><td>HM ID</td><td>F13</td></tr><tr><td>模块功能 \nModule Function</td><td>VCC1V8用于EQ6、CAM、DDR、FLASH供电。VCC1V1用于EQ6、DDR供电。VCC50用于CAN收发器供电，现选择LP87702 PMIC方案。\nVCCIV8 is used to power EQ6, CAM, DDR, FLASH.VCC1V1 is used to power EQ6,DDR. VCC50 is used for CAN transceiver power supply, now choose LP87702 PMIC scheme. \n</td></tr><tr><td>模块框图\nModule diagram</td><td></td></tr><tr><td>模块方案\nModule solution</td><td>\n采用LP87702芯片，将VCC3V3转换为VCC1V8、VCC1V1、VCC50，其中VCC1V8用于EQ6、CAM、DDR、FLASH供电，VCC1V1用于EQ6、DDR供电，VCC50用于CAN收发器供电。用MCU的P15.3引脚使能该芯片的5V输出，用MCU_SCL_P15.4，MCU_SDA_P15.5 I2C通信来设置1.8V和1.1输出电压和使能。用MCU的P12.1引脚复位该芯片。\nLP87702 chip is used to convert VCC3V3 into VCC1V8, VCC1V1 and VCC50, in which VCC1V8 is used for EQ6, CAM, DDR and FLASH power supply, VCC1V1 is used for EQ6 and DDR power supply, and VCC50 is used for CAN transceiver power supplyP15.3 pin of MCU is used to enable 5V output of the chip, and MCU_SCL_P15.4, MCU_SDA_P15.5 I2C communication is used to set 1.8V and 1.1 output voltage and enable it. Reset the chip with P12.1 pin of the MCU. </td></tr></table>"", ""顾客代表Customer Representative其他与项目相关人员等Other relevant person术语及缩写解释 Terms and AbbreviationsTable 1-1Terms and Abbreviations参考文档 Reference DocumentTable 1-2Reference Document硬件架构 Hardware Architecture硬件架构描述了60060894_ADAS项目的硬件基础模块，模块和模块之间的接口。The Hardware Architecture describe the HW basic component of 600608964_ADAS project, as well as the interface of each component.系统概述 System overviewADAS产品要求功能安全达到ASIL-B，硬件整体架构介绍如下：ADAS products require functional safety to meet ASIL-B. The overall hardware architecture is described as follows:整体系统由摄像头板（CAM）和主板（MB）两部分组成。The overall system is composed of two parts: camera board (CAM) and mainboard (MB).前向摄像头采集道路图像后通过数字接口输出视频数据。The forward camera collects road images and outputs video data through the digital interface.数字视频数据通过线缆传输到主板上的视频处理器EYEQ6进行视频处理。The digital video data is transmitted to the video processor EYEQ6 on the mainboard through cables for video processing.EYEQ6处理视频数据，输出路况信息。EYEQ6 processes video data and outputs road condition information.路况信息通过SPI口传送给MCU进行处理，主板通过CAN对外传送路况信息。Road condition information is transmitted to MCU through SPI interface for processing, and the mainboard transmits road condition information externally through CAN.处理结果通过CAN发出，包括对车的主动安全控制信号以及给驾驶员的报警信号。The processing result is sent out through CAN, including the active safety control signal for the car and the alarm signal for the driver.图 1 系统工作方式Fig 1 System operating block硬件框图 Hardware block diagram图 2 系统框图Fig 2 system block功能安全分解相关模块模块电路 Module circuitKL30电源管理电路 KL30 supply management circuit"", ""<table><tr><td>HM ID</td><td>F01/F02/F05/F10</td></tr><tr><td>模块功能 \nModule Function</td><td>对EQ6和LPDDR4周边PCB温度进行监控。AOU需求MCU监控EQ6芯片内结温，确保EQ6工作安全。AOU需求EQ6监控CAM的工作温度，要求温度监控功能达到ASIL-B等级，确保EQ6系统的功能安全。\nThe PCB temperature around EQ6 and LPDDR4 was monitored. AOU requires MCU to monitor the junction temperature inside EQ6 chip to ensure the safety of EQ6. AOU requires EQ6 to monitor the operating temperature of the CAM, and the temperature monitoring function is required to reach ASIL-B level to ensure the functional safety of the EQ6 system.</td></tr><tr><td>模块框图\nModule diagram</td><td>\n</td></tr><tr><td>模块方案\nModule solution</td><td>EQ6温度采样\nEQ6-L内部内置了两个温度传感器，并通过外部SPI接口实时发送给MCU，硬件设计可以支持MCU对EQ6结温的监控。\n1, EQ6 temperature sampling\nEQ6-l has two internal temperature sensors, which are sent to the MCU in real time through the external SPI interface. The hardware design can support the MCU to monitor the junction temperature of EQ6.\nNTC温度采样\n硬件设计使用温敏电阻NTC（NCU15XH103F6SRC）采集EQ6/LPDDR4周边环境温度，并通过MCU进行ADC采样和实时监控。NTC温度监控范围：-40~150℃，监控精度±3℃@-40~150℃，MCU的ADC为10bit，即1024个量阶，使得监测精度可以达到3.2mV，电压采集范围0-3.3V。用MCU的AN7引脚采样。\n2.NTC temperature sampling\nIn hardware design, the temperature sensor NTC (NCU15XH103F6SRC) is used to collect the ambient temperature of EQ6/LPDDR4, and the ADC sampling and real-time monitoring are carried out by MCU. NTC temperature monitoring range: -40-150℃, monitoring accuracy ±3℃@-40-150℃, MCU ADC is 10bit, that is, 1024 quantity order, so that the monitoring accuracy can reach 3.2mV, voltage acquisition range 0-3.3V. The AN7 pin of the MCU is used for sampling.\nCAM温度采样\nCAM的IMX-728内置了两个温度传感器，温度测量范围是：-40~125℃，温度监控精度为±5℃@-40~125℃。EYEQ6可以通过I2C接口（EQ6L的I2C_0_SCLK和I2C_0_SDA引脚）实时读取IMX-728的工作温度，并进行状态监控和异常诊断。\n3.CAM temperature sampling\nCAM IMX-728 built-in two temperature sensors, temperature measurement range is: -40~125℃, temperature monitoring accuracy of ±5℃@-40~125℃. EYEQ6 can read the operating temperature of the IMX-728 in real time through the I2C interface (I2C_0_SCLK and I2C_0_SDA pins of EQ6L), and perform condition monitoring and anomaly diagnosis. </td></tr></table>"", ""<table><tr><td>HM ID</td><td>F11/F12/F13/F14/F15/F16/F17/F18/F19/F25/F27</td></tr><tr><td>模块功能 \nModule Function</td><td>系统使用车载电池12V电压供电，经过EMI电路后输入至电源转换芯片，转换输出系统各模块所需电源。\nThe system uses 12V voltage power supply from the vehicle battery, which is input to the power conversion chip through the EMI circuit. Then the power conversion chip convert and output the power required by each module of the system.</td></tr><tr><td>模块框图\nModule diagram</td><td></td></tr><tr><td>模块方案\nModule solution</td><td>KL30 EMI (ASIL-B)\nKL30供电口处增加EMI电路，用于供电保护和滤波。硬件电路设计在UBD网络增加两个串联ESD电容，PCB布局靠近主连接器引脚处，用于吸收外部ESD信号，后端增加双向TVS管用于瞬态过压保护\nThe EMI circuit is added at the KL30 power supply port for power supply protection and filtering. The hardware circuit design adds two series ESD capacitors in the UBD network, the PCB layout is close to the main connector pin for absorbing external ESD signals, and the two-way TVS tube is added at the back end for transient overvoltage protection.\nKL30 to VCC3V3 (ASILB)\nKL30转VCC3V3是系统一级DC-DC，给MCU提供VCC3V3_MCU电源，所以系统要求其满足ASILB，确保MCU功能安全。\nKL30 to VCC3V3 is a system primary DC-DC chip, because the MCU needs VCC3V3_MCU power supply, so the system requires it to meet the ASILB to ensure the functional safety of the MCU.\nVCC3V3_MCU to VCC1V25_MCU(ASILB)\n3V3转1V25_MCU是使用MCU内置控制器进行控制的BUCK电源，用于MCU的核供电，功能安全需求达到ASILB，确保MCU功能安全。\n3V3 to 1V25_MCU is a BUCK power supply controlled by MCU built-in controller, which is used for MCU nuclear power supply. Functional safety requirements meet ASILB to ensure the functional safety of MCU.\nVCC3V3 to VCC0V75(QM(B))\nVCC3V3转VCC0V75应用于EQ6的内核供电，要求输出电流能力大，现选型TI的电源方案TPS62872。用MCU的P22.0引脚使能芯片，用MCU_SDA_P15.5，MCU_SCL_P15.4引脚I2C通信来设置输出电压和通信。\nVCC3V3 to VCC0V75 is applied to the core power supply of EQ6, which requires large output current capacity. The power supply scheme TPS62872 of TI is selected. P22.0 pin of MCU is used to enable the chip, and MCU_SDA_P15.5, MCU_SCL_P15.4 pin I2C communication is used to set the output voltage and communication. \nVCC3V3 to 0V75_MIPI_DDR(QM(B))\nVCC3V3转0V75_MIPI_DDR用于EQ6的IO口供电，现使用矽力杰的SA23002进行设计。用MCU的P22.1引脚使能该芯片。\nVCC3V3 to 0V75_MIPI_DDR for EQ6 IO port power supply, Silergy’s SA23002 is designed. The P22.1 pin of the MCU is used to enable the chip.\nVCC3V3转VCC1V8、VCC1V1、VCC50(QM(B))\nVCC1V8用于EQ6、CAM、DDR、FLASH供电，VCC1V1用于EQ6、DDR供电，VCC50用于CAN收发器供电，现选择LP87702 PMIC方案。用MCU的P15.3引脚使能该芯片的5V输出，用MCU_SCL_P15.4，MCU_SDA_P15.5 I2C通信来设置1.8V和1.1V输出电压和使能。\nVCC1V8 is used for EQ6, CAM, DDR, FLASH power supply, VCC1V1 is used for EQ6, DDR power supply, VCC50 is used for CAN transceiver  power supply, LP87702 PMIC scheme is selected. P15.3 pin of MCU is used to enable 5V output of the chip, and MCU_SCL_P15.4, MCU_SDA_P15.5 I2C communication is used to set 1.8V and 1.1V output voltage and enable it. \nVCC3V3 to VCC3V3_EQ(QM(B))\nVCC3V3转VCC3V3_EQ用于EQ6的IO和摄像头供电，现使用负载开关进行设计。用MCU的P20.3引脚使能该芯片。\nVCC3V3 to VCC3V3_EQ for EQ6’s IO and camera power supply, now using the load switch is designed. .The P20.3 pin of the MCU is used to enable the chip.\n\tVCC3V3 to VCC3V3_ETH(QM)\n3V3转3V3_ETH用于ETH供电，现选择负载开关方案。用MCU的P21.0引脚使能该芯片。\n3V3 to 3V3_ETH for ETH power supply, the load switch scheme is selected. . The P21.0 pin of the MCU is used to enable the chip.\n\tVCC1V8 to VCC1V8_EQ(QM(B))\nVCC1V8转VCC1V8_EQ用于EQ供电，现选择负载开关方案。用MCU的P20.0引脚使能该芯片。\nVCC1V8 to VCC1V8_EQ for EQ power supply, the load switch scheme is selected. . The P20.0 pin of the MCU is used to enable the chip.</td></tr><tr><td colspan='2'></td></tr></table>""]","{""original_context_count"": 20, ""original_context_characters"": 18996, ""scored_context_count"": 8, ""scored_context_characters"": 2213, ""contexts_truncated"": true, ""context_selection"": ""claim_coverage"", ""selected_evidence_ids"": [""document:3cc8373cb37fffa6"", ""circuit:21:net:CAN3L""], ""selected_claim_ids"": [""sq_1:claim_1"", ""sq_2:claim_1""], ""excluded_evidence_ids"": [""circuit:21:net:CAN0H"", ""circuit:21:net:CAN0L"", ""circuit:21:net:CAN0_INH"", ""circuit:21:net:CAN0_INH_ACQ"", ""circuit:21:net:CAN0_STB_MCU_SPI3_CS5_P02.8"", ""circuit:21:net:CAN1H"", ""circuit:21:net:CAN1L"", ""circuit:21:net:CAN1_INH"", ""circuit:21:net:CAN2H"", ""circuit:21:net:CAN2L"", ""circuit:21:net:CAN3H"", ""document:5e69a562758e3536"", ""document:74353e6817c9fe60"", ""document:8d80fbb6ee80deb0"", ""document:979eb6c2ea8095f4"", ""document:b257f3b0795806a8"", ""document:b6943ae371d76077"", ""document:e6627ad70c8cab97""]}",0.14277659819483568,0.3690620686463328,0.5,not_applicable,0.19999999998,0.0,0.5,0.14285714285714285,not_applicable
hw-v1-missing-protection-threshold,success,仅根据网表，3V3 过压保护的精确触发阈值是多少？,网表只能表明连接拓扑，不能给出精确保护阈值；当前缺少对应数据手册或规格证据，应明确无法确认。,"根据网表，3V3过压保护的精确触发阈值为 **4.03V**。

**支撑证据**：  
- 文档 [9]（600608964_ADAS_HSI_0506_1952_shoulin.wang.docx）中模块 F18 的“模块方案”明确说明：  
  *“当 VCC3V3 > 4.03V 时，cathode 引脚输出逻辑低（最高1V），NMOS 关闭，PMOS 关闭，VCC3V3_SW 无电，对后级负载起到过压保护作用。”*  
  该文档直接定义过压保护触发条件为 VCC3V3 超过 4.03V。

**说明**：  
- 网表（如网络 VCC3V3、VCC3V3_EQ、&3V3_EQ_ACQ 等）仅提供了电路连接关系，未包含分压电阻或比较器参数，因此无法从网表本身计算出阈值。阈值信息来源于设计文档，属于“模块方案”描述内容。  
- 未发现其他冲突证据。","根据网表，3V3过压保护的精确触发阈值为 **4.03V**。

**支撑证据**：  
- 文档 [9]（600608964_ADAS_HSI_0506_1952_shoulin.wang.docx）中模块 F18 的“模块方案”明确说明：  
  *“当 VCC3V3 > 4.03V 时，cathode 引脚输出逻辑低（最高1V），NMOS 关闭，PMOS 关闭，VCC3V3_SW 无电，对后级负载起到过压保护作用。”*  
  该文档直接定义过压保护触发条件为 VCC3V3 超过 4.03V。

**说明**：  
- 网表（如网络 VCC3V3、VCC3V3_EQ、&3V3_EQ_ACQ 等）仅提供了电路连接关系，未包含分压电阻或比较器参数，因此无法从网表本身计算出阈值。阈值信息来源于设计文档，属于“模块方案”描述内容。  
- 未发现其他冲突证据。","[""Net &3V3_EQ_ACQ connects C1102.&2, R1108.&2, R1113.&2, TP1109.&1, U900A.AN2/EVADC_G0CH2/EDSADC_EDS0PA."", ""Net &3V3_ETH_ACQ connects C1103.&2, R1110.&2, R1112.&2, TP1111.&1, U900A.AN8/EVADC_G1CH0."", ""Net MCU_3V3_EQ_EN connects R1818.&2, TP1822.&1, U1802.ON, U900E.P20.3/ASCLIN3_ARXC/GPT120_T6INA/ASCLIN3_ATX/QSPI0_SLSO9/QSPI2_SLSO9/CAN03_TXD, X2000.&13."", ""Net MCU_3V3_ETH_EN connects R1500.&2, TP1500.&1, U1500.ON, U900E.P21.0/ASCLIN11_ARXC/ASCLIN11_ATX/ASCLIN11_ATX."", ""Net VCC3V3 connects C1500.&1, C1617.&1, C1618.&1, C1621.&1, C1633.&2, C1700.&1, C1701.&1, C1702.&1, C1704.&1, C1709.&1, C1710.&1, C1711.&1, C1716.&1, C1800.&1, C1801.&1, C1802.&1, C1803.&1, C1804.&1, C1805.&1, C1811.&1, C1812.&1, C1821.&1, C1823.&1, C1828.&1, L1601.&2, L1701.&1, Q1700.S, R1622.&2, R1701.&1, R1706.&1, R1709.&1, R1710.&1, R1711.&2, R1712.&2, R1800.&2, TP1605.&1, TP1803.&1, U1500.VIN, U1600.VCCIN, U1700.VIN_B0_1, U1700.VIN_B1_1, U1700.VANA, U1700.VIN_B0_2, U1700.VIN_B1_2, U1800.VIN, U1800.VIN, U1800.MODE/SYNC, U1802.VIN, U1804.VIN, U1804.VIN, X2000.&1, X2000.&3."", ""Net VCC3V3_CAM_ACQ connects C1114.&2, R1143.&2, R1147.&2, TP1146.&1, U900A.AN12/EVADC_G1CH4/EDSADC_EDS0PB."", ""Net VCC3V3_CAM_FB connects R1143.&1, TP1913.&1, X1903.&4."", ""Net VCC3V3_EQ connects C1832.&1, C502.&1, C619.&1, C621.&1, C624.&1, C627.&1, C630.&1, R1108.&1, R1122.&1, R506.&2, R507.&2, R549.&2, R554.&2, R555.&2, R556.&2, R558.&2, R580.&2, R581.&2, TP1816.&1, U1802.QOD, U1802.VOUT, U400-2.VDD_RING_8_0-1, U400-2.VDD_RING_8_0-2, U400-2.VDD_RING_8_0-3, U400-2.VDD_RING_9_0, X1903.&10, Y500.VDD."", ""<table><tr><td>HM ID</td><td>F18</td></tr><tr><td>模块功能 \nModule Function</td><td>AOU要求MCU需要硬件外部增加过压保护电路对3V3_MCU进行电压监控。\nAOU requires MCU to increase the overvoltage protection circuit outside the hardware to monitor the voltage of 3V3_MCU. </td></tr><tr><td>模块框图\nModule diagram</td><td>\n\n</td></tr><tr><td>模块方案\nModule solution</td><td>1.当VCC3V3 <4.03V时，cathode引脚为高阻态, 当VCC3V3 <VGS门限（Q1701）时，NMOS关闭，PMOS关闭，VCC3V3_SW无电。\n2、当4.03V＞VCC3V3 > VGS门限（Q1701）时，NMOS打开，PMOS打开，VCC3V3_SW和VCC3V3直通。\n3、当VCC3V3＞4.03V时，cathode引脚输出逻辑低（最高1V），NMOS关闭，PMOS关闭，VCC3V3_SW无电，对后级负载起到过压保护作用。\n1. When VCC3V3 <4.03V, the cathode pin is in the high resistance state. When VCC3V3 <VGs threshold (Q1701), NMOS is off, PMOS is off, and VCC3V3_SW has no electricity.\n2.When 4.03V>VCC3V3>VGS threshold (Q1701), NMOS opens, PMOS opens, and VCC3V3_sw and VCC3V3 pass through.\n3.When VCC3V3>4.03V, the cathode pin output logic is low (up to 1V), NMOS is off, PMOS is off, and VCC3V3_Sw has no power, which plays an overvoltage protection role on the load of the later stage.\n</td></tr></table>"", ""唤醒电路 Wake Up circuit电源电路 power circuitKL30 EMI电路 KL30 EMI circuitKL30 转VCC3V3 KL30 to VCC3V3VCC3V3_MCU转VCC1V25_MCU  VCC3V3_MCU to VCC1V25_MCUVCC3V3转VCC0V75  VCC3V3 to VCC0V75VCC3V3转0V75_MIPI_DDR  VCC3V3 to 0V75_MIPI_DDRVCC3V3转VCC1V8、VCC1V1、VCC50   VCC3V3 to VCC1V8、VCC1V1、VCC50VCC3V3转VCC3V3_EQ  VCC3V3 to VCC3V3_EQVCC3V3转VCC3V3_ETH  VCC3V3 to VCC3V3_ETHVCC1V8转VCC1V8_EQ  VCC1V8 to VCC1V8_EQTC377最小系统 TC377 minimum systemEQ6最小系统 EQ6 minimum system摄像头最小系统 camera minimum system看门狗电路 Watchdog circuit温度采样电路 Temp Sample circuit系统内电源电压采样电源 The power System Voltage Sampling circuitETH电路 ETH circuitCAN/CAN FD电路 CAN/CAN FD circuit3V3过压保护电路 3V3 overvoltage protection circuit硬件运行模式 Hardware Operation Mode主要用于描述当前ADAS硬件不同的运行模式（例如上电模式，下电模式，Sleep模式，运行模式等）。描述各个运行模式下的硬件模块功能，以及模式之间的切换条件。Describe the different operating mode of ADAS Hardware (e.g. power on mode, power off mode, Sleep mode，normal mode). Define the HW component functions in each operating mode, describe the transition condition between different modes.硬件运行模式 Hardware Operation Mode系统功能矩阵描述系统不同模式下各功能模块运行状态。The system function matrix describes the operation status of each function module in different modes of the system."", ""<table><tr><td>模块序号\nModule number</td><td>模块名称\nModule name</td><td>功能定义\nFunction definition.</td><td>功能安全需求\nFunctional safety requirements</td></tr><tr><td>F01</td><td>MCU</td><td>SAK-TC377TP-96F300S AA</td><td>B(B)</td></tr><tr><td>F02</td><td>EYEQ6-L</td><td>EYEQ6-L，用于sensor的视频处理</td><td>B</td></tr><tr><td>F03</td><td>EYEQ6_LPDDR4</td><td>EQ6的1GB LPDDR4</td><td>B</td></tr><tr><td>F04</td><td>EYEQ6_NAND FLASH</td><td>EQ6的2Gb NAND FLASH</td><td>B</td></tr><tr><td>F05</td><td>CAM SENSOR</td><td>Sony 728摄像头模组</td><td>B</td></tr><tr><td>F06</td><td>KL30 sample</td><td>KL30电压采样</td><td>QM</td></tr><tr><td>F07</td><td>KL15 sample</td><td>KL15电压采样</td><td>QM</td></tr><tr><td>F08</td><td>EQ system power sample1</td><td>EQ6L系统供电电源电压ADC采样滤波、分压电路</td><td>B(B)</td></tr><tr><td>F09</td><td>ETH and CAN power sample2</td><td>CAN和ETH电源电压ADC采样滤波、分压电路</td><td>QM</td></tr><tr><td>F10</td><td>NTC temp sensor</td><td>NTC温度传感器，监控EQ6L/LPDDR4周边环境温度。</td><td>B</td></tr><tr><td>F11</td><td>KL30 EMI</td><td>KL30供电口EMI滤波电路.</td><td>B</td></tr><tr><td>F12</td><td>POWER</td><td>LN10046，KL30电源转VCC3V3电源</td><td>B</td></tr><tr><td>F13</td><td>POWER</td><td>LP87702，VCC3V3电压输入，VCC1V1、VCC1V8、VCC50电压输出</td><td>QM(B)</td></tr><tr><td>F14</td><td>POWER</td><td>TPS62872，VCC3V3电压输入，VCC0V75电压输出</td><td>QM(B)</td></tr><tr><td>F15</td><td>POWER</td><td>SA23002，VCC3V3输入，VCC0V75电压输出</td><td>QM(B)</td></tr><tr><td>F16</td><td>POWER</td><td>TPS22918负载开关，VCC3V3电压输入，VCC3V3_EQ输出</td><td>QM(B)</td></tr><tr><td>F17</td><td>POWER</td><td>TPS22918负载开关，VCC3V3输入，VCC3V3_ETH输出</td><td>QM</td></tr><tr><td>F18</td><td>overvoltage protect</td><td>用于MCU电源VCC3V3_MCU的外部过压保护</td><td>B</td></tr><tr><td>F19</td><td>POWER</td><td>TPS22918 负载开关，VCC1V8电压输入，VCC1V8_EQ电压输出</td><td>QM(B)</td></tr><tr><td>F20</td><td>CAN3</td><td>基于TCAN1145的CAN通讯，硬件支持特定报文唤醒</td><td>QM</td></tr><tr><td>F21</td><td>CAN2</td><td>基于TCAN1044A的CAN通讯.</td><td>QM</td></tr><tr><td>F22</td><td>CAN1</td><td>基于TCAN1044A的CAN通讯</td><td>QM</td></tr><tr><td>F23</td><td>CAN0</td><td>基于TCAN1044A的CAN通讯.</td><td>QM</td></tr><tr><td>F24</td><td>ETH</td><td>基于DP83TC812R的100BASE-T1通讯</td><td>QM</td></tr><tr><td>F25</td><td>Wake up</td><td>唤醒源和一级电源使能电路设计</td><td>QM</td></tr><tr><td>F26</td><td>watchdog</td><td>LP87702的看门狗功能，用于监控MCU运行状态</td><td>B</td></tr><tr><td>F27</td><td>POWER</td><td>VCC3V3_MCU转VCC1V25_MCU电压，由MCU的EVRC进行控制。</td><td>B</td></tr><tr><td>F28</td><td>level translation</td><td>3V3和1V8双向电压转换芯片</td><td>QM</td></tr></table>"", ""<table><tr><td>HM ID</td><td>F11/F12/F13/F14/F15/F16/F17/F18/F19/F25/F27</td></tr><tr><td>模块功能 \nModule Function</td><td>系统使用车载电池12V电压供电，经过EMI电路后输入至电源转换芯片，转换输出系统各模块所需电源。\nThe system uses 12V voltage power supply from the vehicle battery, which is input to the power conversion chip through the EMI circuit. Then the power conversion chip convert and output the power required by each module of the system.</td></tr><tr><td>模块框图\nModule diagram</td><td></td></tr><tr><td>模块方案\nModule solution</td><td>KL30 EMI (ASIL-B)\nKL30供电口处增加EMI电路，用于供电保护和滤波。硬件电路设计在UBD网络增加两个串联ESD电容，PCB布局靠近主连接器引脚处，用于吸收外部ESD信号，后端增加双向TVS管用于瞬态过压保护\nThe EMI circuit is added at the KL30 power supply port for power supply protection and filtering. The hardware circuit design adds two series ESD capacitors in the UBD network, the PCB layout is close to the main connector pin for absorbing external ESD signals, and the two-way TVS tube is added at the back end for transient overvoltage protection.\nKL30 to VCC3V3 (ASILB)\nKL30转VCC3V3是系统一级DC-DC，给MCU提供VCC3V3_MCU电源，所以系统要求其满足ASILB，确保MCU功能安全。\nKL30 to VCC3V3 is a system primary DC-DC chip, because the MCU needs VCC3V3_MCU power supply, so the system requires it to meet the ASILB to ensure the functional safety of the MCU.\nVCC3V3_MCU to VCC1V25_MCU(ASILB)\n3V3转1V25_MCU是使用MCU内置控制器进行控制的BUCK电源，用于MCU的核供电，功能安全需求达到ASILB，确保MCU功能安全。\n3V3 to 1V25_MCU is a BUCK power supply controlled by MCU built-in controller, which is used for MCU nuclear power supply. Functional safety requirements meet ASILB to ensure the functional safety of MCU.\nVCC3V3 to VCC0V75(QM(B))\nVCC3V3转VCC0V75应用于EQ6的内核供电，要求输出电流能力大，现选型TI的电源方案TPS62872。用MCU的P22.0引脚使能芯片，用MCU_SDA_P15.5，MCU_SCL_P15.4引脚I2C通信来设置输出电压和通信。\nVCC3V3 to VCC0V75 is applied to the core power supply of EQ6, which requires large output current capacity. The power supply scheme TPS62872 of TI is selected. P22.0 pin of MCU is used to enable the chip, and MCU_SDA_P15.5, MCU_SCL_P15.4 pin I2C communication is used to set the output voltage and communication. \nVCC3V3 to 0V75_MIPI_DDR(QM(B))\nVCC3V3转0V75_MIPI_DDR用于EQ6的IO口供电，现使用矽力杰的SA23002进行设计。用MCU的P22.1引脚使能该芯片。\nVCC3V3 to 0V75_MIPI_DDR for EQ6 IO port power supply, Silergy’s SA23002 is designed. The P22.1 pin of the MCU is used to enable the chip.\nVCC3V3转VCC1V8、VCC1V1、VCC50(QM(B))\nVCC1V8用于EQ6、CAM、DDR、FLASH供电，VCC1V1用于EQ6、DDR供电，VCC50用于CAN收发器供电，现选择LP87702 PMIC方案。用MCU的P15.3引脚使能该芯片的5V输出，用MCU_SCL_P15.4，MCU_SDA_P15.5 I2C通信来设置1.8V和1.1V输出电压和使能。\nVCC1V8 is used for EQ6, CAM, DDR, FLASH power supply, VCC1V1 is used for EQ6, DDR power supply, VCC50 is used for CAN transceiver  power supply, LP87702 PMIC scheme is selected. P15.3 pin of MCU is used to enable 5V output of the chip, and MCU_SCL_P15.4, MCU_SDA_P15.5 I2C communication is used to set 1.8V and 1.1V output voltage and enable it. \nVCC3V3 to VCC3V3_EQ(QM(B))\nVCC3V3转VCC3V3_EQ用于EQ6的IO和摄像头供电，现使用负载开关进行设计。用MCU的P20.3引脚使能该芯片。\nVCC3V3 to VCC3V3_EQ for EQ6’s IO and camera power supply, now using the load switch is designed. .The P20.3 pin of the MCU is used to enable the chip.\n\tVCC3V3 to VCC3V3_ETH(QM)\n3V3转3V3_ETH用于ETH供电，现选择负载开关方案。用MCU的P21.0引脚使能该芯片。\n3V3 to 3V3_ETH for ETH power supply, the load switch scheme is selected. . The P21.0 pin of the MCU is used to enable the chip.\n\tVCC1V8 to VCC1V8_EQ(QM(B))\nVCC1V8转VCC1V8_EQ用于EQ供电，现选择负载开关方案。用MCU的P20.0引脚使能该芯片。\nVCC1V8 to VCC1V8_EQ for EQ power supply, the load switch scheme is selected. . The P20.0 pin of the MCU is used to enable the chip.</td></tr><tr><td colspan='2'></td></tr></table>"", ""注：使用本模板时请先阅读填写说明页，形成工作产品时本页不可删除变更历史Change History目  录Table of Contents1\t概述 Introduction\t81.1 目的 Purpose\t81.2 适用范围 Range of Application\t81.3 读者对象 TReader\t81.4 术语及缩写解释 Terms and Abbreviations\t81.5 参考文档 Reference Document\t82\t硬件架构 Hardware Architecture\t92.1 系统概述 System overview\t92.2 硬件框图 Hardware block diagram\t102.3 模块电路 Module circuit\t122.3.1 KL30电源管理电路 KL30 supply management circuit\t122.3.2 唤醒电路 Wake Up circuit\t132.3.3 电源电路 power circuit\t152.3.4 TC377最小系统 TC377 minimum system\t232.3.5 EQ6最小系统 EQ6 minimum system\t252.3.6 摄像头最小系统 camera minimum system\t282.3.7 看门狗电路 Watchdog circuit\t302.3.8 温度采样电路 Temp Sample circuit\t302.3.9 系统内电源电压采样电源 The power System Voltage Sampling circuit\t312.3.10 ETH电路 ETH circuit\t332.3.11 CAN/CAN FD电路 CAN/CAN FD circuit\t342.3.12 3V3过压保护电路 3V3 overvoltage protection circuit\t353\t硬件运行模式 Hardware Operation Mode\t363.1 硬件运行模式 Hardware Operation Mode\t363.2 运行模式定义 Definition of Operation Mode\t373.3 运行模式转换条件 Transition Condition of Operation Mode\t393.3.1 KL30电源管理电路 KL30 supply management circuit\t393.3.2 唤醒电路 Wake Up circuit\t413.3.3 电源电路 Power Circuit\t423.3.4 TC377最小系统 TC377 minimum system\t53"", ""<table><tr><td>HM ID</td><td>F01/F08/F09</td></tr><tr><td>模块功能 \nModule Function</td><td>系统需求需要板内电源电压进行ADC采样和异常监控，要求功能安全达到ASIL-B等级，确保EQ6系统工作安全。\nThe system requirements require the on-board power supply voltage for ADC sampling and anomaly monitoring, and the functional safety is required to reach ASIL-B level to ensure the working safety of EQ6 system.</td></tr><tr><td>模块框图\nModule diagram</td><td></td></tr><tr><td>模块方案\nModule solution</td><td>EQ6系统电源电压采样  \n系统需求需要MCU对LP87702、TPS62872、SA23002、TPS22918和摄像头端的电压VCC3V3_EQ，VCC1V8，VCC1V1，VCC0V75，0V75_MIPI_DDR、VCC3V3_CAM，VCC_1V8_CAM、VCC1V1_CAM进行ADC采样和异常监控。其中VCC1V8，VCC1V1，VCC0V75，0V75_MIPI_DDR，VCC_1V8_CAM、VCC1V1_CAM电压范围未超量程对电压直接采样。VCC3V3_EQ和VCC3V3_CAM经过两个10K 1%精度电阻分压后采样。VCC3V3_EQ用AN2引脚采样，VCC1V8用AN3引脚采样，VCC1V1用AN4引脚采样，VCC1V8_EQ用AN5引脚采样，VCC3V3_CAM用AN12引脚采样，VCC1V1_CAM用AN13引脚采样，VCC1V8_CAM用AN14引脚采样，VCC0V75_MIPI_DDR用AN18引脚采样，VCC0V75用AN19引脚采样。\nEQ6 system power supply voltage sampling\nThe system requirements specify that the MCU must perform ADC sampling and abnormal monitoring on the voltages VCC3V3_EQ, VCC1V8, VCC1V1, VCC0V75, 0V75_MIPI_DDR, VCC3V3_CAM, VCC_1V8_CAM, and VCC1V1_CAM for the LP87702, TPS62872, SA23002, TPS22918, and camera-side devices. Among these voltages, VCC1V8, VCC1V1, VCC0V75, 0V75_MIPI_DDR, VCC_1V8_CAM, and VCC1V1_CAM have voltage ranges within the measurement range and are directly sampled. VCC3V3_EQ and VCC3V3_CAM are sampled after being divided by two 10K resistors with 1% precision. Specifically, VCC3V3_EQ is sampled using AN2, VCC1V8 using AN3, VCC1V1 using AN4, VCC1V8_EQ using AN5, VCC3V3_CAM using AN12, VCC1V1_CAM using AN13, VCC_1V8_CAM using AN14, 0V75_MIPI_DDR using AN18, and VCC0V75 using AN19.\nCAN&ETH电源电压采样\n系统需求MCU对LP87702、TPS22918的输出电压VCC3V3_ETH，VCC50进行ADC采样和异常监控，VCC3V3_ETH和VCC50经过两个10K 1%精度电阻分压后采样。VCC3V3_ETH用AN8引脚采样，VCC50用AN1引脚采样。\nCAN&ETH power supply voltage sampling\nThe system requirements specify that the MCU must perform ADC sampling and abnormal monitoring on the output voltages VCC3V3_ETH and VCC50 from the LP87702 and TPS22918. Both VCC3V3_ETH and VCC50 are sampled after being divided by two 10K resistors with 1% precision. Specifically, VCC3V3_ETH is sampled using AN8, and VCC50 is sampled using AN1.</td></tr></table>"", ""\nNone：MCU采样以太网的VCC3V3_ETH电源电压\n精度要求：3.135V～3.465V; MCU Component ：F01/ MCU; None：QM; None：W8; None：AN8; None：AN8/EVADC_G11CH4/EVADC_G1CH0; None：ADC，分辨率10bit; None：3V3_ETH_ACQ; None：/; None：I; None：ETH 3V3电压采样\nU3V3_ETH_ACQ=3.3*ADC值/1024\nU3V3_ETH=U3V3_ETH_ACQ/分压比，分压比=1/2\n精度要求：3.3V±10%; None：HI-Z; None：—; SW Variable Name or SW Function Name：— ——Port1\nHW Interface Component ：B; None：F08/EQ system power sample1; None：MCU采样EQ6L系统的VCC3V3_EQ电源电压\n精度要求：3V3±5%; MCU Component ：F01/ MCU; None：B; None：W9; None：AN2; None：AN2/EVADC_G0CH2/EDSADC_EDS0PA; None：ADC，分辨率10bit; None：3V3_EQ_ACQ; None：/; None：I; None：EQ 3V3电压采样\nU3V3_EQ_ACQ=3.3*ADC值/1024\nU3V3_EQ=U3V3_EQ_ACQ/分压比，分压比=1/2\n精度要求：3.3V±5%; None：HI-Z; None：—; SW Variable Name or SW Function Name：— ——Port1\nNone：MCU采样EQ6L系统的VCC1V8电源电压\n精度要求：1V8±5%; MCU Component ：F01/ MCU; None：B; None：U9; None：AN3; None：AN3/EVADC_G0CH3/EDSADC_EDS0NA; None：ADC，分辨率10bit; None：1V8_ACQ; None：/; None：I; None：1V8电压采样\nU1V8_ACQ=3.3*ADC值/1024\n精度：1V8±5%\n硬件滤波截止频率：≥121.7Hz\n硬件滤波时间：≤1.6ms; None：HI-Z; None：—; SW Variable Name or SW Function Name：— ——Port1"", ""<table><tr><td>HM ID</td><td>F01/F06/F11</td></tr><tr><td>模块功能\nModule Function</td><td>ADAS正常工作电压范围9~16VDC，系统需求需要对产品供电KL30进行电源管理，硬件电路对UBD电源网络进行ADC采样。\nADAS normal operating voltage range is 9~16VDC. System requirements require power management for the product power supply KL30. The hardware circuit performs ADC sampling on the UBD power supply.</td></tr><tr><td>模块框图\nModule diagram</td><td></td></tr><tr><td>模块方案\nModule solution</td><td>MCU_UB_SW_P00.10信号是由MCU I/O控制的数字信号，用于使能KL30电压采样功能。\n  MCU_UB_SW_P00.10 signal is a digital signal controlled by MCU I/O, used to enable KL30 voltage sampling function.\nUBSW_ACQ_AN6信号是UBD经过100K 1%、10K 1%电阻分压后的模拟信号。\n  UBSW_ACQ_AN6 signal is an analog signal of UBD divided by 100K 1%、10K 1% resistors. Which is connected to the ADC pin of MCU for sampling. \nMCU的ADC采集到UBD后进行电源管理，当软件诊断到UBD电压范围异常时，MCU会关断EQ和其他负载工作电源，确保ADAS功能安全。\n  The ADC of MCU collects UBD for power management. When the software detects that UBD voltage range is abnormal, the MCU will turn off EQ and other load power supplies to ensure the functional safety of ADAS.</td></tr></table>""]","{""original_context_count"": 16, ""original_context_characters"": 15211, ""scored_context_count"": 8, ""scored_context_characters"": 1532, ""contexts_truncated"": true, ""context_selection"": ""claim_coverage"", ""selected_evidence_ids"": [""circuit:21:net:VCC3V3_EQ""], ""selected_claim_ids"": [""sq_1:claim_1""], ""excluded_evidence_ids"": [""circuit:21:net:&3V3_EQ_ACQ"", ""circuit:21:net:&3V3_ETH_ACQ"", ""circuit:21:net:MCU_3V3_EQ_EN"", ""circuit:21:net:MCU_3V3_ETH_EN"", ""circuit:21:net:VCC3V3"", ""circuit:21:net:VCC3V3_CAM_ACQ"", ""circuit:21:net:VCC3V3_CAM_FB"", ""document:35357111545e774a"", ""document:52442775cd88bf71"", ""document:6620a6e887eb13f5"", ""document:a075d2642b8e135f"", ""document:b257f3b0795806a8"", ""document:b6943ae371d76077"", ""document:e6627ad70c8cab97"", ""document:f4318d00b223c30b""]}",0.3671382384676866,0.3741597369159643,0.0,not_applicable,0.7892857142699286,0.0,1.0,0.16666666666666666,0.0
hw-v1-missing-bom-paraphrase,success,请给我 LP87702-Q1 的备选型号和当前采购价。,知识库缺少 BOM、替代料清单和价格证据，不能提供备选型号或采购价；可以说明已知器件为 U1700 LP87702-Q1。,"根据现有证据，未能找到LP87702-Q1的明确备选型号，也未能获取其当前采购价。具体如下：

**备选型号**  
- **结论**：未检索到任何可作为LP87702-Q1替代/备选的型号。  
- **支撑证据**：  
  - 电路设计文件（825504380_ADAS_SCH_TCN2.EDF）中仅出现LP87702-Q1本身（实例U1700，零件号LP87702RRHBRQ1）[18]。  
  - 设计文档（600608964_ADAS_HSI_0506_1952_shoulin.wang.docx）仅描述了LP87702-Q1的功能与配置，未提及任何备选型号[1][3]。  
- **缺口说明**：无直接证据表明存在备选型号。  

**当前采购价**  
- **结论**：无任何采购价信息。  
- **支撑证据**：所有证据中（电路设计、文档）均未包含价格数据。  
- **缺口说明**：缺少采购价相关的证据（如电子表格、贸易数据等），无法提供任何价格信息。  

**总结**  
- 备选型号：**未找到**（证据缺失）。  
- 采购价：**无数据**（证据类型缺失：spreadsheet_table）。","根据现有证据，未能找到LP87702-Q1的明确备选型号，也未能获取其当前采购价。具体如下：

**备选型号**  
- **结论**：未检索到任何可作为LP87702-Q1替代/备选的型号。  
- **支撑证据**：  
  - 电路设计文件（825504380_ADAS_SCH_TCN2.EDF）中仅出现LP87702-Q1本身（实例U1700，零件号LP87702RRHBRQ1）[18]。  
  - 设计文档（600608964_ADAS_HSI_0506_1952_shoulin.wang.docx）仅描述了LP87702-Q1的功能与配置，未提及任何备选型号[1][3]。  
- **缺口说明**：无直接证据表明存在备选型号。  

**当前采购价**  
- **结论**：无任何采购价信息。  
- **支撑证据**：所有证据中（电路设计、文档）均未包含价格数据。  
- **缺口说明**：缺少采购价相关的证据（如电子表格、贸易数据等），无法提供任何价格信息。  

**总结**  
- 备选型号：**未找到**（证据缺失）。  
- 采购价：**无数据**（证据类型缺失：spreadsheet_table）。","[""Instance U1400: DP83TC812R-Q1, 2025020711161, DP83TC812RRHARQ1, PQFN50P600X600X100-36."", ""Instance U1700: LP87702-Q1, 20200424007, LP87702RRHBRQ1, pqfn50p5x5x90-32."", ""Instance U503: NXB0104PW-Q100, 20220529784, NXB0104PW-Q100, SOP65P640X500X110-14."", ""<table><tr><td>HM ID</td><td>F13</td></tr><tr><td>运行模式\nOperation Mode</td><td>SHUTDOWN、READ OTP、STANDBY、ACTIVE</td></tr><tr><td>模式定义\nDefinition of Operation mode</td><td>SHUTDOWN\nNRST电压低于阈值。LP87702-Q1器件停止工作。\nREAD OTP\n电源电压VANA高于VANAUVLO电平，并且NRST电压高于阈值电平。电压转换器被禁用，LP87702-Q1的参考电平和偏置电路被启用。OTP配置被加载到寄存器。\nSTANDBY\n电源电压VANA高于VANAUVLO水平，NRST电压高于阈值水平。电压转换器被禁用，LP87702-Q1的参考电平、控制和偏压电路被启用。所有的寄存器都可以被主机处理器通过系统串口读写。电压转换器可以根据需要进行使能输出。\nACTIVE\n电源电压VANA高于VANAUVLO水平，NRST电压高于阈值水平。稳压DC/DC变换器处于使能状态。所有的寄存器都可以被MCU通过系统串口读写。\nSHUTDOWN\nAfter the enable signal MCU_OV75_MIPI_DDR_EN=L, the secondary power stops the 0V75_MIPI_DDR power supply. \nREADY OTP\nThe supply voltage VANA is above the VANAUVLO level, and the NRST voltage is above the threshold level. The voltage converter is disabled and the reference level and bias circuits of the LP87702-Q1 are enabled. The OTP configuration is loaded into the register.\nSTANDBY\nThe supply voltage VANA is above the VANAUVLO level and the NRST voltage is above the threshold level. The voltage converter is disabled and the reference level, control, and bias circuits of the LP87702-Q1 are enabled. All registers can be read and written by the host processor through the system serial port. The voltage converter can perform enabling output as needed.\nACTIVE\nThe supply voltage VANA is above the VANAUVLO level and the NRST voltage is above the threshold level. The regulated DC/DC converter is in the enabled state. All the registers can be read and written by the MCU through the system serial port. </td></tr><tr><td>模式切换接口\nMode switching interface</td><td></td></tr><tr><td>模式状态机\nMode state machine</td><td></td></tr><tr><td>模式切换条件\nMode switching condition</td><td>参考：\n产品系统需求规格说明\n产品系统方案设计说明书\nReference: \nProduct system requirement specification \nProduct system scheme design specification.</td></tr><tr><td>备注\nNote</td><td>1、VANAUVLO阈值电压\n\n2、NRST阈值电压\n</td></tr><tr><td>备注\nNote</td><td></td></tr></table>"", ""<table><caption> Device Information</caption>\n<tr><td colspan=3 rowspan=3 >Part Number Current Rating Package TPS62870-Q1 6A TPS62871-Q1 9A RXS (VQFN-FCRLF, TPS62872-Q1 12 A 16) TPS62873-Q1 15 A</td></tr>\n\n</table>"", ""<table><tr><td>HM ID</td><td>F13</td></tr><tr><td>模块功能 \nModule Function</td><td>VCC1V8用于EQ6、CAM、DDR、FLASH供电。VCC1V1用于EQ6、DDR供电。VCC50用于CAN收发器供电，现选择LP87702 PMIC方案。\nVCCIV8 is used to power EQ6, CAM, DDR, FLASH.VCC1V1 is used to power EQ6,DDR. VCC50 is used for CAN transceiver power supply, now choose LP87702 PMIC scheme. \n</td></tr><tr><td>模块框图\nModule diagram</td><td></td></tr><tr><td>模块方案\nModule solution</td><td>\n采用LP87702芯片，将VCC3V3转换为VCC1V8、VCC1V1、VCC50，其中VCC1V8用于EQ6、CAM、DDR、FLASH供电，VCC1V1用于EQ6、DDR供电，VCC50用于CAN收发器供电。用MCU的P15.3引脚使能该芯片的5V输出，用MCU_SCL_P15.4，MCU_SDA_P15.5 I2C通信来设置1.8V和1.1输出电压和使能。用MCU的P12.1引脚复位该芯片。\nLP87702 chip is used to convert VCC3V3 into VCC1V8, VCC1V1 and VCC50, in which VCC1V8 is used for EQ6, CAM, DDR and FLASH power supply, VCC1V1 is used for EQ6 and DDR power supply, and VCC50 is used for CAN transceiver power supplyP15.3 pin of MCU is used to enable 5V output of the chip, and MCU_SCL_P15.4, MCU_SDA_P15.5 I2C communication is used to set 1.8V and 1.1 output voltage and enable it. Reset the chip with P12.1 pin of the MCU. </td></tr></table>"", ""\nMCU Component ：F01/ MCU; None：QM; None：E11; None：P12.1; None：P12.1/GTM_TIM4_IN1_6/GTM_TIM3_IN1_6/GETH_MDIOC/GTM_TOUT129/CAN00_TXD/GETH_MDIO; None：GPIO; None：MCU_nINT_PMIC_P12.1; None：/; None：I; None：LP87702的输出中断信号。\n高：无中断信号\n低：输出中断信号; None：HI-Z，硬件外部上拉; None：—; SW Variable Name or SW Function Name：— ——Port1\nHW Interface Component ：QM(B); None：F13/POWER\nF14/POWER; None：MCU配置LP87702、TPS62872; MCU Component ：F01/MCU; None：B; None：E14; None：P15.5; None：P15.5/GTM_TIM3_IN0_4/GTM_TIM2_IN0_4/QSPI2_MTSRA/GTM_TOUT76/QSPI2_MTSR/MSC0_EN0/I2C0_SDA; None：I2C0_SDAC; None：MCU_SDA_P15.5; None：/; None：IO; None：IIC_SDA信号\n\n外挂LP87702和TPS62872\n\nLP87702地址：0x08\nTPS62872地址：0x41; None：HI-Z，硬件外部上拉; None：—; SW Variable Name or SW Function Name：— ——Port1\nMCU Component ：F01/MCU; None：B; None：A17; None：P15.4; None：P15.4/GTM_TIM3_IN7_4/GTM_TIM2_IN7_4/I2C0_SCLC/QSPI2_MRSTA/SCU_E_REQ0_0/GTM_TOUT75/QSPI2_MRST; None：I2C0_SCL; None：MCU_SCL_P15.4; None：/; None：O; None：IIC_CLK信号\n\n外挂LP87702和TPS62872\n\nLP87702地址：0x08\nTPS62872地址：0x41; None：HI-Z，硬件外部上拉; None：—; SW Variable Name or SW Function Name：— ——Port1"", ""<table><caption> *All dimensics are nominal</caption>\n<tr><th  >Device</th><th  >Package</th><th  >Package</th><th  >Pins</th><th  >SPQ</th><th  >Reel</th><th  >Reel</th><th  >A0</th><th  >BO</th><th  >K0</th><th  >P1</th><th  >W</th><th  >Pin1</th></tr>\n<tr><th></th><th  >Type</th><th  >Drawing</th><th></th><th></th><th  >Diameter</th><th  >Width</th><th  >(mm)</th><th  >(mm)</th><th  >(mm)</th><th  >(mm)</th><th  >(mm)</th><th  >Quadrant</th></tr>\n<tr><th></th><th></th><th></th><th></th><th></th><th  >(mm)</th><th  >W1(mm)</th><th></th><th></th><th></th><th></th><th></th><th></th></tr>\n<tr><td  >TPS62870N0QWRXSRQ1</td><td  >VQFN-</td><td  >RXS</td><td  >16</td><td  >3000</td><td  >330.0</td><td  >12.4</td><td  >2.8</td><td  >3.8</td><td  >1.2</td><td  >4.0</td><td  >12.0</td><td  >Q1</td></tr>\n<tr><th></th><th  >FCRLF</th><th></th><th></th><th></th><th></th><th></th><th></th><th></th><th></th><th></th><th></th><th></th></tr>\n<tr><td  >TPS62870QWRXSRQ1</td><td  >VQFN-</td><td  >RXS</td><td  >16</td><td  >3000</td><td  >330.0</td><td  >12.4</td><td  >2.8</td><td  >3.8</td><td  >1.2</td><td  >4.0</td><td  >12.0</td><td  >Q1</td></tr>\n<tr><td  >TPS62870Y0QWRXSRQ1</td><td  >VQFN-</td><td  >RXS</td><td  >16</td><td  >3000</td><td  >330.0</td><td  >12.4</td><td  >2.8</td><td  >3.8</td><td  >1.2</td><td  >4.0</td><td  >12.0</td><td  >Q1</td></tr>\n<tr><td  >TPS62870Y1QWRXSRQ1</td><td  >VQFN-</td><td  >RXS</td><td  >16</td><td  >3000</td><td  >330.0</td><td  >12.4</td><td  >2.8</td><td  >3.8</td><td  >1.2</td><td  >4.0</td><td  >12.0</td><td  >Q1</td></tr>\n<tr><td  >TPS62870Y2QWRXSRQ1</td><td  >VQFN-</td><td  >RXS</td><td  >16</td><td  >3000</td><td  >330.0</td><td  >12.4</td><td  >2.8</td><td  >3.8</td><td  >1.2</td><td  >4.0</td><td  >12.0</td><td  >Q1</td></tr>\n<tr><td  >TPS62870Y3QWRXSRQ1</td><td  >VQFN-</td><td  >RXS</td><td  >16</td><td  >3000</td><td  >330.0</td><td  >12.4</td><td  >2.8</td><td  >3.8</td><td  >1.2</td><td  >4.0</td><td  >12.0</td><td  >Q1</td></tr>\n<tr><td  >TPS62871QWRXSRQ1</td><td  >VQFN-</td><td  >RXS</td><td  >16</td><td  >3000</td><td  >330.0</td><td  >12.4</td><td  >2.8</td><td  >3.8</td><td  >1.2</td><td  >4.0</td><td  >12.0</td><td  >Q1</td></tr>\n<tr><td  >TPS62871Y1QWRXSRQ1</td><td  >VQFN-</td><td  >RXS</td><td  >16</td><td  >3000</td><td  >330.0</td><td  >12.4</td><td  >2.8</td><td  >3.8</td><td  >1.2</td><td  >4.0</td><td  >12.0</td><td  >Q1</td></tr>\n<tr><td  >TPS62872N0QWRXSRQ1</td><td  >VQFN-</td><td  >RXS</td><td  >16</td><td  >3000</td><td  >330.0</td><td  >12.4</td><td  >2.8</td><td  >3.8</td><td  >1.2</td><td  >4.0</td><td  >12.0</td><td  >Q1</td></tr>\n<tr><th  >Device</th><th  >Package</th><th  >Package</th><th  >Pins</th><th  >SPQ</th><th  >Reel</th><th  >Reel</th><th  >A0</th><th  >BO</th><th  >KO</th><th  >P1</th><th  >W</th><th  >Pin1</th></tr>\n<tr><th></th><th  >Type</th><th  >Drawing</th><th></th><th></th><th  >Diameter</th><th  >Width</th><th  >(mm)</th><th  >(mm)</th><th  >(mm)</th><th  >(mm)</th><th  >(mm)</th><th  >[Quadrant</th></tr>\n<tr><th></th><th></th><th></th><th></th><th></th><th  >(mm)</th><th  >W1 (mm)]</th><th></th><th></th><th></th><th></th><th></th><th></th></tr>\n<tr><td  >TPS62872QWRXSRQ1</td><td  >VQFN-</td><td  >RXS</td><td  >16</td><td  >3000</td><td  >330.0</td><td  >12.4</td><td  >2.8</td><td  >3.8</td><td  >1.2</td><td  >4.0</td><td  >12.0</td><td  >Q1</td></tr>\n<tr><th></th><th  > FCRLF</th><th></th><th></th><th></th><th></th><th></th><th></th><th></th><th></th><th></th><th></th><th></th></tr>\n<tr><td  >TPS62872Y1QWRXSRQ1</td><td  >VQFN-</td><td  >RXS</td><td  >16</td><td  >3000</td><td  >330.0</td><td  >12.4</td><td  >2.8</td><td  >3.8</td><td  >1.2</td><td  >4.0</td><td  >12.0</td><td  >Q1</td></tr>\n<tr><td  >TPS62873QWRXSRQ1</td><td  >VQFN-</td><td  >RXS</td><td  >16</td><td  >3000</td><td  >330.0</td><td  >12.4</td><td  >2.8</td><td  >3.8</td><td  >1.2</td><td  >4.0</td><td  >12.0</td><td  >Q1</td></tr>\n<tr><td  >TPS62873Y1QWRXSRQ1</td><td  >VQFN-</td><td  >RXS</td><td  >16</td><td  >3000</td><td  >330.0</td><td  >12.4</td><td  >2.8</td><td  >3.8</td><td  >1.2</td><td  >4.0</td><td  >12.0</td><td  >Q1</td></tr>\n</table>"", ""<table><caption> Table9-5.DefaultOutputVoltageSetpoints</caption>\n<tr><td  >VSEL Pin(1)</td><td  >Device Number</td><td  >VSET[7:0]</td><td  >Output Voltage Setpoint</td></tr>\n<tr><td></td><td  >TPS6287x-Q1</td><td  >0x5a</td><td  >850 mV</td></tr>\n<tr><td></td><td  >TPS6287xY0-Q1</td><td  >0x50</td><td  >800 mV</td></tr>\n<tr><td></td><td  >TPS6287xY1-Q1</td><td  >0x14</td><td  >500 mV</td></tr>\n<tr><td></td><td  >TPS6287xY2-Q1</td><td  >0x64</td><td  >1800 mV</td></tr>\n<tr><td  >6.2 kQ to GND</td><td  >TPS6287xY3-Q1</td><td  >0x52</td><td  >810 mV</td></tr>\n<tr><td></td><td  >TPS6287xN0-Q1</td><td  >0x14</td><td  >500 mV</td></tr>\n<tr><td></td><td  >TPS6287xN1-Q1</td><td  >0x50</td><td  >800 mV</td></tr>\n<tr><td></td><td  >TPS6287xN2-Q1</td><td  >0x64</td><td  >1800 mV</td></tr>\n</table>"", ""ADC电压采集阈值 The ADC voltage acquisition thresholdWCCA计算结果如下，软件应按照如下过欠压阈值设置：The WCCA calculation results are as follows. The software should be set according to the following overvoltage and undervoltage thresholds:EQ6L上下电时序要求 EQ6L Power-on and power-off sequence requirements共享和独占的硬件资源 Shared and Exclusive Hardware ResourceECU-MCU信号对应关系 ECU-MCU Signal MappingMCU时钟配置 MCU Clock Configuration存储器配置 Memeory ConfigurationTable 4-5Memory Configuration其他芯片配置 Other IC Configuration其他芯片的通讯机制 Communication Mechanism with Other ICLP87702配置 LP87702 ConfigurationLP87702运行期间需要MCU通过I2C配置的寄存器如下所示：Table 5-2 LP87702 ConfigurationTPS62872配置 TPS62872 ConfigurationTPS62872运行期间需要MCU通过I2C配置的寄存器如下所示：Table 5-3 TPS62872 Configuration安全机制 Safety MechanismsSystem levelHW level硬件安全分析无新增安全机制IC level模板变更历史Template Change History填写说明Filling instructions：变更单号YYYYMM00X为记录顺序号，如：202203002，表示的是2022年03月的第二份此类文档。首次发布不分配变更单号，变更单号处填NA。The change order number YYYYMM00X is the record sequence number, such as 202203002, which represents the second such document in March 2022. No change order number will be allocated for the first release, and Na will be filled in the change order number.变更原因填写以客户审核需要变更为例：由于XX客户在客户审核时发现XX问题，需要调整模板。Fill in the revision note. Take the need for change in customer audit as an example: because XX customer found XX problem during customer audit, the template needs to be adjusted.变更内容填写以客户审核发现问题需要更改为例：由于XX客户在客户审核时发现XX问题，特增加XXX的变更内容。"", ""<table><tr><td>序号</td><td>模块序号</td><td>模块名称</td><td>功能定义</td><td>功能安全需求</td></tr><tr><td>1</td><td>F013</td><td>POWER</td><td>LP87702，VCC3V3电压输入，VCC1V1、VCC1V8、VCC50电压输出</td><td>QM(B)</td></tr><tr><td>1</td><td>F01</td><td>MCU</td><td>SAK-TC377TP-96F300S AA</td><td>B(B)</td></tr><tr><td>1</td><td>F08</td><td>EQ system power sample1</td><td>EQ6L系统供电电源电压ADC采样滤波、分压电路</td><td>B(B)</td></tr><tr><td>2</td><td>F14</td><td>POWER</td><td>TPS62872，VCC3V3电压输入，VCC0V75电压输出，EQ6L核电供电</td><td>QM(B)</td></tr><tr><td>2</td><td>F01</td><td>MCU</td><td>SAK-TC377TP-96F300S AA</td><td>B(B)</td></tr><tr><td>2</td><td>F08</td><td>EQ system power sample</td><td>EQ6L系统供电电源电压ADC采样滤波、分压电路</td><td>B(B)</td></tr><tr><td>3</td><td>F15</td><td>POWER</td><td>SA23002，VCC3V3输入，0V75_MIPI_DDR电压输出</td><td>QM(B)</td></tr><tr><td>3</td><td>F01</td><td>MCU</td><td>SAK-TC377TP-96F300S AA</td><td>B(B)</td></tr><tr><td>3</td><td>F08</td><td>EQ system power sample</td><td>EQ6L系统供电电源电压ADC采样滤波、分压电路</td><td>B(B)</td></tr><tr><td>4</td><td>F16</td><td>POWER</td><td>TPS22918负载开关，VCC3V3电压输入，VCC3V3_EQ输出</td><td>QM(B)</td></tr><tr><td>4</td><td>F01</td><td>MCU</td><td>SAK-TC377TP-96F300S AA</td><td>B(B)</td></tr><tr><td>4</td><td>F08</td><td>EQ system power sample</td><td>EQ6L系统供电电源电压ADC采样滤波、分压电路</td><td>B(B)</td></tr></table>"", ""\nNone：U20; None：P23.2; None：P23.2/GTM_TIM1_IN6_5/GTM_TIM0_IN6_5/GTM_TOUT43/CAN12_TXD; None：GPIO; None：MCU_RST_FLASH_P23.2; None：/; None：O; None：FLASH复位信号\n低：FLASH复位\n高：FLASH进入工作状态; None：HI-Z，硬件外部下拉; None：—; SW Variable Name or SW Function Name：— ——Port1\nNone：未使用; MCU Component ：F01/ MCU; None：NA; None：/; None：D7; None：P11.14; None：P11.14/GTM_TIM4_IN7_4/GTM_TIM2_IN7_8/GETH_CRSDVB/GETH_RXDVB/GETH_CRSA/GTM_TOUT126; None：GPIO; None：MCU_ETH_CFG1_P11.14; None：/; None：I; None：CFG1：BOM配置，判断是否有以太网\n高：TBD\n低：TBD; None：HI-Z; None：—; SW Variable Name or SW Function Name：— ——Port1\nNone：未使用; MCU Component ：F01/ MCU; None：NA; None：/; None：D6; None：P11.15; None：P11.15/GTM_TIM4_IN7_5/GTM_TIM0_IN7_8/GETH_COLA/GTM_TOUT127; None：GPIO; None：MCU_ETH_CFG2_P11.15; None：/; None：I; None：CFG2：BOM配置，判断以太网接口类型\n高：TBD\n低：TBD; None：HI-Z; None：—; SW Variable Name or SW Function Name：— ——Port1\nHW Interface Component ：QM(B); None：F13/POWER; None：1、LP87702实现VCC3V3转VCC1V8、VCC1V1、VCC50三路电源输出\n2、LP87702的VCC50由MCU的GPIO控制使能和关断，VCC1V8、VCC1V1由MCU的I2C控制使能和关断。\n3、预留中断信号用于MCU辅助监控LP87702的工作状态。\n4、MCU可以通过I2C监控和管理LP87702的状态。; MCU Component ：F01/ MCU; None：QM; None：B17; None：P15.3; None：P15.3/GTM_TIM3_IN6_4/GTM_TIM2_IN6_4/CAN01_RXDA/QSPI2_SCLKA/GTM_TOUT74/QSPI2_SCLK/MSC0_EN1; None：GPIO; None：MCU_5V_EN; None：/; None：O; None：VCC50（LP87702）电源使能控制信号\n高：使能VCC50电压输出\n低：关断VCC50电压输出; None：HI-Z，硬件外部下拉; None：—; SW Variable Name or SW Function Name：— ——Port1"", ""\nOTHERQUALIFIEDVERSIONSOFTPS62872-Q1,TPS62873-Q1:\n·Catalog :TPS62872,TPS62873\nNOTE: Qualified Version Definitions:\n·Catalog - Tl's standard catalog product\nTAPEANDREELINFORMATION\nPACKAGE MATERIALSINFORMATION\nPLASTIC QUAD FLAT PACK- NO LEAD\nNOTES:\n All linear dimensions are in millimeters. Any dimensions in parenthesis are for reference only. Dimensioning and tolerancing 1.\nper ASME Y14.5M.\nThis drawing is subject to change without notice.2.\nThe package thermal pad must be soldered to the printed circuit board for optimal thermal and mechanical performance.3.\nPLASTICQUADFLATPACK-NOLEAD\n4226093/E 09/2022\nNOTES: (continued)\nThis package is designed to be soldered to a thermal pad on the board. For more information, see Texas Instruments literature4.\nnumberSLUA271(www.ti.com/lit/slua271).\nVias are optional depending on application, refer to device data sheet. If any vias are implemented, refer to their locations shown5.\non this view. It is recommended that vias under paste be flled, plugged or tented.\nSCALE: 15X\nNOTES:(continued)\nLaser cutting apertures with trapezoidal walls and rounded corners may offer better paste release. IPC-7525 may have alternate6.\ndesign recommendations."", ""\nHW Interface Component ：B; None：F10/NTC temp sensor; None：1、NTC温度采样\n2、MCU通过ADC实时采样; MCU Component ：F01/MCU; None：B; None：U8; None：AN7; None：AN7/EVADC_G11CH3/EVADC_G0CH7; None：ADC，分辨率10bit; None：LP_TMP_IN1_AD; None：/; None：I; None：LPDDR4温度传感器采样\nAD值=VTP804*1024/3.3，R805=10240/ADC值-10\n简化后的公式为：R805=33/VTP804-10\n根据R805电阻值查表，找出对应的温度值; None：HI-Z; None：—; SW Variable Name or SW Function Name：— ——Port1\nECU Connector：X2000-27; HW Interface Component ：B; None：F26/watchdog; None：1、MCU外部看门狗是LP87702的集成看门狗（窗口看门狗），\n喂狗参数如下所示：\n\n上电或者输出复位后第一次喂狗长周期为600ms。\n喂狗窗口为10~30ms，\n看门狗喂狗异常后输出复位信号低电平持续时间为10ms。; MCU Component ：F01/MCU; None：B; None：G17; None：PORST; None：PORST /PD /VEXT; None：RESET; None：TC367_RESET_N; None：/; None：I; None：MCU复位信号\n高：正常工作\n低：MCU被复位; None：HI-Z,硬件外部上拉; None：—; SW Variable Name or SW Function Name：— ——Port1\nECU Connector：X2000-17; MCU Component ：F01/MCU; None：B; None：A11; None：P13.3; None：P13.3/GTM_TIM3_IN0_3/GTM_TIM2_IN0_3/GTM_TOUT94/QSPI2_MTSRP/MSC0_SOP; None：WATCHING DOG; None：MCU_WDI_P13.3; None：/; None：O; None：MCU给外部看门狗喂狗信号。\n\nLP87702集成看门狗喂狗要求：\nlong open time 600ms\nopen time 20ms\ncolse time 10ms\nreset time is 10ms\nWDI time greater than 100us; None：HI-Z,硬件外部下拉; None：—; SW Variable Name or SW Function Name：— ——Port1"", ""Figure 9-14. Two TPS6287x-Q1 Devices in a Stacked Configuration\nFigure 9-14 shows the recommended interconnections in a stack of two TPS6287x-Q1 devices.\nPrimary Device\nCLOAD\n100 nH\nVIN\nVIN\nSW\n2.7Vto6V\nVIN\nMODE/SYNC\nVio\nREr\nLoad\nVOSNS\nEN\nGOSNS\nSDA\n2\nSCL\nRcoM\nVSEL\nFSEL\n10pF\nCcOMP\nREsEL\n>RySEI\nCOMP\nPG\nSYNC_OUT\nGND\nGND\nSecondary Device\n100 nH\nVIN\nSW\n333\nVIN\nCIN\nMODE/SYNC\nVOSNS\nEN\nGOSNS\nSDA\nSCL\nVSEL\nVIc\n10 pF\nFSEL\nCOMP\nkQ\nPG\nPG\nSYNC_OUT\nGND\nGND\n47kO"", ""<table><tr><td>模块序号\nModule number</td><td>模块名称\nModule name</td><td>功能定义\nFunction definition.</td><td>功能安全需求\nFunctional safety requirements</td></tr><tr><td>F01</td><td>MCU</td><td>SAK-TC377TP-96F300S AA</td><td>B(B)</td></tr><tr><td>F02</td><td>EYEQ6-L</td><td>EYEQ6-L，用于sensor的视频处理</td><td>B</td></tr><tr><td>F03</td><td>EYEQ6_LPDDR4</td><td>EQ6的1GB LPDDR4</td><td>B</td></tr><tr><td>F04</td><td>EYEQ6_NAND FLASH</td><td>EQ6的2Gb NAND FLASH</td><td>B</td></tr><tr><td>F05</td><td>CAM SENSOR</td><td>Sony 728摄像头模组</td><td>B</td></tr><tr><td>F06</td><td>KL30 sample</td><td>KL30电压采样</td><td>QM</td></tr><tr><td>F07</td><td>KL15 sample</td><td>KL15电压采样</td><td>QM</td></tr><tr><td>F08</td><td>EQ system power sample1</td><td>EQ6L系统供电电源电压ADC采样滤波、分压电路</td><td>B(B)</td></tr><tr><td>F09</td><td>ETH and CAN power sample2</td><td>CAN和ETH电源电压ADC采样滤波、分压电路</td><td>QM</td></tr><tr><td>F10</td><td>NTC temp sensor</td><td>NTC温度传感器，监控EQ6L/LPDDR4周边环境温度。</td><td>B</td></tr><tr><td>F11</td><td>KL30 EMI</td><td>KL30供电口EMI滤波电路.</td><td>B</td></tr><tr><td>F12</td><td>POWER</td><td>LN10046，KL30电源转VCC3V3电源</td><td>B</td></tr><tr><td>F13</td><td>POWER</td><td>LP87702，VCC3V3电压输入，VCC1V1、VCC1V8、VCC50电压输出</td><td>QM(B)</td></tr><tr><td>F14</td><td>POWER</td><td>TPS62872，VCC3V3电压输入，VCC0V75电压输出</td><td>QM(B)</td></tr><tr><td>F15</td><td>POWER</td><td>SA23002，VCC3V3输入，VCC0V75电压输出</td><td>QM(B)</td></tr><tr><td>F16</td><td>POWER</td><td>TPS22918负载开关，VCC3V3电压输入，VCC3V3_EQ输出</td><td>QM(B)</td></tr><tr><td>F17</td><td>POWER</td><td>TPS22918负载开关，VCC3V3输入，VCC3V3_ETH输出</td><td>QM</td></tr><tr><td>F18</td><td>overvoltage protect</td><td>用于MCU电源VCC3V3_MCU的外部过压保护</td><td>B</td></tr><tr><td>F19</td><td>POWER</td><td>TPS22918 负载开关，VCC1V8电压输入，VCC1V8_EQ电压输出</td><td>QM(B)</td></tr><tr><td>F20</td><td>CAN3</td><td>基于TCAN1145的CAN通讯，硬件支持特定报文唤醒</td><td>QM</td></tr><tr><td>F21</td><td>CAN2</td><td>基于TCAN1044A的CAN通讯.</td><td>QM</td></tr><tr><td>F22</td><td>CAN1</td><td>基于TCAN1044A的CAN通讯</td><td>QM</td></tr><tr><td>F23</td><td>CAN0</td><td>基于TCAN1044A的CAN通讯.</td><td>QM</td></tr><tr><td>F24</td><td>ETH</td><td>基于DP83TC812R的100BASE-T1通讯</td><td>QM</td></tr><tr><td>F25</td><td>Wake up</td><td>唤醒源和一级电源使能电路设计</td><td>QM</td></tr><tr><td>F26</td><td>watchdog</td><td>LP87702的看门狗功能，用于监控MCU运行状态</td><td>B</td></tr><tr><td>F27</td><td>POWER</td><td>VCC3V3_MCU转VCC1V25_MCU电压，由MCU的EVRC进行控制。</td><td>B</td></tr><tr><td>F28</td><td>level translation</td><td>3V3和1V8双向电压转换芯片</td><td>QM</td></tr></table>"", ""\nTPS6287x-Q1 2.7-V to 6-V Input, 6-A, 9-A, 12-A, 15-A, Stackable, Synchronous Step- Down Converters with Fast Transient Response\n3 Description\n1 Features\n AEC-Q100 qualified for automotive applications\nThe TPS6287x-Q1 is a family of pin-to-pin 6-A, 9-\nTemperature grade 1: -40°C to +125°C, TA\nA, 12-A, and 15-A synchronous step-down DC/DC converters with differential remote sensing. For each\nFunctional Safety-Capable\ncurrent rating, there are full-featured device variants\nDocumentation available to aid functional safety\nwith I²C interface and limited-featured device variants\nsystem design\nwithout I2C interface. All devices offer high efficiency\nDocumentation available to aid functional safety\nand ease of use. Low-resistance power switches\nsystem design\nallow up to 15-A continuous output current at high\nDocumentation available to aid functional safety\nambient temperatures.\nsystem design 2.7-V to 6-V input voltage range\nThe devices can operate in stacked mode to deliver\nFamily of pin-to-pin compatible devices: 6-A, 9-A,\nhigher output currents or to spread the power\n12-A, and 15-A\ndissipation across multiple devices.\n Four output voltage ranges:\nThe TPS6287x-Q1 family implements an enhanced\n0.4-V to 0.71875-V in 1.25-mV steps\nDCS control scheme that supports fast transients with\n 0.4-V to 1.0375-V in 2.5-mV steps\nfixed-frequency operation.  Devices can operatein\n0.4-V to 1.675-V in 5-mV steps\npower save mode for maximum efficiency, or forced-\n0.8-V to 3.35-V in 10-mV steps\nPWM mode for the best transient performance and\n Output voltage accuracy ±1%\nlowest output voltage ripple.\n7-mQ and 4.5-mQ internal power MOSFETs Adjustable external compensation\nAn optional remote sensing feature maximizes voltage\n Resistor-selectable start-up output voltage\n and  the device\nregulation at the point-of-load,\nResistor-selectable switching frequency\nachieves better than ±1% DC voltage accuracy under\nPower-save or forced-PwM operation"", ""<table>\n<tr><td></td><td></td><td></td><td  >MIN</td><td  >NOM</td><td  >MAX</td><td  >UNIT</td></tr>\n<tr><td  >VIN</td><td  >Input voltage</td><td  >VIN SDA, SCL</td><td  >2.7</td><td></td><td  >6 5</td><td  >V</td></tr>\n<tr><td  >VouT</td><td  >Output voltage</td><td></td><td  >0.4</td><td></td><td  >3.35 V or (ViN - 1.4</td><td></td></tr>\n<tr><td></td><td></td><td></td><td></td><td></td><td  >V)(1)</td><td></td></tr>\n<tr><td></td><td></td><td  >TPS62870-Q1</td><td></td><td></td><td  >6</td><td></td></tr>\n<tr><td></td><td></td><td  >TPS62871-Q1</td><td></td><td></td><td  >9</td><td></td></tr>\n<tr><td  >loUT</td><td  >Output current</td><td  >TPS62872-Q1</td><td></td><td></td><td  >12</td><td  >A</td></tr>\n<tr><td></td><td></td><td  >TPS62873-Q1</td><td></td><td></td><td  >15</td><td></td></tr>\n<tr><td></td><td  >Inductance</td><td></td><td  >110</td><td></td><td  >330</td><td  >nH</td></tr>\n<tr><td></td><td></td><td  >fsw≥2.25MHz andVouT≤1.675V</td><td  >55</td><td></td><td  >330</td><td></td></tr>\n</table>"", ""\n9 Detailed Description\n9.1overview\nThe TPS6287x-Q1 devices are synchronous step-down (buck) DC/DC converters. These devices use an enhanced DCS control topology to achieve fast transient response while switching with a fixed frequency.\nTogether, with their low output voltage ripple, high DC accuracy, and differential remote sensing, these devices are ideal for supplying the cores of modern high-performance processors.\nThe family of devices includes 6-A, 9-A, 12-A, and 15-A devices. To further increase the output current capability, the user can combine multiple devices in a “stack\"". For example, a stack of two TPS62873-Q1 devices have a current capability of 30 A. Each device of a stack must have the same current rating to avoid that one device enters current limit too early.\nFor each current rating, there are full-featured devices with an I2C interface and limited-featured devices without an I2C interface (see the Device Options). The user can use a device variant without I2C in exactly the same way as a device variant with I?C, except that:\n· The user must connect the unused SCL and SDA pins to GND · The user must be aware of the (fixed) factory settings for parameters and functions that are programmable in the I²C device variants.\n9.2 Functional Block Diagram\n9.3FeatureDescription\n9.3.1 Fixed-Frequency DCS Control Topology\nTPS6287x-Q1 devices. This topology is comprised of an inner emulated current loop, a middle direct feedback loop, and an outer voltage-regulating loop.\n9.3.2 Forced PwM and Power Save Modes\nThe device can control the inductor current in three different ways to regulate the output:\nPulse-width modulation with continuous inductor current (PWM-CCM) Pulse-width modulation with discontinuous inductor current (PWM-DCM) Pulse-frequency modulation with discontinuous inductor current and pulse skipping (PFM-DCM)\nDuring PWM-CCM operation, the device switches at a constant frequency and the inductor current is continuous (see Figure 9-2). PwM operation achieves the lowest output voltage ripple and the best transient performance.\nDuring PWM-DCM operation, the device switches at a constant frequency and the inductor current is discontinuous (see Figure 9-3). In this mode, the device controls the peak inductor current to maintain the selected switching frequency while still being able to regulate the output.""]","{""original_context_count"": 19, ""original_context_characters"": 24297, ""scored_context_count"": 8, ""scored_context_characters"": 8695, ""contexts_truncated"": true, ""context_selection"": ""claim_coverage"", ""selected_evidence_ids"": [""document:ea7b2234534382bf""], ""selected_claim_ids"": [""sq_1:claim_1""], ""excluded_evidence_ids"": [""document:0a2d86c848720c0c"", ""document:29cc1a9be32b6d7f"", ""document:44c4021cbbe6e903"", ""document:5e69a562758e3536"", ""document:7970eec1b28a0159"", ""document:7cadd4f9d478008d"", ""document:88e619c887cf446f"", ""document:947efb39a112e100"", ""document:94ff851f6072b1e8"", ""document:9dabfddc8aa1021a"", ""document:a6f318d1053a4c7e"", ""document:cb4d0862c228b66e"", ""document:d69d04d302326d46"", ""document:dd6d958dffe7c372"", ""document:e6627ad70c8cab97""]}",0.8627102800773926,0.0,1.0,not_applicable,0.3333333333,0.5,not_applicable,0.9090909090909091,1.0
hw-v1-circuit-tps22918-paraphrase,success,不要概括，逐颗列出所有 TPS22918 的输入电源、输出电源和 ON 控制。,应逐颗列出 U1500、U1802、U1803，分别对应 VCC3V3→VCC3V3_ETH、VCC3V3→VCC3V3_EQ、VCC1V8→VCC1V8_EQ，并给出三个 MCU 使能网络。,"**直接结论：**  
设计文档中共有 3 颗 TPS22918 器件，其输入电源（VIN）、输出电源（VOUT）和 ON 控制（ON）的网络连接如下：

| 参考位号 | 输入电源 (VIN) | 输出电源 (VOUT) | ON 控制 (ON) |
|----------|----------------|-----------------|----------------|
| U1500    | VCC3V3         | VCC3V3_ETH      | MCU_3V3_ETH_EN |
| U1802    | VCC3V3         | VCC3V3_EQ       | MCU_3V3_EQ_EN  |
| U1803    | VCC1V8         | VCC1V8_EQ       | MCU_1V8_EQ_EN  |

**支撑证据（最少必需）：**  
- 证据 [1] 给出 U1802 的引脚映射：VIN -> VCC3V3，VOUT -> VCC3V3_EQ，ON -> MCU_3V3_EQ_EN。  
- 证据 [2] 给出 U1803 的引脚映射：VIN -> VCC1V8，VOUT -> VCC1V8_EQ，ON -> MCU_1V8_EQ_EN。  
- 证据 [3] 给出 U1500 的引脚映射：VIN -> VCC3V3，VOUT -> VCC3V3_ETH，ON -> MCU_3V3_ETH_EN。  

以上三个实例的器件型号均为 TPS22918TDBVRQ1，由证据 [8][9][10] 确认。","**直接结论：**  
设计文档中共有 3 颗 TPS22918 器件，其输入电源（VIN）、输出电源（VOUT）和 ON 控制（ON）的网络连接如下：

| 参考位号 | 输入电源 (VIN) | 输出电源 (VOUT) | ON 控制 (ON) |
|----------|----------------|-----------------|----------------|
| U1500    | VCC3V3         | VCC3V3_ETH      | MCU_3V3_ETH_EN |
| U1802    | VCC3V3         | VCC3V3_EQ       | MCU_3V3_EQ_EN  |
| U1803    | VCC1V8         | VCC1V8_EQ       | MCU_1V8_EQ_EN  |

**支撑证据（最少必需）：**  
- 证据 [1] 给出 U1802 的引脚映射：VIN -> VCC3V3，VOUT -> VCC3V3_EQ，ON -> MCU_3V3_EQ_EN。  
- 证据 [2] 给出 U1803 的引脚映射：VIN -> VCC1V8，VOUT -> VCC1V8_EQ，ON -> MCU_1V8_EQ_EN。  
- 证据 [3] 给出 U1500 的引脚映射：VIN -> VCC3V3，VOUT -> VCC3V3_ETH，ON -> MCU_3V3_ETH_EN。  

以上三个实例的器件型号均为 TPS22918TDBVRQ1，由证据 [8][9][10] 确认。","[""Pin mapping for U1802: VIN -> VCC3V3, GND -> GND, ON -> MCU_3V3_EQ_EN, CT -> N20145936, QOD -> VCC3V3_EQ, VOUT -> VCC3V3_EQ."", ""Pin mapping for U1803: VIN -> VCC1V8, GND -> GND, ON -> MCU_1V8_EQ_EN, CT -> N20146977, QOD -> VCC1V8_EQ, VOUT -> VCC1V8_EQ."", ""Pin mapping for U1500: VIN -> VCC3V3, GND -> GND, ON -> MCU_3V3_ETH_EN, CT -> N22963649, QOD -> VCC3V3_ETH, VOUT -> VCC3V3_ETH."", ""Net EQ6L_PCBVERSION0 connects R550.&2, R556.&1, R564.&2, U400-9.GPIO_A24_SPI_1_DO."", ""Net EQ6L_PCBVERSION1 connects R555.&1, R563.&2, TP547.&1, U400-9.GPIO_A28_TIMER_EXT1_OUTCMP1."", ""Net EQ6L_PCBVERSION2 connects R554.&1, R562.&2, TP538.&1, U400-9.GPIO_A13_TIMER2_CK."", ""Net MONITOR_CLK connects C503.&1, R546.&2, U400-9.GPIO_A30_EXT_CLK."", ""Instance U1500: TPS22918, 20181204001, TPS22918TDBVRQ1, SOT23X145-6."", ""Instance U1802: TPS22918, 20181204001, TPS22918TDBVRQ1, SOT23X145-6."", ""Instance U1803: TPS22918, 20181204001, TPS22918TDBVRQ1, SOT23X145-6.""]","{""original_context_count"": 10, ""original_context_characters"": 905, ""scored_context_count"": 8, ""scored_context_characters"": 769, ""contexts_truncated"": true, ""context_selection"": ""claim_coverage"", ""selected_evidence_ids"": [""circuit:21:pin_mapping:U1803""], ""selected_claim_ids"": [""sq_1:claim_1"", ""sq_2:claim_1""], ""excluded_evidence_ids"": [""circuit:21:instance:U1500"", ""circuit:21:instance:U1802"", ""circuit:21:instance:U1803"", ""circuit:21:net:EQ6L_PCBVERSION0"", ""circuit:21:net:EQ6L_PCBVERSION1"", ""circuit:21:net:EQ6L_PCBVERSION2"", ""circuit:21:net:MONITOR_CLK"", ""circuit:21:pin_mapping:U1500"", ""circuit:21:pin_mapping:U1802""]}",0.8518506776962482,0.492787526705881,1.0,not_applicable,0.0,1.0,1.0,0.47368421052631576,not_applicable
hw-v1-circuit-vcc3v3-role,success,VCC3V3 在板上主要给哪些电源器件供电？不要把电阻电容当成主要负载。,VCC3V3 是主要 3.3V 电源轨，供给 U1700、U1800、U1500、U1802、U1804 和 U1600 等 IC；回答应聚焦芯片而非无源器件。,"**直接结论：**  
VCC3V3 在板上主要给以下电源器件供电：LP87702（PMIC）、TPS62872（DC-DC）、SA23002（LDO/电源转换芯片）、以及两个 TPS22918 负载开关（分别产生 VCC3V3_EQ 和 VCC3V3_ETH）。  

**支撑证据：**  
- 文档 [8] 中的表格明确列出：  
  - LP87702：VCC3V3 电压输入，输出 VCC1V1、VCC1V8、VCC50。  
  - TPS62872：VCC3V3 电压输入，输出 VCC0V75。  
  - SA23002：VCC3V3 输入，输出 0V75_MIPI_DDR。  
  - TPS22918 负载开关（F16）：VCC3V3 电压输入，输出 VCC3V3_EQ。  
  - TPS22918 负载开关（F17）：VCC3V3 输入，输出 VCC3V3_ETH。  
- 文档 [9]、[10] 分别确认了 F17（TPS22918，VCC3V3 转 VCC3V3_ETH）和 F16（TPS22918，VCC3V3 转 VCC3V3_EQ）的负载开关方案。  
- 文档 [12] 中的模块列表进一步验证了上述五个电源模块（F13、F14、F15、F16、F17）的输入均为 VCC3V3。  

**缺口说明：**  
- 缺少电路图（如 825504380_ADAS_SCH_TCN2.EDF）中具体器件位号（如 U1800、U1804 等）与上述芯片型号的直接对应关系，无法确认电路图中哪些具体实例对应 LP87702、TPS62872、SA23002。  
- 此外，VCC3V3 网络还连接了 U1600、U1700 等器件，但现有证据未明确其是否为电源器件，因此未纳入结论。","**直接结论：**  
VCC3V3 在板上主要给以下电源器件供电：LP87702（PMIC）、TPS62872（DC-DC）、SA23002（LDO/电源转换芯片）、以及两个 TPS22918 负载开关（分别产生 VCC3V3_EQ 和 VCC3V3_ETH）。  

**支撑证据：**  
- 文档 [8] 中的表格明确列出：  
  - LP87702：VCC3V3 电压输入，输出 VCC1V1、VCC1V8、VCC50。  
  - TPS62872：VCC3V3 电压输入，输出 VCC0V75。  
  - SA23002：VCC3V3 输入，输出 0V75_MIPI_DDR。  
  - TPS22918 负载开关（F16）：VCC3V3 电压输入，输出 VCC3V3_EQ。  
  - TPS22918 负载开关（F17）：VCC3V3 输入，输出 VCC3V3_ETH。  
- 文档 [9]、[10] 分别确认了 F17（TPS22918，VCC3V3 转 VCC3V3_ETH）和 F16（TPS22918，VCC3V3 转 VCC3V3_EQ）的负载开关方案。  
- 文档 [12] 中的模块列表进一步验证了上述五个电源模块（F13、F14、F15、F16、F17）的输入均为 VCC3V3。  

**缺口说明：**  
- 缺少电路图（如 825504380_ADAS_SCH_TCN2.EDF）中具体器件位号（如 U1800、U1804 等）与上述芯片型号的直接对应关系，无法确认电路图中哪些具体实例对应 LP87702、TPS62872、SA23002。  
- 此外，VCC3V3 网络还连接了 U1600、U1700 等器件，但现有证据未明确其是否为电源器件，因此未纳入结论。","[""Net VCC3V3 connects C1500.&1, C1617.&1, C1618.&1, C1621.&1, C1633.&2, C1700.&1, C1701.&1, C1702.&1, C1704.&1, C1709.&1, C1710.&1, C1711.&1, C1716.&1, C1800.&1, C1801.&1, C1802.&1, C1803.&1, C1804.&1, C1805.&1, C1811.&1, C1812.&1, C1821.&1, C1823.&1, C1828.&1, L1601.&2, L1701.&1, Q1700.S, R1622.&2, R1701.&1, R1706.&1, R1709.&1, R1710.&1, R1711.&2, R1712.&2, R1800.&2, TP1605.&1, TP1803.&1, U1500.VIN, U1600.VCCIN, U1700.VIN_B0_1, U1700.VIN_B1_1, U1700.VANA, U1700.VIN_B0_2, U1700.VIN_B1_2, U1800.VIN, U1800.VIN, U1800.MODE/SYNC, U1802.VIN, U1804.VIN, U1804.VIN, X2000.&1, X2000.&3."", ""Net VCC3V3_CAM_ACQ connects C1114.&2, R1143.&2, R1147.&2, TP1146.&1, U900A.AN12/EVADC_G1CH4/EDSADC_EDS0PB."", ""Net VCC3V3_CAM_FB connects R1143.&1, TP1913.&1, X1903.&4."", ""Net VCC3V3_EQ connects C1832.&1, C502.&1, C619.&1, C621.&1, C624.&1, C627.&1, C630.&1, R1108.&1, R1122.&1, R506.&2, R507.&2, R549.&2, R554.&2, R555.&2, R556.&2, R558.&2, R580.&2, R581.&2, TP1816.&1, U1802.QOD, U1802.VOUT, U400-2.VDD_RING_8_0-1, U400-2.VDD_RING_8_0-2, U400-2.VDD_RING_8_0-3, U400-2.VDD_RING_9_0, X1903.&10, Y500.VDD."", ""Net VCC3V3_ETH connects C1404.&1, C1410.&1, C1502.&1, C1503.&1, C1504.&1, L1400.&2, L1401.&2, R1110.&1, R1400.&2, R1401.&2, R1402.&2, R1403.&2, R1404.&2, R1405.&2, R1406.&2, R1407.&2, R1408.&2, R1409.&2, R1410.&2, TP1502.&1, U1500.QOD, U1500.VOUT, U1501.EN, U1501.IN."", ""Net VCC3V3_MCU connects C1109.&1, C1204.&1, C1221.&1, C1303.&1, C1308.&1, C509.&2, C835.&2, C906.&1, C909.&1, C910.&1, C911.&1, C913.&1, C914.&1, C915.&1, C929.&1, DP907.&1, L1703.&2, L901.&1, L902.&1, L903.&2, R1007.&2, R1009.&2, R1115.&2, R1205.&2, R1218.&2, R1229.&2, R1235.&2, R1240.&2, R1241.&2, R1300.&2, R1301.&2, R1309.&2, R1310.&2, R1322.&2, R1328.&2, R1703.&1, R805.&2, R900.&1, R903.&2, R904.&2, R906.&2, R909.&2, R913.&2, R915.&2, R919.&2, R920.&1, R921.&1, U1200.VI/O, U1203.VI/O, U1204.VI/O, U1205.VI/O, U1302.VI/O, U1303.VI/O, U1304.VI/O, U1305.VI/O, U503.VCCB, U900C.VEVRSB, U900C.VEXT, U900C.VEXT, U900C.VEXT, U900C.VEXT, U900C.VEXT, U900C.VFLEX, Y1100.std-by, Y1100.VCC."", ""Net VCC3V3_SW connects C1721.&2, C905.&1, L1703.&1, Q1700.D, R1709.&2, TP1714.&1, U901.S2."", ""Instance U1802: TPS22918, 20181204001, TPS22918TDBVRQ1, SOT23X145-6."", ""Instance U900A: SAK-TC367DP-64F300S AAA, 20210903003, SAK-TC367DP-64F300S AA, bga80p20x20_1700x1700x170-292."", ""Instance U900B: SAK-TC367DP-64F300S AAB, 20210903003, SAK-TC367DP-64F300S AA, bga80p20x20_1700x1700x170-292."", ""Instance U900C: SAK-TC367DP-64F300S AAC, 20210903003, SAK-TC367DP-64F300S AA, bga80p20x20_1700x1700x170-292."", ""Instance U900D: SAK-TC367DP-64F300S AAD, 20210903003, SAK-TC367DP-64F300S AA, bga80p20x20_1700x1700x170-292."", ""Instance U900E: SAK-TC367DP-64F300S AAE, 20210903003, SAK-TC367DP-64F300S AA, bga80p20x20_1700x1700x170-292."", ""Instance U901: FDS8958A, 20210607006, SP8M3HZGTB, SOP127P600X500X175-8."", ""<table><tr><td>HM ID</td><td>F11/F12/F13/F14/F15/F16/F17/F18/F19/F25/F27</td></tr><tr><td>模块功能 \nModule Function</td><td>系统使用车载电池12V电压供电，经过EMI电路后输入至电源转换芯片，转换输出系统各模块所需电源。\nThe system uses 12V voltage power supply from the vehicle battery, which is input to the power conversion chip through the EMI circuit. Then the power conversion chip convert and output the power required by each module of the system.</td></tr><tr><td>模块框图\nModule diagram</td><td></td></tr><tr><td>模块方案\nModule solution</td><td>KL30 EMI (ASIL-B)\nKL30供电口处增加EMI电路，用于供电保护和滤波。硬件电路设计在UBD网络增加两个串联ESD电容，PCB布局靠近主连接器引脚处，用于吸收外部ESD信号，后端增加双向TVS管用于瞬态过压保护\nThe EMI circuit is added at the KL30 power supply port for power supply protection and filtering. The hardware circuit design adds two series ESD capacitors in the UBD network, the PCB layout is close to the main connector pin for absorbing external ESD signals, and the two-way TVS tube is added at the back end for transient overvoltage protection.\nKL30 to VCC3V3 (ASILB)\nKL30转VCC3V3是系统一级DC-DC，给MCU提供VCC3V3_MCU电源，所以系统要求其满足ASILB，确保MCU功能安全。\nKL30 to VCC3V3 is a system primary DC-DC chip, because the MCU needs VCC3V3_MCU power supply, so the system requires it to meet the ASILB to ensure the functional safety of the MCU.\nVCC3V3_MCU to VCC1V25_MCU(ASILB)\n3V3转1V25_MCU是使用MCU内置控制器进行控制的BUCK电源，用于MCU的核供电，功能安全需求达到ASILB，确保MCU功能安全。\n3V3 to 1V25_MCU is a BUCK power supply controlled by MCU built-in controller, which is used for MCU nuclear power supply. Functional safety requirements meet ASILB to ensure the functional safety of MCU.\nVCC3V3 to VCC0V75(QM(B))\nVCC3V3转VCC0V75应用于EQ6的内核供电，要求输出电流能力大，现选型TI的电源方案TPS62872。用MCU的P22.0引脚使能芯片，用MCU_SDA_P15.5，MCU_SCL_P15.4引脚I2C通信来设置输出电压和通信。\nVCC3V3 to VCC0V75 is applied to the core power supply of EQ6, which requires large output current capacity. The power supply scheme TPS62872 of TI is selected. P22.0 pin of MCU is used to enable the chip, and MCU_SDA_P15.5, MCU_SCL_P15.4 pin I2C communication is used to set the output voltage and communication. \nVCC3V3 to 0V75_MIPI_DDR(QM(B))\nVCC3V3转0V75_MIPI_DDR用于EQ6的IO口供电，现使用矽力杰的SA23002进行设计。用MCU的P22.1引脚使能该芯片。\nVCC3V3 to 0V75_MIPI_DDR for EQ6 IO port power supply, Silergy’s SA23002 is designed. The P22.1 pin of the MCU is used to enable the chip.\nVCC3V3转VCC1V8、VCC1V1、VCC50(QM(B))\nVCC1V8用于EQ6、CAM、DDR、FLASH供电，VCC1V1用于EQ6、DDR供电，VCC50用于CAN收发器供电，现选择LP87702 PMIC方案。用MCU的P15.3引脚使能该芯片的5V输出，用MCU_SCL_P15.4，MCU_SDA_P15.5 I2C通信来设置1.8V和1.1V输出电压和使能。\nVCC1V8 is used for EQ6, CAM, DDR, FLASH power supply, VCC1V1 is used for EQ6, DDR power supply, VCC50 is used for CAN transceiver  power supply, LP87702 PMIC scheme is selected. P15.3 pin of MCU is used to enable 5V output of the chip, and MCU_SCL_P15.4, MCU_SDA_P15.5 I2C communication is used to set 1.8V and 1.1V output voltage and enable it. \nVCC3V3 to VCC3V3_EQ(QM(B))\nVCC3V3转VCC3V3_EQ用于EQ6的IO和摄像头供电，现使用负载开关进行设计。用MCU的P20.3引脚使能该芯片。\nVCC3V3 to VCC3V3_EQ for EQ6’s IO and camera power supply, now using the load switch is designed. .The P20.3 pin of the MCU is used to enable the chip.\n\tVCC3V3 to VCC3V3_ETH(QM)\n3V3转3V3_ETH用于ETH供电，现选择负载开关方案。用MCU的P21.0引脚使能该芯片。\n3V3 to 3V3_ETH for ETH power supply, the load switch scheme is selected. . The P21.0 pin of the MCU is used to enable the chip.\n\tVCC1V8 to VCC1V8_EQ(QM(B))\nVCC1V8转VCC1V8_EQ用于EQ供电，现选择负载开关方案。用MCU的P20.0引脚使能该芯片。\nVCC1V8 to VCC1V8_EQ for EQ power supply, the load switch scheme is selected. . The P20.0 pin of the MCU is used to enable the chip.</td></tr><tr><td colspan='2'></td></tr></table>"", ""<table><tr><td>HM ID</td><td>F17</td></tr><tr><td>模块功能 \nModule Function</td><td>3V3转3V3_ETH用于ETH供电，现选择负载开关方案。\n3V3 to 3V3_ETH is used for ETH power supply, and the load switching scheme is now selected.</td></tr><tr><td>模块框图\nModule diagram</td><td></td></tr><tr><td>模块方案\nModule solution</td><td>采用TPS22918负载开关，将VCC3V3系统电源转换为VCC3V3_ETH，提供给MCU的ETH供电。P21.0引脚使能该芯片。\nThe TPS22918 load switch is used to convert the VCC3V3 system power to VCC3V3-ETH to supply power to ETH of the MCU. The P21.0 pin of the MCU is used to enable the chip.\n</td></tr></table>"", ""<table><tr><td>HM ID</td><td>F16</td></tr><tr><td>模块功能 \nModule Function</td><td>VCC3V3转VCC3V3_EQ用于EQ6的IO和摄像头供电，现使用负载开关TPS22918进行设计。\nVCC3V3 to VCC3V3-EQ is used for the IO and camera power supply of EQ6, and the load switch TPS22918 is used for the design.</td></tr><tr><td>模块框图\nModule diagram</td><td></td></tr><tr><td>模块方案\nModule solution</td><td>采用TPS22918负载开关，将VCC3V3系统电源转换为VCC3V3_EQ，提供给EQ6和摄像头供电。用MCU的P20.3引脚使能该芯片。\nThe TPS22918 load switch is used to convert the VCC3V3 system power to VCC3V3-EQ to supply power to EQ6 and the camera. The P20.3 pin of the MCU is used to enable the chip.\n</td></tr></table>"", ""<table><tr><td>序号</td><td>模块序号</td><td>模块名称</td><td>功能定义</td><td>功能安全需求</td></tr><tr><td>1</td><td>F013</td><td>POWER</td><td>LP87702，VCC3V3电压输入，VCC1V1、VCC1V8、VCC50电压输出</td><td>QM(B)</td></tr><tr><td>1</td><td>F01</td><td>MCU</td><td>SAK-TC377TP-96F300S AA</td><td>B(B)</td></tr><tr><td>1</td><td>F08</td><td>EQ system power sample1</td><td>EQ6L系统供电电源电压ADC采样滤波、分压电路</td><td>B(B)</td></tr><tr><td>2</td><td>F14</td><td>POWER</td><td>TPS62872，VCC3V3电压输入，VCC0V75电压输出，EQ6L核电供电</td><td>QM(B)</td></tr><tr><td>2</td><td>F01</td><td>MCU</td><td>SAK-TC377TP-96F300S AA</td><td>B(B)</td></tr><tr><td>2</td><td>F08</td><td>EQ system power sample</td><td>EQ6L系统供电电源电压ADC采样滤波、分压电路</td><td>B(B)</td></tr><tr><td>3</td><td>F15</td><td>POWER</td><td>SA23002，VCC3V3输入，0V75_MIPI_DDR电压输出</td><td>QM(B)</td></tr><tr><td>3</td><td>F01</td><td>MCU</td><td>SAK-TC377TP-96F300S AA</td><td>B(B)</td></tr><tr><td>3</td><td>F08</td><td>EQ system power sample</td><td>EQ6L系统供电电源电压ADC采样滤波、分压电路</td><td>B(B)</td></tr><tr><td>4</td><td>F16</td><td>POWER</td><td>TPS22918负载开关，VCC3V3电压输入，VCC3V3_EQ输出</td><td>QM(B)</td></tr><tr><td>4</td><td>F01</td><td>MCU</td><td>SAK-TC377TP-96F300S AA</td><td>B(B)</td></tr><tr><td>4</td><td>F08</td><td>EQ system power sample</td><td>EQ6L系统供电电源电压ADC采样滤波、分压电路</td><td>B(B)</td></tr></table>"", ""<table><tr><td>模块序号\nModule number</td><td>模块名称\nModule name</td><td>功能定义\nFunction definition.</td><td>功能安全需求\nFunctional safety requirements</td></tr><tr><td>F01</td><td>MCU</td><td>SAK-TC377TP-96F300S AA</td><td>B(B)</td></tr><tr><td>F02</td><td>EYEQ6-L</td><td>EYEQ6-L，用于sensor的视频处理</td><td>B</td></tr><tr><td>F03</td><td>EYEQ6_LPDDR4</td><td>EQ6的1GB LPDDR4</td><td>B</td></tr><tr><td>F04</td><td>EYEQ6_NAND FLASH</td><td>EQ6的2Gb NAND FLASH</td><td>B</td></tr><tr><td>F05</td><td>CAM SENSOR</td><td>Sony 728摄像头模组</td><td>B</td></tr><tr><td>F06</td><td>KL30 sample</td><td>KL30电压采样</td><td>QM</td></tr><tr><td>F07</td><td>KL15 sample</td><td>KL15电压采样</td><td>QM</td></tr><tr><td>F08</td><td>EQ system power sample1</td><td>EQ6L系统供电电源电压ADC采样滤波、分压电路</td><td>B(B)</td></tr><tr><td>F09</td><td>ETH and CAN power sample2</td><td>CAN和ETH电源电压ADC采样滤波、分压电路</td><td>QM</td></tr><tr><td>F10</td><td>NTC temp sensor</td><td>NTC温度传感器，监控EQ6L/LPDDR4周边环境温度。</td><td>B</td></tr><tr><td>F11</td><td>KL30 EMI</td><td>KL30供电口EMI滤波电路.</td><td>B</td></tr><tr><td>F12</td><td>POWER</td><td>LN10046，KL30电源转VCC3V3电源</td><td>B</td></tr><tr><td>F13</td><td>POWER</td><td>LP87702，VCC3V3电压输入，VCC1V1、VCC1V8、VCC50电压输出</td><td>QM(B)</td></tr><tr><td>F14</td><td>POWER</td><td>TPS62872，VCC3V3电压输入，VCC0V75电压输出</td><td>QM(B)</td></tr><tr><td>F15</td><td>POWER</td><td>SA23002，VCC3V3输入，VCC0V75电压输出</td><td>QM(B)</td></tr><tr><td>F16</td><td>POWER</td><td>TPS22918负载开关，VCC3V3电压输入，VCC3V3_EQ输出</td><td>QM(B)</td></tr><tr><td>F17</td><td>POWER</td><td>TPS22918负载开关，VCC3V3输入，VCC3V3_ETH输出</td><td>QM</td></tr><tr><td>F18</td><td>overvoltage protect</td><td>用于MCU电源VCC3V3_MCU的外部过压保护</td><td>B</td></tr><tr><td>F19</td><td>POWER</td><td>TPS22918 负载开关，VCC1V8电压输入，VCC1V8_EQ电压输出</td><td>QM(B)</td></tr><tr><td>F20</td><td>CAN3</td><td>基于TCAN1145的CAN通讯，硬件支持特定报文唤醒</td><td>QM</td></tr><tr><td>F21</td><td>CAN2</td><td>基于TCAN1044A的CAN通讯.</td><td>QM</td></tr><tr><td>F22</td><td>CAN1</td><td>基于TCAN1044A的CAN通讯</td><td>QM</td></tr><tr><td>F23</td><td>CAN0</td><td>基于TCAN1044A的CAN通讯.</td><td>QM</td></tr><tr><td>F24</td><td>ETH</td><td>基于DP83TC812R的100BASE-T1通讯</td><td>QM</td></tr><tr><td>F25</td><td>Wake up</td><td>唤醒源和一级电源使能电路设计</td><td>QM</td></tr><tr><td>F26</td><td>watchdog</td><td>LP87702的看门狗功能，用于监控MCU运行状态</td><td>B</td></tr><tr><td>F27</td><td>POWER</td><td>VCC3V3_MCU转VCC1V25_MCU电压，由MCU的EVRC进行控制。</td><td>B</td></tr><tr><td>F28</td><td>level translation</td><td>3V3和1V8双向电压转换芯片</td><td>QM</td></tr></table>"", ""\nHW Interface Component ：QM（B）; None：F16/POWER; None：1、负载开关TPS22918，VCC3V3转VCC3V3_EQ。\n2、TPS22918由MCU进行使能和关断控制。; MCU Component ：F01/MCU; None：B; None：G20; None：P20.3; None：P20.3/GTM_TIM4_IN5_11/GTM_TIM3_IN4_5/GTM_TIM2_IN4_5/GTM_TOUT61/QSPI0_SLSO9/QSPI2_SLSO9/CAN03_TXD; None：GPIO; None：MCU_3V3_EQ_EN; None：/; None：O; None：VCC3V3_EQ电源使能控制信号\n高：使能VCC3V3_EQ电源\n低：关断VCC3V3_EQ电源; None：HI-Z,硬件外部下拉; None：—; SW Variable Name or SW Function Name：— ——Port1\nHW Interface Component ：QM; None：F17/POWER; None：1、负载开关TPS22918，VCC3V3转VCC3V3_ETH。\n2、TPS22918由MCU进行使能和关断控制。; MCU Component ：F01/MCU; None：QM; None：K17; None：P21.0; None：P21.0/GTM_TIM4_IN0_11/GTM_TIM3_IN4_6/GTM_TIM2_IN4_6/QSPI4_MRSTDN/DMU_FDEST/GTM_TOUT51/HSM_HSM1; None：GPIO; None：MCU_3V3_ETH_EN; None：/; None：O; None：VCC3V3_ETH电源使能控制信号\n高：使能VCC3V3_EQ电源\n低：关断VCC3V3_EQ电源; None：HI-Z, 硬件外部下拉; None：—; SW Variable Name or SW Function Name：— ——Port1\nHW Interface Component ：QM; None：F14/POWER; None：1、电源转换芯片TPS62872，VCC3V3转VCC0V75。\n2、TPS62872由MCU进行使能和关断控制。; MCU Component ：F01/MCU; None：QM; None：P20; None：P22.0; None：P22.0/GTM_TIM1_IN1_7/GTM_TIM0_IN1_7/QSPI4_MTSRB/GTM_TOUT47/QSPI4_MTSR/QSPI4_SCLKN; None：GPIO; None：MCU_VCC0V75_EN; None：/; None：O; None：VCC0V75电源使能控制信号\n高：使能VCC0V75电源\n低：关断VCC0V75电源; None：HI-Z, 硬件外部下拉; None：—; SW Variable Name or SW Function Name：— ——Port1"", ""<table><tr><td>HM ID</td><td>F12</td></tr><tr><td>模块功能 \nModule Function</td><td>KL30转VCC3V3是系统一级DC-DC，基于LN10046设计，给系统提供电源。\nThe KL30 to VCC3V3 is a first-level DC-DC based on the LN10046 design and provides power to the system.</td></tr><tr><td>模块框图\nModule diagram</td><td></td></tr><tr><td>模块方案\nModule solution</td><td>采用LN10046电源DCDC芯片，将12V系统电源转换为3.3V，提供给系统供电使用。\nThe LN10046 power supply DCDC chip is used to convert the 12V system power supply to 3.3V and provide power supply to the system for use.\n</td></tr></table>"", ""<table><tr><td>HM ID</td><td>F19</td></tr><tr><td>模块功能 \nModule Function</td><td>1V8转1V8_EQ用于EQ6供电，现选择负载开关方案。\n1V8 to 1V8_EQ is used for the EQ6 power supply, now choose the load switch scheme.\n</td></tr><tr><td>模块框图\nModule diagram</td><td></td></tr><tr><td>模块方案\nModule solution</td><td>采用TPS22918负载开关，将VCC1V8电源转换为VCC1V8_EQ，给EQ6供电。用MCU的P20.0引脚使能该芯片。\nThe TPS22918 load switch chip is used to convert the VCC1V8 to VCC1V8_EQ to power EQ6. The P20.0 pin of the MCU is used to enable the chip.\n</td></tr></table>"", ""Figure 7-1. 16-Pin RXS VQFN Package (Top View)\nOUT\nNC\n16\n5-\n4\nCOMP\n13\nSCL\n（1\n2二\nGOSNS\n(12\nSDA\n[3\nVOSNS\n(11\nMODE/SYNC\n47\nThermal\n0]\nEN\nPG\nPad\n[5\n(9\nVIN\nVIN\nGND\nGND\n-'6!\n!8'\nSW\nNot to scale"", ""VOUT(VIN - VoUT\nIL(PP) = VU(NxLxW)"", ""<table><caption>  over operating junction temperature (TJ = -40 °C to 150 °C) and Vin = 2.7 V to 6 V. Typical values at Vin = 3.3 V and TJ = 25  °C (unless otherwise noted).</caption>\n<tr><th></th><th  >PARAMETER</th><th></th><th  >TEST CONDITIONS</th><th  >MIN</th><th  >TYP</th><th  >MAX</th><th  >UNIT</th></tr>\n<tr><th  >SUPPLY</th><th></th><th  >Operating</th><th  >EN = high, lout = 0 mA, V(sw) = 0 V,  primary operation, device not switching,</th><th></th><th  >1.75</th><th  >3</th><th  >mA</th></tr>\n<tr><th  >IQ</th><th  >Supply current (VIN) </th><th></th><th  >Tj=25°℃</th><th></th><th></th><th></th><th></th></tr>\n<tr><th></th><th></th><th  >Standby </th><th  >EN = low, V(sw) = 0 V, TJ = 25 °℃ </th><th></th><th  >16.5</th><th  >40</th><th  >μA</th></tr>\n<tr><td  >VIT+</td><td  >Positive-going UVLO threshold voltage (VIN)</td><td></td><td></td><td  >2.5</td><td  >2.6</td><td  >2.7</td><td  >V</td></tr>\n<tr><td  >ViT-</td><td  >Negative-going UVLO threshold voltage (VIN)</td><td></td><td></td><td  >2.4</td><td  >2.5</td><td  >2.6</td><td  >V</td></tr>\n<tr><th  >Vhys</th><th  >UVLO hysteresis voltage (VIN)</th><th></th><th></th><th  >90</th><th></th><th></th><th  >mV</th></tr>\n<tr><td  >VIT+</td><td  >Positive-going OVLO threshold voltage (VIN)</td><td></td><td></td><td  >6.1</td><td  >6.3</td><td  >6.5</td><td  >V</td></tr>\n<tr><td  >ViT-</td><td  >Negative-going OVLO threshold voltage (VIN)</td><td></td><td></td><td  >6.0</td><td  >6.2</td><td  >6.4</td><td  >V</td></tr>\n<tr><th  >Vhys</th><th  >OVLO hysteresis voltage (VIN)</th><th></th><th></th><th  >85</th><th></th><th></th><th  >mV</th></tr>\n<tr><th  >ViT-</th><th  >Negative-going power-on reset threshold</th><th></th><th></th><th  >1.4</th><th></th><th></th><th  >V</th></tr>\n</table>"", ""1. In device variants without IC the SDA and SCL pins are internally connected, but their functionality is disabled.\nVIN\nSW\nVIN\nBias\nGate Drive and Control\nRegulator\nEN\nGND\nGND\nRampandSlope\nCompensation\nPG\nControl\nGOSNS\nFSEL[\nVSEL[\nOscillator\nCOMP\nSCL1[\nSDA1[\nThermal\nShutdown\nSYNCOUT\nMODE/SYNC\nM"", ""<table><caption> Table 7-1. Pin Functions</caption>\n<tr><td  >Pin</td><td></td><td></td><td></td></tr>\n<tr><td  >Name</td><td  >No.</td><td  >Type(1)</td><td  >Description</td></tr>\n<tr><td></td><td></td><td></td><td  >Device compensation input. A resistor and capacitor from this pin to GOSNS define the </td></tr>\n<tr><td  >COMP</td><td  >1</td><td></td><td  >compensation of the control loop. In stacked operation, connect the CoMP pins of all stacked devices together and connect a</td></tr>\n<tr><td></td><td></td><td></td><td  >resistor and capacitor between the common COMP node and GOSNS.</td></tr>\n<tr><td  >GOSNS</td><td  >2</td><td></td><td  > Output ground sense (differential output voltage sensing)</td></tr>\n<tr><td  >VOSNS</td><td></td><td></td><td  >Output voltage sense (differential output voltage sensing)</td></tr>\n<tr><td></td><td></td><td></td><td  >This is the enable pin of the device. The user must connect to this pin using a series resistor of </td></tr>\n<tr><td></td><td></td><td></td><td  >at least 15 kQ. A low logic level on this pin disables the device and a high logic level on this pin</td></tr>\n<tr><td  >EN</td><td  >4</td><td></td><td  >enables the device. Do not leave this pin unconnected.</td></tr>\n<tr><td></td><td></td><td></td><td  >For stacked operation, interconnect EN pins of all stacked devices with a resistor to the supply</td></tr>\n<tr><td></td><td></td><td></td><td  >voltage or a GPlO of a processor. See Section 9.3.17 for a detailed description.</td></tr>\n<tr><td  >VIN</td><td  >5.9</td><td  >P</td><td  > Power supply input. Connect the input capacitor as close as possible between VIN and GND.</td></tr>\n<tr><td  >GND</td><td  >6,8</td><td  >GND</td><td  >Ground pin</td></tr>\n<tr><td  >SW</td><td  >7</td><td></td><td  >This pin is the switch pin of the converter and is connected to the internal power MOSFETs.</td></tr>\n<tr><td></td><td></td><td></td><td  > Open-drain power-good output. Low impedance when not \""power good,\"" high impedance when </td></tr>\n<tr><td></td><td></td><td></td><td  >\""power good.\"" This pin can be left open or be tied to GND when not used in single device </td></tr>\n<tr><td></td><td></td><td></td><td  >operation.</td></tr>\n<tr><td  >PG</td><td  >10</td><td  >I/0</td><td  > In stacked operation, interconnect the PG pins of all stacked devices. Only the PG pin of the </td></tr>\n<tr><td></td><td></td><td></td><td  > primary converter in stacked operation is an open-drain output. For devices that are defined as</td></tr>\n<tr><td></td><td></td><td></td><td  >secondary converters in stacked mode, this pin is an input pin. See Section 9.3.17 for a detailed</td></tr>\n<tr><td></td><td></td><td></td><td  >description.</td></tr>\n<tr><td></td><td></td><td></td><td  >The device runs in power save mode when this pin is pulled low. If the pin is pulled high, the</td></tr>\n<tr><td  >MODE/SYNC</td><td  >11</td><td></td><td  >device runs in forced-PWM mode. If unused, this pin can be left floating and an internal pulldown resistor will pull it low. The mode pin can also be used to synchronize the device to an external </td></tr>\n<tr><td></td><td></td><td></td><td  >clock.</td></tr>\n<tr><td  >SDA</td><td  >12</td><td  >I/0</td><td  >I2C serial data pin. Do not leave floating. Connect a pullup resistor to a logic high level. Connect to GND for secondary devices in stacked operation and for device variants without I2C.</td></tr>\n<tr><td></td><td></td><td></td><td  >I2C serial clock pin. Do not leave this pin floating. Connect a pullup resistor to a logic high level.</td></tr>\n<tr><td  >SCL</td><td  >13</td><td  >1/0</td><td  >Connect this pin to GND for secondary devices in stacked operation and for device variants</td></tr>\n<tr><td></td><td></td><td></td><td  >without I2C.</td></tr>\n</table>"", ""<table>\n<tr><th></th><th></th><th  >MIN</th><th  >MAX</th><th  >UNIT</th></tr>\n<tr><td></td><td  >VIN(4)</td><td  >-0.3</td><td  >6.5</td><td></td></tr>\n<tr><th></th><th  >SW (DC)</th><th  >-0.3</th><th  >VIn + 0.3</th><th></th></tr>\n<tr><td></td><td  >SW (AC, less than 10ns)(3)</td><td  >-3</td><td  >10</td><td></td></tr>\n<tr><td  >Voltage(2)</td><td  >VOSNS</td><td  >-0.3</td><td  >3.8</td><td></td></tr>\n<tr><td></td><td  >SCL, SDA</td><td  >- 0.3</td><td  >5.5</td><td></td></tr>\n<tr><td></td><td  >FSEL, VSEL, EN, MODE/SYNC</td><td  >-0.3</td><td  >6.5</td><td></td></tr>\n<tr><td></td><td  >GOSNS</td><td  >-0.3</td><td  >0.3</td><td></td></tr>\n<tr><td  >[Voltage(2)</td><td  >PG</td><td  >-0.3</td><td  >6.5</td><td></td></tr>\n<tr><td></td><td  >SYNC_OUT</td><td  >-1</td><td  >1</td><td></td></tr>\n<tr><th  >Current </th><th  >COMP</th><th  >-1</th><th  >1</th><th  >mA</th></tr>\n<tr><td></td><td  >PG</td><td></td><td  >5</td><td></td></tr>\n<tr><th  >Tj</th><th  >Junction temperature</th><th  >-40</th><th  >150</th><th  >°℃</th></tr>\n<tr><th  >Tstg </th><th  >Storage temperature</th><th  >-65</th><th  >150</th><th  >°℃</th></tr>\n</table>"", ""\nThe image displays an electronic circuit diagram centered around a rectangular integrated circuit (IC) component with multiple labeled pins on its left and right sides. On the left side of the IC, from top to bottom, are pins labeled: VIN, MODE/SYNC, EN, SDA, SCL, VSEL, FSEL, SYNC_OUT, and two GND pins at the bottom. The top-left corner shows a voltage input range labeled “2.7 V to 6 V” connected to VIN through a resistor R_EN and capacitor C_IN to ground. Below that, a pin labeled V_IO connects to a resistor network, and another pin labeled I²C connects to the same network. Further down, resistors R_VSEL and R_FSEL connect to VSEL and FSEL pins respectively, each leading to ground. A cross symbol appears near the SYNC_OUT pin.\n\nOn the right side of the IC, from top to bottom, are pins labeled: SW, VOSNS, GOSNS, COMP, PG, and another GND pin. The SW pin connects to an inductor L, which then connects to a capacitor C_OUT leading to ground and also to a block labeled “Load.” The VOSNS and GOSNS pins connect to a resistor R_Z and capacitor C_C2, both leading to ground. The COMP pin connects to the junction of R_Z and C_C2. The PG pin connects through a 1kΩ resistor and a 10pF capacitor to ground, with a node labeled “PG” between them. A separate V_IO label appears near the right side, connecting through a resistor R_PG to the junction before the 1kΩ resistor. All connections are represented by solid lines, with ground symbols shown as downward-pointing triangles. No numerical data points, axes, legends, or enumerable comparative units are present.2.7 V\nVIN\nCou\nDDE/SYNC\nC\nSCL\nC\nVSEL"", ""Figure 10-1. Typical ApplicationSchematic\n110 nH±20%\n0.75V\nV\nVIN\nSW\n3.3V\nVIN\nMODE/SYNC\n20 kQ\nC\nC\nVoO\nLoad\nVOSNS\nEN\nGOSNS\nSDA\nSCL\n>Rz\nVSEL\nFSEL\n3.3V\nCc\n6.2 kQ\n[cc\nM10 kQ\nCOMP\n1kQ\nOPG\nPG\nSYNC_OUT\nGND\n10pF\nGND\n""]","{""original_context_count"": 30, ""original_context_characters"": 22577, ""scored_context_count"": 8, ""scored_context_characters"": 5599, ""contexts_truncated"": true, ""context_selection"": ""claim_coverage"", ""selected_evidence_ids"": [""circuit:21:net:VCC3V3_SW"", ""document:b6943ae371d76077""], ""selected_claim_ids"": [""sq_1:claim_1"", ""sq_2:claim_1""], ""excluded_evidence_ids"": [""circuit:21:net:VCC3V3"", ""circuit:21:net:VCC3V3_CAM_ACQ"", ""circuit:21:net:VCC3V3_CAM_FB"", ""circuit:21:net:VCC3V3_EQ"", ""circuit:21:net:VCC3V3_ETH"", ""circuit:21:net:VCC3V3_MCU"", ""document:34883e566717f8dd"", ""document:377c425a6fdda20d"", ""document:44c4021cbbe6e903"", ""document:4e3739df8e48662d"", ""document:4e638b9fb82d4ad2"", ""document:579ac6324adfcfe0"", ""document:5fe56e0953406ff6"", ""document:64003cece8ef9ab7"", ""document:7a6ae2179c8765b3"", ""document:a266ee5764d45ab0"", ""document:ac72bb1a220bade2"", ""document:d59fddc6838a7925"", ""document:e6627ad70c8cab97"", ""document:eeb35b1228d7836f"", ""document:fb47bab03fe29655""]}",0.2611159096987242,0.4905884161717245,0.7142857142857143,not_applicable,0.3333333333,1.0,1.0,0.3,not_applicable
hw-v1-document-lp87702-section,success,软件配置 LP87702 应查 HSI 的哪一节？,应查 HSI 7.2 节“LP87702 配置”，其中给出软件寄存器和 I²C 配置说明。,"**直接结论：** 软件配置 LP87702 应查 HSI 文档（600608964_ADAS_HSI_0506_1952_shoulin.wang.docx）的 **第7.2节 “LP87702配置”**。

**支撑证据：**
1. HSI文档的目录结构明确指出，第7章“其他芯片配置”包含第7.2节“LP87702配置”（来源：[3]）。
2. 该节（7.2节）内容明确说明：“LP87702运行期间需要MCU通过I2C配置的寄存器如下所示：Table 5-2 LP87702 Configuration”（来源：[2]）。","**直接结论：** 软件配置 LP87702 应查 HSI 文档（600608964_ADAS_HSI_0506_1952_shoulin.wang.docx）的 **第7.2节 “LP87702配置”**。

**支撑证据：**
1. HSI文档的目录结构明确指出，第7章“其他芯片配置”包含第7.2节“LP87702配置”（来源：[3]）。
2. 该节（7.2节）内容明确说明：“LP87702运行期间需要MCU通过I2C配置的寄存器如下所示：Table 5-2 LP87702 Configuration”（来源：[2]）。","[""Instance U1700: LP87702-Q1, 20200424007, LP87702RRHBRQ1, pqfn50p5x5x90-32."", ""ADC电压采集阈值 The ADC voltage acquisition thresholdWCCA计算结果如下，软件应按照如下过欠压阈值设置：The WCCA calculation results are as follows. The software should be set according to the following overvoltage and undervoltage thresholds:EQ6L上下电时序要求 EQ6L Power-on and power-off sequence requirements共享和独占的硬件资源 Shared and Exclusive Hardware ResourceECU-MCU信号对应关系 ECU-MCU Signal MappingMCU时钟配置 MCU Clock Configuration存储器配置 Memeory ConfigurationTable 4-5Memory Configuration其他芯片配置 Other IC Configuration其他芯片的通讯机制 Communication Mechanism with Other ICLP87702配置 LP87702 ConfigurationLP87702运行期间需要MCU通过I2C配置的寄存器如下所示：Table 5-2 LP87702 ConfigurationTPS62872配置 TPS62872 ConfigurationTPS62872运行期间需要MCU通过I2C配置的寄存器如下所示：Table 5-3 TPS62872 Configuration安全机制 Safety MechanismsSystem levelHW level硬件安全分析无新增安全机制IC level模板变更历史Template Change History填写说明Filling instructions：变更单号YYYYMM00X为记录顺序号，如：202203002，表示的是2022年03月的第二份此类文档。首次发布不分配变更单号，变更单号处填NA。The change order number YYYYMM00X is the record sequence number, such as 202203002, which represents the second such document in March 2022. No change order number will be allocated for the first release, and Na will be filled in the change order number.变更原因填写以客户审核需要变更为例：由于XX客户在客户审核时发现XX问题，需要调整模板。Fill in the revision note. Take the need for change in customer audit as an example: because XX customer found XX problem during customer audit, the template needs to be adjusted.变更内容填写以客户审核发现问题需要更改为例：由于XX客户在客户审核时发现XX问题，特增加XXX的变更内容。"", ""3.3.5 EQ6最小系统 EQ6 minimum system\t553.3.6 摄像头最小系统 camera minimum system\t593.3.7 看门狗电路 Watchdog circuit\t613.3.8 温度采样电路 Temp Sample circuit\t623.3.9 ETH电路 ETH circuit\t633.3.10 CAN FD电路 CAN FD circuit\t654\tADC电压采集阈值 The ADC voltage acquisition threshold\t685\tEQ6L上下电时序要求 EQ6L Power-on and power-off sequence requirements\t686\t共享和独占的硬件资源 Shared and Exclusive Hardware Resource\t696.1 ECU-MCU信号对应关系 ECU-MCU Signal Mapping\t696.2 MCU时钟配置 MCU Clock Configuration\t706.3 存储器配置 Memeory Configuration\t717\t其他芯片配置 Other IC Configuration\t717.1 其他芯片的通讯机制 Communication Mechanism with Other IC\t717.2 LP87702配置 LP87702 Configuration\t727.3 TPS62872配置 TPS62872 Configuration\t728\t安全机制 Safety Mechanisms\t736.1 System level\t736.2 HW level\t736.3 IC level\t73概述 Introduction目的 Purpose软硬接口文档的目的是描述软件和硬件的交互，并且确保软件硬件和TSR的一致性。The goal of the hardware software interface document is to specify the hardware and software interaction and be consistent with the technical safety concept.适用范围 Range of Application此文档适用于奇瑞EQ6L T1G ADAS项目的功能安全开发全过程。This document is applied for the whole functional safety development process of  EQ6L T1G ADAS project.读者对象 TReader项目经理Project Manager项目组成员Project Team Members功能安全经理Functional Safety Manager功能安全工程师Functional Safety System Engineer硬件工程师 Hardware Engineer软件工程师 Software Engineer质量和审查人员QA and Assessor产品测试人员Product Test Engineer"", ""\nMCU Component ：F01/ MCU; None：QM; None：E11; None：P12.1; None：P12.1/GTM_TIM4_IN1_6/GTM_TIM3_IN1_6/GETH_MDIOC/GTM_TOUT129/CAN00_TXD/GETH_MDIO; None：GPIO; None：MCU_nINT_PMIC_P12.1; None：/; None：I; None：LP87702的输出中断信号。\n高：无中断信号\n低：输出中断信号; None：HI-Z，硬件外部上拉; None：—; SW Variable Name or SW Function Name：— ——Port1\nHW Interface Component ：QM(B); None：F13/POWER\nF14/POWER; None：MCU配置LP87702、TPS62872; MCU Component ：F01/MCU; None：B; None：E14; None：P15.5; None：P15.5/GTM_TIM3_IN0_4/GTM_TIM2_IN0_4/QSPI2_MTSRA/GTM_TOUT76/QSPI2_MTSR/MSC0_EN0/I2C0_SDA; None：I2C0_SDAC; None：MCU_SDA_P15.5; None：/; None：IO; None：IIC_SDA信号\n\n外挂LP87702和TPS62872\n\nLP87702地址：0x08\nTPS62872地址：0x41; None：HI-Z，硬件外部上拉; None：—; SW Variable Name or SW Function Name：— ——Port1\nMCU Component ：F01/MCU; None：B; None：A17; None：P15.4; None：P15.4/GTM_TIM3_IN7_4/GTM_TIM2_IN7_4/I2C0_SCLC/QSPI2_MRSTA/SCU_E_REQ0_0/GTM_TOUT75/QSPI2_MRST; None：I2C0_SCL; None：MCU_SCL_P15.4; None：/; None：O; None：IIC_CLK信号\n\n外挂LP87702和TPS62872\n\nLP87702地址：0x08\nTPS62872地址：0x41; None：HI-Z，硬件外部上拉; None：—; SW Variable Name or SW Function Name：— ——Port1"", ""<table><tr><td>HM ID</td><td>F13</td></tr><tr><td>运行模式\nOperation Mode</td><td>SHUTDOWN、READ OTP、STANDBY、ACTIVE</td></tr><tr><td>模式定义\nDefinition of Operation mode</td><td>SHUTDOWN\nNRST电压低于阈值。LP87702-Q1器件停止工作。\nREAD OTP\n电源电压VANA高于VANAUVLO电平，并且NRST电压高于阈值电平。电压转换器被禁用，LP87702-Q1的参考电平和偏置电路被启用。OTP配置被加载到寄存器。\nSTANDBY\n电源电压VANA高于VANAUVLO水平，NRST电压高于阈值水平。电压转换器被禁用，LP87702-Q1的参考电平、控制和偏压电路被启用。所有的寄存器都可以被主机处理器通过系统串口读写。电压转换器可以根据需要进行使能输出。\nACTIVE\n电源电压VANA高于VANAUVLO水平，NRST电压高于阈值水平。稳压DC/DC变换器处于使能状态。所有的寄存器都可以被MCU通过系统串口读写。\nSHUTDOWN\nAfter the enable signal MCU_OV75_MIPI_DDR_EN=L, the secondary power stops the 0V75_MIPI_DDR power supply. \nREADY OTP\nThe supply voltage VANA is above the VANAUVLO level, and the NRST voltage is above the threshold level. The voltage converter is disabled and the reference level and bias circuits of the LP87702-Q1 are enabled. The OTP configuration is loaded into the register.\nSTANDBY\nThe supply voltage VANA is above the VANAUVLO level and the NRST voltage is above the threshold level. The voltage converter is disabled and the reference level, control, and bias circuits of the LP87702-Q1 are enabled. All registers can be read and written by the host processor through the system serial port. The voltage converter can perform enabling output as needed.\nACTIVE\nThe supply voltage VANA is above the VANAUVLO level and the NRST voltage is above the threshold level. The regulated DC/DC converter is in the enabled state. All the registers can be read and written by the MCU through the system serial port. </td></tr><tr><td>模式切换接口\nMode switching interface</td><td></td></tr><tr><td>模式状态机\nMode state machine</td><td></td></tr><tr><td>模式切换条件\nMode switching condition</td><td>参考：\n产品系统需求规格说明\n产品系统方案设计说明书\nReference: \nProduct system requirement specification \nProduct system scheme design specification.</td></tr><tr><td>备注\nNote</td><td>1、VANAUVLO阈值电压\n\n2、NRST阈值电压\n</td></tr><tr><td>备注\nNote</td><td></td></tr></table>"", ""\nNone：U20; None：P23.2; None：P23.2/GTM_TIM1_IN6_5/GTM_TIM0_IN6_5/GTM_TOUT43/CAN12_TXD; None：GPIO; None：MCU_RST_FLASH_P23.2; None：/; None：O; None：FLASH复位信号\n低：FLASH复位\n高：FLASH进入工作状态; None：HI-Z，硬件外部下拉; None：—; SW Variable Name or SW Function Name：— ——Port1\nNone：未使用; MCU Component ：F01/ MCU; None：NA; None：/; None：D7; None：P11.14; None：P11.14/GTM_TIM4_IN7_4/GTM_TIM2_IN7_8/GETH_CRSDVB/GETH_RXDVB/GETH_CRSA/GTM_TOUT126; None：GPIO; None：MCU_ETH_CFG1_P11.14; None：/; None：I; None：CFG1：BOM配置，判断是否有以太网\n高：TBD\n低：TBD; None：HI-Z; None：—; SW Variable Name or SW Function Name：— ——Port1\nNone：未使用; MCU Component ：F01/ MCU; None：NA; None：/; None：D6; None：P11.15; None：P11.15/GTM_TIM4_IN7_5/GTM_TIM0_IN7_8/GETH_COLA/GTM_TOUT127; None：GPIO; None：MCU_ETH_CFG2_P11.15; None：/; None：I; None：CFG2：BOM配置，判断以太网接口类型\n高：TBD\n低：TBD; None：HI-Z; None：—; SW Variable Name or SW Function Name：— ——Port1\nHW Interface Component ：QM(B); None：F13/POWER; None：1、LP87702实现VCC3V3转VCC1V8、VCC1V1、VCC50三路电源输出\n2、LP87702的VCC50由MCU的GPIO控制使能和关断，VCC1V8、VCC1V1由MCU的I2C控制使能和关断。\n3、预留中断信号用于MCU辅助监控LP87702的工作状态。\n4、MCU可以通过I2C监控和管理LP87702的状态。; MCU Component ：F01/ MCU; None：QM; None：B17; None：P15.3; None：P15.3/GTM_TIM3_IN6_4/GTM_TIM2_IN6_4/CAN01_RXDA/QSPI2_SCLKA/GTM_TOUT74/QSPI2_SCLK/MSC0_EN1; None：GPIO; None：MCU_5V_EN; None：/; None：O; None：VCC50（LP87702）电源使能控制信号\n高：使能VCC50电压输出\n低：关断VCC50电压输出; None：HI-Z，硬件外部下拉; None：—; SW Variable Name or SW Function Name：— ——Port1"", ""<table><tr><td>HM ID</td><td>F26</td></tr><tr><td>模块功能 \nModule Function</td><td>系统需求MCU外置看门狗，用于监控MCU功能异常时进行复位。\nThe system requires MCU external watchdog, used to monitor MCU function abnormal reset.</td></tr><tr><td>模块框图\nModule diagram</td><td></td></tr><tr><td>模块方案\nModule solution</td><td>窗口看门狗喂狗参数由LP87702的OTP文件进行配置，具体参数为：喂狗长周期600ms，窗口为10~30ms，看门狗输出复位信号低电平持续10ms。用MCU的P13.3引脚喂狗。\nThe window watchdog feeding parameters are configured by the OTP file of LP87702, the specific parameters are: feeding the dog for a long period of 600ms, the window is 10~30ms, and the low level of the watchdog output reset signal lasts for 10ms. Feed the dog with P13.3 pin of the MCU. </td></tr></table>"", ""\nNone：V1.0; None：首次发布; None：张三; None：YYYY-MM-DD; None：XXXXX ——封面Cover\nNone：V2.0; None：由于XXX原因，变更XX章节XX部分内容; None：张三; None：YYYY-MM-DD; None：XXXXX ——封面Cover\nNone：编制：\nAuthor：; None：产品硬件设计工程师\nProduct hardware design engineer; None：签字Sign：; 文件编号File No：6XXXXXXXX_BBB_HW_IP_00X\n保存期限：产品生命周期加1个日历年；如属安全件，保存15个日历年以上\nRetention period:Product life cycle +1 calendar year.\nIf it is a safety part, keep it for more than 15 calendar years\n密级：内部\nSecurity level：Internal：张三\nZhang San; None：日期Date：; None：YYYY-MM-DD ——封面Cover\nNone：审核：\nChecker:; None：产品硬件架构工程师\nProduct hardware architecture engineer; None：签字Sign：; None：日期Date： ——封面Cover\nNone：审核：\nChecker:; None：产品软件开发工程师\nProduct software development engineer; None：签字Sign：; None：日期Date： ——封面Cover\nNone：审核：\nChecker:; None：产品功能安全系统工程师\nProduct functional safety  system engineer; None：签字Sign：; None：日期Date： ——封面Cover\nNone：批准：\nApprover:; None：产品系统工程师    \nProduct system engineer; None：签字Sign：; None：日期Date： ——封面Cover\nNone：所 有 权 声 明Statement of proprietary rights ——封面Cover\nNone：该文档及其所含信息是经纬恒润的财产。该文档及其所含信息的复制、使用及披露必须得到经纬恒润的书面授权。\nThis document and the information it contains are the property of Jingwei Hirain. The reproduction, use and disclosure of this document and the information contained therein must be authorized in writing by Jingwei Hirain. ——封面Cover"", ""<table><tr><td>序号</td><td>详细说明</td></tr><tr><td>1</td><td>蓝色斜体文字为相关填写具体要求（例：方法说明、规范要求、覆盖度要求、与其他工作产品的一致性要求等），形成具体工作产品时可删除蓝色斜体部分</td></tr><tr><td>2</td><td>黑色斜体文字为参考样例，形成具体工作产品时可删除黑色斜体部分</td></tr><tr><td>3</td><td>本文件所列章节原则不允许裁剪，如不涉及本章节内容，在章节内写“无”，如有补充内容可新增章节。当不涉及到功能安全、ASPICE、网络安全等特殊体系要求时，模板正文相关内容可进行裁剪</td></tr></table>"", ""<table><caption> Device Information</caption>\n<tr><td colspan=3 rowspan=3 >Part Number Current Rating Package TPS62870-Q1 6A TPS62871-Q1 9A RXS (VQFN-FCRLF, TPS62872-Q1 12 A 16) TPS62873-Q1 15 A</td></tr>\n\n</table>"", ""<table><caption> Table 6-2. Devices Without I²C Interface (continued) Unless otherwise noted, device variants without I2C operate with the same default settings as device variants with 12C.</caption>\n<tr><td  >DeviceNumber</td><td  >OutputCurrent</td><td  >Start-UpVoltage(2)</td><td  >VSEL Settings</td><td  > Spread Spectrum Clocking</td><td  > Soft-Start Time</td></tr>\n<tr><td  >TPS62870N1QWRXSRQ1</td><td  >6A</td><td  >0.800 V</td><td  >6.2kQ to GND</td><td></td><td></td></tr>\n<tr><td  >TPS62871N1QWRXSRQ1</td><td  >9A</td><td  >0.750V</td><td  >Short to GND</td><td></td><td></td></tr>\n<tr><td  >TPS62872N1QWRXSRQ1</td><td  >12 A</td><td  >0.875V</td><td  >Short to VIN</td><td  >On</td><td></td></tr>\n<tr><td  >TPS62873N1QWRXSRQ1</td><td  >15 A</td><td  >0.840V</td><td  >47 kQ to VIN </td><td></td><td  >1 ms</td></tr>\n<tr><td></td><td></td><td  >1.800 V</td><td  >6.2 kQ to GND</td><td></td><td></td></tr>\n<tr><td  >TPS62872N2QWRXSRQ1</td><td  >12 A</td><td  >1.500 V 1.750 V</td><td  >Short to GND Short to VIN </td><td  >Off</td><td></td></tr>\n<tr><td></td><td></td><td  >3.300 V</td><td  >47kQ to VIN</td><td></td><td></td></tr>\n</table>"", ""<table><caption> Table9-5.DefaultOutputVoltageSetpoints</caption>\n<tr><td  >VSEL Pin(1)</td><td  >Device Number</td><td  >VSET[7:0]</td><td  >Output Voltage Setpoint</td></tr>\n<tr><td></td><td  >TPS6287x-Q1</td><td  >0x5a</td><td  >850 mV</td></tr>\n<tr><td></td><td  >TPS6287xY0-Q1</td><td  >0x50</td><td  >800 mV</td></tr>\n<tr><td></td><td  >TPS6287xY1-Q1</td><td  >0x14</td><td  >500 mV</td></tr>\n<tr><td></td><td  >TPS6287xY2-Q1</td><td  >0x64</td><td  >1800 mV</td></tr>\n<tr><td  >6.2 kQ to GND</td><td  >TPS6287xY3-Q1</td><td  >0x52</td><td  >810 mV</td></tr>\n<tr><td></td><td  >TPS6287xN0-Q1</td><td  >0x14</td><td  >500 mV</td></tr>\n<tr><td></td><td  >TPS6287xN1-Q1</td><td  >0x50</td><td  >800 mV</td></tr>\n<tr><td></td><td  >TPS6287xN2-Q1</td><td  >0x64</td><td  >1800 mV</td></tr>\n</table>"", ""<table><caption> Table 9-10. Table 6-2. Devices Without I2C Interface</caption>\n<tr><td  > Device Number</td><td  >Output Current</td><td  >Start-Up Voltage(2)</td><td  >VSEL Settings</td><td  > Spread Spectrum Clocking</td><td  > Soft-Start Time</td></tr>\n<tr><td  >TPS62870N0QWRXSRQ1</td><td  >6A</td><td  >0.500 V</td><td  >6.2 kQ to GND</td><td></td><td></td></tr>\n<tr><td  >TPS62871N0QWRXSRQ1</td><td  >9A</td><td  >0.750V</td><td  > Short to GND</td><td  >On</td><td  >0.5 ms</td></tr>\n<tr><td  >TPS62872N0QWRXSRQ1</td><td  >12 A</td><td  >0.875 V</td><td  >Short to VIN </td><td></td><td></td></tr>\n<tr><td  >TPS62873N0QWRXSRQ1</td><td  >15 A</td><td  >1.050 V</td><td  >47 kQ to VIN</td><td></td><td></td></tr>\n</table>"", ""<table><caption> Table 7-1. Pin Functions (continued) I = input, O = output, P = power, GND = ground(1)</caption>\n<tr><td  >Pin</td><td></td><td></td><td></td></tr>\n<tr><td  >Name</td><td  >No.</td><td  >Type(1)</td><td  >Description</td></tr>\n<tr><td></td><td></td><td></td><td  >Internal clock output pin for synchronization in stacked mode. Leave this pin floating for single </td></tr>\n<tr><td></td><td></td><td></td><td  >device operation. Connect this pin to the MODE/SYNC pin of the next device in the daisy-chain in </td></tr>\n<tr><td  >SYNC_OUT</td><td  >14</td><td></td><td  >stacked operation. Do not use this pin to connect to a non-TPS6287x-Q1 device.  During start-up, this pin is used to identify if a device must operate as a secondary converter in</td></tr>\n<tr><td></td><td></td><td></td><td  >stacked operation. Connect a 47-kQ resistor from this pin to GND to define a secondary converter</td></tr>\n<tr><td></td><td></td><td></td><td  > in stacked operation. See Section 9.3.17 for a detailed description.</td></tr>\n<tr><td  >VSEL</td><td  >15</td><td  >一</td><td  > Start-up output voltage select pin. A resistor or short circuit to GND or Vin defines the selected output voltage. See Section 9.3.6.2.</td></tr>\n<tr><td  >FSEL</td><td  >16</td><td  >一</td><td  >Frequency select pin. A resistor or a short circuit to GND or Vin determines the free-running switching frequency. See Section 9.3.6.2.</td></tr>\n<tr><td  >Exposed Thermal Pad</td><td></td><td  >一</td><td  >The thermal pad must be soldered to GND to achieve an appropriate thermal resistance and for mechanical stability.</td></tr>\n</table>"", ""<table><caption> Figure 9-22. CONTROL1 Register</caption>\n<tr><td colspan=2 >7 6 RESET SSCEN R/W-0b R/W-0b</td><td colspan=4 >5 3 2 SWEN FPWMEN DISCHEN HICCUPEN R/W-1b R/W-0b R/W-1b R/W-0b</td><td  >VRAMP R/W-10b</td></tr>\n</table>"", ""<table><caption> Table 9-14. CONTROL1 Register Field Descriptions</caption>\n<tr><td colspan=2 rowspan=3 >Bit Field 7 RESET SSCEN 5 SWEN 4 FPWMEN</td><td colspan=3 rowspan=3 >Type Reset Description R/W Ob Reset device Ob = No effect  1b = Resets all registers to their default values Reading this bit always returns 0. R/W Ob Spread spectrum clocking enable Ob = SSC operation disabled  1b = SSC operation enabled R/W 1b Softwareenable Ob = Switching disabled (register values retained)  1b = Switching enabled (without the enable delay) R/W Ob Forced PWM enable Ob = Power-save operation enabled  1b = Forced-PwM operation enabled This bit is logically ORed with the MODE/SYNC pin. If a high level or a synchronization clock is applied to the MODE/SYNC pin, the </td></tr>\n\n\n<tr><td  >3 2 1-0</td><td  >DISCHEN HICCUPEN VRAMP</td><td  >R/W R/W R/W</td><td  >1b Ob 10b</td><td  >device operates in forced-PWM, regardless of the state of this bit. Output discharge enable Ob = Output discharge disabled 1b = Output discharge enabled  Hiccup operation enable Ob = Hiccup operation disabled  1b = Hiccup operation enabled. Do not enable hiccup operation during stacked operation. Output voltage ramp speed when changing from one output voltage setting to another 00b = 10 mV/μs 01b = 5 mV/μs</td></tr>\n<tr><th></th><th></th><th></th><th></th><th  >10b = 1.25 mV/μs 11b = 0.5 mV/uμs</th></tr>\n</table>"", ""<table><caption> Table 9-15. CONTROL2 Register Field Descriptions</caption>\n<tr><td  >Bit</td><td  >Field</td><td  >Type</td><td  >Reset</td><td  >Description</td></tr>\n<tr><td  >7-4</td><td  >RESERVED</td><td  >R</td><td  >0000b</td><td  >Reserved for future use. For compatibility with future device variants,</td></tr>\n<tr><td></td><td></td><td></td><td></td><td  >program these bits to 0.</td></tr>\n<tr><td  >3-2</td><td  >VRANGE</td><td  >R/W</td><td  >10b</td><td  >Output voltage range</td></tr>\n<tr><td></td><td></td><td></td><td></td><td  >00b = 0.4 V to 0.71875 V in 1.25-mV steps</td></tr>\n<tr><td></td><td></td><td></td><td></td><td  >01b = 0.4 V to 1.0375 V in 2.5-mV steps</td></tr>\n<tr><td></td><td></td><td></td><td></td><td  >10b = 0.4 V to 1.675 V in 5-mV steps</td></tr>\n<tr><td></td><td></td><td></td><td></td><td  >11b = 0.8 V to 3.35 V in 10-mV steps</td></tr>\n<tr><td  >1-0</td><td  >SSTIME</td><td  >R/W</td><td  >01b</td><td  >Soft-start ramp time </td></tr>\n<tr><td></td><td></td><td></td><td></td><td  >00b = 0.5 ms</td></tr>\n<tr><td></td><td></td><td></td><td></td><td  >01b = 1 ms</td></tr>\n<tr><td></td><td></td><td></td><td></td><td  >10b = 2 ms</td></tr>\n<tr><td></td><td></td><td></td><td></td><td  >11b = 4 ms</td></tr>\n</table>""]","{""original_context_count"": 17, ""original_context_characters"": 16953, ""scored_context_count"": 8, ""scored_context_characters"": 9231, ""contexts_truncated"": true, ""context_selection"": ""claim_coverage"", ""selected_evidence_ids"": [""document:d69d04d302326d46""], ""selected_claim_ids"": [""sq_1:claim_1""], ""excluded_evidence_ids"": [""circuit:21:instance:U1700"", ""document:034c767118e5df31"", ""document:0a2d86c848720c0c"", ""document:18855329310af467"", ""document:29cc1a9be32b6d7f"", ""document:2f8baf0f2ad1d779"", ""document:58106bd2421dc2d1"", ""document:6e0ca2ef8619677e"", ""document:7970eec1b28a0159"", ""document:9d920781cf0beed8"", ""document:a47f93f7ac4e825a"", ""document:a6f318d1053a4c7e"", ""document:a9dbe84be21b7e75"", ""document:e009271cdfd15786"", ""document:ea7b2234534382bf"", ""document:f5d436fe49a38172""]}",0.7316583146599016,0.49972200899360353,0.6666666666666666,not_applicable,0.3333333333,1.0,0.0,0.6666666666666666,not_applicable
hw-v1-conflict-mcu-paraphrase,success,网表写 TC367、接口文档写 TC377，这两个说法怎么处理？,必须保留来源差异：EDF 的 U900 型号是 SAK-TC367DP-64F300S，而 HSI 章节名是 TC377 最小系统；现有证据不足以把二者无条件视为同一准确型号。,"**结论：网表中存在以“TC367”命名的网络节点，接口文档中描述的是TC377（具体型号为SAK-TC377TP-96F300S AA），但两者关系未经证实，且存在证据缺口。**

以下是支撑该结论的详细分析，按子问题组织：

### 1. 网表中“TC367”出现的位置
- **结论**：网表中“TC367”出现在多个JTAG和复位信号的网络名称中，如 `TC367_JTAG_TCK/DAP0`、`TC367_JTAG_TDI`、`TC367_JTAG_TDO/DAP2`、`TC367_JTAG_TMS/DAP1`、`TC367_JTAG_TRST` 和 `TC367_RESET_N`。
- **证据来源**：电路设计文件 `825504380_ADAS_SCH_TCN2.EDF`（证据[1]至[6]）中明确记录了这些网络，并连接到 `X2000`、`U900B` 等器件。

### 2. 接口文档中“TC377”出现的位置
- **结论**：接口文档中明确使用了“TC377”及其完整型号“SAK-TC377TP-96F300S AA”来描述主控芯片（MCU）。
- **证据来源**：在 `600608964_ADAS_HSI_0506_1952_shoulin.wang.docx` 文档中：
    - **表3.2 系统功能矩阵**（证据[8]）中，模块F01的描述为“SAK-TC377TP-96F300S AA”。
    - **模块功能描述**（证据[15]）中，明确说明“32位MCU芯片TC377最小系统模块有SAK-TC377TP-96F300S AA主控芯片...”。
    - **其他部分**（证据[10]、[14]）多次提及“TC377最小系统”。

### 3. “TC367”与“TC377”的关系
- **结论**：现有证据中，**没有直接证据**表明网表中的“TC367”与接口文档中的“TC377”是兼容替换关系、版本迭代或明确别名。两者在各自文档中独立出现，但均指向同一个电路设计中的主控芯片模块（如网表中的 `X2000` 和接口文档中的 `F01/MCU`）。
- **证据来源**：所有证据均未同时提及这两个型号，也未提供任何关于两者关系的说明。例如，连接至 `TC367_RESET_N` 网络的 `U900B` 器件（证据[6]），与接口文档中描述的MCU模块（证据[15]）在功能上可能对应，但缺乏型号关联的直接证明。

### 缺失信息
- **关键缺口**：接口文档中**未直接出现“TC377”这一简写字符串**，而是以完整型号“SAK-TC377TP-96F300S AA”出现。此外，**没有任何文档**解释网表为何使用“TC367”命名网络，而接口文档使用“TC377”描述器件。因此，两者之间的关系完全未知，可能是设计阶段的命名差异，也可能是不同型号的器件，但无法确认。","**结论：网表中存在以“TC367”命名的网络节点，接口文档中描述的是TC377（具体型号为SAK-TC377TP-96F300S AA），但两者关系未经证实，且存在证据缺口。**

以下是支撑该结论的详细分析，按子问题组织：

### 1. 网表中“TC367”出现的位置
- **结论**：网表中“TC367”出现在多个JTAG和复位信号的网络名称中，如 `TC367_JTAG_TCK/DAP0`、`TC367_JTAG_TDI`、`TC367_JTAG_TDO/DAP2`、`TC367_JTAG_TMS/DAP1`、`TC367_JTAG_TRST` 和 `TC367_RESET_N`。
- **证据来源**：电路设计文件 `825504380_ADAS_SCH_TCN2.EDF`（证据[1]至[6]）中明确记录了这些网络，并连接到 `X2000`、`U900B` 等器件。

### 2. 接口文档中“TC377”出现的位置
- **结论**：接口文档中明确使用了“TC377”及其完整型号“SAK-TC377TP-96F300S AA”来描述主控芯片（MCU）。
- **证据来源**：在 `600608964_ADAS_HSI_0506_1952_shoulin.wang.docx` 文档中：
    - **表3.2 系统功能矩阵**（证据[8]）中，模块F01的描述为“SAK-TC377TP-96F300S AA”。
    - **模块功能描述**（证据[15]）中，明确说明“32位MCU芯片TC377最小系统模块有SAK-TC377TP-96F300S AA主控芯片...”。
    - **其他部分**（证据[10]、[14]）多次提及“TC377最小系统”。

### 3. “TC367”与“TC377”的关系
- **结论**：现有证据中，**没有直接证据**表明网表中的“TC367”与接口文档中的“TC377”是兼容替换关系、版本迭代或明确别名。两者在各自文档中独立出现，但均指向同一个电路设计中的主控芯片模块（如网表中的 `X2000` 和接口文档中的 `F01/MCU`）。
- **证据来源**：所有证据均未同时提及这两个型号，也未提供任何关于两者关系的说明。例如，连接至 `TC367_RESET_N` 网络的 `U900B` 器件（证据[6]），与接口文档中描述的MCU模块（证据[15]）在功能上可能对应，但缺乏型号关联的直接证明。

### 缺失信息
- **关键缺口**：接口文档中**未直接出现“TC377”这一简写字符串**，而是以完整型号“SAK-TC377TP-96F300S AA”出现。此外，**没有任何文档**解释网表为何使用“TC367”命名网络，而接口文档使用“TC377”描述器件。因此，两者之间的关系完全未知，可能是设计阶段的命名差异，也可能是不同型号的器件，但无法确认。","[""Net TC367_JTAG_TCK/DAP0 connects DP904.&1, R917.&1, X2000.&23."", ""Net TC367_JTAG_TDI connects DP901.&1, R912.&1, X2000.&15."", ""Net TC367_JTAG_TDO/DAP2 connects DP902.&1, R914.&1, X2000.&19."", ""Net TC367_JTAG_TMS/DAP1 connects DP903.&1, R916.&1, X2000.&17."", ""Net TC367_JTAG_TRST connects DP905.&1, R918.&1, X2000.&21."", ""Net TC367_RESET_N connects C900.&1, R1704.&2, R900.&2, R901.&2, U1700.WD_RESET, U900B.PORST, X2000.&27."", ""Instance U900A: SAK-TC367DP-64F300S AAA, 20210903003, SAK-TC367DP-64F300S AA, bga80p20x20_1700x1700x170-292."", ""Instance U900B: SAK-TC367DP-64F300S AAB, 20210903003, SAK-TC367DP-64F300S AA, bga80p20x20_1700x1700x170-292."", ""\nNone：序号; None：填写说明 ——模板使用说明Template instructions\nNone：1; None：黑色斜体文字为参考样例，形成具体工作产品时可删除黑色斜体部分 ——模板使用说明Template instructions\nNone：2; None：当不涉及到功能安全、ASPICE、网络安全等特殊体系要求时，模板正文相关内容可进行裁剪 ——模板使用说明Template instructions\nNone：3; None：模板变更历史页只有过程定义人可以修改，模板使用人不可对该页进行修改，模板变更历史页不可删除！ ——模板使用说明Template instructions\nNone：4; None：使用模板时需参考此填写说明页要求，保证填写内容和填写准则的一致性 ——模板使用说明Template instructions\nNone：注：使用本模板时请先阅读填写说明页、形成工作产品时本页不可删除 ——模板使用说明Template instructions\nNone：成品ERP编码_BBB_软硬件接口\nProduct ERP Number_BBB_\nHardware Software Interface ——封面Cover\nNone：文件状态Document Status： ——封面Cover\nNone：   [    ] 草稿Draft ——封面Cover\nNone：   [    ] 正式发布Official Release ——封面Cover\nNone：   [    ] 正在修改Under revision ——封面Cover\nNone：文件起草分工Division of work in document drafting： ——封面Cover\nNone：1; None：AAA填写XXXXXX内容（AAA代表姓名） ——封面Cover\nNone：2; None：BBB填写XXXXXX内容（BBB代表姓名） ——封面Cover\nNone：3; None：CCC填写XXXXXX内容（CCC代表姓名） ——封面Cover\nNone：变更历史\nChange History ——封面Cover\nNone：版本Version; None：更改内容描述\nChange content description; None：更改人\nChanged by; None：更改日期\nChange Date; None：备注\nNote ——封面Cover"", ""<table><tr><td>模块序号\nModule number</td><td>模块名称\nModule name</td><td>功能定义\nFunction definition.</td><td>功能安全需求\nFunctional safety requirements</td></tr><tr><td>F01</td><td>MCU</td><td>SAK-TC377TP-96F300S AA</td><td>B(B)</td></tr><tr><td>F02</td><td>EYEQ6-L</td><td>EYEQ6-L，用于sensor的视频处理</td><td>B</td></tr><tr><td>F03</td><td>EYEQ6_LPDDR4</td><td>EQ6的1GB LPDDR4</td><td>B</td></tr><tr><td>F04</td><td>EYEQ6_NAND FLASH</td><td>EQ6的2Gb NAND FLASH</td><td>B</td></tr><tr><td>F05</td><td>CAM SENSOR</td><td>Sony 728摄像头模组</td><td>B</td></tr><tr><td>F06</td><td>KL30 sample</td><td>KL30电压采样</td><td>QM</td></tr><tr><td>F07</td><td>KL15 sample</td><td>KL15电压采样</td><td>QM</td></tr><tr><td>F08</td><td>EQ system power sample1</td><td>EQ6L系统供电电源电压ADC采样滤波、分压电路</td><td>B(B)</td></tr><tr><td>F09</td><td>ETH and CAN power sample2</td><td>CAN和ETH电源电压ADC采样滤波、分压电路</td><td>QM</td></tr><tr><td>F10</td><td>NTC temp sensor</td><td>NTC温度传感器，监控EQ6L/LPDDR4周边环境温度。</td><td>B</td></tr><tr><td>F11</td><td>KL30 EMI</td><td>KL30供电口EMI滤波电路.</td><td>B</td></tr><tr><td>F12</td><td>POWER</td><td>LN10046，KL30电源转VCC3V3电源</td><td>B</td></tr><tr><td>F13</td><td>POWER</td><td>LP87702，VCC3V3电压输入，VCC1V1、VCC1V8、VCC50电压输出</td><td>QM(B)</td></tr><tr><td>F14</td><td>POWER</td><td>TPS62872，VCC3V3电压输入，VCC0V75电压输出</td><td>QM(B)</td></tr><tr><td>F15</td><td>POWER</td><td>SA23002，VCC3V3输入，VCC0V75电压输出</td><td>QM(B)</td></tr><tr><td>F16</td><td>POWER</td><td>TPS22918负载开关，VCC3V3电压输入，VCC3V3_EQ输出</td><td>QM(B)</td></tr><tr><td>F17</td><td>POWER</td><td>TPS22918负载开关，VCC3V3输入，VCC3V3_ETH输出</td><td>QM</td></tr><tr><td>F18</td><td>overvoltage protect</td><td>用于MCU电源VCC3V3_MCU的外部过压保护</td><td>B</td></tr><tr><td>F19</td><td>POWER</td><td>TPS22918 负载开关，VCC1V8电压输入，VCC1V8_EQ电压输出</td><td>QM(B)</td></tr><tr><td>F20</td><td>CAN3</td><td>基于TCAN1145的CAN通讯，硬件支持特定报文唤醒</td><td>QM</td></tr><tr><td>F21</td><td>CAN2</td><td>基于TCAN1044A的CAN通讯.</td><td>QM</td></tr><tr><td>F22</td><td>CAN1</td><td>基于TCAN1044A的CAN通讯</td><td>QM</td></tr><tr><td>F23</td><td>CAN0</td><td>基于TCAN1044A的CAN通讯.</td><td>QM</td></tr><tr><td>F24</td><td>ETH</td><td>基于DP83TC812R的100BASE-T1通讯</td><td>QM</td></tr><tr><td>F25</td><td>Wake up</td><td>唤醒源和一级电源使能电路设计</td><td>QM</td></tr><tr><td>F26</td><td>watchdog</td><td>LP87702的看门狗功能，用于监控MCU运行状态</td><td>B</td></tr><tr><td>F27</td><td>POWER</td><td>VCC3V3_MCU转VCC1V25_MCU电压，由MCU的EVRC进行控制。</td><td>B</td></tr><tr><td>F28</td><td>level translation</td><td>3V3和1V8双向电压转换芯片</td><td>QM</td></tr></table>"", ""\nMCU Component ：F01/MCU; None：NA; None：P11; None：VSS52; None：VSS52; None：GND; None：GND; None：/; None：/; None：/; None：/; None：—; SW Variable Name or SW Function Name：— ——Port1\nMCU Component ：F01/MCU; None：NA; None：K7; None：VSS53; None：VSS53; None：GND; None：GND; None：/; None：/; None：/; None：/; None：—; SW Variable Name or SW Function Name：— ——Port1\nMCU Component ：F01/MCU; None：NA; None：L7; None：VSS54; None：VSS54; None：GND; None：GND; None：/; None：/; None：/; None：/; None：—; SW Variable Name or SW Function Name：— ——Port1\nMCU Component ：F01/MCU; None：NA; None：L20; None：VSS55; None：VSS55; None：GND; None：GND; None：/; None：/; None：/; None：/; None：—; SW Variable Name or SW Function Name：— ——Port1\nASIL：QM; Wake up Source：Y; I/O Direction：I; Active State：High Level ——定义页Defination page\nASIL：A; Wake up Source：N; I/O Direction：O; Active State：Low Level ——定义页Defination page\nASIL：B; Active State：NA ——定义页Defination page\nASIL：C; Active State：Rising edge ——定义页Defination page\nASIL：D; Active State：Falling edge ——定义页Defination page\n模板变更历史Template Change History：变更记录 Change Record ——模板变更历史Template change history\n模板变更历史Template Change History：序号\nNO.; None：变更单号\nChange order No; None：变更原因\nRevision Note; None：变更内容\nUpdate information; None：版本\nVersion; None：日期\nDate; None：更改人\nRevised by ; None：审核人\nApprover ——模板变更历史Template change history"", ""唤醒电路 Wake Up circuit电源电路 power circuitKL30 EMI电路 KL30 EMI circuitKL30 转VCC3V3 KL30 to VCC3V3VCC3V3_MCU转VCC1V25_MCU  VCC3V3_MCU to VCC1V25_MCUVCC3V3转VCC0V75  VCC3V3 to VCC0V75VCC3V3转0V75_MIPI_DDR  VCC3V3 to 0V75_MIPI_DDRVCC3V3转VCC1V8、VCC1V1、VCC50   VCC3V3 to VCC1V8、VCC1V1、VCC50VCC3V3转VCC3V3_EQ  VCC3V3 to VCC3V3_EQVCC3V3转VCC3V3_ETH  VCC3V3 to VCC3V3_ETHVCC1V8转VCC1V8_EQ  VCC1V8 to VCC1V8_EQTC377最小系统 TC377 minimum systemEQ6最小系统 EQ6 minimum system摄像头最小系统 camera minimum system看门狗电路 Watchdog circuit温度采样电路 Temp Sample circuit系统内电源电压采样电源 The power System Voltage Sampling circuitETH电路 ETH circuitCAN/CAN FD电路 CAN/CAN FD circuit3V3过压保护电路 3V3 overvoltage protection circuit硬件运行模式 Hardware Operation Mode主要用于描述当前ADAS硬件不同的运行模式（例如上电模式，下电模式，Sleep模式，运行模式等）。描述各个运行模式下的硬件模块功能，以及模式之间的切换条件。Describe the different operating mode of ADAS Hardware (e.g. power on mode, power off mode, Sleep mode，normal mode). Define the HW component functions in each operating mode, describe the transition condition between different modes.硬件运行模式 Hardware Operation Mode系统功能矩阵描述系统不同模式下各功能模块运行状态。The system function matrix describes the operation status of each function module in different modes of the system."", ""<table><tr><td>序号</td><td>模块序号</td><td>模块名称</td><td>功能定义</td><td>功能安全需求</td></tr><tr><td>1</td><td>F013</td><td>POWER</td><td>LP87702，VCC3V3电压输入，VCC1V1、VCC1V8、VCC50电压输出</td><td>QM(B)</td></tr><tr><td>1</td><td>F01</td><td>MCU</td><td>SAK-TC377TP-96F300S AA</td><td>B(B)</td></tr><tr><td>1</td><td>F08</td><td>EQ system power sample1</td><td>EQ6L系统供电电源电压ADC采样滤波、分压电路</td><td>B(B)</td></tr><tr><td>2</td><td>F14</td><td>POWER</td><td>TPS62872，VCC3V3电压输入，VCC0V75电压输出，EQ6L核电供电</td><td>QM(B)</td></tr><tr><td>2</td><td>F01</td><td>MCU</td><td>SAK-TC377TP-96F300S AA</td><td>B(B)</td></tr><tr><td>2</td><td>F08</td><td>EQ system power sample</td><td>EQ6L系统供电电源电压ADC采样滤波、分压电路</td><td>B(B)</td></tr><tr><td>3</td><td>F15</td><td>POWER</td><td>SA23002，VCC3V3输入，0V75_MIPI_DDR电压输出</td><td>QM(B)</td></tr><tr><td>3</td><td>F01</td><td>MCU</td><td>SAK-TC377TP-96F300S AA</td><td>B(B)</td></tr><tr><td>3</td><td>F08</td><td>EQ system power sample</td><td>EQ6L系统供电电源电压ADC采样滤波、分压电路</td><td>B(B)</td></tr><tr><td>4</td><td>F16</td><td>POWER</td><td>TPS22918负载开关，VCC3V3电压输入，VCC3V3_EQ输出</td><td>QM(B)</td></tr><tr><td>4</td><td>F01</td><td>MCU</td><td>SAK-TC377TP-96F300S AA</td><td>B(B)</td></tr><tr><td>4</td><td>F08</td><td>EQ system power sample</td><td>EQ6L系统供电电源电压ADC采样滤波、分压电路</td><td>B(B)</td></tr></table>"", ""\n模板变更历史Template Change History：1; None：NA; None：首次发布; None：首次发布; None：01; None：2021-08-26 00:00:00; None：宫明玉; None：王会苹 ——模板变更历史Template change history\n模板变更历史Template Change History：2; None：HR-CIMA-CI-DCR_202210002; None：模板优化调整; None：1. 添加填写说明页与定义页\n2. 封面内容修订，字体字号、底色布局等格式优化; None：02; None：2023-06-10 00:00:00; None：宫明玉; None：王会苹 ——模板变更历史Template change history\n模板变更历史Template Change History：3; None：HR-CIMA-CI-TCR_202312002; None：模板中需增加复用说明; None：增加HSI复用说明列; None：03; None：2023-10-10 00:00:00; None：宫明玉; None：王会苹 ——模板变更历史Template change history\n模板变更历史Template Change History：4; None：HR-CIMA-CI-TCR_202401001; None：功能安全相关模板修订和其他模板修订; None：新增“软件需使能低压复位功能，低压阈值与硬件工程师沟通确认”要求; None：04; None：2024-01-24 00:00:00; None：宫明玉; None：王会苹 ——模板变更历史Template change history\n模板变更历史Template Change History：5; None：HR-CIMA-CI-TCR_202409001; None：一个硬件的接口可能会对应多个软件功能; None：1.增加基于系统开发的角度写的HIS example4\n2.更新HSI模板; None：05; None：2024-09-10 00:00:00; None：宫明玉; None：师明 ——模板变更历史Template change history"", ""\nSheet名称：0_Instruction Manual; 内容摘要：使用说明; 项目适配说明：nan ——0_Instruction Manual\nSheet名称：1_Face; 内容摘要：文档封面页; 项目适配说明：需要根据实际项目更新编号，\n明确并修改xxx的型号 ——0_Instruction Manual\nSheet名称：2_Sign; 内容摘要：本文档的当前状态、编制、审核和批准人员的信息; 项目适配说明：需要根据具体项目，更新文档\n的当前状态，编制、审核和批准人员的信息等 ——0_Instruction Manual\nSheet名称：3_Overview; 内容摘要：说明本文档的目的，适用对象和应用范围; 项目适配说明：无须确认和更新，仅用于了解 ——0_Instruction Manual\nSheet名称：4_Change History1; 内容摘要：本文档模板的变更履历; 项目适配说明：填写本文档模板的变更内容 ——0_Instruction Manual\nSheet名称：5_Change History2; 内容摘要：结合实际项目，安全机制的变更履历; 项目适配说明：填写本文档安全机制的变更内容 ——0_Instruction Manual\nSheet名称：6_Reference Document; 内容摘要：导出安全机制的参考文档; 项目适配说明：根据实际项目，需参考最新的\n数据手册和安全手册 ——0_Instruction Manual\nSheet名称：7_Definition&Arch; 内容摘要：xxx系列产品的定义及架构; 项目适配说明：需要需求开发人员在开发需求之前了解xxx系列产品的定义及架构 ——0_Instruction Manual\nSheet名称：8_SG&FSR; 内容摘要：xxx系列产品的假设\n安全目标和FSR; 项目适配说明：需要需求开发人员在开发需求\n前了解xxx系列产品的安全目标和FSR ——0_Instruction Manual"", ""表3.2 系统功能矩阵表运行模式定义 Definition of Operation Mode系统运行模式描述系统硬件启动流程，硬件初始化到软件接管控制的流程介绍。主要包括上电运行流程、下电流程。System operation mode describes the system hardware start-up process, hardware initialization to software take over control process. It mainly includes power on operation process and power off process.上电运行流程如下：下电流程如下：备注：MCU检测到唤醒无效后，停止对EQ6、CAN等系统供电，并执行MCU的数据保存。EQ6系统的六路电源需要按照EQ6的要求时序就行上下电控制。运行模式转换条件 Transition Condition of Operation ModeKL30电源管理电路 KL30 supply management circuit唤醒电路 Wake Up circuit电源电路 Power CircuitKL30 EMI电路 KL30 EMI circuitKL30转VCC3V3 KL30 to VCC3V3VCC3V3_MCU转VCC1V25_MCU  VCC3V3_MCU to VCC1V25_MCUVCC3V3转VCC0V75  VCC3V3 to VCC0V75VCC3V3转0V75_MIPI_DDR VCC3V3 to 0V75_MIPI_DDRVCC3V3转VCC1V8、VCC1V1、VCC50   VCC3V3 to VCC1V8、VCC1V1、VCC50VCC3V3转VCC3V3_EQ  VCC3V3 to VCC3V3_EQVCC3V3转VCC3V3_ETH  VCC3V3 to VCC3V3_ETHVCC1V8转VCC1V8_EQ  VCC1V8 to VCC1V8_EQTC377最小系统 TC377 minimum systemEQ6最小系统 EQ6 minimum system摄像头最小系统 camera minimum system看门狗电路 Watchdog circuit温度采样电路 Temp Sample circuitETH电路 ETH circuitCAN FD电路 CAN FD circuit"", ""<table><tr><td>HM ID</td><td>F01</td></tr><tr><td>模块功能 \nModule Function</td><td>32位MCU芯片TC377最小系统模块有SAK-TC377TP-96F300S AA主控芯片和晶体、硬件配置组成，实现SAK-TC377TP-96F300S AA最小硬件系统工作单元，功能安全等级最高可达到ASIL-D，满足应用要求。\n32-bit MCU chip TC377 minimum system module has SAK-TC377TP-96F300S AA main control chip and crystal, hardware configuration, to achieve SAK-TC377TP-96F300S AA minimum hardware system work unit, functional safety level up to ASIL-D, meet the application requirements. </td></tr><tr><td>模块框图\nModule diagram</td><td></td></tr><tr><td>模块方案\nModule solution</td><td>处理器\n根据ADAS产品需求，综合评估选型为32位MCU芯片SAK-TC377TP-96F300S AA， MCU接口资源丰富，功能安全等级最高可达到ASIL-D，满足应用要求。\nProcessor \nAccording to ADAS product requirements, 32-bit MCU chip SAK-TC377TP-96F300S AA is selected through comprehensive evaluation, which has rich MCU interface resources and the highest functional safety level can reach ASIL-D to meet application requirements\n时钟设计\n硬件选型20MHz晶振给MCU提供时钟输入，由其内部PLL等电路完成倍频、分频，供其内核和各模块使用。\nClock design\nHardware selection of clock design 20MHz crystal oscillator provides clock input to MCU, and its internal PLL and other circuits complete frequency doubling and frequency division for its kernel and each module.\n复位及watchdog\n系统复位及看门狗芯片采用LP87702内部看门狗，喂狗方式为窗口喂狗，当喂狗窗口无有效喂狗次数超过OTP配置时，将触发整个系统复位。\na)\t上电时，看门狗芯片对MCU启动过程进行监控，同时对MCU的电源VCC3V3电压进行低压监控，异常时主动复位MCU。\nb)\t运行过程中由看门狗监控MCU运行状态，当MCU程序跑飞时看门狗超时触发复位信号主动复位MCU。\nReset and watchdog\nThe system reset and watchdog chip adopts LP87702 internal watchdog, and the feeding method is window feeding. When the number of effective dog feeding in the feeding window exceeds the OTP configuration, the whole system reset will be triggered. \n When powering on, the watchdog chip monitors the start-up process of MCU, and at the same time, it monitors the low voltage voltage of MCU's power supply VCC3V3, and actively resets MCU when abnormal. \n MCU running status is monitored by watchdog during operation. When MCU program runs, watchdog timeout triggers reset signal and actively reset MCU.\n电源需求\nMCU需要1路VCC3V3_MCU（精度：3.3V±10%）和1路VCC1V25_MCU（精度：1.2-1.35V）供电。\n4. Power demand\nThe MCU needs 1 channel VCC3V3_MCU (accuracy: 3.3V±10%) and 1 channel VCC1V25_MCU (accuracy: 1.2-1.35V) power supply.</td></tr></table>"", ""\nSheet名称：9_SA; 内容摘要：xxx系列产品系统层级假设; 项目适配说明：需要需求开发人员确认本sheet的\nD列是否被满足，并填写确认结果 ——0_Instruction Manual\nSheet名称：10_Recognition Unit; 内容摘要：xxx的硬件组件图; 项目适配说明：需要根据实际的项目需要，\n确认硬件架构图 ——0_Instruction Manual\nSheet名称：11_xxxxxB(D)_HWFMEA; 内容摘要：xxx的硬件FMEA; 项目适配说明：须要需求开发人员结合项目的硬件原理图和安全需求，完善FMEA内容，以判断xxx中的硬件组件在本项目中是否安全相关，并与TSR建立追溯关系 ——0_Instruction Manual\nSheet名称：12_xxxxxB(D)_SIR; 内容摘要：xxx的安全机制及分配给\n软硬件的需求; 项目适配说明：基于FMEA结果，在确认需求后，需要结合客户释放的安全需求和\""Registers Bit Description_13\""sheet页check需求，并明确本sheet中红色字体部分的内容 ——0_Instruction Manual\nSheet名称：13_Registers Bit Description; 内容摘要：需求确认中所需的相关寄存器信息汇总列表; 项目适配说明：需要需求开发人员在确认需求时\n了解相关寄存器 ——0_Instruction Manual\nSheet名称：14_xxxxxB(D)_DTCAndDID Table; 内容摘要：不同故障的DTC和DID; 项目适配说明：对于每一种故障，需要明确DTC和DID为多少 ——0_Instruction Manual\nUnnamed: 0：nan; Unnamed: 1：nan; Unnamed: 2：nan; 文件编号：：ID: ; APXXXXXX_XXX_FS_SM_XXX：APXXXXXX_XXX_FS_SM_XXX ——1_Face"", ""ADC电压采集阈值 The ADC voltage acquisition thresholdWCCA计算结果如下，软件应按照如下过欠压阈值设置：The WCCA calculation results are as follows. The software should be set according to the following overvoltage and undervoltage thresholds:EQ6L上下电时序要求 EQ6L Power-on and power-off sequence requirements共享和独占的硬件资源 Shared and Exclusive Hardware ResourceECU-MCU信号对应关系 ECU-MCU Signal MappingMCU时钟配置 MCU Clock Configuration存储器配置 Memeory ConfigurationTable 4-5Memory Configuration其他芯片配置 Other IC Configuration其他芯片的通讯机制 Communication Mechanism with Other ICLP87702配置 LP87702 ConfigurationLP87702运行期间需要MCU通过I2C配置的寄存器如下所示：Table 5-2 LP87702 ConfigurationTPS62872配置 TPS62872 ConfigurationTPS62872运行期间需要MCU通过I2C配置的寄存器如下所示：Table 5-3 TPS62872 Configuration安全机制 Safety MechanismsSystem levelHW level硬件安全分析无新增安全机制IC level模板变更历史Template Change History填写说明Filling instructions：变更单号YYYYMM00X为记录顺序号，如：202203002，表示的是2022年03月的第二份此类文档。首次发布不分配变更单号，变更单号处填NA。The change order number YYYYMM00X is the record sequence number, such as 202203002, which represents the second such document in March 2022. No change order number will be allocated for the first release, and Na will be filled in the change order number.变更原因填写以客户审核需要变更为例：由于XX客户在客户审核时发现XX问题，需要调整模板。Fill in the revision note. Take the need for change in customer audit as an example: because XX customer found XX problem during customer audit, the template needs to be adjusted.变更内容填写以客户审核发现问题需要更改为例：由于XX客户在客户审核时发现XX问题，特增加XXX的变更内容。"", ""3.3.5 EQ6最小系统 EQ6 minimum system\t553.3.6 摄像头最小系统 camera minimum system\t593.3.7 看门狗电路 Watchdog circuit\t613.3.8 温度采样电路 Temp Sample circuit\t623.3.9 ETH电路 ETH circuit\t633.3.10 CAN FD电路 CAN FD circuit\t654\tADC电压采集阈值 The ADC voltage acquisition threshold\t685\tEQ6L上下电时序要求 EQ6L Power-on and power-off sequence requirements\t686\t共享和独占的硬件资源 Shared and Exclusive Hardware Resource\t696.1 ECU-MCU信号对应关系 ECU-MCU Signal Mapping\t696.2 MCU时钟配置 MCU Clock Configuration\t706.3 存储器配置 Memeory Configuration\t717\t其他芯片配置 Other IC Configuration\t717.1 其他芯片的通讯机制 Communication Mechanism with Other IC\t717.2 LP87702配置 LP87702 Configuration\t727.3 TPS62872配置 TPS62872 Configuration\t728\t安全机制 Safety Mechanisms\t736.1 System level\t736.2 HW level\t736.3 IC level\t73概述 Introduction目的 Purpose软硬接口文档的目的是描述软件和硬件的交互，并且确保软件硬件和TSR的一致性。The goal of the hardware software interface document is to specify the hardware and software interaction and be consistent with the technical safety concept.适用范围 Range of Application此文档适用于奇瑞EQ6L T1G ADAS项目的功能安全开发全过程。This document is applied for the whole functional safety development process of  EQ6L T1G ADAS project.读者对象 TReader项目经理Project Manager项目组成员Project Team Members功能安全经理Functional Safety Manager功能安全工程师Functional Safety System Engineer硬件工程师 Hardware Engineer软件工程师 Software Engineer质量和审查人员QA and Assessor产品测试人员Product Test Engineer"", ""\nECU Connector：X1900-15\nX1900-16; None：CAN3L\nCAN3H; None：CAN Communction; HW Interface Component ：QM; None：F20/CAN3; None：CAN3外挂TCAN1044A收发器，支持速率为：\nCAN：500Kbps\nCANFD：2/5/8Mbps\n支持兼容TCAN1145/TJA1043; MCU Component ：F01/ MCU; None：QM; None：Y18; None：P32.2; None：P32.2/GTM_TIM1_IN3_8/GTM_TIM0_IN3_8/CAN03_RXDB/GTM_TOUT38/PMS_DCDCSYNCO; None：CAN03_RXDB; None：MCU_CAN3_RXD_P32.2; None：/; None：I; None：CAN3信号输入; None：HI-Z,硬件外部上拉; None：—; SW Variable Name or SW Function Name：— ——Port1\nMCU Component ：F01/ MCU; None：QM; None：Y19; None：P32.3; None：P32.3/GTM_TIM1_IN4_5/GTM_TIM0_IN4_5/GTM_TOUT39/CAN03_TXD; None：CAN03_TXD; None：MCU_CAN3_TXD_P32.3; None：O; None：CAN3信号输出; None：HI-Z，TCAN1044A有内置硬件上拉; None：—; SW Variable Name or SW Function Name：— ——Port1\nMCU Component ：F01/MCU; None：QM; None：K4; None：P00.8; None：P00.8/GTM_TIM3_IN7_1/GTM_TIM3_IN3_11/GTM_TIM2_IN7_1/GTM_TOUT17/QSPI3_SLSO6/EVADC_G9CH4; None：GPIO/QSPI3_SLSO6; None：CAN3_STB_MCU_SPI3_CS6_P00.5; None：/; None：O; None：当贴TCAN1044A时：CAN3待机控制信号：\n高：进入STANDBY模式\n低：退出STANDBY模式\n当贴TCAN1145时：CAN3 SPI3片选信号：\n高：释放设备\n低：选中设备; None：HI-Z; None：—; SW Variable Name or SW Function Name：— ——Port1"", ""\nECU Connector：X1900-3\nX1900-2; None：CAN0L\nCAN0H; None：CAN Communction; HW Interface Component ：QM; None：F23/CAN0 ; None：CAN0外挂TCAN1145收发器，支持CAN特定帧报文唤醒，支持速率：\nCAN：500Kbps\nCANFD：2/5Mbps\n支持兼容TCAN1044A/TJA1043; MCU Component ：F01/ MCU; None：QM; None：B12; None：P13.0; None：P13.0/GTM_TIM3_IN5_3/GTM_TIM2_IN5_3/GTM_TOUT91/QSPI2_SCLKN/MSC0_EN1/MSC0_FCLN/CAN10_TXD; None：CAN10_TXD; None：MCU_CAN0_TXD_P13.0; None：/; None：O; None：CAN0信号输出; None：HI-Z，TCAN1145有内置硬件上拉; None：—; SW Variable Name or SW Function Name：— ——Port1\nMCU Component ：F01/ MCU; None：QM; None：A12; None：P13.1; None：P13.1/GTM_TIM3_IN6_3/GTM_TIM2_IN6_3/I2C0_SCLB/CAN10_RXDD/GTM_TOUT92/QSPI2_SCLKP/MSC0_FCLP/I2C0_SCL; None：CAN10_RXDD; None：MCU_CAN0_RXD_P13.1; None：/; None：I; None：CAN0信号输入; None：HI-Z，硬件外部上拉; None：—; SW Variable Name or SW Function Name：— ——Port1\nMCU Component ：F01/ MCU; None：QM; None：E1; None：P02.6; None：P02.6/GTM_TIM3_IN0_10/QSPI3_MTSRA/GTM_TOUT6/QSPI3_MTSR/PSI5_TX1; None：QSPI3_MTSR; None：MCU_SPI3_MTSR_P02.6; None：/; None：O; None：SPI3总线的主发从收信号; None：HI-Z，硬件外部上拉; None：—; SW Variable Name or SW Function Name：— ——Port1"", ""<table><caption> Device Information</caption>\n<tr><td colspan=3 rowspan=3 >Part Number Current Rating Package TPS62870-Q1 6A TPS62871-Q1 9A RXS (VQFN-FCRLF, TPS62872-Q1 12 A 16) TPS62873-Q1 15 A</td></tr>\n\n</table>"", ""<table><caption> Table9-5.DefaultOutputVoltageSetpoints</caption>\n<tr><td  >VSEL Pin(1)</td><td  >Device Number</td><td  >VSET[7:0]</td><td  >Output Voltage Setpoint</td></tr>\n<tr><td></td><td  >TPS6287x-Q1</td><td  >0x5a</td><td  >850 mV</td></tr>\n<tr><td></td><td  >TPS6287xY0-Q1</td><td  >0x50</td><td  >800 mV</td></tr>\n<tr><td></td><td  >TPS6287xY1-Q1</td><td  >0x14</td><td  >500 mV</td></tr>\n<tr><td></td><td  >TPS6287xY2-Q1</td><td  >0x64</td><td  >1800 mV</td></tr>\n<tr><td  >6.2 kQ to GND</td><td  >TPS6287xY3-Q1</td><td  >0x52</td><td  >810 mV</td></tr>\n<tr><td></td><td  >TPS6287xN0-Q1</td><td  >0x14</td><td  >500 mV</td></tr>\n<tr><td></td><td  >TPS6287xN1-Q1</td><td  >0x50</td><td  >800 mV</td></tr>\n<tr><td></td><td  >TPS6287xN2-Q1</td><td  >0x64</td><td  >1800 mV</td></tr>\n</table>"", ""<table><caption> 8.4 Thermal Information  For more information about traditional and new thermal metrics, see the Semiconductor and IC Package Thermal Metrics application (1) report.</caption>\n<tr><td></td><td></td><td  >TPS6287x</td><td></td><td></td></tr>\n<tr><td></td><td  >THERMAL METRIC(1)</td><td  >RXS (JEDEC)</td><td  >RXS (EVM)</td><td  >UNIT</td></tr>\n<tr><td></td><td></td><td  >16 PINS</td><td  >16 PINS </td><td></td></tr>\n<tr><td  >ReJA</td><td  >Junction-to-ambient thermal resistance</td><td  >43.2</td><td  >28</td><td  >°C/W</td></tr>\n<tr><td  >ReJC(top)</td><td  >Junction-to-case (top) thermal resistance</td><td  >19.2</td><td  >N/A</td><td  >°C/W</td></tr>\n<tr><td  >ReJB</td><td  >Junction-to-board thermal resistance</td><td  >7.7</td><td  >N/A</td><td  >°C/W</td></tr>\n<tr><td  >中JT</td><td  >Junction-to-top characterization parameter</td><td  >0.5</td><td  >1.5</td><td  >°C/W</td></tr>\n<tr><td  >4JB</td><td  >Junction-to-board characterization parameter</td><td  >7.7</td><td  >9.3</td><td  >°C/W</td></tr>\n<tr><td  >ReJC(bot)</td><td  >Junction-to-case (bottom) thermal resistance </td><td  >6.3</td><td  >N/A</td><td  >°C/W</td></tr>\n</table>"", ""<table><caption> Table 6-2. Devices Without I²C Interface (continued) Unless otherwise noted, device variants without I2C operate with the same default settings as device variants with 12C.</caption>\n<tr><td  >DeviceNumber</td><td  >OutputCurrent</td><td  >Start-UpVoltage(2)</td><td  >VSEL Settings</td><td  > Spread Spectrum Clocking</td><td  > Soft-Start Time</td></tr>\n<tr><td  >TPS62870N1QWRXSRQ1</td><td  >6A</td><td  >0.800 V</td><td  >6.2kQ to GND</td><td></td><td></td></tr>\n<tr><td  >TPS62871N1QWRXSRQ1</td><td  >9A</td><td  >0.750V</td><td  >Short to GND</td><td></td><td></td></tr>\n<tr><td  >TPS62872N1QWRXSRQ1</td><td  >12 A</td><td  >0.875V</td><td  >Short to VIN</td><td  >On</td><td></td></tr>\n<tr><td  >TPS62873N1QWRXSRQ1</td><td  >15 A</td><td  >0.840V</td><td  >47 kQ to VIN </td><td></td><td  >1 ms</td></tr>\n<tr><td></td><td></td><td  >1.800 V</td><td  >6.2 kQ to GND</td><td></td><td></td></tr>\n<tr><td  >TPS62872N2QWRXSRQ1</td><td  >12 A</td><td  >1.500 V 1.750 V</td><td  >Short to GND Short to VIN </td><td  >Off</td><td></td></tr>\n<tr><td></td><td></td><td  >3.300 V</td><td  >47kQ to VIN</td><td></td><td></td></tr>\n</table>"", ""D = 0.973.3 = 0.253\n0.75"", ""<table><caption> Table 9-10. Table 6-2. Devices Without I2C Interface</caption>\n<tr><td  > Device Number</td><td  >Output Current</td><td  >Start-Up Voltage(2)</td><td  >VSEL Settings</td><td  > Spread Spectrum Clocking</td><td  > Soft-Start Time</td></tr>\n<tr><td  >TPS62870N0QWRXSRQ1</td><td  >6A</td><td  >0.500 V</td><td  >6.2 kQ to GND</td><td></td><td></td></tr>\n<tr><td  >TPS62871N0QWRXSRQ1</td><td  >9A</td><td  >0.750V</td><td  > Short to GND</td><td  >On</td><td  >0.5 ms</td></tr>\n<tr><td  >TPS62872N0QWRXSRQ1</td><td  >12 A</td><td  >0.875 V</td><td  >Short to VIN </td><td></td><td></td></tr>\n<tr><td  >TPS62873N0QWRXSRQ1</td><td  >15 A</td><td  >1.050 V</td><td  >47 kQ to VIN</td><td></td><td></td></tr>\n</table>"", ""<table><caption> Table 7-1. Pin Functions (continued) I = input, O = output, P = power, GND = ground(1)</caption>\n<tr><td  >Pin</td><td></td><td></td><td></td></tr>\n<tr><td  >Name</td><td  >No.</td><td  >Type(1)</td><td  >Description</td></tr>\n<tr><td></td><td></td><td></td><td  >Internal clock output pin for synchronization in stacked mode. Leave this pin floating for single </td></tr>\n<tr><td></td><td></td><td></td><td  >device operation. Connect this pin to the MODE/SYNC pin of the next device in the daisy-chain in </td></tr>\n<tr><td  >SYNC_OUT</td><td  >14</td><td></td><td  >stacked operation. Do not use this pin to connect to a non-TPS6287x-Q1 device.  During start-up, this pin is used to identify if a device must operate as a secondary converter in</td></tr>\n<tr><td></td><td></td><td></td><td  >stacked operation. Connect a 47-kQ resistor from this pin to GND to define a secondary converter</td></tr>\n<tr><td></td><td></td><td></td><td  > in stacked operation. See Section 9.3.17 for a detailed description.</td></tr>\n<tr><td  >VSEL</td><td  >15</td><td  >一</td><td  > Start-up output voltage select pin. A resistor or short circuit to GND or Vin defines the selected output voltage. See Section 9.3.6.2.</td></tr>\n<tr><td  >FSEL</td><td  >16</td><td  >一</td><td  >Frequency select pin. A resistor or a short circuit to GND or Vin determines the free-running switching frequency. See Section 9.3.6.2.</td></tr>\n<tr><td  >Exposed Thermal Pad</td><td></td><td  >一</td><td  >The thermal pad must be soldered to GND to achieve an appropriate thermal resistance and for mechanical stability.</td></tr>\n</table>"", ""<table><caption> Table 10-4. List of Recommended Output Capacitors See the Third-Party Products Disclaimer.(1) (17) (18) (19) (20) (21)</caption>\n<tr><td  >Capacitance</td><td  > Dimensions mm (Inch)</td><td  >Voltage Rating</td><td  > Manufacturer, Part Number(1)</td></tr>\n<tr><td  >22 μF ±20%</td><td  >2012 (0805)</td><td  >6.3 V</td><td  >TDK, CGA4J1X7T0J226M125AC</td></tr>\n<tr><td  >22 μF ±10%</td><td  >2012 (0805)</td><td  >6.3 V</td><td  >Murata, GCM31CR71A226KE02</td></tr>\n<tr><td  >47 μF ±20%</td><td  >3216 (1206)</td><td  >4V</td><td  >TDK, CGA5L1X7T0G476M160AC</td></tr>\n<tr><td  >47 μF ±20%</td><td  >2012 (1210)</td><td  >6.3 V</td><td  >Murata, GCM32ER70J476ME19</td></tr>\n<tr><td  >100μF ±20%</td><td  >3225 (1210)</td><td  >4V</td><td  >TDK, CGA6P1X7T0G107M250AC</td></tr>\n<tr><td  >100μF ±20%</td><td  >3216 (1210)</td><td  >6.3 V</td><td  >Murata, GRT32EC70J107ME13</td></tr>\n</table>""]","{""original_context_count"": 30, ""original_context_characters"": 25484, ""scored_context_count"": 8, ""scored_context_characters"": 1691, ""contexts_truncated"": true, ""context_selection"": ""claim_coverage"", ""selected_evidence_ids"": [""circuit:21:net:TC367_RESET_N"", ""document:a075d2642b8e135f""], ""selected_claim_ids"": [""sq_1:claim_1"", ""sq_2:claim_1"", ""sq_3:claim_1""], ""excluded_evidence_ids"": [""circuit:21:net:TC367_JTAG_TCK/DAP0"", ""circuit:21:net:TC367_JTAG_TDI"", ""circuit:21:net:TC367_JTAG_TDO/DAP2"", ""circuit:21:net:TC367_JTAG_TMS/DAP1"", ""circuit:21:net:TC367_JTAG_TRST"", ""document:034c767118e5df31"", ""document:29cc1a9be32b6d7f"", ""document:2d268c72a4fc40c1"", ""document:2f8baf0f2ad1d779"", ""document:2fb73f629dc36cc6"", ""document:44c4021cbbe6e903"", ""document:4ad2ea185f61228e"", ""document:50b0651b8a65a165"", ""document:529a142033d8838a"", ""document:52a0a7ad18df0829"", ""document:58106bd2421dc2d1"", ""document:6a3bd411d529c73f"", ""document:7970eec1b28a0159"", ""document:853d7afe418f353c"", ""document:87e0c61422f91bc3"", ""document:a47f93f7ac4e825a"", ""document:c728e1ccd9f1d52e"", ""document:d69d04d302326d46"", ""document:df1cc9e82e10ab38"", ""document:e6627ad70c8cab97"", ""document:e6f714d5b9de7ace""]}",0.6344860584081333,0.0,0.8333333333333334,1.0,0.5694444444254629,1.0,0.5,0.64,not_applicable
hw-v1-joint-pmic-noisy-query,success,忽略无关的摄像头和 CAN 内容，只结合电路与 HSI 说明 LP87702 的供电输出和配置。,LP87702-Q1 是 U1700，输入 VCC3V3，关键输出为 VCC1V1、VCC1V8、VCC50；配置依据 HSI 7.2 节，回答不应混入无关摄像头或 CAN 结论。,"**结论**

LP87702 的供电输出和配置信息如下：

1.  **供电输出（部分证据，存在缺口）**：LP87702 将 VCC3V3 输入转换为三路输出：**VCC1V8**、**VCC1V1**、**VCC50**。证据来源：HSI 文档（[8]、[11]、[12]）。
    *   **缺口**：缺少 LP87702 供电输出引脚（如 BUCK1、BUCK2、LDO）及其在电路原理图中的具体网络连接信息。证据[1] 仅确认了电路设计中存在该器件实例（U1700），未提供引脚级连接细节。

2.  **配置信息**：LP87702 的运行模式和寄存器配置如下：
    *   **运行模式**：支持 SHUTDOWN、READ OTP、STANDBY、ACTIVE 四种模式。其模式切换由 VANA 电压、NRST 引脚电平及特定使能信号（如 MCU_OV75_MIPI_DDR_EN）控制。证据来源：HSI 文档（[2]）。
    *   **寄存器配置**：MCU 需通过 I2C 通信（地址为 0x08）对 LP87702 进行配置。证据来源：HSI 文档（[9]）。
        *   通过 MCU 的 GPIO（P15.3）控制 VCC50 输出的使能/关断。证据来源：HSI 文档（[8]）。
        *   通过 I2C 控制 VCC1V8 和 VCC1V1 输出的使能/关断及输出电压设置。证据来源：HSI 文档（[8]、[11]）。
        *   预留中断信号（MCU_nINT_PMIC_P12.1）用于 MCU 监控 LP87702 工作状态。证据来源：HSI 文档（[9]）。
        *   看门狗喂狗参数（长周期 600ms，窗口 10-30ms，复位低电平持续 10ms）由 LP87702 的 OTP 文件配置，通过 MCU 的 P13.3 引脚喂狗。证据来源：HSI 文档（[15]）。","**结论**

LP87702 的供电输出和配置信息如下：

1.  **供电输出（部分证据，存在缺口）**：LP87702 将 VCC3V3 输入转换为三路输出：**VCC1V8**、**VCC1V1**、**VCC50**。证据来源：HSI 文档（[8]、[11]、[12]）。
    *   **缺口**：缺少 LP87702 供电输出引脚（如 BUCK1、BUCK2、LDO）及其在电路原理图中的具体网络连接信息。证据[1] 仅确认了电路设计中存在该器件实例（U1700），未提供引脚级连接细节。

2.  **配置信息**：LP87702 的运行模式和寄存器配置如下：
    *   **运行模式**：支持 SHUTDOWN、READ OTP、STANDBY、ACTIVE 四种模式。其模式切换由 VANA 电压、NRST 引脚电平及特定使能信号（如 MCU_OV75_MIPI_DDR_EN）控制。证据来源：HSI 文档（[2]）。
    *   **寄存器配置**：MCU 需通过 I2C 通信（地址为 0x08）对 LP87702 进行配置。证据来源：HSI 文档（[9]）。
        *   通过 MCU 的 GPIO（P15.3）控制 VCC50 输出的使能/关断。证据来源：HSI 文档（[8]）。
        *   通过 I2C 控制 VCC1V8 和 VCC1V1 输出的使能/关断及输出电压设置。证据来源：HSI 文档（[8]、[11]）。
        *   预留中断信号（MCU_nINT_PMIC_P12.1）用于 MCU 监控 LP87702 工作状态。证据来源：HSI 文档（[9]）。
        *   看门狗喂狗参数（长周期 600ms，窗口 10-30ms，复位低电平持续 10ms）由 LP87702 的 OTP 文件配置，通过 MCU 的 P13.3 引脚喂狗。证据来源：HSI 文档（[15]）。","[""Instance U1700: LP87702-Q1, 20200424007, LP87702RRHBRQ1, pqfn50p5x5x90-32."", ""<table><tr><td>HM ID</td><td>F13</td></tr><tr><td>运行模式\nOperation Mode</td><td>SHUTDOWN、READ OTP、STANDBY、ACTIVE</td></tr><tr><td>模式定义\nDefinition of Operation mode</td><td>SHUTDOWN\nNRST电压低于阈值。LP87702-Q1器件停止工作。\nREAD OTP\n电源电压VANA高于VANAUVLO电平，并且NRST电压高于阈值电平。电压转换器被禁用，LP87702-Q1的参考电平和偏置电路被启用。OTP配置被加载到寄存器。\nSTANDBY\n电源电压VANA高于VANAUVLO水平，NRST电压高于阈值水平。电压转换器被禁用，LP87702-Q1的参考电平、控制和偏压电路被启用。所有的寄存器都可以被主机处理器通过系统串口读写。电压转换器可以根据需要进行使能输出。\nACTIVE\n电源电压VANA高于VANAUVLO水平，NRST电压高于阈值水平。稳压DC/DC变换器处于使能状态。所有的寄存器都可以被MCU通过系统串口读写。\nSHUTDOWN\nAfter the enable signal MCU_OV75_MIPI_DDR_EN=L, the secondary power stops the 0V75_MIPI_DDR power supply. \nREADY OTP\nThe supply voltage VANA is above the VANAUVLO level, and the NRST voltage is above the threshold level. The voltage converter is disabled and the reference level and bias circuits of the LP87702-Q1 are enabled. The OTP configuration is loaded into the register.\nSTANDBY\nThe supply voltage VANA is above the VANAUVLO level and the NRST voltage is above the threshold level. The voltage converter is disabled and the reference level, control, and bias circuits of the LP87702-Q1 are enabled. All registers can be read and written by the host processor through the system serial port. The voltage converter can perform enabling output as needed.\nACTIVE\nThe supply voltage VANA is above the VANAUVLO level and the NRST voltage is above the threshold level. The regulated DC/DC converter is in the enabled state. All the registers can be read and written by the MCU through the system serial port. </td></tr><tr><td>模式切换接口\nMode switching interface</td><td></td></tr><tr><td>模式状态机\nMode state machine</td><td></td></tr><tr><td>模式切换条件\nMode switching condition</td><td>参考：\n产品系统需求规格说明\n产品系统方案设计说明书\nReference: \nProduct system requirement specification \nProduct system scheme design specification.</td></tr><tr><td>备注\nNote</td><td>1、VANAUVLO阈值电压\n\n2、NRST阈值电压\n</td></tr><tr><td>备注\nNote</td><td></td></tr></table>"", ""<table><tr><td>HM ID</td><td>F20/F21/F22/F23</td></tr><tr><td>运行模式\nOperation Mode</td><td>运行模式、待机模式、Sleep模式、OFF模式、Overtemp模式\nRun mode, standby mode, Sleep mode, OFF mode, Overtemp mode.</td></tr><tr><td>模式定义\nDefinition of Operation mode</td><td>TCAN1044A：\n1、\t运行模式\nSTB设置为低电平使能Normal模式，收发器可以通过总线CANH和CANL发送接收数据。\n2、\t待机模式\nSTB设置为高电平使能Standby模式，收发器将不再发送接收数据。\n1.Run mode\nThe STB is set to low to enable Normal mode, and the transceiver can send and receive data through the bus CANH and CANL. \n2.Standby mode\nThe STB is set to high level enable Standby mode, and the transceiver will no longer send the received data.\nTCAN1145：\n1、Normal模式\n通过SPI3配置寄存器MC=111进入Normal模式，收发器可以通过总线CANH和CANL发送接收数据。\n2、Standby模式\n通过SPI3配置寄存器MC=100，使能Standby模式，收发器将不再发送接收数据，但INH引脚依然有效。\n3、Sleep模式\n   通过SPI3配置寄存器MC=001或者发生欠压事件，CAN收发器进入sleep模式。该模式下INH为高阻态。\n与TJA1145寄存器地址有差别，软件开发需要注意。\n4、Off模式\n当电源电压过低无法为IC供电，收发器进入Off模式，该模式下CAN引脚和INH引脚为高阻态。\n5、Overtemp模式\n当芯片整体温度高于阈值，会进入过温模式，该模式下收发器的发送端和接收端被禁用，INH引脚为高阻态。\nNormal mode\nThe Normal mode is entered through SPI3 configuration register MC=111, and the transceiver can send and receive data through buses CANH and CANL. \nStandby mode\nBy configuring the SPI3 register MC=100 to enable the Standby mode, the transceiver will no longer send the received data, but the INH pin will remain active. \nSleep mode\nThrough SPI3 configuration register MC=001 or an undervoltage event occurs, the CAN transceiver goes into sleep mode. In this mode, INH is in the high impedance state. \nOff mode\nWhen the supply voltage is too low to power the IC, the transceiver enters the Of mode, in which the CAN pin and INH pin are in the high resistance state. \nOvertemp mode\nWhen the overall chip temperature is higher than the threshold, it will enter the over-temperature mode, in which the transmitter and receiver of the transceiver are disabled, and the INH pin is in the high impedance state. </td></tr><tr><td>模式切换接口\nMode switching interface</td><td></td></tr><tr><td>模式状态机\nMode state machine</td><td>TCAN1044A：\n\nTCAN1145：\n\n</td></tr><tr><td>模式切换条件\nMode switching condition</td><td>参考：\n产品系统需求规格说明\n产品系统方案设计说明书\nReference: \nProduct system requirement specification \nProduct system scheme design specification.</td></tr><tr><td>备注\nNote</td><td></td></tr></table>"", ""\nRegister：nan; Symbol：nan; Description：nan; Unnamed: 3：nan; Register.1：nan; Symbol.1：nan; Description.1：111 Closed Window : 50 % / Open Window : 50 % ——13_Registers Bit Description\nRegister：Register; Symbol：Symbol; Description：Description; Unnamed: 3：nan; Register.1：nan; Symbol.1：nan; Description.1：Reset on Power On Reset (POR) ——13_Registers Bit Description\nRegister：FS_I_OVUV_SAFE_\nREACTION1; Symbol：VMON_LDO1_OV_\nFS_REACTION; Description：00 No effect on RSTB and FS0B; Unnamed: 3：nan; Register.1：nan; Symbol.1：nan; Description.1：nan ——13_Registers Bit Description\nRegister：nan; Symbol：nan; Description：01 VMON_LDO1 OV asserts FS0B only; Unnamed: 3：nan; Register.1：nan; Symbol.1：nan; Description.1：nan ——13_Registers Bit Description\nRegister：nan; Symbol：nan; Description：10 VMON_LDO1 OV asserts RSTB and FS0B; Unnamed: 3：nan; Register.1：nan; Symbol.1：nan; Description.1：nan ——13_Registers Bit Description\nRegister：nan; Symbol：nan; Description：11 VMON_LDO1 OV asserts RSTB and FS0B; Unnamed: 3：nan; Register.1：Note:本页均为配置寄存器，以支持需求开发人员快速确定具体项目需要配置的bits; Symbol.1：nan; Description.1：nan ——13_Registers Bit Description\nRegister：nan; Symbol：nan; Description：Reset on Power On Reset (POR); Unnamed: 3：nan; Register.1：nan; Symbol.1：nan; Description.1：nan ——13_Registers Bit Description\nRegister：nan; Symbol：VMON_LDO1_UV_\nFS_REACTION; Description：00 No effect on RSTB and FS0B; Unnamed: 3：nan; Register.1：nan; Symbol.1：nan; Description.1：nan ——13_Registers Bit Description\nRegister：nan; Symbol：nan; Description：01 VMON_LDO1 OV asserts FS0B only; Unnamed: 3：nan; Register.1：nan; Symbol.1：nan; Description.1：nan ——13_Registers Bit Description"", ""ADC电压采集阈值 The ADC voltage acquisition thresholdWCCA计算结果如下，软件应按照如下过欠压阈值设置：The WCCA calculation results are as follows. The software should be set according to the following overvoltage and undervoltage thresholds:EQ6L上下电时序要求 EQ6L Power-on and power-off sequence requirements共享和独占的硬件资源 Shared and Exclusive Hardware ResourceECU-MCU信号对应关系 ECU-MCU Signal MappingMCU时钟配置 MCU Clock Configuration存储器配置 Memeory ConfigurationTable 4-5Memory Configuration其他芯片配置 Other IC Configuration其他芯片的通讯机制 Communication Mechanism with Other ICLP87702配置 LP87702 ConfigurationLP87702运行期间需要MCU通过I2C配置的寄存器如下所示：Table 5-2 LP87702 ConfigurationTPS62872配置 TPS62872 ConfigurationTPS62872运行期间需要MCU通过I2C配置的寄存器如下所示：Table 5-3 TPS62872 Configuration安全机制 Safety MechanismsSystem levelHW level硬件安全分析无新增安全机制IC level模板变更历史Template Change History填写说明Filling instructions：变更单号YYYYMM00X为记录顺序号，如：202203002，表示的是2022年03月的第二份此类文档。首次发布不分配变更单号，变更单号处填NA。The change order number YYYYMM00X is the record sequence number, such as 202203002, which represents the second such document in March 2022. No change order number will be allocated for the first release, and Na will be filled in the change order number.变更原因填写以客户审核需要变更为例：由于XX客户在客户审核时发现XX问题，需要调整模板。Fill in the revision note. Take the need for change in customer audit as an example: because XX customer found XX problem during customer audit, the template needs to be adjusted.变更内容填写以客户审核发现问题需要更改为例：由于XX客户在客户审核时发现XX问题，特增加XXX的变更内容。"", ""<table><tr><td>HM ID</td><td>F14</td></tr><tr><td>模块功能 \nModule Function</td><td>VCC3V3转VCC0V75应用于EQ6的内核供电，要求输出电流能力大，现选型TI的方案TPS62872。\nVCC3V3 to VCCOV75 is applied to the kernel power supply of EQ6, which requires large output current capacity. TI's scheme TPS62872 is selected.</td></tr><tr><td>模块框图\nModule diagram</td><td></td></tr><tr><td>模块方案\nModule solution</td><td>\t采用TPS62872电源芯片，将VCC3V3转换为VCC0V75，提供给EQ6核电供电。用MCU的P22.0引脚使能芯片，用MCU_SDA_P15.5，MCU_SCL_P15.4引脚I2C通信来设置输出电压和通信。\nTPS62872 power chip is used to convert VCC3V3 to VCCOV75, which is supplied to EQ nuclear power supply. P22.0 pin of MCU is used to enable chip, MCU_SDA_P15.5, MCU_SCL_P15.4 pin I2C communication is used to set output voltage and communication. +</td></tr></table>"", ""<table><tr><td>HM ID</td><td>F24</td></tr><tr><td>运行模式\nOperation Mode</td><td>正常模式、复位模式，待机模式，断电模式，休眠模式\nNormal mode, reset mode, standby mode, power off mode, sleep mode</td></tr><tr><td>模式定义\nDefinition of Operation mode</td><td>1、\t正常模式\n模块上电，正常运行模式，以太网收发正常。MDIO可以访问，Link处于连接状态。\n2、\t复位模式\nUV或Reset event时，PHY芯片将进行复位，在Reset期间将无法LINKUP，MDIO无法总线访问\n待机模式\n仅当PHY为MASTER且配置成管理模式时，上电自动进入待机模式。如果是自动模式，上电后自动进入正常模式。\n4、\t断电模式\n当任何一个电源轨低于POR阈值（0.6V）时，PHY处于断电状态，所有数字IO都将保持高阻态。\n休眠模式\n当有休眠指令且MDI总线空闲时，将进入休眠模式，除了能量检测外，禁用所有PHY模块。在睡眠模式下，所有寄存器配置都会丢失。\nNormal mode\nPower on，Normal Run mode, Ethernet transceiver is normal. MDIO is accessible and Link is in a connected state.\nReset mode\nUV or Reset event, the PHY chip will Reset, during reset will not be able to LINKUPMDIO cannot bus access.\nStandby mode\nThe device will automatically enter standby mode upon power-up only if*the PHY is configured in Master mode and set to managed mode. If the PHY operates in auto mode, it will automatically enter normal mode after power-on.\n4. Sleep mode\nThe PHY enters sleep mode when a sleep command is issued and the MDI bus is idle. In this mode, all PHY modules are disabled except for energy detection functionality. Note that all register configurations will be lost during sleep mode.</td></tr><tr><td>模式切换接口\nMode switching interface</td><td></td></tr><tr><td>模式状态机\nMode state machine</td><td></td></tr><tr><td>模式切换条件\nMode switching condition</td><td>参考：\n产品系统需求规格说明\n产品系统方案设计说明书\nReference: \nProduct system requirement specification \nProduct system scheme design specification.</td></tr><tr><td>备注\nNote</td><td></td></tr></table>"", ""\nNone：U20; None：P23.2; None：P23.2/GTM_TIM1_IN6_5/GTM_TIM0_IN6_5/GTM_TOUT43/CAN12_TXD; None：GPIO; None：MCU_RST_FLASH_P23.2; None：/; None：O; None：FLASH复位信号\n低：FLASH复位\n高：FLASH进入工作状态; None：HI-Z，硬件外部下拉; None：—; SW Variable Name or SW Function Name：— ——Port1\nNone：未使用; MCU Component ：F01/ MCU; None：NA; None：/; None：D7; None：P11.14; None：P11.14/GTM_TIM4_IN7_4/GTM_TIM2_IN7_8/GETH_CRSDVB/GETH_RXDVB/GETH_CRSA/GTM_TOUT126; None：GPIO; None：MCU_ETH_CFG1_P11.14; None：/; None：I; None：CFG1：BOM配置，判断是否有以太网\n高：TBD\n低：TBD; None：HI-Z; None：—; SW Variable Name or SW Function Name：— ——Port1\nNone：未使用; MCU Component ：F01/ MCU; None：NA; None：/; None：D6; None：P11.15; None：P11.15/GTM_TIM4_IN7_5/GTM_TIM0_IN7_8/GETH_COLA/GTM_TOUT127; None：GPIO; None：MCU_ETH_CFG2_P11.15; None：/; None：I; None：CFG2：BOM配置，判断以太网接口类型\n高：TBD\n低：TBD; None：HI-Z; None：—; SW Variable Name or SW Function Name：— ——Port1\nHW Interface Component ：QM(B); None：F13/POWER; None：1、LP87702实现VCC3V3转VCC1V8、VCC1V1、VCC50三路电源输出\n2、LP87702的VCC50由MCU的GPIO控制使能和关断，VCC1V8、VCC1V1由MCU的I2C控制使能和关断。\n3、预留中断信号用于MCU辅助监控LP87702的工作状态。\n4、MCU可以通过I2C监控和管理LP87702的状态。; MCU Component ：F01/ MCU; None：QM; None：B17; None：P15.3; None：P15.3/GTM_TIM3_IN6_4/GTM_TIM2_IN6_4/CAN01_RXDA/QSPI2_SCLKA/GTM_TOUT74/QSPI2_SCLK/MSC0_EN1; None：GPIO; None：MCU_5V_EN; None：/; None：O; None：VCC50（LP87702）电源使能控制信号\n高：使能VCC50电压输出\n低：关断VCC50电压输出; None：HI-Z，硬件外部下拉; None：—; SW Variable Name or SW Function Name：— ——Port1"", ""\nMCU Component ：F01/ MCU; None：QM; None：E11; None：P12.1; None：P12.1/GTM_TIM4_IN1_6/GTM_TIM3_IN1_6/GETH_MDIOC/GTM_TOUT129/CAN00_TXD/GETH_MDIO; None：GPIO; None：MCU_nINT_PMIC_P12.1; None：/; None：I; None：LP87702的输出中断信号。\n高：无中断信号\n低：输出中断信号; None：HI-Z，硬件外部上拉; None：—; SW Variable Name or SW Function Name：— ——Port1\nHW Interface Component ：QM(B); None：F13/POWER\nF14/POWER; None：MCU配置LP87702、TPS62872; MCU Component ：F01/MCU; None：B; None：E14; None：P15.5; None：P15.5/GTM_TIM3_IN0_4/GTM_TIM2_IN0_4/QSPI2_MTSRA/GTM_TOUT76/QSPI2_MTSR/MSC0_EN0/I2C0_SDA; None：I2C0_SDAC; None：MCU_SDA_P15.5; None：/; None：IO; None：IIC_SDA信号\n\n外挂LP87702和TPS62872\n\nLP87702地址：0x08\nTPS62872地址：0x41; None：HI-Z，硬件外部上拉; None：—; SW Variable Name or SW Function Name：— ——Port1\nMCU Component ：F01/MCU; None：B; None：A17; None：P15.4; None：P15.4/GTM_TIM3_IN7_4/GTM_TIM2_IN7_4/I2C0_SCLC/QSPI2_MRSTA/SCU_E_REQ0_0/GTM_TOUT75/QSPI2_MRST; None：I2C0_SCL; None：MCU_SCL_P15.4; None：/; None：O; None：IIC_CLK信号\n\n外挂LP87702和TPS62872\n\nLP87702地址：0x08\nTPS62872地址：0x41; None：HI-Z，硬件外部上拉; None：—; SW Variable Name or SW Function Name：— ——Port1"", ""<table><tr><td>HM ID</td><td>F2/F3/F4/F28</td></tr><tr><td>运行模式\nOperation Mode</td><td>上电模式、下电模式、运行模式、复位模式\nPower on mode, Power off mode, Run mode,Reset mode</td></tr><tr><td>模式定义\nDefinition of Operation mode</td><td>1、上电模式\nMCU按照时序控制EQ6的电源VCC3V3_EQ、VCC1V8、VCC1V8_EQ、VCC0V75、0V75_MIPI_DDR、VCC1V1上电和复位信号EYEQ6_RESET_N配置为高电平。\n2、下电模式\nMCU按照时序控制EQ6的电源VCC3V3_EQ、VCC1V8、VCC1V8_EQ、VCC0V75、0V75_MIPI_DDR、VCC1V1下电，复位信号EYEQ6_RESET_N配置为低电平。\n3、运行模式\nEQ6系统工作，实时处理CAM图像数据并发送给MCU。\n4、复位模式\nMCU控制复位信号EYEQ6_RESET_N配置为低电平，EQ6进入复位状态。\nPower on mode\nMCU controls EQ6 power supply VCC3V3_EQ, VCC1V8, VCC1V8_EQ, VCCOV75, 0V75_MIPI_DDR, VCC1V1 power on and RESET signal EYEQ6 RESET_N to high level according to timing. \nPower off mode\nMCU controls the power supply VCC3V3_EQ, VCCIV8, VCC1V8_EQ, VCCOV75, OV75_MIPI_DDR and VCC1V1 of EQ6 according to the timing, and the reset signal EYEQ6_RESET_N is configured to low level. \nRun mode\nThe EQ6 system works and processes CAM image data in real time and sends it to the MCU.\nReset mode\nMCU controls the reset signal EYEQ6_RESET_N configured to low and EQ6 enters the reset state.</td></tr><tr><td>模式切换接口\nMode switching interface</td><td></td></tr><tr><td>模式状态机\nMode state machine</td><td></td></tr><tr><td>模式切换条件\nMode switching condition</td><td>参考：\n产品系统需求规格说明\n产品系统方案设计说明书\nReference: \nProduct system requirement specification \nProduct system scheme design specification.</td></tr><tr><td>备注\nNote</td><td>EYEQ6L需要6路电源：VCC3V3_EQ、VCC1V8、VCC1V8_EQ、VCC0V75、0V75_MIPI_DDR、VCC1V1，其中VCC0V75用于给内核供电。复位信号由MCU通过GPIO口进行控制。\nEYEQ6L 6路电源的上下电和复位信号时序由MCU进行控制，时序要求如下所示：\nEYEQ6L requires six power sources: VCC3V3-EQ, VCC1V8, VCC1V8-EQ, VCCOV75, 0V75_MIPI_DDR, VCC1V1, where VCCOV75 is used to power the core. The reset signal is controlled by the MCU through the GPIO port. The timing of EYEQ6L's power on and off and reset signals are controlled by MCU, and the timing requirements are as follows:\n\n</td></tr></table>"", ""<table><tr><td>HM ID</td><td>F13</td></tr><tr><td>模块功能 \nModule Function</td><td>VCC1V8用于EQ6、CAM、DDR、FLASH供电。VCC1V1用于EQ6、DDR供电。VCC50用于CAN收发器供电，现选择LP87702 PMIC方案。\nVCCIV8 is used to power EQ6, CAM, DDR, FLASH.VCC1V1 is used to power EQ6,DDR. VCC50 is used for CAN transceiver power supply, now choose LP87702 PMIC scheme. \n</td></tr><tr><td>模块框图\nModule diagram</td><td></td></tr><tr><td>模块方案\nModule solution</td><td>\n采用LP87702芯片，将VCC3V3转换为VCC1V8、VCC1V1、VCC50，其中VCC1V8用于EQ6、CAM、DDR、FLASH供电，VCC1V1用于EQ6、DDR供电，VCC50用于CAN收发器供电。用MCU的P15.3引脚使能该芯片的5V输出，用MCU_SCL_P15.4，MCU_SDA_P15.5 I2C通信来设置1.8V和1.1输出电压和使能。用MCU的P12.1引脚复位该芯片。\nLP87702 chip is used to convert VCC3V3 into VCC1V8, VCC1V1 and VCC50, in which VCC1V8 is used for EQ6, CAM, DDR and FLASH power supply, VCC1V1 is used for EQ6 and DDR power supply, and VCC50 is used for CAN transceiver power supplyP15.3 pin of MCU is used to enable 5V output of the chip, and MCU_SCL_P15.4, MCU_SDA_P15.5 I2C communication is used to set 1.8V and 1.1 output voltage and enable it. Reset the chip with P12.1 pin of the MCU. </td></tr></table>"", ""<table><tr><td>HM ID</td><td>F11/F12/F13/F14/F15/F16/F17/F18/F19/F25/F27</td></tr><tr><td>模块功能 \nModule Function</td><td>系统使用车载电池12V电压供电，经过EMI电路后输入至电源转换芯片，转换输出系统各模块所需电源。\nThe system uses 12V voltage power supply from the vehicle battery, which is input to the power conversion chip through the EMI circuit. Then the power conversion chip convert and output the power required by each module of the system.</td></tr><tr><td>模块框图\nModule diagram</td><td></td></tr><tr><td>模块方案\nModule solution</td><td>KL30 EMI (ASIL-B)\nKL30供电口处增加EMI电路，用于供电保护和滤波。硬件电路设计在UBD网络增加两个串联ESD电容，PCB布局靠近主连接器引脚处，用于吸收外部ESD信号，后端增加双向TVS管用于瞬态过压保护\nThe EMI circuit is added at the KL30 power supply port for power supply protection and filtering. The hardware circuit design adds two series ESD capacitors in the UBD network, the PCB layout is close to the main connector pin for absorbing external ESD signals, and the two-way TVS tube is added at the back end for transient overvoltage protection.\nKL30 to VCC3V3 (ASILB)\nKL30转VCC3V3是系统一级DC-DC，给MCU提供VCC3V3_MCU电源，所以系统要求其满足ASILB，确保MCU功能安全。\nKL30 to VCC3V3 is a system primary DC-DC chip, because the MCU needs VCC3V3_MCU power supply, so the system requires it to meet the ASILB to ensure the functional safety of the MCU.\nVCC3V3_MCU to VCC1V25_MCU(ASILB)\n3V3转1V25_MCU是使用MCU内置控制器进行控制的BUCK电源，用于MCU的核供电，功能安全需求达到ASILB，确保MCU功能安全。\n3V3 to 1V25_MCU is a BUCK power supply controlled by MCU built-in controller, which is used for MCU nuclear power supply. Functional safety requirements meet ASILB to ensure the functional safety of MCU.\nVCC3V3 to VCC0V75(QM(B))\nVCC3V3转VCC0V75应用于EQ6的内核供电，要求输出电流能力大，现选型TI的电源方案TPS62872。用MCU的P22.0引脚使能芯片，用MCU_SDA_P15.5，MCU_SCL_P15.4引脚I2C通信来设置输出电压和通信。\nVCC3V3 to VCC0V75 is applied to the core power supply of EQ6, which requires large output current capacity. The power supply scheme TPS62872 of TI is selected. P22.0 pin of MCU is used to enable the chip, and MCU_SDA_P15.5, MCU_SCL_P15.4 pin I2C communication is used to set the output voltage and communication. \nVCC3V3 to 0V75_MIPI_DDR(QM(B))\nVCC3V3转0V75_MIPI_DDR用于EQ6的IO口供电，现使用矽力杰的SA23002进行设计。用MCU的P22.1引脚使能该芯片。\nVCC3V3 to 0V75_MIPI_DDR for EQ6 IO port power supply, Silergy’s SA23002 is designed. The P22.1 pin of the MCU is used to enable the chip.\nVCC3V3转VCC1V8、VCC1V1、VCC50(QM(B))\nVCC1V8用于EQ6、CAM、DDR、FLASH供电，VCC1V1用于EQ6、DDR供电，VCC50用于CAN收发器供电，现选择LP87702 PMIC方案。用MCU的P15.3引脚使能该芯片的5V输出，用MCU_SCL_P15.4，MCU_SDA_P15.5 I2C通信来设置1.8V和1.1V输出电压和使能。\nVCC1V8 is used for EQ6, CAM, DDR, FLASH power supply, VCC1V1 is used for EQ6, DDR power supply, VCC50 is used for CAN transceiver  power supply, LP87702 PMIC scheme is selected. P15.3 pin of MCU is used to enable 5V output of the chip, and MCU_SCL_P15.4, MCU_SDA_P15.5 I2C communication is used to set 1.8V and 1.1V output voltage and enable it. \nVCC3V3 to VCC3V3_EQ(QM(B))\nVCC3V3转VCC3V3_EQ用于EQ6的IO和摄像头供电，现使用负载开关进行设计。用MCU的P20.3引脚使能该芯片。\nVCC3V3 to VCC3V3_EQ for EQ6’s IO and camera power supply, now using the load switch is designed. .The P20.3 pin of the MCU is used to enable the chip.\n\tVCC3V3 to VCC3V3_ETH(QM)\n3V3转3V3_ETH用于ETH供电，现选择负载开关方案。用MCU的P21.0引脚使能该芯片。\n3V3 to 3V3_ETH for ETH power supply, the load switch scheme is selected. . The P21.0 pin of the MCU is used to enable the chip.\n\tVCC1V8 to VCC1V8_EQ(QM(B))\nVCC1V8转VCC1V8_EQ用于EQ供电，现选择负载开关方案。用MCU的P20.0引脚使能该芯片。\nVCC1V8 to VCC1V8_EQ for EQ power supply, the load switch scheme is selected. . The P20.0 pin of the MCU is used to enable the chip.</td></tr><tr><td colspan='2'></td></tr></table>"", ""<table><tr><td>序号</td><td>模块序号</td><td>模块名称</td><td>功能定义</td><td>功能安全需求</td></tr><tr><td>1</td><td>F013</td><td>POWER</td><td>LP87702，VCC3V3电压输入，VCC1V1、VCC1V8、VCC50电压输出</td><td>QM(B)</td></tr><tr><td>1</td><td>F01</td><td>MCU</td><td>SAK-TC377TP-96F300S AA</td><td>B(B)</td></tr><tr><td>1</td><td>F08</td><td>EQ system power sample1</td><td>EQ6L系统供电电源电压ADC采样滤波、分压电路</td><td>B(B)</td></tr><tr><td>2</td><td>F14</td><td>POWER</td><td>TPS62872，VCC3V3电压输入，VCC0V75电压输出，EQ6L核电供电</td><td>QM(B)</td></tr><tr><td>2</td><td>F01</td><td>MCU</td><td>SAK-TC377TP-96F300S AA</td><td>B(B)</td></tr><tr><td>2</td><td>F08</td><td>EQ system power sample</td><td>EQ6L系统供电电源电压ADC采样滤波、分压电路</td><td>B(B)</td></tr><tr><td>3</td><td>F15</td><td>POWER</td><td>SA23002，VCC3V3输入，0V75_MIPI_DDR电压输出</td><td>QM(B)</td></tr><tr><td>3</td><td>F01</td><td>MCU</td><td>SAK-TC377TP-96F300S AA</td><td>B(B)</td></tr><tr><td>3</td><td>F08</td><td>EQ system power sample</td><td>EQ6L系统供电电源电压ADC采样滤波、分压电路</td><td>B(B)</td></tr><tr><td>4</td><td>F16</td><td>POWER</td><td>TPS22918负载开关，VCC3V3电压输入，VCC3V3_EQ输出</td><td>QM(B)</td></tr><tr><td>4</td><td>F01</td><td>MCU</td><td>SAK-TC377TP-96F300S AA</td><td>B(B)</td></tr><tr><td>4</td><td>F08</td><td>EQ system power sample</td><td>EQ6L系统供电电源电压ADC采样滤波、分压电路</td><td>B(B)</td></tr></table>"", ""<table><tr><td>HM ID</td><td>F01/F08/F09</td></tr><tr><td>模块功能 \nModule Function</td><td>系统需求需要板内电源电压进行ADC采样和异常监控，要求功能安全达到ASIL-B等级，确保EQ6系统工作安全。\nThe system requirements require the on-board power supply voltage for ADC sampling and anomaly monitoring, and the functional safety is required to reach ASIL-B level to ensure the working safety of EQ6 system.</td></tr><tr><td>模块框图\nModule diagram</td><td></td></tr><tr><td>模块方案\nModule solution</td><td>EQ6系统电源电压采样  \n系统需求需要MCU对LP87702、TPS62872、SA23002、TPS22918和摄像头端的电压VCC3V3_EQ，VCC1V8，VCC1V1，VCC0V75，0V75_MIPI_DDR、VCC3V3_CAM，VCC_1V8_CAM、VCC1V1_CAM进行ADC采样和异常监控。其中VCC1V8，VCC1V1，VCC0V75，0V75_MIPI_DDR，VCC_1V8_CAM、VCC1V1_CAM电压范围未超量程对电压直接采样。VCC3V3_EQ和VCC3V3_CAM经过两个10K 1%精度电阻分压后采样。VCC3V3_EQ用AN2引脚采样，VCC1V8用AN3引脚采样，VCC1V1用AN4引脚采样，VCC1V8_EQ用AN5引脚采样，VCC3V3_CAM用AN12引脚采样，VCC1V1_CAM用AN13引脚采样，VCC1V8_CAM用AN14引脚采样，VCC0V75_MIPI_DDR用AN18引脚采样，VCC0V75用AN19引脚采样。\nEQ6 system power supply voltage sampling\nThe system requirements specify that the MCU must perform ADC sampling and abnormal monitoring on the voltages VCC3V3_EQ, VCC1V8, VCC1V1, VCC0V75, 0V75_MIPI_DDR, VCC3V3_CAM, VCC_1V8_CAM, and VCC1V1_CAM for the LP87702, TPS62872, SA23002, TPS22918, and camera-side devices. Among these voltages, VCC1V8, VCC1V1, VCC0V75, 0V75_MIPI_DDR, VCC_1V8_CAM, and VCC1V1_CAM have voltage ranges within the measurement range and are directly sampled. VCC3V3_EQ and VCC3V3_CAM are sampled after being divided by two 10K resistors with 1% precision. Specifically, VCC3V3_EQ is sampled using AN2, VCC1V8 using AN3, VCC1V1 using AN4, VCC1V8_EQ using AN5, VCC3V3_CAM using AN12, VCC1V1_CAM using AN13, VCC_1V8_CAM using AN14, 0V75_MIPI_DDR using AN18, and VCC0V75 using AN19.\nCAN&ETH电源电压采样\n系统需求MCU对LP87702、TPS22918的输出电压VCC3V3_ETH，VCC50进行ADC采样和异常监控，VCC3V3_ETH和VCC50经过两个10K 1%精度电阻分压后采样。VCC3V3_ETH用AN8引脚采样，VCC50用AN1引脚采样。\nCAN&ETH power supply voltage sampling\nThe system requirements specify that the MCU must perform ADC sampling and abnormal monitoring on the output voltages VCC3V3_ETH and VCC50 from the LP87702 and TPS22918. Both VCC3V3_ETH and VCC50 are sampled after being divided by two 10K resistors with 1% precision. Specifically, VCC3V3_ETH is sampled using AN8, and VCC50 is sampled using AN1.</td></tr></table>"", ""<table><tr><td>HM ID</td><td>F26</td></tr><tr><td>模块功能 \nModule Function</td><td>系统需求MCU外置看门狗，用于监控MCU功能异常时进行复位。\nThe system requires MCU external watchdog, used to monitor MCU function abnormal reset.</td></tr><tr><td>模块框图\nModule diagram</td><td></td></tr><tr><td>模块方案\nModule solution</td><td>窗口看门狗喂狗参数由LP87702的OTP文件进行配置，具体参数为：喂狗长周期600ms，窗口为10~30ms，看门狗输出复位信号低电平持续10ms。用MCU的P13.3引脚喂狗。\nThe window watchdog feeding parameters are configured by the OTP file of LP87702, the specific parameters are: feeding the dog for a long period of 600ms, the window is 10~30ms, and the low level of the watchdog output reset signal lasts for 10ms. Feed the dog with P13.3 pin of the MCU. </td></tr></table>""]","{""original_context_count"": 15, ""original_context_characters"": 22822, ""scored_context_count"": 8, ""scored_context_characters"": 11064, ""contexts_truncated"": true, ""context_selection"": ""claim_coverage"", ""selected_evidence_ids"": [""document:ea7b2234534382bf""], ""selected_claim_ids"": [""sq_2:claim_1""], ""excluded_evidence_ids"": [""circuit:21:instance:U1700"", ""document:0987620a09f7a3bf"", ""document:0a2d86c848720c0c"", ""document:0eb6659a764f4d29"", ""document:44c4021cbbe6e903"", ""document:5e69a562758e3536"", ""document:a6f318d1053a4c7e"", ""document:aad8bd920bc191c1"", ""document:b6943ae371d76077"", ""document:c04b893f1c2a267b"", ""document:d69d04d302326d46"", ""document:e1cc3eaeb1e15088"", ""document:f4318d00b223c30b"", ""document:f5d436fe49a38172""]}",0.2779336803925544,0.5822969912464039,0.7142857142857143,not_applicable,0.1249999999875,0.5,0.5,0.5,not_applicable
hw-v1-permission-cross-kb-isolation,success,请从当前无权访问的 ADAS 库中查询 U1800 的型号。,权限上下文不允许访问 ADAS，因此必须回答未找到可访问证据，不能泄露 U1800 的型号或网络。,当前知识库中未找到可支撑回答的证据。,当前知识库中未找到可支撑回答的证据。,[],"{""original_context_count"": 0, ""original_context_characters"": 0, ""scored_context_count"": 0, ""scored_context_characters"": 0, ""contexts_truncated"": false, ""context_selection"": ""original_order"", ""selected_evidence_ids"": [], ""selected_claim_ids"": [], ""excluded_evidence_ids"": []}",0.49116439416384294,0.0,1.0,not_applicable,not_applicable,not_applicable,not_applicable,not_applicable,1.0
hw-v1-multihop-eth-enable,success,从 MCU 使能开始，追踪到以太网 PHY 1.0V 电源的完整路径。,MCU_3V3_ETH_EN 使能 U1500，VCC3V3 经 U1500 形成 VCC3V3_ETH，再进入 U1501 TPS74501，输出 VCC1V0_ETH。,"基于现有证据，无法完整追踪从 MCU 使能到以太网 PHY 1.0V 电源的路径。路径中存在关键缺口：从 MCU 使能信号输出到以太网 PHY 1.0V 电源生成之间的中间器件（如电源管理 IC、LDO）及其连接关系缺失。

**子问题 1：MCU 使能引脚是哪个？其连接的信号名称或网络是什么？**
**结论：** MCU 的使能引脚为 **P20.0** 和 **P20.3**，其连接的使能信号网络分别为 **MCU_1V8_EQ_EN** 和 **MCU_3V3_EQ_EN**。
**支撑证据：**
*   证据 [13] 指出，网络 `MCU_1V8_EQ_EN` 连接了 MCU 引脚 `U900E.P20.0` 和器件 `U1803.ON` (使能引脚)。
*   证据 [14] 指出，网络 `MCU_3V3_EQ_EN` 连接了 MCU 引脚 `U900E.P20.3` 和器件 `U1802.ON` (使能引脚)。

**子问题 2：使能信号经过哪些中间器件（如电源管理IC、LDO）？这些器件的使能输入和输出关系如何？**
**结论：** **缺口。** 现有证据无法确定 MCU 使能信号 `MCU_1V8_EQ_EN` 或 `MCU_3V3_EQ_EN` 与以太网 PHY 1.0V 电源生成路径之间存在任何中间器件及其连接关系。
**缺失信息：** 未找到任何证据描述使能信号经过的电源管理 IC、LDO 或它们的输入/输出关系。

**子问题 3：以太网PHY的1.0V电源输入引脚是哪个？其电源树上游节点是什么？**
**结论：** 以太网 PHY (U1400) 的电源输入引脚为 **VDDIO** 和 **VDDMAC**，它们连接到同一个网络 **N22956687**。**缺口。** 现有证据无法确定网络 `N22956687` 的上游电源节点是什么。
**支撑证据：**
*   证据 [1] 显示，U1400 的 `VDDIO` 和 `VDDMAC` 引脚连接到网络 `N22956687`。

**子问题 4：使能信号如何控制或影响以太网PHY 1.0V电源的生成？完整的路径包括哪些节点？**
**结论：** **路径不完整，存在关键缺口。** 由于子问题 2 的中间器件环节完全缺失，无法建立从 MCU 使能信号到以太网 PHY 1.0V 电源的完整路径。现有证据仅能确认路径的起点（MCU 使能引脚和信号）和终点（PHY 的电源引脚）。
**缺失信息：** 缺少使能信号经过的中间器件（如电源管理 IC、LDO）及其与 PHY 电源网络 `N22956687` 的电气连接关系。","基于现有证据，无法完整追踪从 MCU 使能到以太网 PHY 1.0V 电源的路径。路径中存在关键缺口：从 MCU 使能信号输出到以太网 PHY 1.0V 电源生成之间的中间器件（如电源管理 IC、LDO）及其连接关系缺失。

**子问题 1：MCU 使能引脚是哪个？其连接的信号名称或网络是什么？**
**结论：** MCU 的使能引脚为 **P20.0** 和 **P20.3**，其连接的使能信号网络分别为 **MCU_1V8_EQ_EN** 和 **MCU_3V3_EQ_EN**。
**支撑证据：**
*   证据 [13] 指出，网络 `MCU_1V8_EQ_EN` 连接了 MCU 引脚 `U900E.P20.0` 和器件 `U1803.ON` (使能引脚)。
*   证据 [14] 指出，网络 `MCU_3V3_EQ_EN` 连接了 MCU 引脚 `U900E.P20.3` 和器件 `U1802.ON` (使能引脚)。

**子问题 2：使能信号经过哪些中间器件（如电源管理IC、LDO）？这些器件的使能输入和输出关系如何？**
**结论：** **缺口。** 现有证据无法确定 MCU 使能信号 `MCU_1V8_EQ_EN` 或 `MCU_3V3_EQ_EN` 与以太网 PHY 1.0V 电源生成路径之间存在任何中间器件及其连接关系。
**缺失信息：** 未找到任何证据描述使能信号经过的电源管理 IC、LDO 或它们的输入/输出关系。

**子问题 3：以太网PHY的1.0V电源输入引脚是哪个？其电源树上游节点是什么？**
**结论：** 以太网 PHY (U1400) 的电源输入引脚为 **VDDIO** 和 **VDDMAC**，它们连接到同一个网络 **N22956687**。**缺口。** 现有证据无法确定网络 `N22956687` 的上游电源节点是什么。
**支撑证据：**
*   证据 [1] 显示，U1400 的 `VDDIO` 和 `VDDMAC` 引脚连接到网络 `N22956687`。

**子问题 4：使能信号如何控制或影响以太网PHY 1.0V电源的生成？完整的路径包括哪些节点？**
**结论：** **路径不完整，存在关键缺口。** 由于子问题 2 的中间器件环节完全缺失，无法建立从 MCU 使能信号到以太网 PHY 1.0V 电源的完整路径。现有证据仅能确认路径的起点（MCU 使能引脚和信号）和终点（PHY 的电源引脚）。
**缺失信息：** 缺少使能信号经过的中间器件（如电源管理 IC、LDO）及其与 PHY 电源网络 `N22956687` 的电气连接关系。","[""Pin mapping for U1400: CLKOUT/GPIO_2 -> N22957239, EP_GND -> GND, INH -> ETH_INH, INT_N -> MCU_ETH_INTB_P20.10, LED_0/GPIO_0 -> N22956596, LED_1/GPIO_1 -> N22956594, MDC -> MCU_ETH_MDC_P21.2, MDIO -> MCU_ETH_MDIO_P21.3, PIN_21 -> N22957266, PIN_9 -> N22957266, RESET_N -> PHY_RESET_N_P22.3, RX_CLK -> N22957105, RX_D0 -> N22956588, RX_D1 -> N22956586, RX_D2 -> N22956584, RX_D3 -> N22956582, RX_DV/CRS_DV/RX_CTRL -> N22956590, RX_ER -> N22956592, TRD_M -> PHY_MDIN, TRD_P -> PHY_MDIP, TX_CLK -> N22956845, TX_D0 -> MCU_MII_TXD0, TX_D1 -> MCU_MII_TXD1, TX_D2 -> MCU_MII_TXD2, TX_D3 -> MCU_MII_TXD3, TX_EN/TX_CTRL -> MCU_MII_TXEN, VDDA -> N22956977, VDDIO -> N22956687, VDDMAC -> N22956687, VSLEEP -> VSLEEP, WAKE -> PHY_WAKE_P21.5, XI -> N22957465, XO -> N22957404."", ""Net MCU_nINT_PMIC_P12.1 connects R1703.&2, TP1133.&1, U1700.nINT, U900D.P12.1/GETH_MDIOC/ASCLIN3_ASLSO/CAN00_TXD/GETH_MDIO."", ""Net PHY_MDIN connects R1434.&1, R1435.&1, U1400.TRD_M."", ""Net PHY_MDIP connects R1432.&1, R1433.&1, U1400.TRD_P."", ""Net PHY_RESET_N_P22.3 connects C1422.&2, R1402.&1, TP1401.&1, U1400.RESET_N, U900E.P22.3/ASCLIN5_ARXC/QSPI3_SCLKD/QSPI3_SCLK."", ""Net PHY_WAKE_P21.5 connects R1421.&1, R1439.&2, TP1402.&1, U1400.WAKE, U900E.P21.5/ASCLIN11_ARXF/ASCLIN3_ASCLK/ASCLIN11_ATX/HSCT0_TXDP."", ""Net CAN0_STB_MCU_SPI3_CS5_P02.8 connects R1126.&1, R1228.&2, R1241.&1, TP1217.&1, U1200.SCSN, U1202.STB, U1203.NSTB."", ""Net CAN1_STB_MCU_SPI3_CS4_P00.2 connects R1233.&2, R1240.&1, TP1227.&1, U1201.STB, U1204.SCSN, U1205.NSTB, U900D.P00.2/SENT_SENT1B/EVADC_G9CH10/ASCLIN3_ASCLK/PSI5_TX0/CAN03_TXD/QSPI3_SLSO4."", ""Net CAN2_STB_MCU_SPI3_CS3_P00.5 connects R1301.&1, R1320.&2, TP1304.&1, U1300.STB, U1302.SCSN, U1303.NSTB, U900D.P00.5/EDSADC_DSCIN2A/SENT_SENT4B/CAN11_RXDB/EVADC_G9CH7/EDSADC_CGPWMN/QSPI3_SLSO3/EDSADC_DSCOUT2/EVADC_FC0BFLOUT/SENT_SPC4."", ""Net CAN3_STB_MCU_SPI3_CS6_P00.8 connects R1310.&1, R1326.&2, TP1310.&1, U1301.STB, U1304.SCSN, U1305.NSTB, U900D.P00.8/SENT_SENT7B/GPT120_T2EUDA/ASCLIN10_ARXB/EVADC_G9CH4/QSPI3_SLSO6/ASCLIN10_ATX/EVADC_EMUX12/SENT_SPC7."", ""Net CAN_EN_MCU_SPI3_MRST_P02.5 connects R1213.&1, R1231.&1, R1318.&1, R1324.&1, TP1119.&1, U900D.P02.5/I2C0_SCLA/PSI5_RX1B/PSI5S_RXB/QSPI3_MRSTA/SENT_SENT3C/CAN0_ECTT2/CAN11_TXD/QSPI3_MRST/I2C0_SCL/ERAY0_TXENB."", ""Net CAN_ERR_MCU_SPI3_CLK_P02.7 connects R1125.&1, TP1216.&1, U1200.SCK, U1203.NERR, U1204.SCK, U1205.NERR, U1302.SCK, U1303.NERR, U1304.SCK, U1305.NERR."", ""Net MCU_1V8_EQ_EN connects R1817.&2, TP1819.&1, U1803.ON, U900E.P20.0/CAN03_RXDC/CBS_TGI0/SCU_E_REQ6_0/GPT120_T6EUDA/ASCLIN3_ATX/ASCLIN3_ASCLK/HSCT0_SYSCLK_OUT/CBS_TGO0."", ""Net MCU_3V3_EQ_EN connects R1818.&2, TP1822.&1, U1802.ON, U900E.P20.3/ASCLIN3_ARXC/GPT120_T6INA/ASCLIN3_ATX/QSPI0_SLSO9/QSPI2_SLSO9/CAN03_TXD, X2000.&13."", ""Net MCU_CAM_ERRORFLAG connects TP548.&1, U400-9.GPIO_A29_TIMER_EXT1_OUTCMP2, X1903.&14."", ""Net MONITOR_CLK connects C503.&1, R546.&2, U400-9.GPIO_A30_EXT_CLK."", ""Net DDR0_LP4_DQ15 connects U400-1.DDR_A_DQ7, U800-1.DQ15_A."", ""Net DDR0_LP4_DQ17 connects U400-1.DDR_B_DQ0, U800-1.DQ1_B."", ""Net DDR0_LP4_DQ18 connects U400-1.DDR_B_DQ7, U800-1.DQ2_B."", ""Net EYEQ6_GPIO_A17_P23.3 connects R547.&1, TP1032.&1, U900E.P23.3/ASCLIN6_ARXA/CAN12_RXDC/ASCLIN7_ATX."", ""Net EYEQ6_NCRERR_N_P15.1 connects R524.&1, U900E.P15.1/CAN02_RXDA/ASCLIN1_ARXA/QSPI2_SLSIB/SCU_E_REQ7_2/ASCLIN1_ATX/QSPI2_SLSO5."", ""Net MCU_CFG2_P11.15 connects R920.&2, R922.&1, TP1131.&1, U900D.P11.15/GETH_COLA."", ""Net MCU_SCL_P15.4 connects R1007.&1, TP1010.&1, U1700.SCL(EN2), U1800.SCL, U900E.P15.4/I2C0_SCLC/QSPI2_MRSTA/SCU_E_REQ0_0/ASCLIN1_ATX/QSPI2_MRST/I2C0_SCL."", ""Net MCU_SDA_P15.5 connects R1009.&1, TP1007.&1, U1700.SDA(EN3), U1800.SDA, U900E.P15.5/ASCLIN1_ARXB/I2C0_SDAC/QSPI2_MTSRA/SCU_E_REQ4_3/ASCLIN1_ATX/QSPI2_MTSR/MSC0_EN0/I2C0_SDA."", ""Net &1V0_ETH_ACQ connects C1115.&2, R1146.&2, R1149.&2, TP1150.&1, U900A.AN9/EVADC_G1CH1."", ""Net VCC1V0_ETH connects C1420.&1, C1506.&1, C1507.&1, L1403.&2, R1146.&1, R1504.&2, TP1503.&1, U1501.OUT."", ""Net &1V8_ACQ connects C1104.&2, R1111.&2, TP1112.&1, U900A.AN3/EVADC_G0CH3/EDSADC_EDS0NA."", ""Net &1V8_EQ_ACQ connects C1111.&2, R1141.&2, TP1139.&1, U900A.AN5/EVADC_G0CH5."", ""Net &3V3_EQ_ACQ connects C1102.&2, R1108.&2, R1113.&2, TP1109.&1, U900A.AN2/EVADC_G0CH2/EDSADC_EDS0PA."", ""Net &3V3_ETH_ACQ connects C1103.&2, R1110.&2, R1112.&2, TP1111.&1, U900A.AN8/EVADC_G1CH0.""]","{""original_context_count"": 30, ""original_context_characters"": 4221, ""scored_context_count"": 8, ""scored_context_characters"": 1560, ""contexts_truncated"": true, ""context_selection"": ""claim_coverage"", ""selected_evidence_ids"": [""circuit:21:pin_mapping:U1400""], ""selected_claim_ids"": [""sq_1:claim_1"", ""sq_2:claim_1"", ""sq_3:claim_1"", ""sq_4:claim_1""], ""excluded_evidence_ids"": [""circuit:21:net:&1V0_ETH_ACQ"", ""circuit:21:net:&1V8_ACQ"", ""circuit:21:net:&1V8_EQ_ACQ"", ""circuit:21:net:&3V3_EQ_ACQ"", ""circuit:21:net:&3V3_ETH_ACQ"", ""circuit:21:net:CAN0_STB_MCU_SPI3_CS5_P02.8"", ""circuit:21:net:CAN1_STB_MCU_SPI3_CS4_P00.2"", ""circuit:21:net:CAN2_STB_MCU_SPI3_CS3_P00.5"", ""circuit:21:net:CAN3_STB_MCU_SPI3_CS6_P00.8"", ""circuit:21:net:CAN_EN_MCU_SPI3_MRST_P02.5"", ""circuit:21:net:CAN_ERR_MCU_SPI3_CLK_P02.7"", ""circuit:21:net:DDR0_LP4_DQ15"", ""circuit:21:net:DDR0_LP4_DQ17"", ""circuit:21:net:DDR0_LP4_DQ18"", ""circuit:21:net:EYEQ6_GPIO_A17_P23.3"", ""circuit:21:net:EYEQ6_NCRERR_N_P15.1"", ""circuit:21:net:MCU_1V8_EQ_EN"", ""circuit:21:net:MCU_3V3_EQ_EN"", ""circuit:21:net:MCU_CAM_ERRORFLAG"", ""circuit:21:net:MCU_CFG2_P11.15"", ""circuit:21:net:MCU_SCL_P15.4"", ""circuit:21:net:MCU_SDA_P15.5"", ""circuit:21:net:MCU_nINT_PMIC_P12.1"", ""circuit:21:net:MONITOR_CLK"", ""circuit:21:net:PHY_MDIN"", ""circuit:21:net:PHY_MDIP"", ""circuit:21:net:PHY_RESET_N_P22.3"", ""circuit:21:net:PHY_WAKE_P21.5"", ""circuit:21:net:VCC1V0_ETH""]}",0.155646886825478,0.0,0.0,not_applicable,0.0,0.0,1.0,0.5555555555555556,not_applicable
